{
  "iteration": 3220300,
  "timestamp": "2026-03-09T06:10:23.559338",
  "name": "Autonomous_Capability_3220300",
  "type": "reasoning",
  "coherence": 0.95,
  "maat_alignment": {
    "truth": 0.9400000000000001,
    "balance": 0.94,
    "order": 0.86,
    "justice": 0.91,
    "harmony": 0.93
  }
}