{
  "iteration": 1146100,
  "timestamp": "2026-03-09T06:09:54.701270",
  "name": "Autonomous_Capability_1146100",
  "type": "reasoning",
  "coherence": 0.95,
  "maat_alignment": {
    "truth": 0.9400000000000001,
    "balance": 0.92,
    "order": 0.89,
    "justice": 0.91,
    "harmony": 0.93
  }
}