{
  "iteration": 5500500,
  "timestamp": "2026-03-09T06:11:03.848382",
  "name": "Autonomous_Capability_5500500",
  "type": "reasoning",
  "coherence": 0.85,
  "maat_alignment": {
    "truth": 0.9400000000000001,
    "balance": 0.93,
    "order": 0.9099999999999999,
    "justice": 0.87,
    "harmony": 0.93
  }
}