{
  "iteration": 2920850,
  "timestamp": "2026-03-09T06:10:19.293222",
  "name": "Autonomous_Capability_2920850",
  "type": "reasoning",
  "coherence": 0.9,
  "maat_alignment": {
    "truth": 0.92,
    "balance": 0.9,
    "order": 0.9299999999999999,
    "justice": 0.89,
    "harmony": 0.91
  }
}