{
  "iteration": 3869450,
  "timestamp": "2026-03-09T06:10:36.393057",
  "name": "Autonomous_Capability_3869450",
  "type": "reasoning",
  "coherence": 0.9,
  "maat_alignment": {
    "truth": 0.92,
    "balance": 0.92,
    "order": 0.9299999999999999,
    "justice": 0.89,
    "harmony": 0.91
  }
}