{
  "iteration": 6291300,
  "timestamp": "2026-03-09T06:11:23.260863",
  "name": "Autonomous_Capability_6291300",
  "type": "reasoning",
  "coherence": 0.85,
  "maat_alignment": {
    "truth": 0.9400000000000001,
    "balance": 0.89,
    "order": 0.88,
    "justice": 0.87,
    "harmony": 0.93
  }
}