{
  "iteration": 4891500,
  "timestamp": "2026-03-09T06:10:51.190724",
  "name": "Autonomous_Capability_4891500",
  "type": "reasoning",
  "coherence": 0.85,
  "maat_alignment": {
    "truth": 0.9400000000000001,
    "balance": 0.93,
    "order": 0.85,
    "justice": 0.87,
    "harmony": 0.93
  }
}