{
  "iteration": 2476700,
  "timestamp": "2026-03-09T06:10:10.932009",
  "name": "Autonomous_Capability_2476700",
  "type": "reasoning",
  "coherence": 0.9,
  "maat_alignment": {
    "truth": 0.9400000000000001,
    "balance": 0.9,
    "order": 0.9299999999999999,
    "justice": 0.89,
    "harmony": 0.93
  }
}