{
  "iteration": 4902100,
  "timestamp": "2026-03-09T06:10:51.251311",
  "name": "Autonomous_Capability_4902100",
  "type": "reasoning",
  "coherence": 0.95,
  "maat_alignment": {
    "truth": 0.9400000000000001,
    "balance": 0.88,
    "order": 0.9199999999999999,
    "justice": 0.91,
    "harmony": 0.93
  }
}