{
  "iteration": 388600,
  "timestamp": "2026-03-09T06:09:49.619274",
  "name": "Autonomous_Capability_388600",
  "type": "reasoning",
  "coherence": 0.95,
  "maat_alignment": {
    "truth": 0.9,
    "balance": 0.9,
    "order": 0.9199999999999999,
    "justice": 0.91,
    "harmony": 0.89
  }
}