{
  "iteration": 2984200,
  "timestamp": "2026-03-09T06:10:19.802147",
  "name": "Autonomous_Capability_2984200",
  "type": "reasoning",
  "coherence": 0.95,
  "maat_alignment": {
    "truth": 0.9,
    "balance": 0.9,
    "order": 0.9199999999999999,
    "justice": 0.91,
    "harmony": 0.89
  }
}