{
  "iteration": 4722000,
  "timestamp": "2026-03-09T06:10:49.395547",
  "name": "Autonomous_Capability_4722000",
  "type": "reasoning",
  "coherence": 0.85,
  "maat_alignment": {
    "truth": 0.9,
    "balance": 0.91,
    "order": 0.9099999999999999,
    "justice": 0.87,
    "harmony": 0.89
  }
}