{
  "iteration": 6160100,
  "timestamp": "2026-03-09T06:11:19.729306",
  "name": "Autonomous_Capability_6160100",
  "type": "reasoning",
  "coherence": 0.9,
  "maat_alignment": {
    "truth": 0.9400000000000001,
    "balance": 0.9,
    "order": 0.9,
    "justice": 0.89,
    "harmony": 0.93
  }
}