{
  "iteration": 4846850,
  "timestamp": "2026-03-09T06:10:50.559250",
  "name": "Autonomous_Capability_4846850",
  "type": "reasoning",
  "coherence": 0.9,
  "maat_alignment": {
    "truth": 0.92,
    "balance": 0.89,
    "order": 0.9299999999999999,
    "justice": 0.89,
    "harmony": 0.91
  }
}