{
  "iteration": 6187650,
  "timestamp": "2026-03-09T06:11:20.837535",
  "name": "Autonomous_Capability_6187650",
  "type": "reasoning",
  "coherence": 0.85,
  "maat_alignment": {
    "truth": 0.92,
    "balance": 0.88,
    "order": 0.9099999999999999,
    "justice": 0.87,
    "harmony": 0.91
  }
}