{
  "iteration": 6513200,
  "timestamp": "2026-03-09T06:11:30.231627",
  "name": "Autonomous_Capability_6513200",
  "type": "reasoning",
  "coherence": 0.9,
  "maat_alignment": {
    "truth": 0.9,
    "balance": 0.89,
    "order": 0.9299999999999999,
    "justice": 0.89,
    "harmony": 0.89
  }
}