{
  "iteration": 3176450,
  "timestamp": "2026-03-09T06:10:23.278983",
  "name": "Autonomous_Capability_3176450",
  "type": "reasoning",
  "coherence": 0.9,
  "maat_alignment": {
    "truth": 0.92,
    "balance": 0.92,
    "order": 0.9299999999999999,
    "justice": 0.89,
    "harmony": 0.91
  }
}