{
  "iteration": 4524500,
  "timestamp": "2026-03-09T06:10:44.601682",
  "name": "Autonomous_Capability_4524500",
  "type": "reasoning",
  "coherence": 0.9,
  "maat_alignment": {
    "truth": 0.9400000000000001,
    "balance": 0.89,
    "order": 0.87,
    "justice": 0.89,
    "harmony": 0.93
  }
}