{
  "iteration": 4774100,
  "timestamp": "2026-03-09T06:10:49.926272",
  "name": "Autonomous_Capability_4774100",
  "type": "reasoning",
  "coherence": 0.9,
  "maat_alignment": {
    "truth": 0.9400000000000001,
    "balance": 0.9,
    "order": 0.9,
    "justice": 0.89,
    "harmony": 0.93
  }
}