{
  "iteration": 3017400,
  "timestamp": "2026-03-09T06:10:20.824923",
  "name": "Autonomous_Capability_3017400",
  "type": "reasoning",
  "coherence": 0.85,
  "maat_alignment": {
    "truth": 0.9,
    "balance": 0.89,
    "order": 0.9099999999999999,
    "justice": 0.87,
    "harmony": 0.89
  }
}