{
  "iteration": 1038500,
  "timestamp": "2026-03-09T06:09:53.977070",
  "name": "Autonomous_Capability_1038500",
  "type": "reasoning",
  "coherence": 0.9,
  "maat_alignment": {
    "truth": 0.9400000000000001,
    "balance": 0.89,
    "order": 0.9299999999999999,
    "justice": 0.89,
    "harmony": 0.93
  }
}