{
  "iteration": 4160100,
  "timestamp": "2026-03-09T06:10:39.102517",
  "name": "Autonomous_Capability_4160100",
  "type": "reasoning",
  "coherence": 0.85,
  "maat_alignment": {
    "truth": 0.9400000000000001,
    "balance": 0.88,
    "order": 0.88,
    "justice": 0.87,
    "harmony": 0.93
  }
}