{
  "iteration": 4917900,
  "timestamp": "2026-03-09T06:10:51.765430",
  "name": "Autonomous_Capability_4917900",
  "type": "reasoning",
  "coherence": 0.85,
  "maat_alignment": {
    "truth": 0.9400000000000001,
    "balance": 0.89,
    "order": 0.88,
    "justice": 0.87,
    "harmony": 0.93
  }
}