{
  "iteration": 4420250,
  "timestamp": "2026-03-09T06:10:43.625918",
  "name": "Autonomous_Capability_4420250",
  "type": "reasoning",
  "coherence": 0.9,
  "maat_alignment": {
    "truth": 0.92,
    "balance": 0.9,
    "order": 0.9299999999999999,
    "justice": 0.89,
    "harmony": 0.91
  }
}