{
  "iteration": 6326100,
  "timestamp": "2026-03-09T06:11:23.943866",
  "name": "Autonomous_Capability_6326100",
  "type": "reasoning",
  "coherence": 0.85,
  "maat_alignment": {
    "truth": 0.9400000000000001,
    "balance": 0.92,
    "order": 0.85,
    "justice": 0.87,
    "harmony": 0.93
  }
}