{
  "iteration": 483500,
  "timestamp": "2026-03-09T06:09:50.252215",
  "name": "Autonomous_Capability_483500",
  "type": "reasoning",
  "coherence": 0.9,
  "maat_alignment": {
    "truth": 0.9400000000000001,
    "balance": 0.91,
    "order": 0.87,
    "justice": 0.89,
    "harmony": 0.93
  }
}