{
  "iteration": 1352100,
  "timestamp": "2026-03-09T06:09:56.204163",
  "name": "Autonomous_Capability_1352100",
  "type": "reasoning",
  "coherence": 0.85,
  "maat_alignment": {
    "truth": 0.9400000000000001,
    "balance": 0.89,
    "order": 0.88,
    "justice": 0.87,
    "harmony": 0.93
  }
}