{
  "iteration": 1660650,
  "timestamp": "2026-03-09T06:10:00.004633",
  "name": "Autonomous_Capability_1660650",
  "type": "reasoning",
  "coherence": 0.85,
  "maat_alignment": {
    "truth": 0.92,
    "balance": 0.93,
    "order": 0.9099999999999999,
    "justice": 0.87,
    "harmony": 0.91
  }
}