{
  "iteration": 5365900,
  "timestamp": "2026-03-09T06:11:01.168016",
  "name": "Autonomous_Capability_5365900",
  "type": "reasoning",
  "coherence": 0.95,
  "maat_alignment": {
    "truth": 0.9400000000000001,
    "balance": 0.89,
    "order": 0.86,
    "justice": 0.91,
    "harmony": 0.93
  }
}