{
  "iteration": 6568450,
  "timestamp": "2026-03-09T06:11:31.244930",
  "name": "Autonomous_Capability_6568450",
  "type": "reasoning",
  "coherence": 0.95,
  "maat_alignment": {
    "truth": 0.92,
    "balance": 0.88,
    "order": 0.9199999999999999,
    "justice": 0.91,
    "harmony": 0.91
  }
}