{
  "iteration": 781450,
  "timestamp": "2026-03-09T06:09:52.258754",
  "name": "Autonomous_Capability_781450",
  "type": "reasoning",
  "coherence": 0.95,
  "maat_alignment": {
    "truth": 0.92,
    "balance": 0.93,
    "order": 0.9199999999999999,
    "justice": 0.91,
    "harmony": 0.91
  }
}