{
  "iteration": 1032450,
  "timestamp": "2026-03-09T06:09:53.876271",
  "name": "Autonomous_Capability_1032450",
  "type": "reasoning",
  "coherence": 0.85,
  "maat_alignment": {
    "truth": 0.92,
    "balance": 0.94,
    "order": 0.9099999999999999,
    "justice": 0.87,
    "harmony": 0.91
  }
}