{
  "iteration": 5106400,
  "timestamp": "2026-03-09T06:10:55.757490",
  "name": "Autonomous_Capability_5106400",
  "type": "reasoning",
  "coherence": 0.95,
  "maat_alignment": {
    "truth": 0.9,
    "balance": 0.93,
    "order": 0.9199999999999999,
    "justice": 0.91,
    "harmony": 0.89
  }
}