{
  "iteration": 2843300,
  "timestamp": "2026-03-09T06:10:18.701892",
  "name": "Autonomous_Capability_2843300",
  "type": "reasoning",
  "coherence": 0.9,
  "maat_alignment": {
    "truth": 0.9400000000000001,
    "balance": 0.93,
    "order": 0.87,
    "justice": 0.89,
    "harmony": 0.93
  }
}