{
  "iteration": 1247500,
  "timestamp": "2026-03-09T06:09:55.511183",
  "name": "Autonomous_Capability_1247500",
  "type": "reasoning",
  "coherence": 0.95,
  "maat_alignment": {
    "truth": 0.9400000000000001,
    "balance": 0.9,
    "order": 0.86,
    "justice": 0.91,
    "harmony": 0.93
  }
}