{
  "iteration": 4112800,
  "timestamp": "2026-03-09T06:10:38.617504",
  "name": "Autonomous_Capability_4112800",
  "type": "reasoning",
  "coherence": 0.95,
  "maat_alignment": {
    "truth": 0.9,
    "balance": 0.94,
    "order": 0.9199999999999999,
    "justice": 0.91,
    "harmony": 0.89
  }
}