{
  "iteration": 5199200,
  "timestamp": "2026-03-09T06:10:56.737614",
  "name": "Autonomous_Capability_5199200",
  "type": "reasoning",
  "coherence": 0.9,
  "maat_alignment": {
    "truth": 0.9,
    "balance": 0.94,
    "order": 0.9299999999999999,
    "justice": 0.89,
    "harmony": 0.89
  }
}