{
  "iteration": 2182700,
  "timestamp": "2026-03-09T06:10:07.486460",
  "name": "Autonomous_Capability_2182700",
  "type": "reasoning",
  "coherence": 0.9,
  "maat_alignment": {
    "truth": 0.9400000000000001,
    "balance": 0.9,
    "order": 0.87,
    "justice": 0.89,
    "harmony": 0.93
  }
}