{
  "iteration": 6383150,
  "timestamp": "2026-03-09T06:11:25.676435",
  "name": "Autonomous_Capability_6383150",
  "type": "reasoning",
  "coherence": 0.9,
  "maat_alignment": {
    "truth": 0.96,
    "balance": 0.92,
    "order": 0.9299999999999999,
    "justice": 0.89,
    "harmony": 0.95
  }
}