{
  "iteration": 5565950,
  "timestamp": "2026-03-09T06:11:05.384686",
  "name": "Autonomous_Capability_5565950",
  "type": "reasoning",
  "coherence": 0.9,
  "maat_alignment": {
    "truth": 0.96,
    "balance": 0.93,
    "order": 0.9299999999999999,
    "justice": 0.89,
    "harmony": 0.95
  }
}