{
  "iteration": 3777200,
  "timestamp": "2026-03-09T06:10:33.288069",
  "name": "Autonomous_Capability_3777200",
  "type": "reasoning",
  "coherence": 0.9,
  "maat_alignment": {
    "truth": 0.9,
    "balance": 0.88,
    "order": 0.9299999999999999,
    "justice": 0.89,
    "harmony": 0.89
  }
}