{
  "iteration": 494100,
  "timestamp": "2026-03-09T06:09:50.346043",
  "name": "Autonomous_Capability_494100",
  "type": "reasoning",
  "coherence": 0.85,
  "maat_alignment": {
    "truth": 0.9400000000000001,
    "balance": 0.93,
    "order": 0.85,
    "justice": 0.87,
    "harmony": 0.93
  }
}