{
  "iteration": 6697950,
  "timestamp": "2026-03-09T06:11:37.449954",
  "name": "Autonomous_Capability_6697950",
  "type": "reasoning",
  "coherence": 0.85,
  "maat_alignment": {
    "truth": 0.96,
    "balance": 0.88,
    "order": 0.9099999999999999,
    "justice": 0.87,
    "harmony": 0.95
  }
}