{
  "iteration": 770550,
  "timestamp": "2026-03-09T06:09:52.172436",
  "name": "Autonomous_Capability_770550",
  "type": "reasoning",
  "coherence": 0.85,
  "maat_alignment": {
    "truth": 0.96,
    "balance": 0.92,
    "order": 0.9099999999999999,
    "justice": 0.87,
    "harmony": 0.95
  }
}