{
  "iteration": 216800,
  "timestamp": "2026-03-09T06:09:48.536636",
  "name": "Autonomous_Capability_216800",
  "type": "reasoning",
  "coherence": 0.9,
  "maat_alignment": {
    "truth": 0.9,
    "balance": 0.91,
    "order": 0.9299999999999999,
    "justice": 0.89,
    "harmony": 0.89
  }
}