{
  "iteration": 1505300,
  "timestamp": "2026-03-09T06:09:58.024051",
  "name": "Autonomous_Capability_1505300",
  "type": "reasoning",
  "coherence": 0.9,
  "maat_alignment": {
    "truth": 0.9400000000000001,
    "balance": 0.94,
    "order": 0.9,
    "justice": 0.89,
    "harmony": 0.93
  }
}