{
  "iteration": 6309600,
  "timestamp": "2026-03-09T06:11:23.638858",
  "name": "Autonomous_Capability_6309600",
  "type": "reasoning",
  "coherence": 0.85,
  "maat_alignment": {
    "truth": 0.9,
    "balance": 0.91,
    "order": 0.9099999999999999,
    "justice": 0.87,
    "harmony": 0.89
  }
}