{
  "iteration": 2639850,
  "timestamp": "2026-03-09T06:10:13.885562",
  "name": "Autonomous_Capability_2639850",
  "type": "reasoning",
  "coherence": 0.85,
  "maat_alignment": {
    "truth": 0.92,
    "balance": 0.91,
    "order": 0.9099999999999999,
    "justice": 0.87,
    "harmony": 0.91
  }
}