{
  "iteration": 6077850,
  "timestamp": "2026-03-09T06:11:16.233584",
  "name": "Autonomous_Capability_6077850",
  "type": "reasoning",
  "coherence": 0.85,
  "maat_alignment": {
    "truth": 0.92,
    "balance": 0.9,
    "order": 0.9099999999999999,
    "justice": 0.87,
    "harmony": 0.91
  }
}