{
  "iteration": 1605950,
  "timestamp": "2026-03-09T06:09:59.645223",
  "name": "Autonomous_Capability_1605950",
  "type": "reasoning",
  "coherence": 0.9,
  "maat_alignment": {
    "truth": 0.96,
    "balance": 0.91,
    "order": 0.9299999999999999,
    "justice": 0.89,
    "harmony": 0.95
  }
}