{
  "iteration": 3861300,
  "timestamp": "2026-03-09T06:10:35.960624",
  "name": "Autonomous_Capability_3861300",
  "type": "reasoning",
  "coherence": 0.85,
  "maat_alignment": {
    "truth": 0.9400000000000001,
    "balance": 0.9,
    "order": 0.88,
    "justice": 0.87,
    "harmony": 0.93
  }
}