{
  "iteration": 3371650,
  "timestamp": "2026-03-09T06:10:27.585325",
  "name": "Autonomous_Capability_3371650",
  "type": "reasoning",
  "coherence": 0.95,
  "maat_alignment": {
    "truth": 0.92,
    "balance": 0.9,
    "order": 0.9199999999999999,
    "justice": 0.91,
    "harmony": 0.91
  }
}