{
  "iteration": 5101800,
  "timestamp": "2026-03-09T06:10:55.724536",
  "name": "Autonomous_Capability_5101800",
  "type": "reasoning",
  "coherence": 0.85,
  "maat_alignment": {
    "truth": 0.9,
    "balance": 0.92,
    "order": 0.9099999999999999,
    "justice": 0.87,
    "harmony": 0.89
  }
}