{
  "iteration": 206100,
  "timestamp": "2026-03-09T06:09:48.480356",
  "name": "Autonomous_Capability_206100",
  "type": "reasoning",
  "coherence": 0.85,
  "maat_alignment": {
    "truth": 0.9400000000000001,
    "balance": 0.94,
    "order": 0.85,
    "justice": 0.87,
    "harmony": 0.93
  }
}