{
  "iteration": 326700,
  "timestamp": "2026-03-09T06:09:49.189893",
  "name": "Autonomous_Capability_326700",
  "type": "reasoning",
  "coherence": 0.85,
  "maat_alignment": {
    "truth": 0.9400000000000001,
    "balance": 0.91,
    "order": 0.85,
    "justice": 0.87,
    "harmony": 0.93
  }
}