{
  "iteration": 3888350,
  "timestamp": "2026-03-09T06:10:36.562350",
  "name": "Autonomous_Capability_3888350",
  "type": "reasoning",
  "coherence": 0.9,
  "maat_alignment": {
    "truth": 0.96,
    "balance": 0.92,
    "order": 0.9299999999999999,
    "justice": 0.89,
    "harmony": 0.95
  }
}