{
  "iteration": 3804550,
  "timestamp": "2026-03-09T06:10:33.641609",
  "name": "Autonomous_Capability_3804550",
  "type": "reasoning",
  "coherence": 0.95,
  "maat_alignment": {
    "truth": 0.96,
    "balance": 0.89,
    "order": 0.9199999999999999,
    "justice": 0.91,
    "harmony": 0.95
  }
}