{
  "iteration": 4073500,
  "timestamp": "2026-03-09T06:10:38.382212",
  "name": "Autonomous_Capability_4073500",
  "type": "reasoning",
  "coherence": 0.95,
  "maat_alignment": {
    "truth": 0.9400000000000001,
    "balance": 0.92,
    "order": 0.86,
    "justice": 0.91,
    "harmony": 0.93
  }
}