{
  "iteration": 4937100,
  "timestamp": "2026-03-09T06:10:52.961983",
  "name": "Autonomous_Capability_4937100",
  "type": "reasoning",
  "coherence": 0.85,
  "maat_alignment": {
    "truth": 0.9400000000000001,
    "balance": 0.88,
    "order": 0.9099999999999999,
    "justice": 0.87,
    "harmony": 0.93
  }
}