{
  "iteration": 2365550,
  "timestamp": "2026-03-09T06:10:09.145789",
  "name": "Autonomous_Capability_2365550",
  "type": "reasoning",
  "coherence": 0.9,
  "maat_alignment": {
    "truth": 0.96,
    "balance": 0.93,
    "order": 0.9299999999999999,
    "justice": 0.89,
    "harmony": 0.95
  }
}