{
  "iteration": 6349650,
  "timestamp": "2026-03-09T06:11:24.794299",
  "name": "Autonomous_Capability_6349650",
  "type": "reasoning",
  "coherence": 0.85,
  "maat_alignment": {
    "truth": 0.92,
    "balance": 0.94,
    "order": 0.9099999999999999,
    "justice": 0.87,
    "harmony": 0.91
  }
}