{
  "iteration": 247200,
  "timestamp": "2026-03-09T06:09:48.692455",
  "name": "Autonomous_Capability_247200",
  "type": "reasoning",
  "coherence": 0.85,
  "maat_alignment": {
    "truth": 0.9,
    "balance": 0.9,
    "order": 0.9099999999999999,
    "justice": 0.87,
    "harmony": 0.89
  }
}