{
  "iteration": 5170300,
  "timestamp": "2026-03-09T06:10:56.225139",
  "name": "Autonomous_Capability_5170300",
  "type": "reasoning",
  "coherence": 0.95,
  "maat_alignment": {
    "truth": 0.9400000000000001,
    "balance": 0.9,
    "order": 0.9199999999999999,
    "justice": 0.91,
    "harmony": 0.93
  }
}