{
  "iteration": 3898050,
  "timestamp": "2026-03-09T06:10:36.654813",
  "name": "Autonomous_Capability_3898050",
  "type": "reasoning",
  "coherence": 0.85,
  "maat_alignment": {
    "truth": 0.92,
    "balance": 0.9,
    "order": 0.9099999999999999,
    "justice": 0.87,
    "harmony": 0.91
  }
}