{
  "iteration": 1208400,
  "timestamp": "2026-03-09T06:09:55.240729",
  "name": "Autonomous_Capability_1208400",
  "type": "reasoning",
  "coherence": 0.85,
  "maat_alignment": {
    "truth": 0.9,
    "balance": 0.92,
    "order": 0.9099999999999999,
    "justice": 0.87,
    "harmony": 0.89
  }
}