{
  "iteration": 3495850,
  "timestamp": "2026-03-09T06:10:28.638207",
  "name": "Autonomous_Capability_3495850",
  "type": "reasoning",
  "coherence": 0.95,
  "maat_alignment": {
    "truth": 0.92,
    "balance": 0.89,
    "order": 0.9199999999999999,
    "justice": 0.91,
    "harmony": 0.91
  }
}