{
  "iteration": 3792750,
  "timestamp": "2026-03-09T06:10:33.545543",
  "name": "Autonomous_Capability_3792750",
  "type": "reasoning",
  "coherence": 0.85,
  "maat_alignment": {
    "truth": 0.96,
    "balance": 0.91,
    "order": 0.9099999999999999,
    "justice": 0.87,
    "harmony": 0.95
  }
}