{
  "iteration": 6255500,
  "timestamp": "2026-03-09T06:11:22.363078",
  "name": "Autonomous_Capability_6255500",
  "type": "reasoning",
  "coherence": 0.9,
  "maat_alignment": {
    "truth": 0.9400000000000001,
    "balance": 0.94,
    "order": 0.9,
    "justice": 0.89,
    "harmony": 0.93
  }
}