{
  "iteration": 5223100,
  "timestamp": "2026-03-09T06:10:56.895169",
  "name": "Autonomous_Capability_5223100",
  "type": "reasoning",
  "coherence": 0.95,
  "maat_alignment": {
    "truth": 0.9400000000000001,
    "balance": 0.89,
    "order": 0.89,
    "justice": 0.91,
    "harmony": 0.93
  }
}