{
  "iteration": 5371350,
  "timestamp": "2026-03-09T06:11:01.236477",
  "name": "Autonomous_Capability_5371350",
  "type": "reasoning",
  "coherence": 0.85,
  "maat_alignment": {
    "truth": 0.96,
    "balance": 0.93,
    "order": 0.9099999999999999,
    "justice": 0.87,
    "harmony": 0.95
  }
}