{
  "iteration": 4528050,
  "timestamp": "2026-03-09T06:10:44.627067",
  "name": "Autonomous_Capability_4528050",
  "type": "reasoning",
  "coherence": 0.85,
  "maat_alignment": {
    "truth": 0.92,
    "balance": 0.9,
    "order": 0.9099999999999999,
    "justice": 0.87,
    "harmony": 0.91
  }
}