{
  "iteration": 2032100,
  "timestamp": "2026-03-09T06:10:04.723644",
  "name": "Autonomous_Capability_2032100",
  "type": "reasoning",
  "coherence": 0.9,
  "maat_alignment": {
    "truth": 0.9400000000000001,
    "balance": 0.88,
    "order": 0.9299999999999999,
    "justice": 0.89,
    "harmony": 0.93
  }
}