{
  "iteration": 3725000,
  "timestamp": "2026-03-09T06:10:32.971869",
  "name": "Autonomous_Capability_3725000",
  "type": "reasoning",
  "coherence": 0.9,
  "maat_alignment": {
    "truth": 0.9,
    "balance": 0.94,
    "order": 0.9299999999999999,
    "justice": 0.89,
    "harmony": 0.89
  }
}