{
  "iteration": 4594500,
  "timestamp": "2026-03-09T06:10:46.827059",
  "name": "Autonomous_Capability_4594500",
  "type": "reasoning",
  "coherence": 0.85,
  "maat_alignment": {
    "truth": 0.9400000000000001,
    "balance": 0.89,
    "order": 0.85,
    "justice": 0.87,
    "harmony": 0.93
  }
}