{
  "iteration": 5359700,
  "timestamp": "2026-03-09T06:11:01.082386",
  "name": "Autonomous_Capability_5359700",
  "type": "reasoning",
  "coherence": 0.9,
  "maat_alignment": {
    "truth": 0.9400000000000001,
    "balance": 0.91,
    "order": 0.87,
    "justice": 0.89,
    "harmony": 0.93
  }
}