{
  "iteration": 2421250,
  "timestamp": "2026-03-09T06:10:10.609195",
  "name": "Autonomous_Capability_2421250",
  "type": "reasoning",
  "coherence": 0.95,
  "maat_alignment": {
    "truth": 0.92,
    "balance": 0.94,
    "order": 0.9199999999999999,
    "justice": 0.91,
    "harmony": 0.91
  }
}