{
  "iteration": 3757500,
  "timestamp": "2026-03-09T06:10:33.163371",
  "name": "Autonomous_Capability_3757500",
  "type": "reasoning",
  "coherence": 0.85,
  "maat_alignment": {
    "truth": 0.9400000000000001,
    "balance": 0.93,
    "order": 0.85,
    "justice": 0.87,
    "harmony": 0.93
  }
}