{
  "iteration": 4725600,
  "timestamp": "2026-03-09T06:10:49.425049",
  "name": "Autonomous_Capability_4725600",
  "type": "reasoning",
  "coherence": 0.85,
  "maat_alignment": {
    "truth": 0.9,
    "balance": 0.93,
    "order": 0.9099999999999999,
    "justice": 0.87,
    "harmony": 0.89
  }
}