{
  "iteration": 3760800,
  "timestamp": "2026-03-09T06:10:33.183745",
  "name": "Autonomous_Capability_3760800",
  "type": "reasoning",
  "coherence": 0.85,
  "maat_alignment": {
    "truth": 0.9,
    "balance": 0.89,
    "order": 0.9099999999999999,
    "justice": 0.87,
    "harmony": 0.89
  }
}