{
  "iteration": 1460100,
  "timestamp": "2026-03-09T06:09:57.735311",
  "name": "Autonomous_Capability_1460100",
  "type": "reasoning",
  "coherence": 0.85,
  "maat_alignment": {
    "truth": 0.9400000000000001,
    "balance": 0.93,
    "order": 0.88,
    "justice": 0.87,
    "harmony": 0.93
  }
}