{
  "iteration": 103100,
  "timestamp": "2026-03-09T06:09:47.896651",
  "name": "Autonomous_Capability_103100",
  "type": "reasoning",
  "coherence": 0.9,
  "maat_alignment": {
    "truth": 0.9400000000000001,
    "balance": 0.92,
    "order": 0.9,
    "justice": 0.89,
    "harmony": 0.93
  }
}