{
  "iteration": 6594450,
  "timestamp": "2026-03-09T06:11:31.529907",
  "name": "Autonomous_Capability_6594450",
  "type": "reasoning",
  "coherence": 0.85,
  "maat_alignment": {
    "truth": 0.92,
    "balance": 0.9,
    "order": 0.9099999999999999,
    "justice": 0.87,
    "harmony": 0.91
  }
}