{
  "iteration": 1276550,
  "timestamp": "2026-03-09T06:09:55.679945",
  "name": "Autonomous_Capability_1276550",
  "type": "reasoning",
  "coherence": 0.9,
  "maat_alignment": {
    "truth": 0.96,
    "balance": 0.9,
    "order": 0.9299999999999999,
    "justice": 0.89,
    "harmony": 0.95
  }
}