{
  "iteration": 951700,
  "timestamp": "2026-03-09T06:09:53.421180",
  "name": "Autonomous_Capability_951700",
  "type": "reasoning",
  "coherence": 0.95,
  "maat_alignment": {
    "truth": 0.9400000000000001,
    "balance": 0.89,
    "order": 0.89,
    "justice": 0.91,
    "harmony": 0.93
  }
}