{
  "iteration": 874300,
  "timestamp": "2026-03-09T06:09:52.983423",
  "name": "Autonomous_Capability_874300",
  "type": "reasoning",
  "coherence": 0.95,
  "maat_alignment": {
    "truth": 0.9400000000000001,
    "balance": 0.88,
    "order": 0.89,
    "justice": 0.91,
    "harmony": 0.93
  }
}