{
  "iteration": 6642600,
  "timestamp": "2026-03-09T06:11:34.115619",
  "name": "Autonomous_Capability_6642600",
  "type": "reasoning",
  "coherence": 0.85,
  "maat_alignment": {
    "truth": 0.9,
    "balance": 0.94,
    "order": 0.9099999999999999,
    "justice": 0.87,
    "harmony": 0.89
  }
}