{
  "iteration": 5125200,
  "timestamp": "2026-03-09T06:10:55.954606",
  "name": "Autonomous_Capability_5125200",
  "type": "reasoning",
  "coherence": 0.85,
  "maat_alignment": {
    "truth": 0.9,
    "balance": 0.91,
    "order": 0.9099999999999999,
    "justice": 0.87,
    "harmony": 0.89
  }
}