{
  "iteration": 1483100,
  "timestamp": "2026-03-09T06:09:57.875642",
  "name": "Autonomous_Capability_1483100",
  "type": "reasoning",
  "coherence": 0.9,
  "maat_alignment": {
    "truth": 0.9400000000000001,
    "balance": 0.91,
    "order": 0.9299999999999999,
    "justice": 0.89,
    "harmony": 0.93
  }
}