{
  "iteration": 5791100,
  "timestamp": "2026-03-09T06:11:12.322543",
  "name": "Autonomous_Capability_5791100",
  "type": "reasoning",
  "coherence": 0.9,
  "maat_alignment": {
    "truth": 0.9400000000000001,
    "balance": 0.88,
    "order": 0.9,
    "justice": 0.89,
    "harmony": 0.93
  }
}