{
  "iteration": 580700,
  "timestamp": "2026-03-09T06:09:50.928235",
  "name": "Autonomous_Capability_580700",
  "type": "reasoning",
  "coherence": 0.9,
  "maat_alignment": {
    "truth": 0.9400000000000001,
    "balance": 0.89,
    "order": 0.87,
    "justice": 0.89,
    "harmony": 0.93
  }
}