{
  "iteration": 3634500,
  "timestamp": "2026-03-09T06:10:31.077982",
  "name": "Autonomous_Capability_3634500",
  "type": "reasoning",
  "coherence": 0.85,
  "maat_alignment": {
    "truth": 0.9400000000000001,
    "balance": 0.9,
    "order": 0.88,
    "justice": 0.87,
    "harmony": 0.93
  }
}