{
  "iteration": 4279700,
  "timestamp": "2026-03-09T06:10:42.166242",
  "name": "Autonomous_Capability_4279700",
  "type": "reasoning",
  "coherence": 0.9,
  "maat_alignment": {
    "truth": 0.9400000000000001,
    "balance": 0.93,
    "order": 0.87,
    "justice": 0.89,
    "harmony": 0.93
  }
}