{
  "iteration": 4501950,
  "timestamp": "2026-03-09T06:10:44.271465",
  "name": "Autonomous_Capability_4501950",
  "type": "reasoning",
  "coherence": 0.85,
  "maat_alignment": {
    "truth": 0.96,
    "balance": 0.93,
    "order": 0.9099999999999999,
    "justice": 0.87,
    "harmony": 0.95
  }
}