{
  "iteration": 4909200,
  "timestamp": "2026-03-09T06:10:51.525838",
  "name": "Autonomous_Capability_4909200",
  "type": "reasoning",
  "coherence": 0.85,
  "maat_alignment": {
    "truth": 0.9,
    "balance": 0.9,
    "order": 0.9099999999999999,
    "justice": 0.87,
    "harmony": 0.89
  }
}