{
  "iteration": 551100,
  "timestamp": "2026-03-09T06:09:50.719129",
  "name": "Autonomous_Capability_551100",
  "type": "reasoning",
  "coherence": 0.85,
  "maat_alignment": {
    "truth": 0.9400000000000001,
    "balance": 0.92,
    "order": 0.88,
    "justice": 0.87,
    "harmony": 0.93
  }
}