{
  "iteration": 5763850,
  "timestamp": "2026-03-09T06:11:11.717631",
  "name": "Autonomous_Capability_5763850",
  "type": "reasoning",
  "coherence": 0.95,
  "maat_alignment": {
    "truth": 0.92,
    "balance": 0.89,
    "order": 0.9199999999999999,
    "justice": 0.91,
    "harmony": 0.91
  }
}