{
  "iteration": 3869300,
  "timestamp": "2026-03-09T06:10:36.391389",
  "name": "Autonomous_Capability_3869300",
  "type": "reasoning",
  "coherence": 0.9,
  "maat_alignment": {
    "truth": 0.9400000000000001,
    "balance": 0.89,
    "order": 0.87,
    "justice": 0.89,
    "harmony": 0.93
  }
}