{
  "iteration": 6396700,
  "timestamp": "2026-03-09T06:11:26.501210",
  "name": "Autonomous_Capability_6396700",
  "type": "reasoning",
  "coherence": 0.95,
  "maat_alignment": {
    "truth": 0.9400000000000001,
    "balance": 0.9,
    "order": 0.89,
    "justice": 0.91,
    "harmony": 0.93
  }
}