{
  "iteration": 1355550,
  "timestamp": "2026-03-09T06:09:56.221725",
  "name": "Autonomous_Capability_1355550",
  "type": "reasoning",
  "coherence": 0.85,
  "maat_alignment": {
    "truth": 0.96,
    "balance": 0.88,
    "order": 0.9099999999999999,
    "justice": 0.87,
    "harmony": 0.95
  }
}