{
  "iteration": 972300,
  "timestamp": "2026-03-09T06:09:53.534352",
  "name": "Autonomous_Capability_972300",
  "type": "reasoning",
  "coherence": 0.85,
  "maat_alignment": {
    "truth": 0.9400000000000001,
    "balance": 0.88,
    "order": 0.88,
    "justice": 0.87,
    "harmony": 0.93
  }
}