{
  "iteration": 96000,
  "timestamp": "2026-03-09T06:09:47.860032",
  "name": "Autonomous_Capability_96000",
  "type": "reasoning",
  "coherence": 0.85,
  "maat_alignment": {
    "truth": 0.9,
    "balance": 0.9,
    "order": 0.9099999999999999,
    "justice": 0.87,
    "harmony": 0.89
  }
}