{
  "iteration": 5484750,
  "timestamp": "2026-03-09T06:11:03.546785",
  "name": "Autonomous_Capability_5484750",
  "type": "reasoning",
  "coherence": 0.85,
  "maat_alignment": {
    "truth": 0.96,
    "balance": 0.93,
    "order": 0.9099999999999999,
    "justice": 0.87,
    "harmony": 0.95
  }
}