{
  "iteration": 3693400,
  "timestamp": "2026-03-09T06:10:32.598144",
  "name": "Autonomous_Capability_3693400",
  "type": "reasoning",
  "coherence": 0.95,
  "maat_alignment": {
    "truth": 0.9,
    "balance": 0.92,
    "order": 0.9199999999999999,
    "justice": 0.91,
    "harmony": 0.89
  }
}