{
  "iteration": 429900,
  "timestamp": "2026-03-09T06:09:49.874908",
  "name": "Autonomous_Capability_429900",
  "type": "reasoning",
  "coherence": 0.85,
  "maat_alignment": {
    "truth": 0.9400000000000001,
    "balance": 0.9,
    "order": 0.9099999999999999,
    "justice": 0.87,
    "harmony": 0.93
  }
}