{
  "iteration": 2017950,
  "timestamp": "2026-03-09T06:10:04.641478",
  "name": "Autonomous_Capability_2017950",
  "type": "reasoning",
  "coherence": 0.85,
  "maat_alignment": {
    "truth": 0.96,
    "balance": 0.92,
    "order": 0.9099999999999999,
    "justice": 0.87,
    "harmony": 0.95
  }
}