{
  "iteration": 2622300,
  "timestamp": "2026-03-09T06:10:13.307881",
  "name": "Autonomous_Capability_2622300",
  "type": "reasoning",
  "coherence": 0.85,
  "maat_alignment": {
    "truth": 0.9400000000000001,
    "balance": 0.9,
    "order": 0.9099999999999999,
    "justice": 0.87,
    "harmony": 0.93
  }
}