{
  "iteration": 6151650,
  "timestamp": "2026-03-09T06:11:19.637994",
  "name": "Autonomous_Capability_6151650",
  "type": "reasoning",
  "coherence": 0.85,
  "maat_alignment": {
    "truth": 0.92,
    "balance": 0.89,
    "order": 0.9099999999999999,
    "justice": 0.87,
    "harmony": 0.91
  }
}