{
  "iteration": 6191000,
  "timestamp": "2026-03-09T06:11:20.867568",
  "name": "Autonomous_Capability_6191000",
  "type": "reasoning",
  "coherence": 0.9,
  "maat_alignment": {
    "truth": 0.9,
    "balance": 0.92,
    "order": 0.9299999999999999,
    "justice": 0.89,
    "harmony": 0.89
  }
}