{
  "iteration": 5174700,
  "timestamp": "2026-03-09T06:10:56.588999",
  "name": "Autonomous_Capability_5174700",
  "type": "reasoning",
  "coherence": 0.85,
  "maat_alignment": {
    "truth": 0.9400000000000001,
    "balance": 0.94,
    "order": 0.9099999999999999,
    "justice": 0.87,
    "harmony": 0.93
  }
}