{
  "iteration": 3264450,
  "timestamp": "2026-03-09T06:10:24.042648",
  "name": "Autonomous_Capability_3264450",
  "type": "reasoning",
  "coherence": 0.85,
  "maat_alignment": {
    "truth": 0.92,
    "balance": 0.88,
    "order": 0.9099999999999999,
    "justice": 0.87,
    "harmony": 0.91
  }
}