{
  "iteration": 854250,
  "timestamp": "2026-03-09T06:09:52.829879",
  "name": "Autonomous_Capability_854250",
  "type": "reasoning",
  "coherence": 0.85,
  "maat_alignment": {
    "truth": 0.92,
    "balance": 0.93,
    "order": 0.9099999999999999,
    "justice": 0.87,
    "harmony": 0.91
  }
}