{
  "iteration": 629900,
  "timestamp": "2026-03-09T06:09:51.245228",
  "name": "Autonomous_Capability_629900",
  "type": "reasoning",
  "coherence": 0.9,
  "maat_alignment": {
    "truth": 0.9400000000000001,
    "balance": 0.93,
    "order": 0.9299999999999999,
    "justice": 0.89,
    "harmony": 0.93
  }
}