{
  "iteration": 893850,
  "timestamp": "2026-03-09T06:09:53.097549",
  "name": "Autonomous_Capability_893850",
  "type": "reasoning",
  "coherence": 0.85,
  "maat_alignment": {
    "truth": 0.92,
    "balance": 0.94,
    "order": 0.9099999999999999,
    "justice": 0.87,
    "harmony": 0.91
  }
}