{
  "iteration": 1590300,
  "timestamp": "2026-03-09T06:09:59.486234",
  "name": "Autonomous_Capability_1590300",
  "type": "reasoning",
  "coherence": 0.85,
  "maat_alignment": {
    "truth": 0.9400000000000001,
    "balance": 0.93,
    "order": 0.85,
    "justice": 0.87,
    "harmony": 0.93
  }
}