{
  "iteration": 2797800,
  "timestamp": "2026-03-09T06:10:18.099918",
  "name": "Autonomous_Capability_2797800",
  "type": "reasoning",
  "coherence": 0.85,
  "maat_alignment": {
    "truth": 0.9,
    "balance": 0.93,
    "order": 0.9099999999999999,
    "justice": 0.87,
    "harmony": 0.89
  }
}