{
  "iteration": 5720200,
  "timestamp": "2026-03-09T06:11:09.644110",
  "name": "Autonomous_Capability_5720200",
  "type": "reasoning",
  "coherence": 0.95,
  "maat_alignment": {
    "truth": 0.9,
    "balance": 0.91,
    "order": 0.9199999999999999,
    "justice": 0.91,
    "harmony": 0.89
  }
}