{
  "iteration": 6681700,
  "timestamp": "2026-03-09T06:11:36.958087",
  "name": "Autonomous_Capability_6681700",
  "type": "reasoning",
  "coherence": 0.95,
  "maat_alignment": {
    "truth": 0.9400000000000001,
    "balance": 0.92,
    "order": 0.86,
    "justice": 0.91,
    "harmony": 0.93
  }
}