{
  "iteration": 2749100,
  "timestamp": "2026-03-09T06:10:16.978021",
  "name": "Autonomous_Capability_2749100",
  "type": "reasoning",
  "coherence": 0.9,
  "maat_alignment": {
    "truth": 0.9400000000000001,
    "balance": 0.92,
    "order": 0.9,
    "justice": 0.89,
    "harmony": 0.93
  }
}