{
  "iteration": 5157900,
  "timestamp": "2026-03-09T06:10:56.158223",
  "name": "Autonomous_Capability_5157900",
  "type": "reasoning",
  "coherence": 0.85,
  "maat_alignment": {
    "truth": 0.9400000000000001,
    "balance": 0.94,
    "order": 0.85,
    "justice": 0.87,
    "harmony": 0.93
  }
}