{
  "iteration": 831700,
  "timestamp": "2026-03-09T06:09:52.644368",
  "name": "Autonomous_Capability_831700",
  "type": "reasoning",
  "coherence": 0.95,
  "maat_alignment": {
    "truth": 0.9400000000000001,
    "balance": 0.9,
    "order": 0.86,
    "justice": 0.91,
    "harmony": 0.93
  }
}