{
  "iteration": 2650650,
  "timestamp": "2026-03-09T06:10:13.948980",
  "name": "Autonomous_Capability_2650650",
  "type": "reasoning",
  "coherence": 0.85,
  "maat_alignment": {
    "truth": 0.92,
    "balance": 0.9,
    "order": 0.9099999999999999,
    "justice": 0.87,
    "harmony": 0.91
  }
}