{
  "iteration": 4186950,
  "timestamp": "2026-03-09T06:10:40.313213",
  "name": "Autonomous_Capability_4186950",
  "type": "reasoning",
  "coherence": 0.85,
  "maat_alignment": {
    "truth": 0.96,
    "balance": 0.93,
    "order": 0.9099999999999999,
    "justice": 0.87,
    "harmony": 0.95
  }
}