{
  "iteration": 3722550,
  "timestamp": "2026-03-09T06:10:32.958310",
  "name": "Autonomous_Capability_3722550",
  "type": "reasoning",
  "coherence": 0.85,
  "maat_alignment": {
    "truth": 0.96,
    "balance": 0.94,
    "order": 0.9099999999999999,
    "justice": 0.87,
    "harmony": 0.95
  }
}