{
  "iteration": 259700,
  "timestamp": "2026-03-09T06:09:48.767176",
  "name": "Autonomous_Capability_259700",
  "type": "reasoning",
  "coherence": 0.9,
  "maat_alignment": {
    "truth": 0.9400000000000001,
    "balance": 0.88,
    "order": 0.9,
    "justice": 0.89,
    "harmony": 0.93
  }
}