{
  "iteration": 2713750,
  "timestamp": "2026-03-09T06:10:15.965426",
  "name": "Autonomous_Capability_2713750",
  "type": "reasoning",
  "coherence": 0.95,
  "maat_alignment": {
    "truth": 0.96,
    "balance": 0.92,
    "order": 0.9199999999999999,
    "justice": 0.91,
    "harmony": 0.95
  }
}