{
  "iteration": 5123300,
  "timestamp": "2026-03-09T06:10:55.944799",
  "name": "Autonomous_Capability_5123300",
  "type": "reasoning",
  "coherence": 0.9,
  "maat_alignment": {
    "truth": 0.9400000000000001,
    "balance": 0.88,
    "order": 0.9,
    "justice": 0.89,
    "harmony": 0.93
  }
}