{
  "iteration": 1861450,
  "timestamp": "2026-03-09T06:10:02.328770",
  "name": "Autonomous_Capability_1861450",
  "type": "reasoning",
  "coherence": 0.95,
  "maat_alignment": {
    "truth": 0.92,
    "balance": 0.91,
    "order": 0.9199999999999999,
    "justice": 0.91,
    "harmony": 0.91
  }
}