{
  "iteration": 2696700,
  "timestamp": "2026-03-09T06:10:15.671791",
  "name": "Autonomous_Capability_2696700",
  "type": "reasoning",
  "coherence": 0.85,
  "maat_alignment": {
    "truth": 0.9400000000000001,
    "balance": 0.94,
    "order": 0.88,
    "justice": 0.87,
    "harmony": 0.93
  }
}