{
  "iteration": 6424800,
  "timestamp": "2026-03-09T06:11:27.237761",
  "name": "Autonomous_Capability_6424800",
  "type": "reasoning",
  "coherence": 0.85,
  "maat_alignment": {
    "truth": 0.9,
    "balance": 0.92,
    "order": 0.9099999999999999,
    "justice": 0.87,
    "harmony": 0.89
  }
}