{
  "iteration": 4981900,
  "timestamp": "2026-03-09T06:10:53.746164",
  "name": "Autonomous_Capability_4981900",
  "type": "reasoning",
  "coherence": 0.95,
  "maat_alignment": {
    "truth": 0.9400000000000001,
    "balance": 0.88,
    "order": 0.89,
    "justice": 0.91,
    "harmony": 0.93
  }
}