{
  "iteration": 6556400,
  "timestamp": "2026-03-09T06:11:30.787485",
  "name": "Autonomous_Capability_6556400",
  "type": "reasoning",
  "coherence": 0.9,
  "maat_alignment": {
    "truth": 0.9,
    "balance": 0.92,
    "order": 0.9299999999999999,
    "justice": 0.89,
    "harmony": 0.89
  }
}