{
  "iteration": 3098100,
  "timestamp": "2026-03-09T06:10:22.610806",
  "name": "Autonomous_Capability_3098100",
  "type": "reasoning",
  "coherence": 0.85,
  "maat_alignment": {
    "truth": 0.9400000000000001,
    "balance": 0.93,
    "order": 0.88,
    "justice": 0.87,
    "harmony": 0.93
  }
}