{
  "iteration": 5239250,
  "timestamp": "2026-03-09T06:10:56.995528",
  "name": "Autonomous_Capability_5239250",
  "type": "reasoning",
  "coherence": 0.9,
  "maat_alignment": {
    "truth": 0.92,
    "balance": 0.9,
    "order": 0.9299999999999999,
    "justice": 0.89,
    "harmony": 0.91
  }
}