{
  "iteration": 3363900,
  "timestamp": "2026-03-09T06:10:27.498358",
  "name": "Autonomous_Capability_3363900",
  "type": "reasoning",
  "coherence": 0.85,
  "maat_alignment": {
    "truth": 0.9400000000000001,
    "balance": 0.89,
    "order": 0.9099999999999999,
    "justice": 0.87,
    "harmony": 0.93
  }
}