{
  "iteration": 1001100,
  "timestamp": "2026-03-09T06:09:53.695507",
  "name": "Autonomous_Capability_1001100",
  "type": "reasoning",
  "coherence": 0.85,
  "maat_alignment": {
    "truth": 0.9400000000000001,
    "balance": 0.9,
    "order": 0.88,
    "justice": 0.87,
    "harmony": 0.93
  }
}