{
  "iteration": 10700,
  "timestamp": "2026-03-09T06:09:47.346630",
  "name": "Autonomous_Capability_10700",
  "type": "reasoning",
  "coherence": 0.9,
  "maat_alignment": {
    "truth": 0.9400000000000001,
    "balance": 0.92,
    "order": 0.9299999999999999,
    "justice": 0.89,
    "harmony": 0.93
  }
}