{
  "iteration": 2342300,
  "timestamp": "2026-03-09T06:10:08.601442",
  "name": "Autonomous_Capability_2342300",
  "type": "reasoning",
  "coherence": 0.9,
  "maat_alignment": {
    "truth": 0.9400000000000001,
    "balance": 0.9,
    "order": 0.9,
    "justice": 0.89,
    "harmony": 0.93
  }
}