{
  "iteration": 6307350,
  "timestamp": "2026-03-09T06:11:23.618227",
  "name": "Autonomous_Capability_6307350",
  "type": "reasoning",
  "coherence": 0.85,
  "maat_alignment": {
    "truth": 0.96,
    "balance": 0.88,
    "order": 0.9099999999999999,
    "justice": 0.87,
    "harmony": 0.95
  }
}