{
  "iteration": 6523700,
  "timestamp": "2026-03-09T06:11:30.410752",
  "name": "Autonomous_Capability_6523700",
  "type": "reasoning",
  "coherence": 0.9,
  "maat_alignment": {
    "truth": 0.9400000000000001,
    "balance": 0.89,
    "order": 0.9,
    "justice": 0.89,
    "harmony": 0.93
  }
}