{
  "iteration": 2380200,
  "timestamp": "2026-03-09T06:10:09.542140",
  "name": "Autonomous_Capability_2380200",
  "type": "reasoning",
  "coherence": 0.85,
  "maat_alignment": {
    "truth": 0.9,
    "balance": 0.92,
    "order": 0.9099999999999999,
    "justice": 0.87,
    "harmony": 0.89
  }
}