{
  "iteration": 2428300,
  "timestamp": "2026-03-09T06:10:10.650753",
  "name": "Autonomous_Capability_2428300",
  "type": "reasoning",
  "coherence": 0.95,
  "maat_alignment": {
    "truth": 0.9400000000000001,
    "balance": 0.88,
    "order": 0.86,
    "justice": 0.91,
    "harmony": 0.93
  }
}