{
  "iteration": 461150,
  "timestamp": "2026-03-09T06:09:50.110179",
  "name": "Autonomous_Capability_461150",
  "type": "reasoning",
  "coherence": 0.9,
  "maat_alignment": {
    "truth": 0.96,
    "balance": 0.92,
    "order": 0.9299999999999999,
    "justice": 0.89,
    "harmony": 0.95
  }
}