{
  "iteration": 3555350,
  "timestamp": "2026-03-09T06:10:29.280323",
  "name": "Autonomous_Capability_3555350",
  "type": "reasoning",
  "coherence": 0.9,
  "maat_alignment": {
    "truth": 0.96,
    "balance": 0.89,
    "order": 0.9299999999999999,
    "justice": 0.89,
    "harmony": 0.95
  }
}