{
  "iteration": 4637150,
  "timestamp": "2026-03-09T06:10:48.682140",
  "name": "Autonomous_Capability_4637150",
  "type": "reasoning",
  "coherence": 0.9,
  "maat_alignment": {
    "truth": 0.96,
    "balance": 0.88,
    "order": 0.9299999999999999,
    "justice": 0.89,
    "harmony": 0.95
  }
}