{
  "iteration": 4605900,
  "timestamp": "2026-03-09T06:10:47.630685",
  "name": "Autonomous_Capability_4605900",
  "type": "reasoning",
  "coherence": 0.85,
  "maat_alignment": {
    "truth": 0.9400000000000001,
    "balance": 0.93,
    "order": 0.9099999999999999,
    "justice": 0.87,
    "harmony": 0.93
  }
}