{
  "iteration": 5303900,
  "timestamp": "2026-03-09T06:10:58.506239",
  "name": "Autonomous_Capability_5303900",
  "type": "reasoning",
  "coherence": 0.9,
  "maat_alignment": {
    "truth": 0.9400000000000001,
    "balance": 0.88,
    "order": 0.87,
    "justice": 0.89,
    "harmony": 0.93
  }
}