{
  "iteration": 1631400,
  "timestamp": "2026-03-09T06:09:59.837773",
  "name": "Autonomous_Capability_1631400",
  "type": "reasoning",
  "coherence": 0.85,
  "maat_alignment": {
    "truth": 0.9,
    "balance": 0.89,
    "order": 0.9099999999999999,
    "justice": 0.87,
    "harmony": 0.89
  }
}