{
  "iteration": 3668900,
  "timestamp": "2026-03-09T06:10:31.723255",
  "name": "Autonomous_Capability_3668900",
  "type": "reasoning",
  "coherence": 0.9,
  "maat_alignment": {
    "truth": 0.9400000000000001,
    "balance": 0.92,
    "order": 0.9,
    "justice": 0.89,
    "harmony": 0.93
  }
}