{
  "iteration": 1001600,
  "timestamp": "2026-03-09T06:09:53.697985",
  "name": "Autonomous_Capability_1001600",
  "type": "reasoning",
  "coherence": 0.9,
  "maat_alignment": {
    "truth": 0.9,
    "balance": 0.93,
    "order": 0.9299999999999999,
    "justice": 0.89,
    "harmony": 0.89
  }
}