{
  "iteration": 1264700,
  "timestamp": "2026-03-09T06:09:55.611006",
  "name": "Autonomous_Capability_1264700",
  "type": "reasoning",
  "coherence": 0.9,
  "maat_alignment": {
    "truth": 0.9400000000000001,
    "balance": 0.91,
    "order": 0.87,
    "justice": 0.89,
    "harmony": 0.93
  }
}