{
  "iteration": 6365600,
  "timestamp": "2026-03-09T06:11:24.976173",
  "name": "Autonomous_Capability_6365600",
  "type": "reasoning",
  "coherence": 0.9,
  "maat_alignment": {
    "truth": 0.9,
    "balance": 0.91,
    "order": 0.9299999999999999,
    "justice": 0.89,
    "harmony": 0.89
  }
}