{
  "iteration": 5589600,
  "timestamp": "2026-03-09T06:11:05.531383",
  "name": "Autonomous_Capability_5589600",
  "type": "reasoning",
  "coherence": 0.85,
  "maat_alignment": {
    "truth": 0.9,
    "balance": 0.9,
    "order": 0.9099999999999999,
    "justice": 0.87,
    "harmony": 0.89
  }
}