{
  "iteration": 2676500,
  "timestamp": "2026-03-09T06:10:14.294878",
  "name": "Autonomous_Capability_2676500",
  "type": "reasoning",
  "coherence": 0.9,
  "maat_alignment": {
    "truth": 0.9400000000000001,
    "balance": 0.89,
    "order": 0.9299999999999999,
    "justice": 0.89,
    "harmony": 0.93
  }
}