{
  "iteration": 6164900,
  "timestamp": "2026-03-09T06:11:19.843437",
  "name": "Autonomous_Capability_6164900",
  "type": "reasoning",
  "coherence": 0.9,
  "maat_alignment": {
    "truth": 0.9400000000000001,
    "balance": 0.88,
    "order": 0.9299999999999999,
    "justice": 0.89,
    "harmony": 0.93
  }
}