{
  "iteration": 1395150,
  "timestamp": "2026-03-09T06:09:57.234140",
  "name": "Autonomous_Capability_1395150",
  "type": "reasoning",
  "coherence": 0.85,
  "maat_alignment": {
    "truth": 0.96,
    "balance": 0.89,
    "order": 0.9099999999999999,
    "justice": 0.87,
    "harmony": 0.95
  }
}