{
  "iteration": 1793300,
  "timestamp": "2026-03-09T06:10:01.935149",
  "name": "Autonomous_Capability_1793300",
  "type": "reasoning",
  "coherence": 0.9,
  "maat_alignment": {
    "truth": 0.9400000000000001,
    "balance": 0.93,
    "order": 0.9,
    "justice": 0.89,
    "harmony": 0.93
  }
}