{
  "iteration": 2268250,
  "timestamp": "2026-03-09T06:10:08.169962",
  "name": "Autonomous_Capability_2268250",
  "type": "reasoning",
  "coherence": 0.95,
  "maat_alignment": {
    "truth": 0.92,
    "balance": 0.93,
    "order": 0.9199999999999999,
    "justice": 0.91,
    "harmony": 0.91
  }
}