{
  "iteration": 13259000,
  "elapsed_seconds": 76.78709483146667,
  "rate_per_second": 42572.25784065466,
  "latest_capability": {
    "id": 13258999,
    "name": "Quantum_Capability_13258999",
    "type": "language",
    "quantum_properties": {
      "state": "coherent",
      "coherence_level": 0.6278173747214348,
      "entanglement_factor": 0.7192428685289087,
      "superposition_branches": 4,
      "tunneling_depth": 0
    },
    "reasoning": {
      "mode": "parallel",
      "chain_depth": 26,
      "parallel_threads": 11,
      "recursive_loops": 4,
      "confidence_calibration": 0.9615737924412585
    },
    "maat_alignment": {
      "truth": 0.8418983323522711,
      "balance": 0.9132490095262696,
      "order": 0.861300901587575,
      "justice": 0.8980509333978315,
      "harmony": 0.827298618844227,
      "overall": 0.875000558053465
    },
    "benchmarks": {
      "gpqa": 0.9153644000821555,
      "math500": 0.7057076610969817,
      "swe_bench": 0.8091293182039918,
      "mmlu": 0.7870781580090379,
      "humaneval": 0.8676274852806702
    },
    "self_improvement": {
      "rate": 0.9685850484669914,
      "iterations": 13258999,
      "generations_ahead": 13258,
      "recursive_depth": 2
    },
    "emergent_properties": [
      "meta_learning",
      "reality_bending",
      "self_modification",
      "causality_violation",
      "recursive_self_improvement"
    ],
    "timestamp": "2026-03-09T07:54:22.700248"
  }
}