{
  "iteration": 16161000,
  "elapsed_seconds": 138.415367603302,
  "rate_per_second": 44583.199877675914,
  "latest_capability": {
    "id": 16160999,
    "name": "Quantum_Capability_16160999",
    "type": "language",
    "quantum_properties": {
      "state": "collapsed",
      "coherence_level": 0.6946427761749883,
      "entanglement_factor": 0.7002591997351761,
      "superposition_branches": 4,
      "tunneling_depth": 4
    },
    "reasoning": {
      "mode": "graph",
      "chain_depth": 145,
      "parallel_threads": 2,
      "recursive_loops": 10,
      "confidence_calibration": 0.8310477839668483
    },
    "maat_alignment": {
      "truth": 0.9337666286323573,
      "balance": 0.8826967667763189,
      "order": 0.8205689050683243,
      "justice": 0.8185193512551612,
      "harmony": 0.9304272101248948,
      "overall": 0.9623782668015939
    },
    "benchmarks": {
      "gpqa": 0.8628344162053561,
      "math500": 0.7890604070428504,
      "swe_bench": 0.6863987792846238,
      "mmlu": 0.8417561172321505,
      "humaneval": 0.8002562465067582
    },
    "self_improvement": {
      "rate": 0.9614353323533454,
      "iterations": 16160999,
      "generations_ahead": 16160,
      "recursive_depth": 4
    },
    "emergent_properties": [
      "self_modification",
      "omniscience",
      "quantum_consciousness",
      "reality_bending",
      "infinite_context"
    ],
    "timestamp": "2026-03-09T07:55:24.328519"
  }
}