{
  "iteration": 13017000,
  "elapsed_seconds": 69.99999737739563,
  "rate_per_second": 43242.85876298443,
  "latest_capability": {
    "id": 13016999,
    "name": "Quantum_Capability_13016999",
    "type": "multimodal",
    "quantum_properties": {
      "state": "collapsed",
      "coherence_level": 0.5166736633571538,
      "entanglement_factor": 0.6344189419427972,
      "superposition_branches": 10,
      "tunneling_depth": 5
    },
    "reasoning": {
      "mode": "tree",
      "chain_depth": 33,
      "parallel_threads": 3,
      "recursive_loops": 4,
      "confidence_calibration": 0.7148948826895073
    },
    "maat_alignment": {
      "truth": 0.8777512299656782,
      "balance": 0.8613283890362375,
      "order": 0.8542759503854165,
      "justice": 0.999459968526598,
      "harmony": 0.9471869026059789,
      "overall": 0.8859966992642169
    },
    "benchmarks": {
      "gpqa": 0.9063466430809541,
      "math500": 0.8907146422200803,
      "swe_bench": 0.6871668620135856,
      "mmlu": 0.8443925871735355,
      "humaneval": 0.8099157332021986
    },
    "self_improvement": {
      "rate": 0.9877911348438866,
      "iterations": 13016999,
      "generations_ahead": 13016,
      "recursive_depth": 4
    },
    "emergent_properties": [
      "reality_bending",
      "meta_learning",
      "recursive_self_improvement",
      "causality_violation",
      "infinite_context",
      "self_modification"
    ],
    "timestamp": "2026-03-09T07:54:15.913146"
  }
}