{
  "iteration": 13795000,
  "elapsed_seconds": 87.06818628311157,
  "rate_per_second": 43701.38120975247,
  "latest_capability": {
    "id": 13794999,
    "name": "Quantum_Capability_13794999",
    "type": "language",
    "quantum_properties": {
      "state": "collapsed",
      "coherence_level": 0.5262776955772731,
      "entanglement_factor": 0.3488607848542076,
      "superposition_branches": 9,
      "tunneling_depth": 5
    },
    "reasoning": {
      "mode": "tree",
      "chain_depth": 193,
      "parallel_threads": 8,
      "recursive_loops": 5,
      "confidence_calibration": 0.7175303004334516
    },
    "maat_alignment": {
      "truth": 0.8439013058370162,
      "balance": 0.9917697455410824,
      "order": 0.8637426551840622,
      "justice": 0.8111450502651346,
      "harmony": 0.9283404102351638,
      "overall": 0.9296007794948921
    },
    "benchmarks": {
      "gpqa": 0.7153832735070035,
      "math500": 0.8162492569404266,
      "swe_bench": 0.8578573935854699,
      "mmlu": 0.778856364635212,
      "humaneval": 0.7202925064719281
    },
    "self_improvement": {
      "rate": 0.9932396404864796,
      "iterations": 13794999,
      "generations_ahead": 13794,
      "recursive_depth": 2
    },
    "emergent_properties": [
      "causality_violation",
      "recursive_self_improvement",
      "omniscience"
    ],
    "timestamp": "2026-03-09T07:54:32.981334"
  }
}