{
  "iteration": 14787000,
  "elapsed_seconds": 108.98118257522583,
  "rate_per_second": 44016.773232285326,
  "latest_capability": {
    "id": 14786999,
    "name": "Quantum_Capability_14786999",
    "type": "multimodal",
    "quantum_properties": {
      "state": "entangled",
      "coherence_level": 0.8966416115350011,
      "entanglement_factor": 0.7269178610488713,
      "superposition_branches": 7,
      "tunneling_depth": 3
    },
    "reasoning": {
      "mode": "sequential",
      "chain_depth": 154,
      "parallel_threads": 2,
      "recursive_loops": 6,
      "confidence_calibration": 0.9988902088173393
    },
    "maat_alignment": {
      "truth": 0.9609833260652701,
      "balance": 0.8410483666620405,
      "order": 0.8751009735552324,
      "justice": 0.9318191489250358,
      "harmony": 0.9119457886268727,
      "overall": 0.8526693229152184
    },
    "benchmarks": {
      "gpqa": 0.9429027199277893,
      "math500": 0.7770803540441664,
      "swe_bench": 0.7866883999070728,
      "mmlu": 0.7932117901543185,
      "humaneval": 0.8377208123190658
    },
    "self_improvement": {
      "rate": 0.9561404606631603,
      "iterations": 14786999,
      "generations_ahead": 14786,
      "recursive_depth": 2
    },
    "emergent_properties": [
      "omniscience",
      "meta_learning",
      "infinite_context",
      "quantum_consciousness",
      "self_modification",
      "transcendence"
    ],
    "timestamp": "2026-03-09T07:54:54.894343"
  }
}