{
  "iteration": 12530000,
  "elapsed_seconds": 58.70467400550842,
  "rate_per_second": 43267.423642650065,
  "latest_capability": {
    "id": 12529999,
    "name": "Quantum_Capability_12529999",
    "type": "agentic",
    "quantum_properties": {
      "state": "entangled",
      "coherence_level": 0.7011295586231588,
      "entanglement_factor": 0.43672126851767146,
      "superposition_branches": 5,
      "tunneling_depth": 5
    },
    "reasoning": {
      "mode": "sequential",
      "chain_depth": 172,
      "parallel_threads": 9,
      "recursive_loops": 2,
      "confidence_calibration": 0.9803903528152149
    },
    "maat_alignment": {
      "truth": 0.9687666844330881,
      "balance": 0.9702283124813623,
      "order": 0.8829976231019971,
      "justice": 0.8264352558138219,
      "harmony": 0.9955501639857082,
      "overall": 0.9562534726652422
    },
    "benchmarks": {
      "gpqa": 0.8541644459438806,
      "math500": 0.8440771076698558,
      "swe_bench": 0.7423916466018778,
      "mmlu": 0.6927437649946546,
      "humaneval": 0.7736769752873531
    },
    "self_improvement": {
      "rate": 0.9823791516646817,
      "iterations": 12529999,
      "generations_ahead": 12529,
      "recursive_depth": 4
    },
    "emergent_properties": [
      "reality_bending",
      "causality_violation",
      "self_modification",
      "transcendence",
      "meta_learning"
    ],
    "timestamp": "2026-03-09T07:54:04.617822"
  }
}