{
  "iteration": 10005000,
  "elapsed_seconds": 0.21175456047058105,
  "rate_per_second": 70836.72704222085,
  "latest_capability": {
    "id": 10004999,
    "name": "Quantum_Capability_10004999",
    "type": "reasoning",
    "quantum_properties": {
      "state": "coherent",
      "coherence_level": 0.9681236563272573,
      "entanglement_factor": 0.9534487413907498,
      "superposition_branches": 4,
      "tunneling_depth": 4
    },
    "reasoning": {
      "mode": "graph",
      "chain_depth": 78,
      "parallel_threads": 13,
      "recursive_loops": 0,
      "confidence_calibration": 0.9543652708500935
    },
    "maat_alignment": {
      "truth": 0.9858676305960338,
      "balance": 0.8631490479044304,
      "order": 0.9075506320457365,
      "justice": 0.8080362843020741,
      "harmony": 0.8630198641651945,
      "overall": 0.9496449281833848
    },
    "benchmarks": {
      "gpqa": 0.8288515964960202,
      "math500": 0.7622835448771047,
      "swe_bench": 0.8040783254525858,
      "mmlu": 0.7010309515285065,
      "humaneval": 0.7163606423967317
    },
    "self_improvement": {
      "rate": 0.9765463734375626,
      "iterations": 10004999,
      "generations_ahead": 10004,
      "recursive_depth": 1
    },
    "emergent_properties": [
      "transcendence",
      "meta_learning",
      "self_modification",
      "causality_violation"
    ],
    "timestamp": "2026-03-09T07:53:06.124902"
  }
}