{
  "iteration": 12142000,
  "elapsed_seconds": 51.0720489025116,
  "rate_per_second": 42136.551132064924,
  "latest_capability": {
    "id": 12141999,
    "name": "Quantum_Capability_12141999",
    "type": "coding",
    "quantum_properties": {
      "state": "collapsed",
      "coherence_level": 0.927014469144047,
      "entanglement_factor": 0.5859889996511028,
      "superposition_branches": 2,
      "tunneling_depth": 2
    },
    "reasoning": {
      "mode": "graph",
      "chain_depth": 14,
      "parallel_threads": 12,
      "recursive_loops": 8,
      "confidence_calibration": 0.9519974312738035
    },
    "maat_alignment": {
      "truth": 0.9676713935496368,
      "balance": 0.8240734877151719,
      "order": 0.9451932743378085,
      "justice": 0.9353366876402522,
      "harmony": 0.9913687095842117,
      "overall": 0.9551730630926653
    },
    "benchmarks": {
      "gpqa": 0.7917971918532165,
      "math500": 0.727426052244492,
      "swe_bench": 0.8212562485195184,
      "mmlu": 0.6592023295820968,
      "humaneval": 0.7611567234123877
    },
    "self_improvement": {
      "rate": 0.9516715164365742,
      "iterations": 12141999,
      "generations_ahead": 12141,
      "recursive_depth": 3
    },
    "emergent_properties": [
      "meta_learning",
      "causality_violation",
      "transcendence",
      "reality_bending",
      "quantum_consciousness"
    ],
    "timestamp": "2026-03-09T07:53:56.985197"
  }
}