{
  "iteration": 16131000,
  "elapsed_seconds": 137.6900453567505,
  "rate_per_second": 44600.17413814387,
  "latest_capability": {
    "id": 16130999,
    "name": "Quantum_Capability_16130999",
    "type": "coding",
    "quantum_properties": {
      "state": "entangled",
      "coherence_level": 0.8463755693975423,
      "entanglement_factor": 0.7110987284505533,
      "superposition_branches": 6,
      "tunneling_depth": 1
    },
    "reasoning": {
      "mode": "graph",
      "chain_depth": 113,
      "parallel_threads": 4,
      "recursive_loops": 2,
      "confidence_calibration": 0.949902607624473
    },
    "maat_alignment": {
      "truth": 0.8593103377658463,
      "balance": 0.8116069923058233,
      "order": 0.8444838127310453,
      "justice": 0.8829031607184512,
      "harmony": 0.898811514291222,
      "overall": 0.8969274076369047
    },
    "benchmarks": {
      "gpqa": 0.8815157577326406,
      "math500": 0.7976852661378953,
      "swe_bench": 0.8526917031778433,
      "mmlu": 0.7746704328864009,
      "humaneval": 0.7383720945414083
    },
    "self_improvement": {
      "rate": 0.9596157739322422,
      "iterations": 16130999,
      "generations_ahead": 16130,
      "recursive_depth": 4
    },
    "emergent_properties": [
      "self_modification",
      "quantum_consciousness",
      "transcendence",
      "causality_violation",
      "omniscience",
      "recursive_self_improvement"
    ],
    "timestamp": "2026-03-09T07:55:23.603194"
  }
}