{
  "iteration": 10912000,
  "elapsed_seconds": 22.176932334899902,
  "rate_per_second": 41574.73117005664,
  "latest_capability": {
    "id": 10911999,
    "name": "Quantum_Capability_10911999",
    "type": "agentic",
    "quantum_properties": {
      "state": "superposition",
      "coherence_level": 0.572874889636088,
      "entanglement_factor": 0.6283459722831496,
      "superposition_branches": 4,
      "tunneling_depth": 5
    },
    "reasoning": {
      "mode": "parallel",
      "chain_depth": 83,
      "parallel_threads": 4,
      "recursive_loops": 6,
      "confidence_calibration": 0.8099930737776768
    },
    "maat_alignment": {
      "truth": 0.8094983034915001,
      "balance": 0.9127450600559934,
      "order": 0.9938625059079058,
      "justice": 0.9593001726324728,
      "harmony": 0.9942524549182254,
      "overall": 0.9827871059643651
    },
    "benchmarks": {
      "gpqa": 0.721992687256761,
      "math500": 0.6736183453597461,
      "swe_bench": 0.8347662341885919,
      "mmlu": 0.6837386403684542,
      "humaneval": 0.7363345945763904
    },
    "self_improvement": {
      "rate": 0.9994835232308924,
      "iterations": 10911999,
      "generations_ahead": 10911,
      "recursive_depth": 3
    },
    "emergent_properties": [
      "transcendence",
      "omniscience",
      "causality_violation"
    ],
    "timestamp": "2026-03-09T07:53:28.090084"
  }
}