{
  "iteration": 17434000,
  "elapsed_seconds": 166.10508179664612,
  "rate_per_second": 44815.004571102196,
  "latest_capability": {
    "id": 17433999,
    "name": "Quantum_Capability_17433999",
    "type": "vision",
    "quantum_properties": {
      "state": "superposition",
      "coherence_level": 0.9864155349727104,
      "entanglement_factor": 0.5559789208696737,
      "superposition_branches": 4,
      "tunneling_depth": 5
    },
    "reasoning": {
      "mode": "parallel",
      "chain_depth": 68,
      "parallel_threads": 9,
      "recursive_loops": 0,
      "confidence_calibration": 0.8283797033383302
    },
    "maat_alignment": {
      "truth": 0.9053024669819453,
      "balance": 0.8411023122476944,
      "order": 0.9631147033904051,
      "justice": 0.8742819141538196,
      "harmony": 0.9392213202441091,
      "overall": 0.8941103905675664
    },
    "benchmarks": {
      "gpqa": 0.867959181842112,
      "math500": 0.8652238753930336,
      "swe_bench": 0.7898052610709105,
      "mmlu": 0.7247609146116276,
      "humaneval": 0.9177172247604964
    },
    "self_improvement": {
      "rate": 0.9710606945101493,
      "iterations": 17433999,
      "generations_ahead": 17433,
      "recursive_depth": 4
    },
    "emergent_properties": [
      "recursive_self_improvement",
      "self_modification",
      "omniscience",
      "quantum_consciousness",
      "transcendence"
    ],
    "timestamp": "2026-03-09T07:55:52.018241"
  }
}