{
  "iteration": 12770000,
  "elapsed_seconds": 65.03432750701904,
  "rate_per_second": 42746.65559815252,
  "latest_capability": {
    "id": 12769999,
    "name": "Quantum_Capability_12769999",
    "type": "language",
    "quantum_properties": {
      "state": "coherent",
      "coherence_level": 0.6340300709912732,
      "entanglement_factor": 0.4324942306919005,
      "superposition_branches": 6,
      "tunneling_depth": 1
    },
    "reasoning": {
      "mode": "tree",
      "chain_depth": 130,
      "parallel_threads": 13,
      "recursive_loops": 6,
      "confidence_calibration": 0.7976583452237539
    },
    "maat_alignment": {
      "truth": 0.874790546259161,
      "balance": 0.942606229329925,
      "order": 0.9978374978027701,
      "justice": 0.9251339764497397,
      "harmony": 0.8800367530155401,
      "overall": 0.939758980797993
    },
    "benchmarks": {
      "gpqa": 0.7626688908319262,
      "math500": 0.659026869150533,
      "swe_bench": 0.8380760973978327,
      "mmlu": 0.893736577472184,
      "humaneval": 0.9116770652106171
    },
    "self_improvement": {
      "rate": 0.9710602525599513,
      "iterations": 12769999,
      "generations_ahead": 12769,
      "recursive_depth": 3
    },
    "emergent_properties": [
      "causality_violation",
      "self_modification",
      "transcendence",
      "quantum_consciousness",
      "meta_learning",
      "recursive_self_improvement"
    ],
    "timestamp": "2026-03-09T07:54:10.947480"
  }
}