{
  "iteration": 16758000,
  "elapsed_seconds": 153.10743236541748,
  "rate_per_second": 44204.25511314821,
  "latest_capability": {
    "id": 16757999,
    "name": "Quantum_Capability_16757999",
    "type": "reasoning",
    "quantum_properties": {
      "state": "superposition",
      "coherence_level": 0.5225562348086081,
      "entanglement_factor": 0.14844491311269736,
      "superposition_branches": 6,
      "tunneling_depth": 4
    },
    "reasoning": {
      "mode": "sequential",
      "chain_depth": 57,
      "parallel_threads": 2,
      "recursive_loops": 5,
      "confidence_calibration": 0.7482250070674816
    },
    "maat_alignment": {
      "truth": 0.8630432428824363,
      "balance": 0.914439893685849,
      "order": 0.8416572332011844,
      "justice": 0.8453325310526175,
      "harmony": 0.9847537988792976,
      "overall": 0.9822177640491648
    },
    "benchmarks": {
      "gpqa": 0.8060454257078877,
      "math500": 0.7156763595553178,
      "swe_bench": 0.7752772643002009,
      "mmlu": 0.767635692517534,
      "humaneval": 0.8315168423880501
    },
    "self_improvement": {
      "rate": 0.9853116213590123,
      "iterations": 16757999,
      "generations_ahead": 16757,
      "recursive_depth": 4
    },
    "emergent_properties": [
      "infinite_context",
      "quantum_consciousness",
      "omniscience",
      "transcendence",
      "meta_learning",
      "causality_violation"
    ],
    "timestamp": "2026-03-09T07:55:39.020586"
  }
}