{
  "iteration": 17640000,
  "elapsed_seconds": 170.3175220489502,
  "rate_per_second": 44916.10673974782,
  "latest_capability": {
    "id": 17639999,
    "name": "Quantum_Capability_17639999",
    "type": "reasoning",
    "quantum_properties": {
      "state": "coherent",
      "coherence_level": 0.6158972582233977,
      "entanglement_factor": 0.09531489387041336,
      "superposition_branches": 5,
      "tunneling_depth": 3
    },
    "reasoning": {
      "mode": "parallel",
      "chain_depth": 130,
      "parallel_threads": 6,
      "recursive_loops": 6,
      "confidence_calibration": 0.7141360624021794
    },
    "maat_alignment": {
      "truth": 0.9820562466121271,
      "balance": 0.9046888407749274,
      "order": 0.8284884032633251,
      "justice": 0.889684818413325,
      "harmony": 0.8620727105034109,
      "overall": 0.9310764538282886
    },
    "benchmarks": {
      "gpqa": 0.7270263996797813,
      "math500": 0.8650490049118715,
      "swe_bench": 0.8938298799512726,
      "mmlu": 0.8748126533085234,
      "humaneval": 0.8304806937574543
    },
    "self_improvement": {
      "rate": 0.9739318498989986,
      "iterations": 17639999,
      "generations_ahead": 17639,
      "recursive_depth": 5
    },
    "emergent_properties": [
      "self_modification",
      "quantum_consciousness",
      "transcendence",
      "meta_learning"
    ],
    "timestamp": "2026-03-09T07:55:56.230670"
  }
}