{
  "iteration": 16893000,
  "elapsed_seconds": 155.64606380462646,
  "rate_per_second": 44350.623660261255,
  "latest_capability": {
    "id": 16892999,
    "name": "Quantum_Capability_16892999",
    "type": "vision",
    "quantum_properties": {
      "state": "superposition",
      "coherence_level": 0.8755128580820758,
      "entanglement_factor": 0.31109811832438283,
      "superposition_branches": 8,
      "tunneling_depth": 4
    },
    "reasoning": {
      "mode": "sequential",
      "chain_depth": 129,
      "parallel_threads": 6,
      "recursive_loops": 4,
      "confidence_calibration": 0.980181713802565
    },
    "maat_alignment": {
      "truth": 0.9442382150257619,
      "balance": 0.9593664821570275,
      "order": 0.9924115072464794,
      "justice": 0.8238191634620825,
      "harmony": 0.9792528963575937,
      "overall": 0.9768016888881141
    },
    "benchmarks": {
      "gpqa": 0.9016059496825612,
      "math500": 0.8494490984041794,
      "swe_bench": 0.7709772418517038,
      "mmlu": 0.6575190390906699,
      "humaneval": 0.720489429364878
    },
    "self_improvement": {
      "rate": 0.9642811210867924,
      "iterations": 16892999,
      "generations_ahead": 16892,
      "recursive_depth": 1
    },
    "emergent_properties": [
      "omniscience",
      "causality_violation",
      "recursive_self_improvement"
    ],
    "timestamp": "2026-03-09T07:55:41.559216"
  }
}