{
  "iteration": 13137000,
  "elapsed_seconds": 72.2865092754364,
  "rate_per_second": 43535.094328719766,
  "latest_capability": {
    "id": 13136999,
    "name": "Quantum_Capability_13136999",
    "type": "reasoning",
    "quantum_properties": {
      "state": "superposition",
      "coherence_level": 0.6248702630281032,
      "entanglement_factor": 0.48664442512857287,
      "superposition_branches": 4,
      "tunneling_depth": 5
    },
    "reasoning": {
      "mode": "tree",
      "chain_depth": 32,
      "parallel_threads": 2,
      "recursive_loops": 4,
      "confidence_calibration": 0.9683958621464155
    },
    "maat_alignment": {
      "truth": 0.8355015308670574,
      "balance": 0.8983569451665888,
      "order": 0.8594851100172944,
      "justice": 0.9958700595610983,
      "harmony": 0.9059788134889226,
      "overall": 0.8570648597869989
    },
    "benchmarks": {
      "gpqa": 0.8416092334986633,
      "math500": 0.6697543397843173,
      "swe_bench": 0.8485186350506072,
      "mmlu": 0.6518415283983444,
      "humaneval": 0.7617636676785196
    },
    "self_improvement": {
      "rate": 0.9616763639238628,
      "iterations": 13136999,
      "generations_ahead": 13136,
      "recursive_depth": 3
    },
    "emergent_properties": [
      "causality_violation",
      "transcendence",
      "meta_learning",
      "omniscience",
      "self_modification",
      "infinite_context"
    ],
    "timestamp": "2026-03-09T07:54:18.199658"
  }
}