{
  "iteration": 16528000,
  "elapsed_seconds": 148.922128200531,
  "rate_per_second": 43902.13918509316,
  "latest_capability": {
    "id": 16527999,
    "name": "Quantum_Capability_16527999",
    "type": "reasoning",
    "quantum_properties": {
      "state": "entangled",
      "coherence_level": 0.9968424682786334,
      "entanglement_factor": 0.11083717999845766,
      "superposition_branches": 2,
      "tunneling_depth": 3
    },
    "reasoning": {
      "mode": "parallel",
      "chain_depth": 32,
      "parallel_threads": 5,
      "recursive_loops": 0,
      "confidence_calibration": 0.960944145477773
    },
    "maat_alignment": {
      "truth": 0.8718015099506231,
      "balance": 0.9736686545011775,
      "order": 0.9924700626327398,
      "justice": 0.9526322835130301,
      "harmony": 0.8524142399637756,
      "overall": 0.9276071590241362
    },
    "benchmarks": {
      "gpqa": 0.9493194919465201,
      "math500": 0.8202683007301452,
      "swe_bench": 0.7521803846253763,
      "mmlu": 0.757565823275242,
      "humaneval": 0.8388512716695788
    },
    "self_improvement": {
      "rate": 0.9749074191681314,
      "iterations": 16527999,
      "generations_ahead": 16527,
      "recursive_depth": 4
    },
    "emergent_properties": [
      "omniscience",
      "causality_violation",
      "reality_bending",
      "transcendence"
    ],
    "timestamp": "2026-03-09T07:55:34.835276"
  }
}