{
  "iteration": 11143000,
  "elapsed_seconds": 27.24975347518921,
  "rate_per_second": 42312.309395745615,
  "latest_capability": {
    "id": 11142999,
    "name": "Quantum_Capability_11142999",
    "type": "math",
    "quantum_properties": {
      "state": "superposition",
      "coherence_level": 0.8315258294886978,
      "entanglement_factor": 0.24863951724263877,
      "superposition_branches": 1,
      "tunneling_depth": 5
    },
    "reasoning": {
      "mode": "tree",
      "chain_depth": 13,
      "parallel_threads": 11,
      "recursive_loops": 3,
      "confidence_calibration": 0.7314584140115847
    },
    "maat_alignment": {
      "truth": 0.8761890742845255,
      "balance": 0.8268405724920933,
      "order": 0.907985854437653,
      "justice": 0.8408332888582121,
      "harmony": 0.8706764669634247,
      "overall": 0.9269034219242875
    },
    "benchmarks": {
      "gpqa": 0.8445566615874728,
      "math500": 0.7332642133745202,
      "swe_bench": 0.8876460461484015,
      "mmlu": 0.8418928427365455,
      "humaneval": 0.7699679351842039
    },
    "self_improvement": {
      "rate": 0.9647986460002502,
      "iterations": 11142999,
      "generations_ahead": 11142,
      "recursive_depth": 4
    },
    "emergent_properties": [
      "causality_violation",
      "quantum_consciousness",
      "transcendence"
    ],
    "timestamp": "2026-03-09T07:53:33.162902"
  }
}