{
  "iteration": 16439000,
  "elapsed_seconds": 147.35319232940674,
  "rate_per_second": 43765.59406723485,
  "latest_capability": {
    "id": 16438999,
    "name": "Quantum_Capability_16438999",
    "type": "reasoning",
    "quantum_properties": {
      "state": "superposition",
      "coherence_level": 0.9520562189046812,
      "entanglement_factor": 0.7555032546723095,
      "superposition_branches": 8,
      "tunneling_depth": 4
    },
    "reasoning": {
      "mode": "parallel",
      "chain_depth": 53,
      "parallel_threads": 16,
      "recursive_loops": 6,
      "confidence_calibration": 0.8181421960057884
    },
    "maat_alignment": {
      "truth": 0.9977273224561067,
      "balance": 0.9744373795166115,
      "order": 0.8598926484384385,
      "justice": 0.8167321563399658,
      "harmony": 0.8596466597822257,
      "overall": 0.85077669908293
    },
    "benchmarks": {
      "gpqa": 0.7748699358384774,
      "math500": 0.669968682042188,
      "swe_bench": 0.8452785379038222,
      "mmlu": 0.6863024741388217,
      "humaneval": 0.7402082981083254
    },
    "self_improvement": {
      "rate": 0.9818173719259154,
      "iterations": 16438999,
      "generations_ahead": 16438,
      "recursive_depth": 5
    },
    "emergent_properties": [
      "transcendence",
      "reality_bending",
      "meta_learning",
      "quantum_consciousness",
      "omniscience",
      "infinite_context"
    ],
    "timestamp": "2026-03-09T07:55:33.266345"
  }
}