{
  "iteration": 13236000,
  "elapsed_seconds": 76.15503406524658,
  "rate_per_second": 42623.5775460222,
  "latest_capability": {
    "id": 13235999,
    "name": "Quantum_Capability_13235999",
    "type": "agentic",
    "quantum_properties": {
      "state": "coherent",
      "coherence_level": 0.6856138694527607,
      "entanglement_factor": 0.09762713560534753,
      "superposition_branches": 7,
      "tunneling_depth": 0
    },
    "reasoning": {
      "mode": "sequential",
      "chain_depth": 170,
      "parallel_threads": 5,
      "recursive_loops": 0,
      "confidence_calibration": 0.7245163069144644
    },
    "maat_alignment": {
      "truth": 0.8381539918148166,
      "balance": 0.850784396110258,
      "order": 0.9479163678424647,
      "justice": 0.8657957457921549,
      "harmony": 0.9193073257265357,
      "overall": 0.896668746084485
    },
    "benchmarks": {
      "gpqa": 0.8413503871801276,
      "math500": 0.8728051262550258,
      "swe_bench": 0.7706731367777977,
      "mmlu": 0.7290093640629485,
      "humaneval": 0.8442082577096103
    },
    "self_improvement": {
      "rate": 0.9854106268261296,
      "iterations": 13235999,
      "generations_ahead": 13235,
      "recursive_depth": 1
    },
    "emergent_properties": [
      "meta_learning",
      "transcendence",
      "causality_violation",
      "recursive_self_improvement"
    ],
    "timestamp": "2026-03-09T07:54:22.068187"
  }
}