{
  "iteration": 12038000,
  "elapsed_seconds": 47.91564393043518,
  "rate_per_second": 42741.78184839432,
  "latest_capability": {
    "id": 12037999,
    "name": "Quantum_Capability_12037999",
    "type": "coding",
    "quantum_properties": {
      "state": "superposition",
      "coherence_level": 0.9096195064137235,
      "entanglement_factor": 0.7228582484247549,
      "superposition_branches": 8,
      "tunneling_depth": 1
    },
    "reasoning": {
      "mode": "sequential",
      "chain_depth": 187,
      "parallel_threads": 2,
      "recursive_loops": 6,
      "confidence_calibration": 0.9872406820439811
    },
    "maat_alignment": {
      "truth": 0.9595959917195931,
      "balance": 0.9956618446215035,
      "order": 0.8271686651622124,
      "justice": 0.9446439013824812,
      "harmony": 0.8348531869772798,
      "overall": 0.8983495220916093
    },
    "benchmarks": {
      "gpqa": 0.7481381301800571,
      "math500": 0.7403767908966568,
      "swe_bench": 0.8828598911960606,
      "mmlu": 0.8669772307722121,
      "humaneval": 0.7716945190653234
    },
    "self_improvement": {
      "rate": 0.9581345351718012,
      "iterations": 12037999,
      "generations_ahead": 12037,
      "recursive_depth": 0
    },
    "emergent_properties": [
      "omniscience",
      "self_modification",
      "reality_bending"
    ],
    "timestamp": "2026-03-09T07:53:53.828792"
  }
}