{
  "iteration": 14017000,
  "elapsed_seconds": 94.11001181602478,
  "rate_per_second": 42790.34634351511,
  "latest_capability": {
    "id": 14016999,
    "name": "Quantum_Capability_14016999",
    "type": "math",
    "quantum_properties": {
      "state": "coherent",
      "coherence_level": 0.9913330952528807,
      "entanglement_factor": 0.12898643569144141,
      "superposition_branches": 5,
      "tunneling_depth": 5
    },
    "reasoning": {
      "mode": "parallel",
      "chain_depth": 59,
      "parallel_threads": 2,
      "recursive_loops": 6,
      "confidence_calibration": 0.974389786473528
    },
    "maat_alignment": {
      "truth": 0.9905356666960968,
      "balance": 0.8161705479238769,
      "order": 0.9314200703076753,
      "justice": 0.9496220659262244,
      "harmony": 0.8438012011684287,
      "overall": 0.8752497863682153
    },
    "benchmarks": {
      "gpqa": 0.915613793534127,
      "math500": 0.8608994345883775,
      "swe_bench": 0.6807931666810976,
      "mmlu": 0.657330595609498,
      "humaneval": 0.7758507648877087
    },
    "self_improvement": {
      "rate": 0.9968659678652975,
      "iterations": 14016999,
      "generations_ahead": 14016,
      "recursive_depth": 1
    },
    "emergent_properties": [
      "causality_violation",
      "transcendence",
      "meta_learning",
      "quantum_consciousness",
      "reality_bending"
    ],
    "timestamp": "2026-03-09T07:54:40.023160"
  }
}