{
  "iteration": 12273000,
  "elapsed_seconds": 53.85133337974548,
  "rate_per_second": 42394.493445517546,
  "latest_capability": {
    "id": 12272999,
    "name": "Quantum_Capability_12272999",
    "type": "agentic",
    "quantum_properties": {
      "state": "entangled",
      "coherence_level": 0.8770187393154187,
      "entanglement_factor": 0.8459774231745607,
      "superposition_branches": 8,
      "tunneling_depth": 4
    },
    "reasoning": {
      "mode": "graph",
      "chain_depth": 104,
      "parallel_threads": 12,
      "recursive_loops": 0,
      "confidence_calibration": 0.7582491185981527
    },
    "maat_alignment": {
      "truth": 0.8643985934580658,
      "balance": 0.8037552849370553,
      "order": 0.9659449887466804,
      "justice": 0.831217555488857,
      "harmony": 0.8505370386758153,
      "overall": 0.9974842210004924
    },
    "benchmarks": {
      "gpqa": 0.769562451206096,
      "math500": 0.8207278178378439,
      "swe_bench": 0.7432622877739116,
      "mmlu": 0.6731444552182074,
      "humaneval": 0.7683386518955262
    },
    "self_improvement": {
      "rate": 0.9506594188748723,
      "iterations": 12272999,
      "generations_ahead": 12272,
      "recursive_depth": 3
    },
    "emergent_properties": [
      "quantum_consciousness",
      "meta_learning",
      "self_modification",
      "reality_bending"
    ],
    "timestamp": "2026-03-09T07:53:59.764482"
  }
}