{
  "iteration": 10022000,
  "elapsed_seconds": 0.45851635932922363,
  "rate_per_second": 69790.31249138786,
  "latest_capability": {
    "id": 10021999,
    "name": "Quantum_Capability_10021999",
    "type": "multimodal",
    "quantum_properties": {
      "state": "coherent",
      "coherence_level": 0.615490137743014,
      "entanglement_factor": 0.7842723465471753,
      "superposition_branches": 3,
      "tunneling_depth": 4
    },
    "reasoning": {
      "mode": "parallel",
      "chain_depth": 174,
      "parallel_threads": 10,
      "recursive_loops": 0,
      "confidence_calibration": 0.8893688820355343
    },
    "maat_alignment": {
      "truth": 0.8763831005293226,
      "balance": 0.9981854554132589,
      "order": 0.8579426427183975,
      "justice": 0.9530443811857825,
      "harmony": 0.9815987485864692,
      "overall": 0.9705451004372346
    },
    "benchmarks": {
      "gpqa": 0.944222856748228,
      "math500": 0.8098206832515555,
      "swe_bench": 0.7688873076344311,
      "mmlu": 0.7815064988172464,
      "humaneval": 0.8472358470583514
    },
    "self_improvement": {
      "rate": 0.9842464090099088,
      "iterations": 10021999,
      "generations_ahead": 10021,
      "recursive_depth": 4
    },
    "emergent_properties": [
      "self_modification",
      "infinite_context",
      "transcendence",
      "meta_learning",
      "reality_bending",
      "omniscience"
    ],
    "timestamp": "2026-03-09T07:53:06.371669"
  }
}