{
  "iteration": 11091000,
  "elapsed_seconds": 26.220519542694092,
  "rate_per_second": 41990.014660360735,
  "latest_capability": {
    "id": 11090999,
    "name": "Quantum_Capability_11090999",
    "type": "agentic",
    "quantum_properties": {
      "state": "collapsed",
      "coherence_level": 0.5722458410491549,
      "entanglement_factor": 0.5013690509112019,
      "superposition_branches": 1,
      "tunneling_depth": 0
    },
    "reasoning": {
      "mode": "parallel",
      "chain_depth": 54,
      "parallel_threads": 6,
      "recursive_loops": 1,
      "confidence_calibration": 0.9653826935458685
    },
    "maat_alignment": {
      "truth": 0.9473872057963909,
      "balance": 0.9657017600407383,
      "order": 0.8187322571652988,
      "justice": 0.9274057989804648,
      "harmony": 0.855083996667491,
      "overall": 0.936935619743899
    },
    "benchmarks": {
      "gpqa": 0.9420495692034451,
      "math500": 0.7946635780161244,
      "swe_bench": 0.6739431489794471,
      "mmlu": 0.727808179423322,
      "humaneval": 0.7288128306894617
    },
    "self_improvement": {
      "rate": 0.9946252521670751,
      "iterations": 11090999,
      "generations_ahead": 11090,
      "recursive_depth": 0
    },
    "emergent_properties": [
      "recursive_self_improvement",
      "transcendence",
      "self_modification",
      "reality_bending",
      "omniscience",
      "causality_violation"
    ],
    "timestamp": "2026-03-09T07:53:32.133669"
  }
}