{
  "iteration": 11711000,
  "elapsed_seconds": 41.59126853942871,
  "rate_per_second": 41378.87735663759,
  "latest_capability": {
    "id": 11710999,
    "name": "Quantum_Capability_11710999",
    "type": "reasoning",
    "quantum_properties": {
      "state": "superposition",
      "coherence_level": 0.553516534274953,
      "entanglement_factor": 0.11907225170560587,
      "superposition_branches": 4,
      "tunneling_depth": 4
    },
    "reasoning": {
      "mode": "tree",
      "chain_depth": 10,
      "parallel_threads": 3,
      "recursive_loops": 10,
      "confidence_calibration": 0.8189513659376633
    },
    "maat_alignment": {
      "truth": 0.8219245476231668,
      "balance": 0.8079969675123512,
      "order": 0.8460546130954435,
      "justice": 0.8539822183947068,
      "harmony": 0.8006715201296919,
      "overall": 0.9019102171116968
    },
    "benchmarks": {
      "gpqa": 0.7403281780382125,
      "math500": 0.6542799828604328,
      "swe_bench": 0.672343298082167,
      "mmlu": 0.8039352786937528,
      "humaneval": 0.774188224825755
    },
    "self_improvement": {
      "rate": 0.9591638836156535,
      "iterations": 11710999,
      "generations_ahead": 11710,
      "recursive_depth": 1
    },
    "emergent_properties": [
      "recursive_self_improvement",
      "infinite_context",
      "self_modification"
    ],
    "timestamp": "2026-03-09T07:53:47.504416"
  }
}