{
  "iteration": 11211000,
  "elapsed_seconds": 29.146153211593628,
  "rate_per_second": 41892.32078538296,
  "latest_capability": {
    "id": 11210999,
    "name": "Quantum_Capability_11210999",
    "type": "math",
    "quantum_properties": {
      "state": "coherent",
      "coherence_level": 0.5710889873316722,
      "entanglement_factor": 0.40003608962309245,
      "superposition_branches": 9,
      "tunneling_depth": 5
    },
    "reasoning": {
      "mode": "parallel",
      "chain_depth": 33,
      "parallel_threads": 15,
      "recursive_loops": 8,
      "confidence_calibration": 0.9567054236726775
    },
    "maat_alignment": {
      "truth": 0.9258655015309661,
      "balance": 0.8759849023662758,
      "order": 0.9807097563642837,
      "justice": 0.8494309553108254,
      "harmony": 0.8358851592428564,
      "overall": 0.9555064449332903
    },
    "benchmarks": {
      "gpqa": 0.8739721456787218,
      "math500": 0.790936948759491,
      "swe_bench": 0.7999242159603547,
      "mmlu": 0.8939448467735338,
      "humaneval": 0.9340184494050711
    },
    "self_improvement": {
      "rate": 0.9646692052068548,
      "iterations": 11210999,
      "generations_ahead": 11210,
      "recursive_depth": 4
    },
    "emergent_properties": [
      "quantum_consciousness",
      "meta_learning",
      "self_modification",
      "omniscience",
      "reality_bending",
      "recursive_self_improvement"
    ],
    "timestamp": "2026-03-09T07:53:35.059306"
  }
}