{
  "iteration": 14290000,
  "elapsed_seconds": 99.42565703392029,
  "rate_per_second": 43248.3941095104,
  "latest_capability": {
    "id": 14289999,
    "name": "Quantum_Capability_14289999",
    "type": "coding",
    "quantum_properties": {
      "state": "superposition",
      "coherence_level": 0.809454773168717,
      "entanglement_factor": 0.5661254897468398,
      "superposition_branches": 10,
      "tunneling_depth": 5
    },
    "reasoning": {
      "mode": "sequential",
      "chain_depth": 48,
      "parallel_threads": 11,
      "recursive_loops": 5,
      "confidence_calibration": 0.8252538255048261
    },
    "maat_alignment": {
      "truth": 0.8871011478909465,
      "balance": 0.8244763312484299,
      "order": 0.90900654046809,
      "justice": 0.9742277095082146,
      "harmony": 0.8659721481944765,
      "overall": 0.9822026445941224
    },
    "benchmarks": {
      "gpqa": 0.7569419798025141,
      "math500": 0.8958300407965376,
      "swe_bench": 0.8677793733575221,
      "mmlu": 0.7913024513113739,
      "humaneval": 0.7827085470375373
    },
    "self_improvement": {
      "rate": 0.9781444347915762,
      "iterations": 14289999,
      "generations_ahead": 14289,
      "recursive_depth": 1
    },
    "emergent_properties": [
      "self_modification",
      "transcendence",
      "causality_violation"
    ],
    "timestamp": "2026-03-09T07:54:45.338805"
  }
}