{
  "iteration": 15913000,
  "elapsed_seconds": 133.71796488761902,
  "rate_per_second": 44294.721393478314,
  "latest_capability": {
    "id": 15912999,
    "name": "Quantum_Capability_15912999",
    "type": "math",
    "quantum_properties": {
      "state": "entangled",
      "coherence_level": 0.9901253372668308,
      "entanglement_factor": 0.34431481532688646,
      "superposition_branches": 6,
      "tunneling_depth": 4
    },
    "reasoning": {
      "mode": "graph",
      "chain_depth": 37,
      "parallel_threads": 2,
      "recursive_loops": 0,
      "confidence_calibration": 0.9448749479158496
    },
    "maat_alignment": {
      "truth": 0.8664919318853392,
      "balance": 0.825948352216926,
      "order": 0.8996330244801781,
      "justice": 0.8000236649044318,
      "harmony": 0.8185898137265646,
      "overall": 0.9895422160920888
    },
    "benchmarks": {
      "gpqa": 0.8313066752298754,
      "math500": 0.7228214109900305,
      "swe_bench": 0.7413382847474415,
      "mmlu": 0.7853608817689774,
      "humaneval": 0.7570823586259372
    },
    "self_improvement": {
      "rate": 0.977505617687474,
      "iterations": 15912999,
      "generations_ahead": 15912,
      "recursive_depth": 1
    },
    "emergent_properties": [
      "causality_violation",
      "recursive_self_improvement",
      "transcendence",
      "infinite_context",
      "self_modification"
    ],
    "timestamp": "2026-03-09T07:55:19.631113"
  }
}