{
  "iteration": 11825000,
  "elapsed_seconds": 43.796584606170654,
  "rate_per_second": 41898.24426951914,
  "latest_capability": {
    "id": 11824999,
    "name": "Quantum_Capability_11824999",
    "type": "coding",
    "quantum_properties": {
      "state": "superposition",
      "coherence_level": 0.9228315577207318,
      "entanglement_factor": 0.2030828851817451,
      "superposition_branches": 5,
      "tunneling_depth": 3
    },
    "reasoning": {
      "mode": "graph",
      "chain_depth": 184,
      "parallel_threads": 7,
      "recursive_loops": 2,
      "confidence_calibration": 0.7992570810805746
    },
    "maat_alignment": {
      "truth": 0.9783933287304567,
      "balance": 0.9058017103085004,
      "order": 0.8638645584260606,
      "justice": 0.9593433966132066,
      "harmony": 0.8942067030164798,
      "overall": 0.9717173363522482
    },
    "benchmarks": {
      "gpqa": 0.9033392393908222,
      "math500": 0.8111922299222847,
      "swe_bench": 0.7342034255134938,
      "mmlu": 0.7093414978379542,
      "humaneval": 0.8351008927273397
    },
    "self_improvement": {
      "rate": 0.9844229203157718,
      "iterations": 11824999,
      "generations_ahead": 11824,
      "recursive_depth": 4
    },
    "emergent_properties": [
      "quantum_consciousness",
      "infinite_context",
      "reality_bending",
      "transcendence"
    ],
    "timestamp": "2026-03-09T07:53:49.709733"
  }
}