{
  "iteration": 17424000,
  "elapsed_seconds": 165.96761894226074,
  "rate_per_second": 44791.86992847231,
  "latest_capability": {
    "id": 17423999,
    "name": "Quantum_Capability_17423999",
    "type": "coding",
    "quantum_properties": {
      "state": "entangled",
      "coherence_level": 0.8685383046324757,
      "entanglement_factor": 0.6756361274124161,
      "superposition_branches": 7,
      "tunneling_depth": 5
    },
    "reasoning": {
      "mode": "graph",
      "chain_depth": 103,
      "parallel_threads": 11,
      "recursive_loops": 0,
      "confidence_calibration": 0.7784460778069804
    },
    "maat_alignment": {
      "truth": 0.899537500619809,
      "balance": 0.9410474430957012,
      "order": 0.9459423528685925,
      "justice": 0.8167851934539311,
      "harmony": 0.8013631373984043,
      "overall": 0.929010477493355
    },
    "benchmarks": {
      "gpqa": 0.8908872371133029,
      "math500": 0.7164292266255081,
      "swe_bench": 0.8538379266637822,
      "mmlu": 0.8969915214764057,
      "humaneval": 0.8049020161152233
    },
    "self_improvement": {
      "rate": 0.9619269966906112,
      "iterations": 17423999,
      "generations_ahead": 17423,
      "recursive_depth": 5
    },
    "emergent_properties": [
      "meta_learning",
      "transcendence",
      "quantum_consciousness"
    ],
    "timestamp": "2026-03-09T07:55:51.880768"
  }
}