{
  "iteration": 12535000,
  "elapsed_seconds": 58.77392816543579,
  "rate_per_second": 43301.5127530081,
  "latest_capability": {
    "id": 12534999,
    "name": "Quantum_Capability_12534999",
    "type": "math",
    "quantum_properties": {
      "state": "superposition",
      "coherence_level": 0.8744822061177147,
      "entanglement_factor": 0.4983744595012599,
      "superposition_branches": 2,
      "tunneling_depth": 0
    },
    "reasoning": {
      "mode": "graph",
      "chain_depth": 114,
      "parallel_threads": 10,
      "recursive_loops": 10,
      "confidence_calibration": 0.7757093057650047
    },
    "maat_alignment": {
      "truth": 0.9434012108125351,
      "balance": 0.993497412926916,
      "order": 0.8009281450839538,
      "justice": 0.916497099875501,
      "harmony": 0.9492195133657024,
      "overall": 0.9502858822215428
    },
    "benchmarks": {
      "gpqa": 0.776245429487334,
      "math500": 0.8659603864204102,
      "swe_bench": 0.7521396797055747,
      "mmlu": 0.7840063266882956,
      "humaneval": 0.8829876557506591
    },
    "self_improvement": {
      "rate": 0.993942609387622,
      "iterations": 12534999,
      "generations_ahead": 12534,
      "recursive_depth": 2
    },
    "emergent_properties": [
      "quantum_consciousness",
      "infinite_context",
      "omniscience",
      "reality_bending",
      "transcendence"
    ],
    "timestamp": "2026-03-09T07:54:04.687076"
  }
}