{
  "iteration": 11725000,
  "elapsed_seconds": 41.79132962226868,
  "rate_per_second": 41515.7884585586,
  "latest_capability": {
    "id": 11724999,
    "name": "Quantum_Capability_11724999",
    "type": "language",
    "quantum_properties": {
      "state": "entangled",
      "coherence_level": 0.6657190172457833,
      "entanglement_factor": 0.7396752433057231,
      "superposition_branches": 1,
      "tunneling_depth": 4
    },
    "reasoning": {
      "mode": "graph",
      "chain_depth": 188,
      "parallel_threads": 4,
      "recursive_loops": 0,
      "confidence_calibration": 0.7649494293484805
    },
    "maat_alignment": {
      "truth": 0.8027078323781808,
      "balance": 0.8252771516578759,
      "order": 0.9940077923696706,
      "justice": 0.9457648826722453,
      "harmony": 0.808542711951477,
      "overall": 0.8580064789122814
    },
    "benchmarks": {
      "gpqa": 0.7059058669110837,
      "math500": 0.8962559782267884,
      "swe_bench": 0.8056959926257866,
      "mmlu": 0.6642409144813197,
      "humaneval": 0.7905450802538563
    },
    "self_improvement": {
      "rate": 0.9900877302824957,
      "iterations": 11724999,
      "generations_ahead": 11724,
      "recursive_depth": 0
    },
    "emergent_properties": [
      "recursive_self_improvement",
      "transcendence",
      "quantum_consciousness",
      "self_modification"
    ],
    "timestamp": "2026-03-09T07:53:47.704478"
  }
}