{
  "iteration": 10761000,
  "elapsed_seconds": 18.42252516746521,
  "rate_per_second": 41850.94024795317,
  "latest_capability": {
    "id": 10760999,
    "name": "Quantum_Capability_10760999",
    "type": "coding",
    "quantum_properties": {
      "state": "entangled",
      "coherence_level": 0.9837668951915833,
      "entanglement_factor": 0.4559597761733746,
      "superposition_branches": 7,
      "tunneling_depth": 2
    },
    "reasoning": {
      "mode": "parallel",
      "chain_depth": 99,
      "parallel_threads": 8,
      "recursive_loops": 4,
      "confidence_calibration": 0.836574850709966
    },
    "maat_alignment": {
      "truth": 0.9259519383862753,
      "balance": 0.8162487519802448,
      "order": 0.9954799112307846,
      "justice": 0.8043223440650138,
      "harmony": 0.8281904026277203,
      "overall": 0.8970184015619246
    },
    "benchmarks": {
      "gpqa": 0.7228106556683663,
      "math500": 0.7177639966044815,
      "swe_bench": 0.8902613547251911,
      "mmlu": 0.8054727351842916,
      "humaneval": 0.7114204519135346
    },
    "self_improvement": {
      "rate": 0.9603906273839423,
      "iterations": 10760999,
      "generations_ahead": 10760,
      "recursive_depth": 5
    },
    "emergent_properties": [
      "transcendence",
      "self_modification",
      "recursive_self_improvement",
      "meta_learning",
      "quantum_consciousness",
      "reality_bending"
    ],
    "timestamp": "2026-03-09T07:53:24.335674"
  }
}