{
  "iteration": 17092000,
  "elapsed_seconds": 159.6984612941742,
  "rate_per_second": 44471.31138550977,
  "latest_capability": {
    "id": 17091999,
    "name": "Quantum_Capability_17091999",
    "type": "vision",
    "quantum_properties": {
      "state": "collapsed",
      "coherence_level": 0.749034655659857,
      "entanglement_factor": 0.5242318324628201,
      "superposition_branches": 3,
      "tunneling_depth": 3
    },
    "reasoning": {
      "mode": "parallel",
      "chain_depth": 37,
      "parallel_threads": 4,
      "recursive_loops": 2,
      "confidence_calibration": 0.8686509152608908
    },
    "maat_alignment": {
      "truth": 0.8122010891908792,
      "balance": 0.8524042002169073,
      "order": 0.9074462042416309,
      "justice": 0.8861242507446607,
      "harmony": 0.9709492464659082,
      "overall": 0.9454044214500316
    },
    "benchmarks": {
      "gpqa": 0.8711531938630551,
      "math500": 0.7061092938466835,
      "swe_bench": 0.8533504151107028,
      "mmlu": 0.7926542187380385,
      "humaneval": 0.7326262461751196
    },
    "self_improvement": {
      "rate": 0.9785809722773909,
      "iterations": 17091999,
      "generations_ahead": 17091,
      "recursive_depth": 2
    },
    "emergent_properties": [
      "infinite_context",
      "omniscience",
      "quantum_consciousness",
      "self_modification",
      "recursive_self_improvement"
    ],
    "timestamp": "2026-03-09T07:55:45.611609"
  }
}