{
  "iteration": 11245000,
  "elapsed_seconds": 29.92530083656311,
  "rate_per_second": 41937.757179256994,
  "latest_capability": {
    "id": 11244999,
    "name": "Quantum_Capability_11244999",
    "type": "math",
    "quantum_properties": {
      "state": "collapsed",
      "coherence_level": 0.6320044790342454,
      "entanglement_factor": 0.7092720047736707,
      "superposition_branches": 3,
      "tunneling_depth": 3
    },
    "reasoning": {
      "mode": "tree",
      "chain_depth": 146,
      "parallel_threads": 4,
      "recursive_loops": 6,
      "confidence_calibration": 0.9595865862633728
    },
    "maat_alignment": {
      "truth": 0.9194404412645458,
      "balance": 0.9363826577574188,
      "order": 0.8501304757818718,
      "justice": 0.8893524368673432,
      "harmony": 0.9533618406424242,
      "overall": 0.9683764793147417
    },
    "benchmarks": {
      "gpqa": 0.9274458715400474,
      "math500": 0.8293275367640659,
      "swe_bench": 0.7128198622775008,
      "mmlu": 0.8832562565331046,
      "humaneval": 0.8610826611248037
    },
    "self_improvement": {
      "rate": 0.9691323765248321,
      "iterations": 11244999,
      "generations_ahead": 11244,
      "recursive_depth": 1
    },
    "emergent_properties": [
      "causality_violation",
      "infinite_context",
      "reality_bending",
      "transcendence",
      "meta_learning"
    ],
    "timestamp": "2026-03-09T07:53:35.838449"
  }
}