{
  "iteration": 16909000,
  "elapsed_seconds": 156.19793558120728,
  "rate_per_second": 44296.36009115379,
  "latest_capability": {
    "id": 16908999,
    "name": "Quantum_Capability_16908999",
    "type": "vision",
    "quantum_properties": {
      "state": "entangled",
      "coherence_level": 0.9940055514436468,
      "entanglement_factor": 0.37361640655609774,
      "superposition_branches": 8,
      "tunneling_depth": 5
    },
    "reasoning": {
      "mode": "parallel",
      "chain_depth": 109,
      "parallel_threads": 11,
      "recursive_loops": 5,
      "confidence_calibration": 0.9995445121527597
    },
    "maat_alignment": {
      "truth": 0.8894328023494777,
      "balance": 0.8698486224415916,
      "order": 0.9612319963090039,
      "justice": 0.8696677822589441,
      "harmony": 0.8669520783987186,
      "overall": 0.8743030449060635
    },
    "benchmarks": {
      "gpqa": 0.7921167080314514,
      "math500": 0.6560612353619069,
      "swe_bench": 0.8213820788578727,
      "mmlu": 0.8237179766855499,
      "humaneval": 0.915569143002986
    },
    "self_improvement": {
      "rate": 0.9702427645742163,
      "iterations": 16908999,
      "generations_ahead": 16908,
      "recursive_depth": 1
    },
    "emergent_properties": [
      "omniscience",
      "transcendence",
      "causality_violation",
      "recursive_self_improvement"
    ],
    "timestamp": "2026-03-09T07:55:42.111371"
  }
}