{
  "iteration": 15459000,
  "elapsed_seconds": 124.90847778320312,
  "rate_per_second": 43784.05771217745,
  "latest_capability": {
    "id": 15458999,
    "name": "Quantum_Capability_15458999",
    "type": "language",
    "quantum_properties": {
      "state": "entangled",
      "coherence_level": 0.7275143782452693,
      "entanglement_factor": 0.8155068849252274,
      "superposition_branches": 4,
      "tunneling_depth": 0
    },
    "reasoning": {
      "mode": "graph",
      "chain_depth": 90,
      "parallel_threads": 2,
      "recursive_loops": 10,
      "confidence_calibration": 0.8714456045612566
    },
    "maat_alignment": {
      "truth": 0.8603518434305625,
      "balance": 0.8163352055606651,
      "order": 0.9512946762434294,
      "justice": 0.8197059273642738,
      "harmony": 0.9329959450064371,
      "overall": 0.9439168129125983
    },
    "benchmarks": {
      "gpqa": 0.7631055238876894,
      "math500": 0.7298791418969166,
      "swe_bench": 0.6721416230532395,
      "mmlu": 0.8810472946762564,
      "humaneval": 0.773796399346759
    },
    "self_improvement": {
      "rate": 0.9559188598735016,
      "iterations": 15458999,
      "generations_ahead": 15458,
      "recursive_depth": 0
    },
    "emergent_properties": [
      "recursive_self_improvement",
      "self_modification",
      "causality_violation"
    ],
    "timestamp": "2026-03-09T07:55:10.821626"
  }
}