{
  "iteration": 12213000,
  "elapsed_seconds": 52.341131925582886,
  "rate_per_second": 42471.37801988305,
  "latest_capability": {
    "id": 12212999,
    "name": "Quantum_Capability_12212999",
    "type": "coding",
    "quantum_properties": {
      "state": "entangled",
      "coherence_level": 0.9049755738703684,
      "entanglement_factor": 0.29709802674037,
      "superposition_branches": 9,
      "tunneling_depth": 5
    },
    "reasoning": {
      "mode": "tree",
      "chain_depth": 22,
      "parallel_threads": 9,
      "recursive_loops": 7,
      "confidence_calibration": 0.9359379907610926
    },
    "maat_alignment": {
      "truth": 0.816507377518157,
      "balance": 0.837388337665653,
      "order": 0.8283288205010882,
      "justice": 0.8727144618210141,
      "harmony": 0.9174012189787908,
      "overall": 0.8839277375618042
    },
    "benchmarks": {
      "gpqa": 0.8090854320753982,
      "math500": 0.8836134668987059,
      "swe_bench": 0.843540626320316,
      "mmlu": 0.6761328864100391,
      "humaneval": 0.8088332252119432
    },
    "self_improvement": {
      "rate": 0.9750405613298541,
      "iterations": 12212999,
      "generations_ahead": 12212,
      "recursive_depth": 5
    },
    "emergent_properties": [
      "quantum_consciousness",
      "reality_bending",
      "transcendence",
      "self_modification",
      "causality_violation",
      "meta_learning"
    ],
    "timestamp": "2026-03-09T07:53:58.254281"
  }
}