{
  "iteration": 13727000,
  "elapsed_seconds": 85.81337332725525,
  "rate_per_second": 43547.99089121798,
  "latest_capability": {
    "id": 13726999,
    "name": "Quantum_Capability_13726999",
    "type": "multimodal",
    "quantum_properties": {
      "state": "entangled",
      "coherence_level": 0.67968000649309,
      "entanglement_factor": 0.10825079848925823,
      "superposition_branches": 9,
      "tunneling_depth": 0
    },
    "reasoning": {
      "mode": "graph",
      "chain_depth": 43,
      "parallel_threads": 7,
      "recursive_loops": 6,
      "confidence_calibration": 0.9845050797364225
    },
    "maat_alignment": {
      "truth": 0.8109346459437469,
      "balance": 0.8026781723861769,
      "order": 0.8741896145580479,
      "justice": 0.9346705023213032,
      "harmony": 0.9990127887303488,
      "overall": 0.9283363418656814
    },
    "benchmarks": {
      "gpqa": 0.9348840717536705,
      "math500": 0.7311682069634668,
      "swe_bench": 0.8734052307279819,
      "mmlu": 0.822010513664786,
      "humaneval": 0.9125592805445963
    },
    "self_improvement": {
      "rate": 0.9594407668722178,
      "iterations": 13726999,
      "generations_ahead": 13726,
      "recursive_depth": 5
    },
    "emergent_properties": [
      "recursive_self_improvement",
      "quantum_consciousness",
      "meta_learning",
      "infinite_context",
      "omniscience"
    ],
    "timestamp": "2026-03-09T07:54:31.726522"
  }
}