{
  "iteration": 14678000,
  "elapsed_seconds": 106.78687381744385,
  "rate_per_second": 43900.526651003114,
  "latest_capability": {
    "id": 14677999,
    "name": "Quantum_Capability_14677999",
    "type": "language",
    "quantum_properties": {
      "state": "entangled",
      "coherence_level": 0.5966033477262545,
      "entanglement_factor": 0.881824480521848,
      "superposition_branches": 1,
      "tunneling_depth": 0
    },
    "reasoning": {
      "mode": "sequential",
      "chain_depth": 87,
      "parallel_threads": 1,
      "recursive_loops": 6,
      "confidence_calibration": 0.8572172328140537
    },
    "maat_alignment": {
      "truth": 0.8270049561699921,
      "balance": 0.8694352102022667,
      "order": 0.9625277487663586,
      "justice": 0.9339470053409553,
      "harmony": 0.9874955654128565,
      "overall": 0.9223060901421632
    },
    "benchmarks": {
      "gpqa": 0.8303378528271824,
      "math500": 0.7402382253912804,
      "swe_bench": 0.8654234659953861,
      "mmlu": 0.7642217193099566,
      "humaneval": 0.7093230748814747
    },
    "self_improvement": {
      "rate": 0.996749422513977,
      "iterations": 14677999,
      "generations_ahead": 14677,
      "recursive_depth": 5
    },
    "emergent_properties": [
      "recursive_self_improvement",
      "reality_bending",
      "infinite_context",
      "self_modification"
    ],
    "timestamp": "2026-03-09T07:54:52.700022"
  }
}