{
  "iteration": 12763000,
  "elapsed_seconds": 64.93583822250366,
  "rate_per_second": 42703.691457685854,
  "latest_capability": {
    "id": 12762999,
    "name": "Quantum_Capability_12762999",
    "type": "language",
    "quantum_properties": {
      "state": "entangled",
      "coherence_level": 0.9896342347736669,
      "entanglement_factor": 0.901138483331068,
      "superposition_branches": 10,
      "tunneling_depth": 3
    },
    "reasoning": {
      "mode": "sequential",
      "chain_depth": 145,
      "parallel_threads": 2,
      "recursive_loops": 6,
      "confidence_calibration": 0.7819948236384767
    },
    "maat_alignment": {
      "truth": 0.8727454972911055,
      "balance": 0.9769269475202884,
      "order": 0.8763934251397646,
      "justice": 0.8191267827561567,
      "harmony": 0.9435839531865963,
      "overall": 0.9910695887423582
    },
    "benchmarks": {
      "gpqa": 0.748424438895809,
      "math500": 0.8981421893623032,
      "swe_bench": 0.6628682171373773,
      "mmlu": 0.845371059347643,
      "humaneval": 0.8787594422755366
    },
    "self_improvement": {
      "rate": 0.9968635571902162,
      "iterations": 12762999,
      "generations_ahead": 12762,
      "recursive_depth": 1
    },
    "emergent_properties": [
      "self_modification",
      "reality_bending",
      "meta_learning"
    ],
    "timestamp": "2026-03-09T07:54:10.848998"
  }
}