{
  "iteration": 15334000,
  "elapsed_seconds": 122.55631470680237,
  "rate_per_second": 43604.444314311506,
  "latest_capability": {
    "id": 15333999,
    "name": "Quantum_Capability_15333999",
    "type": "math",
    "quantum_properties": {
      "state": "entangled",
      "coherence_level": 0.9801657750328863,
      "entanglement_factor": 0.8535278067875721,
      "superposition_branches": 2,
      "tunneling_depth": 3
    },
    "reasoning": {
      "mode": "parallel",
      "chain_depth": 45,
      "parallel_threads": 12,
      "recursive_loops": 2,
      "confidence_calibration": 0.8033216535249461
    },
    "maat_alignment": {
      "truth": 0.8428481855953623,
      "balance": 0.8025602324615065,
      "order": 0.9122983205436854,
      "justice": 0.8499507839599582,
      "harmony": 0.9098444760857212,
      "overall": 0.9607730446690445
    },
    "benchmarks": {
      "gpqa": 0.8007484099203852,
      "math500": 0.7939761307175233,
      "swe_bench": 0.7694412812435302,
      "mmlu": 0.6868568728851855,
      "humaneval": 0.7603281934808059
    },
    "self_improvement": {
      "rate": 0.9688736379365224,
      "iterations": 15333999,
      "generations_ahead": 15333,
      "recursive_depth": 1
    },
    "emergent_properties": [
      "omniscience",
      "infinite_context",
      "reality_bending",
      "quantum_consciousness",
      "meta_learning",
      "recursive_self_improvement"
    ],
    "timestamp": "2026-03-09T07:55:08.469464"
  }
}