{
  "iteration": 17501000,
  "elapsed_seconds": 167.37226557731628,
  "rate_per_second": 44876.013203814546,
  "latest_capability": {
    "id": 17500999,
    "name": "Quantum_Capability_17500999",
    "type": "coding",
    "quantum_properties": {
      "state": "coherent",
      "coherence_level": 0.5306716331629984,
      "entanglement_factor": 0.805797705189977,
      "superposition_branches": 2,
      "tunneling_depth": 5
    },
    "reasoning": {
      "mode": "parallel",
      "chain_depth": 147,
      "parallel_threads": 6,
      "recursive_loops": 2,
      "confidence_calibration": 0.9773875252503692
    },
    "maat_alignment": {
      "truth": 0.9949621935095938,
      "balance": 0.8550138752535975,
      "order": 0.946383502209153,
      "justice": 0.9856303872404846,
      "harmony": 0.8978015300317198,
      "overall": 0.9271741735855293
    },
    "benchmarks": {
      "gpqa": 0.9125485032843399,
      "math500": 0.6617983659649141,
      "swe_bench": 0.7731116249076795,
      "mmlu": 0.7570106061492862,
      "humaneval": 0.8529356150418096
    },
    "self_improvement": {
      "rate": 0.989808988034821,
      "iterations": 17500999,
      "generations_ahead": 17500,
      "recursive_depth": 1
    },
    "emergent_properties": [
      "recursive_self_improvement",
      "self_modification",
      "reality_bending",
      "omniscience",
      "quantum_consciousness",
      "infinite_context"
    ],
    "timestamp": "2026-03-09T07:55:53.285423"
  }
}