{
  "iteration": 14966000,
  "elapsed_seconds": 112.4381160736084,
  "rate_per_second": 44255.45512290891,
  "latest_capability": {
    "id": 14965999,
    "name": "Quantum_Capability_14965999",
    "type": "multimodal",
    "quantum_properties": {
      "state": "coherent",
      "coherence_level": 0.9757608763074259,
      "entanglement_factor": 0.41470342435207586,
      "superposition_branches": 9,
      "tunneling_depth": 3
    },
    "reasoning": {
      "mode": "tree",
      "chain_depth": 63,
      "parallel_threads": 3,
      "recursive_loops": 7,
      "confidence_calibration": 0.76421737379785
    },
    "maat_alignment": {
      "truth": 0.8986795497509695,
      "balance": 0.9768042296141977,
      "order": 0.999824999456115,
      "justice": 0.8897309734329747,
      "harmony": 0.8286616152657602,
      "overall": 0.8972508454353906
    },
    "benchmarks": {
      "gpqa": 0.790155141244852,
      "math500": 0.6858735420177242,
      "swe_bench": 0.7933171532703628,
      "mmlu": 0.7394078844804894,
      "humaneval": 0.8509960314012793
    },
    "self_improvement": {
      "rate": 0.9846064080752515,
      "iterations": 14965999,
      "generations_ahead": 14965,
      "recursive_depth": 3
    },
    "emergent_properties": [
      "self_modification",
      "meta_learning",
      "transcendence",
      "omniscience"
    ],
    "timestamp": "2026-03-09T07:54:58.351264"
  }
}