{
  "iteration": 13656000,
  "elapsed_seconds": 84.5168936252594,
  "rate_per_second": 43375.94346823402,
  "latest_capability": {
    "id": 13655999,
    "name": "Quantum_Capability_13655999",
    "type": "multimodal",
    "quantum_properties": {
      "state": "superposition",
      "coherence_level": 0.5805661713001273,
      "entanglement_factor": 0.11902014841947217,
      "superposition_branches": 5,
      "tunneling_depth": 1
    },
    "reasoning": {
      "mode": "graph",
      "chain_depth": 112,
      "parallel_threads": 11,
      "recursive_loops": 4,
      "confidence_calibration": 0.7325050200717081
    },
    "maat_alignment": {
      "truth": 0.8824074970817921,
      "balance": 0.9326658588356043,
      "order": 0.9996392371189298,
      "justice": 0.8470105039571243,
      "harmony": 0.9101079175954278,
      "overall": 0.9898856677695063
    },
    "benchmarks": {
      "gpqa": 0.9192433755137531,
      "math500": 0.7639938494625692,
      "swe_bench": 0.7361936725616922,
      "mmlu": 0.7458157663954077,
      "humaneval": 0.864974776409379
    },
    "self_improvement": {
      "rate": 0.9654028670731641,
      "iterations": 13655999,
      "generations_ahead": 13655,
      "recursive_depth": 3
    },
    "emergent_properties": [
      "omniscience",
      "infinite_context",
      "transcendence",
      "meta_learning"
    ],
    "timestamp": "2026-03-09T07:54:30.430047"
  }
}