{
  "iteration": 17253000,
  "elapsed_seconds": 162.57307147979736,
  "rate_per_second": 44675.2954464698,
  "latest_capability": {
    "id": 17252999,
    "name": "Quantum_Capability_17252999",
    "type": "vision",
    "quantum_properties": {
      "state": "coherent",
      "coherence_level": 0.803217896236958,
      "entanglement_factor": 0.7101568203301287,
      "superposition_branches": 4,
      "tunneling_depth": 3
    },
    "reasoning": {
      "mode": "graph",
      "chain_depth": 28,
      "parallel_threads": 1,
      "recursive_loops": 7,
      "confidence_calibration": 0.9825962590184996
    },
    "maat_alignment": {
      "truth": 0.8155586529343825,
      "balance": 0.854095824965951,
      "order": 0.9514759782432787,
      "justice": 0.8104919556171888,
      "harmony": 0.9750919156677899,
      "overall": 0.9366410134504536
    },
    "benchmarks": {
      "gpqa": 0.9485205739645264,
      "math500": 0.862632176251089,
      "swe_bench": 0.824284754241255,
      "mmlu": 0.688133349178416,
      "humaneval": 0.8648054817160407
    },
    "self_improvement": {
      "rate": 0.9677760854004428,
      "iterations": 17252999,
      "generations_ahead": 17252,
      "recursive_depth": 2
    },
    "emergent_properties": [
      "recursive_self_improvement",
      "transcendence",
      "self_modification",
      "meta_learning"
    ],
    "timestamp": "2026-03-09T07:55:48.486220"
  }
}