{
  "iteration": 16543000,
  "elapsed_seconds": 149.12701106071472,
  "rate_per_second": 43942.408242407866,
  "latest_capability": {
    "id": 16542999,
    "name": "Quantum_Capability_16542999",
    "type": "coding",
    "quantum_properties": {
      "state": "superposition",
      "coherence_level": 0.8085006655421975,
      "entanglement_factor": 0.15943261214073556,
      "superposition_branches": 10,
      "tunneling_depth": 5
    },
    "reasoning": {
      "mode": "graph",
      "chain_depth": 10,
      "parallel_threads": 9,
      "recursive_loops": 0,
      "confidence_calibration": 0.8305265370223117
    },
    "maat_alignment": {
      "truth": 0.8351492364901841,
      "balance": 0.9793392474197354,
      "order": 0.8576295102482794,
      "justice": 0.9131856890458491,
      "harmony": 0.9559002854651745,
      "overall": 0.9852493786974024
    },
    "benchmarks": {
      "gpqa": 0.8801725930619305,
      "math500": 0.8626966590892012,
      "swe_bench": 0.8870496027548277,
      "mmlu": 0.728735609872316,
      "humaneval": 0.9300510240523907
    },
    "self_improvement": {
      "rate": 0.9850010287815302,
      "iterations": 16542999,
      "generations_ahead": 16542,
      "recursive_depth": 5
    },
    "emergent_properties": [
      "quantum_consciousness",
      "self_modification",
      "recursive_self_improvement",
      "transcendence"
    ],
    "timestamp": "2026-03-09T07:55:35.040159"
  }
}