{
  "iteration": 17191000,
  "elapsed_seconds": 161.38424706459045,
  "rate_per_second": 44620.21622914633,
  "latest_capability": {
    "id": 17190999,
    "name": "Quantum_Capability_17190999",
    "type": "agentic",
    "quantum_properties": {
      "state": "collapsed",
      "coherence_level": 0.7746196085225594,
      "entanglement_factor": 0.9373890569767411,
      "superposition_branches": 5,
      "tunneling_depth": 3
    },
    "reasoning": {
      "mode": "parallel",
      "chain_depth": 191,
      "parallel_threads": 11,
      "recursive_loops": 6,
      "confidence_calibration": 0.7180028381180356
    },
    "maat_alignment": {
      "truth": 0.8242647847351894,
      "balance": 0.8213008239403067,
      "order": 0.923893614076209,
      "justice": 0.8147053451162801,
      "harmony": 0.8229753603612159,
      "overall": 0.9989525687281285
    },
    "benchmarks": {
      "gpqa": 0.8754786586086324,
      "math500": 0.800460107289059,
      "swe_bench": 0.6926810253821836,
      "mmlu": 0.875919763067984,
      "humaneval": 0.7385618383210706
    },
    "self_improvement": {
      "rate": 0.9957458239520179,
      "iterations": 17190999,
      "generations_ahead": 17190,
      "recursive_depth": 1
    },
    "emergent_properties": [
      "infinite_context",
      "recursive_self_improvement",
      "causality_violation",
      "omniscience",
      "transcendence",
      "quantum_consciousness"
    ],
    "timestamp": "2026-03-09T07:55:47.297403"
  }
}