{
  "iteration": 14448000,
  "elapsed_seconds": 102.27172899246216,
  "rate_per_second": 43589.75881133849,
  "latest_capability": {
    "id": 14447999,
    "name": "Quantum_Capability_14447999",
    "type": "agentic",
    "quantum_properties": {
      "state": "superposition",
      "coherence_level": 0.7265158203858952,
      "entanglement_factor": 0.9844729470674933,
      "superposition_branches": 1,
      "tunneling_depth": 0
    },
    "reasoning": {
      "mode": "sequential",
      "chain_depth": 145,
      "parallel_threads": 9,
      "recursive_loops": 1,
      "confidence_calibration": 0.8958763458832936
    },
    "maat_alignment": {
      "truth": 0.8159507013595082,
      "balance": 0.9409077744310137,
      "order": 0.8893891450883236,
      "justice": 0.8427928224114587,
      "harmony": 0.9108750340941925,
      "overall": 0.9703898385402109
    },
    "benchmarks": {
      "gpqa": 0.8804232317485521,
      "math500": 0.8528581380777026,
      "swe_bench": 0.7088285813631988,
      "mmlu": 0.8926238359936901,
      "humaneval": 0.8726288436453393
    },
    "self_improvement": {
      "rate": 0.9788204352149682,
      "iterations": 14447999,
      "generations_ahead": 14447,
      "recursive_depth": 2
    },
    "emergent_properties": [
      "quantum_consciousness",
      "reality_bending",
      "causality_violation"
    ],
    "timestamp": "2026-03-09T07:54:48.184877"
  }
}