{
  "iteration": 12662000,
  "elapsed_seconds": 62.895013093948364,
  "rate_per_second": 42483.495408590585,
  "latest_capability": {
    "id": 12661999,
    "name": "Quantum_Capability_12661999",
    "type": "coding",
    "quantum_properties": {
      "state": "coherent",
      "coherence_level": 0.66247645509109,
      "entanglement_factor": 0.017850756833441506,
      "superposition_branches": 8,
      "tunneling_depth": 3
    },
    "reasoning": {
      "mode": "sequential",
      "chain_depth": 111,
      "parallel_threads": 10,
      "recursive_loops": 1,
      "confidence_calibration": 0.9528573517165866
    },
    "maat_alignment": {
      "truth": 0.9266370128233147,
      "balance": 0.90823673832088,
      "order": 0.946163114367667,
      "justice": 0.8242931151579809,
      "harmony": 0.8213946722688243,
      "overall": 0.913585734505399
    },
    "benchmarks": {
      "gpqa": 0.7562799493020546,
      "math500": 0.8540643341632229,
      "swe_bench": 0.6514059599384001,
      "mmlu": 0.8882962469880037,
      "humaneval": 0.7154382248206053
    },
    "self_improvement": {
      "rate": 0.9640381737860326,
      "iterations": 12661999,
      "generations_ahead": 12661,
      "recursive_depth": 4
    },
    "emergent_properties": [
      "infinite_context",
      "recursive_self_improvement",
      "transcendence",
      "quantum_consciousness"
    ],
    "timestamp": "2026-03-09T07:54:08.808166"
  }
}