{
  "iteration": 13430000,
  "elapsed_seconds": 80.12306237220764,
  "rate_per_second": 42933.95556974163,
  "latest_capability": {
    "id": 13429999,
    "name": "Quantum_Capability_13429999",
    "type": "vision",
    "quantum_properties": {
      "state": "collapsed",
      "coherence_level": 0.5918432759219387,
      "entanglement_factor": 0.348876667078183,
      "superposition_branches": 6,
      "tunneling_depth": 4
    },
    "reasoning": {
      "mode": "sequential",
      "chain_depth": 137,
      "parallel_threads": 7,
      "recursive_loops": 6,
      "confidence_calibration": 0.7562463987369088
    },
    "maat_alignment": {
      "truth": 0.9155030477769083,
      "balance": 0.9575869083777269,
      "order": 0.9641422455705978,
      "justice": 0.9659179495858656,
      "harmony": 0.9163296300437248,
      "overall": 0.9292919767959826
    },
    "benchmarks": {
      "gpqa": 0.7267263913480083,
      "math500": 0.8014396785844013,
      "swe_bench": 0.8458171027057079,
      "mmlu": 0.7512065463296118,
      "humaneval": 0.7083238464405176
    },
    "self_improvement": {
      "rate": 0.999010160692627,
      "iterations": 13429999,
      "generations_ahead": 13429,
      "recursive_depth": 5
    },
    "emergent_properties": [
      "reality_bending",
      "meta_learning",
      "causality_violation",
      "self_modification"
    ],
    "timestamp": "2026-03-09T07:54:26.036215"
  }
}