{
  "iteration": 12334000,
  "elapsed_seconds": 55.0211021900177,
  "rate_per_second": 42601.8365081982,
  "latest_capability": {
    "id": 12333999,
    "name": "Quantum_Capability_12333999",
    "type": "vision",
    "quantum_properties": {
      "state": "coherent",
      "coherence_level": 0.7919770861446009,
      "entanglement_factor": 0.1531835995564983,
      "superposition_branches": 8,
      "tunneling_depth": 2
    },
    "reasoning": {
      "mode": "tree",
      "chain_depth": 99,
      "parallel_threads": 4,
      "recursive_loops": 2,
      "confidence_calibration": 0.8593392464408367
    },
    "maat_alignment": {
      "truth": 0.9697042391114539,
      "balance": 0.9196544601574991,
      "order": 0.9075566951562157,
      "justice": 0.825375966908953,
      "harmony": 0.8848623066120966,
      "overall": 0.9913956315069956
    },
    "benchmarks": {
      "gpqa": 0.7255078904642759,
      "math500": 0.668178589736939,
      "swe_bench": 0.8901517152456544,
      "mmlu": 0.7455248984055588,
      "humaneval": 0.8692343302330178
    },
    "self_improvement": {
      "rate": 0.9622417079943247,
      "iterations": 12333999,
      "generations_ahead": 12333,
      "recursive_depth": 0
    },
    "emergent_properties": [
      "omniscience",
      "reality_bending",
      "quantum_consciousness",
      "causality_violation"
    ],
    "timestamp": "2026-03-09T07:54:00.934255"
  }
}