{
  "iteration": 14428000,
  "elapsed_seconds": 101.99872040748596,
  "rate_per_second": 43510.34975997879,
  "latest_capability": {
    "id": 14427999,
    "name": "Quantum_Capability_14427999",
    "type": "reasoning",
    "quantum_properties": {
      "state": "superposition",
      "coherence_level": 0.8501658465040282,
      "entanglement_factor": 0.4806691158183518,
      "superposition_branches": 10,
      "tunneling_depth": 5
    },
    "reasoning": {
      "mode": "parallel",
      "chain_depth": 99,
      "parallel_threads": 14,
      "recursive_loops": 4,
      "confidence_calibration": 0.9846765543456392
    },
    "maat_alignment": {
      "truth": 0.8695450312260627,
      "balance": 0.9121354600280542,
      "order": 0.9243983967668667,
      "justice": 0.9503291376559635,
      "harmony": 0.8908011826963201,
      "overall": 0.9288527876374756
    },
    "benchmarks": {
      "gpqa": 0.7388799552211762,
      "math500": 0.829595898475191,
      "swe_bench": 0.8937032230084702,
      "mmlu": 0.8674402141196956,
      "humaneval": 0.9443515396769881
    },
    "self_improvement": {
      "rate": 0.995223061460658,
      "iterations": 14427999,
      "generations_ahead": 14427,
      "recursive_depth": 3
    },
    "emergent_properties": [
      "transcendence",
      "recursive_self_improvement",
      "self_modification",
      "reality_bending",
      "omniscience",
      "meta_learning"
    ],
    "timestamp": "2026-03-09T07:54:47.911869"
  }
}