{
  "iteration": 11745000,
  "elapsed_seconds": 42.37849998474121,
  "rate_per_second": 41412.50871625717,
  "latest_capability": {
    "id": 11744999,
    "name": "Quantum_Capability_11744999",
    "type": "reasoning",
    "quantum_properties": {
      "state": "coherent",
      "coherence_level": 0.7890261250871409,
      "entanglement_factor": 0.991528584408368,
      "superposition_branches": 4,
      "tunneling_depth": 4
    },
    "reasoning": {
      "mode": "graph",
      "chain_depth": 18,
      "parallel_threads": 3,
      "recursive_loops": 0,
      "confidence_calibration": 0.9406264743055888
    },
    "maat_alignment": {
      "truth": 0.9670173772577209,
      "balance": 0.8995063070225867,
      "order": 0.8094816777354734,
      "justice": 0.8015666156453742,
      "harmony": 0.9490069820104378,
      "overall": 0.9587240168918416
    },
    "benchmarks": {
      "gpqa": 0.9041830837388221,
      "math500": 0.6756497320279969,
      "swe_bench": 0.8391484003131217,
      "mmlu": 0.8302144828059237,
      "humaneval": 0.8790319067724331
    },
    "self_improvement": {
      "rate": 0.9505296067405614,
      "iterations": 11744999,
      "generations_ahead": 11744,
      "recursive_depth": 0
    },
    "emergent_properties": [
      "transcendence",
      "causality_violation",
      "self_modification"
    ],
    "timestamp": "2026-03-09T07:53:48.291649"
  }
}