{
  "iteration": 12473000,
  "elapsed_seconds": 57.5775260925293,
  "rate_per_second": 43124.46484779015,
  "latest_capability": {
    "id": 12472999,
    "name": "Quantum_Capability_12472999",
    "type": "reasoning",
    "quantum_properties": {
      "state": "entangled",
      "coherence_level": 0.7967428025578426,
      "entanglement_factor": 0.5433018450217258,
      "superposition_branches": 8,
      "tunneling_depth": 3
    },
    "reasoning": {
      "mode": "tree",
      "chain_depth": 86,
      "parallel_threads": 5,
      "recursive_loops": 3,
      "confidence_calibration": 0.9382681107607614
    },
    "maat_alignment": {
      "truth": 0.8803317937920215,
      "balance": 0.8287821776424705,
      "order": 0.9248679067547985,
      "justice": 0.8946841686123739,
      "harmony": 0.9474407362283005,
      "overall": 0.9176079341169802
    },
    "benchmarks": {
      "gpqa": 0.8811542031713563,
      "math500": 0.7847450508751068,
      "swe_bench": 0.6931781868244207,
      "mmlu": 0.8935221174520878,
      "humaneval": 0.7791378492527226
    },
    "self_improvement": {
      "rate": 0.9667527537714362,
      "iterations": 12472999,
      "generations_ahead": 12472,
      "recursive_depth": 4
    },
    "emergent_properties": [
      "omniscience",
      "recursive_self_improvement",
      "transcendence",
      "reality_bending",
      "causality_violation"
    ],
    "timestamp": "2026-03-09T07:54:03.490683"
  }
}