{
  "iteration": 16553000,
  "elapsed_seconds": 149.270263671875,
  "rate_per_second": 43967.22989936393,
  "latest_capability": {
    "id": 16552999,
    "name": "Quantum_Capability_16552999",
    "type": "agentic",
    "quantum_properties": {
      "state": "coherent",
      "coherence_level": 0.7858053041769797,
      "entanglement_factor": 0.4787415832509737,
      "superposition_branches": 9,
      "tunneling_depth": 4
    },
    "reasoning": {
      "mode": "sequential",
      "chain_depth": 52,
      "parallel_threads": 12,
      "recursive_loops": 7,
      "confidence_calibration": 0.8246602912794582
    },
    "maat_alignment": {
      "truth": 0.9984763351589093,
      "balance": 0.8836940603778338,
      "order": 0.9880761753672174,
      "justice": 0.973567310454511,
      "harmony": 0.8195096552163178,
      "overall": 0.8816385012175935
    },
    "benchmarks": {
      "gpqa": 0.746861112084923,
      "math500": 0.7878300881402132,
      "swe_bench": 0.7067561862727237,
      "mmlu": 0.8340308080631496,
      "humaneval": 0.9128318747590681
    },
    "self_improvement": {
      "rate": 0.9912732033625727,
      "iterations": 16552999,
      "generations_ahead": 16552,
      "recursive_depth": 3
    },
    "emergent_properties": [
      "self_modification",
      "omniscience",
      "transcendence",
      "meta_learning",
      "infinite_context"
    ],
    "timestamp": "2026-03-09T07:55:35.183420"
  }
}