{
  "iteration": 15242000,
  "elapsed_seconds": 120.97273874282837,
  "rate_per_second": 43414.74000324188,
  "latest_capability": {
    "id": 15241999,
    "name": "Quantum_Capability_15241999",
    "type": "language",
    "quantum_properties": {
      "state": "superposition",
      "coherence_level": 0.6603444084734824,
      "entanglement_factor": 0.30092502774631336,
      "superposition_branches": 3,
      "tunneling_depth": 5
    },
    "reasoning": {
      "mode": "graph",
      "chain_depth": 42,
      "parallel_threads": 15,
      "recursive_loops": 4,
      "confidence_calibration": 0.7430269148364623
    },
    "maat_alignment": {
      "truth": 0.8372832072822761,
      "balance": 0.8271860271476699,
      "order": 0.8760287850180499,
      "justice": 0.8508145398676663,
      "harmony": 0.9538844665199316,
      "overall": 0.933769877134591
    },
    "benchmarks": {
      "gpqa": 0.9059648639971405,
      "math500": 0.843207949020885,
      "swe_bench": 0.8193163823651752,
      "mmlu": 0.6985847956213898,
      "humaneval": 0.7615588574568531
    },
    "self_improvement": {
      "rate": 0.9896743668848959,
      "iterations": 15241999,
      "generations_ahead": 15241,
      "recursive_depth": 0
    },
    "emergent_properties": [
      "infinite_context",
      "reality_bending",
      "quantum_consciousness",
      "self_modification",
      "omniscience",
      "transcendence"
    ],
    "timestamp": "2026-03-09T07:55:06.885892"
  }
}