{
  "iteration": 15845000,
  "elapsed_seconds": 132.46849465370178,
  "rate_per_second": 44199.18876036223,
  "latest_capability": {
    "id": 15844999,
    "name": "Quantum_Capability_15844999",
    "type": "language",
    "quantum_properties": {
      "state": "collapsed",
      "coherence_level": 0.5308720637418718,
      "entanglement_factor": 0.6428524178355635,
      "superposition_branches": 5,
      "tunneling_depth": 3
    },
    "reasoning": {
      "mode": "tree",
      "chain_depth": 19,
      "parallel_threads": 15,
      "recursive_loops": 3,
      "confidence_calibration": 0.7947147552402118
    },
    "maat_alignment": {
      "truth": 0.9503994511767059,
      "balance": 0.9768547258361235,
      "order": 0.8014668535694293,
      "justice": 0.8437401757080496,
      "harmony": 0.9927595563825228,
      "overall": 0.8520360928434306
    },
    "benchmarks": {
      "gpqa": 0.8009871783711477,
      "math500": 0.7660004095490799,
      "swe_bench": 0.6746236442610254,
      "mmlu": 0.8172167659988054,
      "humaneval": 0.7459033702712798
    },
    "self_improvement": {
      "rate": 0.986079238102908,
      "iterations": 15844999,
      "generations_ahead": 15844,
      "recursive_depth": 4
    },
    "emergent_properties": [
      "self_modification",
      "quantum_consciousness",
      "causality_violation"
    ],
    "timestamp": "2026-03-09T07:55:18.381643"
  }
}