{
  "iteration": 15971000,
  "elapsed_seconds": 134.83922290802002,
  "rate_per_second": 44356.52973230136,
  "latest_capability": {
    "id": 15970999,
    "name": "Quantum_Capability_15970999",
    "type": "agentic",
    "quantum_properties": {
      "state": "entangled",
      "coherence_level": 0.5534819419818103,
      "entanglement_factor": 0.18113900764184376,
      "superposition_branches": 6,
      "tunneling_depth": 4
    },
    "reasoning": {
      "mode": "sequential",
      "chain_depth": 95,
      "parallel_threads": 4,
      "recursive_loops": 0,
      "confidence_calibration": 0.9383579544219258
    },
    "maat_alignment": {
      "truth": 0.8641389712211295,
      "balance": 0.9676472283762756,
      "order": 0.9072994962551629,
      "justice": 0.9689505325510523,
      "harmony": 0.8819639407848017,
      "overall": 0.999328109353669
    },
    "benchmarks": {
      "gpqa": 0.7589206140992606,
      "math500": 0.8395139827254892,
      "swe_bench": 0.6967015751210134,
      "mmlu": 0.7525094668611326,
      "humaneval": 0.7311658770230542
    },
    "self_improvement": {
      "rate": 0.9826667607620544,
      "iterations": 15970999,
      "generations_ahead": 15970,
      "recursive_depth": 4
    },
    "emergent_properties": [
      "causality_violation",
      "infinite_context",
      "omniscience",
      "recursive_self_improvement",
      "transcendence"
    ],
    "timestamp": "2026-03-09T07:55:20.752371"
  }
}