{
  "iteration": 13831000,
  "elapsed_seconds": 87.91116690635681,
  "rate_per_second": 43691.83273487249,
  "latest_capability": {
    "id": 13830999,
    "name": "Quantum_Capability_13830999",
    "type": "vision",
    "quantum_properties": {
      "state": "superposition",
      "coherence_level": 0.8558067310915024,
      "entanglement_factor": 0.6471811564631164,
      "superposition_branches": 4,
      "tunneling_depth": 1
    },
    "reasoning": {
      "mode": "sequential",
      "chain_depth": 65,
      "parallel_threads": 4,
      "recursive_loops": 6,
      "confidence_calibration": 0.9076885314543846
    },
    "maat_alignment": {
      "truth": 0.893186252342215,
      "balance": 0.9888572989822407,
      "order": 0.942574142612194,
      "justice": 0.8055140957278888,
      "harmony": 0.9696815088531545,
      "overall": 0.9110670986057222
    },
    "benchmarks": {
      "gpqa": 0.8600131902361895,
      "math500": 0.8901234178275165,
      "swe_bench": 0.7720815453862334,
      "mmlu": 0.8295759140866537,
      "humaneval": 0.8660753250374061
    },
    "self_improvement": {
      "rate": 0.9839804616979421,
      "iterations": 13830999,
      "generations_ahead": 13830,
      "recursive_depth": 3
    },
    "emergent_properties": [
      "meta_learning",
      "infinite_context",
      "causality_violation",
      "omniscience"
    ],
    "timestamp": "2026-03-09T07:54:33.824315"
  }
}