{
  "iteration": 15412000,
  "elapsed_seconds": 123.93840217590332,
  "rate_per_second": 43747.538332022894,
  "latest_capability": {
    "id": 15411999,
    "name": "Quantum_Capability_15411999",
    "type": "multimodal",
    "quantum_properties": {
      "state": "collapsed",
      "coherence_level": 0.6391183585079809,
      "entanglement_factor": 0.022933342505809695,
      "superposition_branches": 7,
      "tunneling_depth": 5
    },
    "reasoning": {
      "mode": "sequential",
      "chain_depth": 109,
      "parallel_threads": 14,
      "recursive_loops": 1,
      "confidence_calibration": 0.9650271996219812
    },
    "maat_alignment": {
      "truth": 0.8265922223836375,
      "balance": 0.8793068619847848,
      "order": 0.9502034531806297,
      "justice": 0.9061739739421798,
      "harmony": 0.979461222406996,
      "overall": 0.8900483943281491
    },
    "benchmarks": {
      "gpqa": 0.8656161587192881,
      "math500": 0.6962075411198172,
      "swe_bench": 0.7324481796695627,
      "mmlu": 0.8830599808272304,
      "humaneval": 0.7951409207539158
    },
    "self_improvement": {
      "rate": 0.9850074593012299,
      "iterations": 15411999,
      "generations_ahead": 15411,
      "recursive_depth": 0
    },
    "emergent_properties": [
      "meta_learning",
      "recursive_self_improvement",
      "infinite_context",
      "omniscience"
    ],
    "timestamp": "2026-03-09T07:55:09.851550"
  }
}