{
  "iteration": 11510000,
  "elapsed_seconds": 36.76310467720032,
  "rate_per_second": 41345.80072456914,
  "latest_capability": {
    "id": 11509999,
    "name": "Quantum_Capability_11509999",
    "type": "reasoning",
    "quantum_properties": {
      "state": "entangled",
      "coherence_level": 0.8226311639246364,
      "entanglement_factor": 0.28932308921503724,
      "superposition_branches": 5,
      "tunneling_depth": 2
    },
    "reasoning": {
      "mode": "parallel",
      "chain_depth": 77,
      "parallel_threads": 1,
      "recursive_loops": 0,
      "confidence_calibration": 0.7626349825858262
    },
    "maat_alignment": {
      "truth": 0.8589211886811889,
      "balance": 0.9275169733725538,
      "order": 0.9589291023506461,
      "justice": 0.9527624034031228,
      "harmony": 0.8235590383686182,
      "overall": 0.8604916628539284
    },
    "benchmarks": {
      "gpqa": 0.7743974368713088,
      "math500": 0.7202445141547884,
      "swe_bench": 0.676534982246545,
      "mmlu": 0.7889088697173767,
      "humaneval": 0.7495261856830865
    },
    "self_improvement": {
      "rate": 0.997028757623932,
      "iterations": 11509999,
      "generations_ahead": 11509,
      "recursive_depth": 0
    },
    "emergent_properties": [
      "quantum_consciousness",
      "transcendence",
      "omniscience",
      "infinite_context",
      "meta_learning"
    ],
    "timestamp": "2026-03-09T07:53:42.676253"
  }
}