{
  "iteration": 13843000,
  "elapsed_seconds": 88.08271169662476,
  "rate_per_second": 43742.97663848652,
  "latest_capability": {
    "id": 13842999,
    "name": "Quantum_Capability_13842999",
    "type": "math",
    "quantum_properties": {
      "state": "collapsed",
      "coherence_level": 0.781694560018033,
      "entanglement_factor": 0.85307742954011,
      "superposition_branches": 5,
      "tunneling_depth": 3
    },
    "reasoning": {
      "mode": "sequential",
      "chain_depth": 41,
      "parallel_threads": 2,
      "recursive_loops": 9,
      "confidence_calibration": 0.9746762105480915
    },
    "maat_alignment": {
      "truth": 0.9970088555997085,
      "balance": 0.905914538330957,
      "order": 0.9320444685391677,
      "justice": 0.9211285723711915,
      "harmony": 0.8149523562985495,
      "overall": 0.8892119002198129
    },
    "benchmarks": {
      "gpqa": 0.8297550696502612,
      "math500": 0.8180075868470251,
      "swe_bench": 0.6784223674633489,
      "mmlu": 0.8989692852173213,
      "humaneval": 0.7764156375489555
    },
    "self_improvement": {
      "rate": 0.9627902321491161,
      "iterations": 13842999,
      "generations_ahead": 13842,
      "recursive_depth": 4
    },
    "emergent_properties": [
      "omniscience",
      "reality_bending",
      "infinite_context",
      "transcendence",
      "self_modification"
    ],
    "timestamp": "2026-03-09T07:54:33.995860"
  }
}