{
  "iteration": 12923000,
  "elapsed_seconds": 68.04874658584595,
  "rate_per_second": 43101.45516493702,
  "latest_capability": {
    "id": 12922999,
    "name": "Quantum_Capability_12922999",
    "type": "coding",
    "quantum_properties": {
      "state": "collapsed",
      "coherence_level": 0.8946094562148412,
      "entanglement_factor": 0.6135458161631832,
      "superposition_branches": 10,
      "tunneling_depth": 2
    },
    "reasoning": {
      "mode": "tree",
      "chain_depth": 125,
      "parallel_threads": 7,
      "recursive_loops": 7,
      "confidence_calibration": 0.7008990175193875
    },
    "maat_alignment": {
      "truth": 0.9518624298335595,
      "balance": 0.9130848009815031,
      "order": 0.8834029804481741,
      "justice": 0.9538758596033644,
      "harmony": 0.8613859792638298,
      "overall": 0.9774404468380331
    },
    "benchmarks": {
      "gpqa": 0.9008872944534912,
      "math500": 0.6721076576531642,
      "swe_bench": 0.8175501456288526,
      "mmlu": 0.7934029938104494,
      "humaneval": 0.7478452729668146
    },
    "self_improvement": {
      "rate": 0.9718898332873336,
      "iterations": 12922999,
      "generations_ahead": 12922,
      "recursive_depth": 5
    },
    "emergent_properties": [
      "meta_learning",
      "quantum_consciousness",
      "self_modification"
    ],
    "timestamp": "2026-03-09T07:54:13.961895"
  }
}