{
  "iteration": 12312000,
  "elapsed_seconds": 54.39478254318237,
  "rate_per_second": 42687.91769057325,
  "latest_capability": {
    "id": 12311999,
    "name": "Quantum_Capability_12311999",
    "type": "math",
    "quantum_properties": {
      "state": "collapsed",
      "coherence_level": 0.8965377060273838,
      "entanglement_factor": 0.8595896586955792,
      "superposition_branches": 6,
      "tunneling_depth": 3
    },
    "reasoning": {
      "mode": "graph",
      "chain_depth": 137,
      "parallel_threads": 10,
      "recursive_loops": 4,
      "confidence_calibration": 0.8991555492322858
    },
    "maat_alignment": {
      "truth": 0.8378374660784249,
      "balance": 0.8551925729919151,
      "order": 0.9614929687480958,
      "justice": 0.9501217426915396,
      "harmony": 0.9839386577875984,
      "overall": 0.8592304265745279
    },
    "benchmarks": {
      "gpqa": 0.8903601278476121,
      "math500": 0.694896399651372,
      "swe_bench": 0.7865505285656944,
      "mmlu": 0.7908531533407768,
      "humaneval": 0.7613468082258641
    },
    "self_improvement": {
      "rate": 0.9954306692422429,
      "iterations": 12311999,
      "generations_ahead": 12311,
      "recursive_depth": 3
    },
    "emergent_properties": [
      "infinite_context",
      "recursive_self_improvement",
      "reality_bending",
      "transcendence",
      "quantum_consciousness",
      "omniscience"
    ],
    "timestamp": "2026-03-09T07:54:00.307935"
  }
}