{
  "iteration": 12665000,
  "elapsed_seconds": 62.94077253341675,
  "rate_per_second": 42500.272753719044,
  "latest_capability": {
    "id": 12664999,
    "name": "Quantum_Capability_12664999",
    "type": "coding",
    "quantum_properties": {
      "state": "entangled",
      "coherence_level": 0.7549215290419318,
      "entanglement_factor": 0.23629819482203784,
      "superposition_branches": 4,
      "tunneling_depth": 3
    },
    "reasoning": {
      "mode": "sequential",
      "chain_depth": 33,
      "parallel_threads": 4,
      "recursive_loops": 7,
      "confidence_calibration": 0.9381599407634067
    },
    "maat_alignment": {
      "truth": 0.9213978051459412,
      "balance": 0.8088846416671314,
      "order": 0.944436750170393,
      "justice": 0.865250017357128,
      "harmony": 0.9733322780153182,
      "overall": 0.8757209634646821
    },
    "benchmarks": {
      "gpqa": 0.8031291058690063,
      "math500": 0.6760405497076153,
      "swe_bench": 0.6904639637635186,
      "mmlu": 0.7189226881436301,
      "humaneval": 0.7355529273449983
    },
    "self_improvement": {
      "rate": 0.9518030401264981,
      "iterations": 12664999,
      "generations_ahead": 12664,
      "recursive_depth": 1
    },
    "emergent_properties": [
      "quantum_consciousness",
      "infinite_context",
      "meta_learning",
      "recursive_self_improvement"
    ],
    "timestamp": "2026-03-09T07:54:08.853920"
  }
}