{
  "iteration": 16731000,
  "elapsed_seconds": 152.72692775726318,
  "rate_per_second": 44137.599695017896,
  "latest_capability": {
    "id": 16730999,
    "name": "Quantum_Capability_16730999",
    "type": "math",
    "quantum_properties": {
      "state": "collapsed",
      "coherence_level": 0.6739825297075992,
      "entanglement_factor": 0.29875757476264386,
      "superposition_branches": 6,
      "tunneling_depth": 1
    },
    "reasoning": {
      "mode": "sequential",
      "chain_depth": 49,
      "parallel_threads": 13,
      "recursive_loops": 4,
      "confidence_calibration": 0.8478343116219885
    },
    "maat_alignment": {
      "truth": 0.9336757842566776,
      "balance": 0.8985686849816775,
      "order": 0.9696247550235885,
      "justice": 0.896176512792378,
      "harmony": 0.8805183318280548,
      "overall": 0.9794664022602726
    },
    "benchmarks": {
      "gpqa": 0.8413609073975814,
      "math500": 0.7415684817801286,
      "swe_bench": 0.8519579810570368,
      "mmlu": 0.7216116532751855,
      "humaneval": 0.7216209043791881
    },
    "self_improvement": {
      "rate": 0.9544072033273315,
      "iterations": 16730999,
      "generations_ahead": 16730,
      "recursive_depth": 3
    },
    "emergent_properties": [
      "transcendence",
      "meta_learning",
      "causality_violation",
      "reality_bending",
      "recursive_self_improvement",
      "self_modification"
    ],
    "timestamp": "2026-03-09T07:55:38.640076"
  }
}