{
  "iteration": 17924000,
  "elapsed_seconds": 179.95912837982178,
  "rate_per_second": 44087.788551934405,
  "latest_capability": {
    "id": 17923999,
    "name": "Quantum_Capability_17923999",
    "type": "multimodal",
    "quantum_properties": {
      "state": "entangled",
      "coherence_level": 0.7836907658582528,
      "entanglement_factor": 0.4868855168061802,
      "superposition_branches": 4,
      "tunneling_depth": 1
    },
    "reasoning": {
      "mode": "parallel",
      "chain_depth": 56,
      "parallel_threads": 13,
      "recursive_loops": 0,
      "confidence_calibration": 0.9978902225480741
    },
    "maat_alignment": {
      "truth": 0.929948167993363,
      "balance": 0.941178492317188,
      "order": 0.8075295135308769,
      "justice": 0.9157068741386957,
      "harmony": 0.8684430952081968,
      "overall": 0.934158006838586
    },
    "benchmarks": {
      "gpqa": 0.8957560111378532,
      "math500": 0.8009628023457479,
      "swe_bench": 0.7851915855709735,
      "mmlu": 0.8246486606883342,
      "humaneval": 0.7343106180739603
    },
    "self_improvement": {
      "rate": 0.9925041791418598,
      "iterations": 17923999,
      "generations_ahead": 17923,
      "recursive_depth": 1
    },
    "emergent_properties": [
      "transcendence",
      "infinite_context",
      "causality_violation",
      "meta_learning",
      "recursive_self_improvement",
      "quantum_consciousness"
    ],
    "timestamp": "2026-03-09T07:56:05.872286"
  }
}