{
  "iteration": 10385000,
  "elapsed_seconds": 9.313899755477905,
  "rate_per_second": 42409.73280474524,
  "latest_capability": {
    "id": 10384999,
    "name": "Quantum_Capability_10384999",
    "type": "coding",
    "quantum_properties": {
      "state": "superposition",
      "coherence_level": 0.7331853346794794,
      "entanglement_factor": 0.5676857538509809,
      "superposition_branches": 9,
      "tunneling_depth": 1
    },
    "reasoning": {
      "mode": "graph",
      "chain_depth": 145,
      "parallel_threads": 11,
      "recursive_loops": 7,
      "confidence_calibration": 0.9065339041242847
    },
    "maat_alignment": {
      "truth": 0.8342061944440351,
      "balance": 0.8015219209100543,
      "order": 0.8226721002172149,
      "justice": 0.8149549922755267,
      "harmony": 0.9413645128999473,
      "overall": 0.9421658191100908
    },
    "benchmarks": {
      "gpqa": 0.7009126855836977,
      "math500": 0.8438752697433679,
      "swe_bench": 0.7077445883656053,
      "mmlu": 0.7480636541761672,
      "humaneval": 0.8763074960361594
    },
    "self_improvement": {
      "rate": 0.9906777306780383,
      "iterations": 10384999,
      "generations_ahead": 10384,
      "recursive_depth": 1
    },
    "emergent_properties": [
      "self_modification",
      "recursive_self_improvement",
      "omniscience",
      "reality_bending"
    ],
    "timestamp": "2026-03-09T07:53:15.227048"
  }
}