{
  "iteration": 10113000,
  "elapsed_seconds": 2.5085132122039795,
  "rate_per_second": 49033.02856911493,
  "latest_capability": {
    "id": 10112999,
    "name": "Quantum_Capability_10112999",
    "type": "language",
    "quantum_properties": {
      "state": "coherent",
      "coherence_level": 0.5563779937122,
      "entanglement_factor": 0.3385079982368866,
      "superposition_branches": 10,
      "tunneling_depth": 5
    },
    "reasoning": {
      "mode": "parallel",
      "chain_depth": 148,
      "parallel_threads": 7,
      "recursive_loops": 10,
      "confidence_calibration": 0.8273668727795828
    },
    "maat_alignment": {
      "truth": 0.9279503172368148,
      "balance": 0.8589438606809959,
      "order": 0.8481322103709484,
      "justice": 0.8860025806950645,
      "harmony": 0.9038858965479395,
      "overall": 0.8748833607916862
    },
    "benchmarks": {
      "gpqa": 0.8922923643633113,
      "math500": 0.6892542265155241,
      "swe_bench": 0.6859342727879226,
      "mmlu": 0.8749245340416955,
      "humaneval": 0.7764070472910556
    },
    "self_improvement": {
      "rate": 0.9535211671005613,
      "iterations": 10112999,
      "generations_ahead": 10112,
      "recursive_depth": 2
    },
    "emergent_properties": [
      "causality_violation",
      "meta_learning",
      "recursive_self_improvement",
      "omniscience"
    ],
    "timestamp": "2026-03-09T07:53:08.421661"
  }
}