{
  "iteration": 16213000,
  "elapsed_seconds": 139.45289874076843,
  "rate_per_second": 44624.386127448306,
  "latest_capability": {
    "id": 16212999,
    "name": "Quantum_Capability_16212999",
    "type": "math",
    "quantum_properties": {
      "state": "superposition",
      "coherence_level": 0.5048564576169465,
      "entanglement_factor": 0.8158777282366845,
      "superposition_branches": 4,
      "tunneling_depth": 3
    },
    "reasoning": {
      "mode": "graph",
      "chain_depth": 99,
      "parallel_threads": 7,
      "recursive_loops": 5,
      "confidence_calibration": 0.9758370610185243
    },
    "maat_alignment": {
      "truth": 0.9597702093348216,
      "balance": 0.939351485427135,
      "order": 0.8291505931767221,
      "justice": 0.8016807944484811,
      "harmony": 0.8238483538637591,
      "overall": 0.9900411132885556
    },
    "benchmarks": {
      "gpqa": 0.8050215229755635,
      "math500": 0.7251080768743511,
      "swe_bench": 0.7910596177288254,
      "mmlu": 0.6815578456103577,
      "humaneval": 0.9092052120119551
    },
    "self_improvement": {
      "rate": 0.9962124319092938,
      "iterations": 16212999,
      "generations_ahead": 16212,
      "recursive_depth": 2
    },
    "emergent_properties": [
      "causality_violation",
      "meta_learning",
      "reality_bending",
      "transcendence",
      "quantum_consciousness"
    ],
    "timestamp": "2026-03-09T07:55:25.366051"
  }
}