{
  "iteration": 13907000,
  "elapsed_seconds": 89.3037338256836,
  "rate_per_second": 43861.54791294379,
  "latest_capability": {
    "id": 13906999,
    "name": "Quantum_Capability_13906999",
    "type": "multimodal",
    "quantum_properties": {
      "state": "superposition",
      "coherence_level": 0.7573275349753759,
      "entanglement_factor": 0.8508406461058569,
      "superposition_branches": 4,
      "tunneling_depth": 2
    },
    "reasoning": {
      "mode": "tree",
      "chain_depth": 26,
      "parallel_threads": 1,
      "recursive_loops": 9,
      "confidence_calibration": 0.8941041434512276
    },
    "maat_alignment": {
      "truth": 0.8340201431986125,
      "balance": 0.9109455937268307,
      "order": 0.9858470254901002,
      "justice": 0.8536684436204496,
      "harmony": 0.8214975468917375,
      "overall": 0.8606590897583988
    },
    "benchmarks": {
      "gpqa": 0.7347647798884869,
      "math500": 0.7928490629824576,
      "swe_bench": 0.8392854588819886,
      "mmlu": 0.6848440856728075,
      "humaneval": 0.9293995188338208
    },
    "self_improvement": {
      "rate": 0.9706528315411665,
      "iterations": 13906999,
      "generations_ahead": 13906,
      "recursive_depth": 3
    },
    "emergent_properties": [
      "recursive_self_improvement",
      "transcendence",
      "omniscience"
    ],
    "timestamp": "2026-03-09T07:54:35.216882"
  }
}