{
  "iteration": 15609000,
  "elapsed_seconds": 127.94154047966003,
  "rate_per_second": 43918.495735896664,
  "latest_capability": {
    "id": 15608999,
    "name": "Quantum_Capability_15608999",
    "type": "math",
    "quantum_properties": {
      "state": "superposition",
      "coherence_level": 0.8503307247544746,
      "entanglement_factor": 0.36199169849448887,
      "superposition_branches": 8,
      "tunneling_depth": 5
    },
    "reasoning": {
      "mode": "sequential",
      "chain_depth": 175,
      "parallel_threads": 9,
      "recursive_loops": 6,
      "confidence_calibration": 0.96750353965359
    },
    "maat_alignment": {
      "truth": 0.8368757775711103,
      "balance": 0.9555241156181129,
      "order": 0.8616485181345711,
      "justice": 0.9481265113643584,
      "harmony": 0.8575535120153299,
      "overall": 0.9005983299560478
    },
    "benchmarks": {
      "gpqa": 0.8606825683720064,
      "math500": 0.763250839577369,
      "swe_bench": 0.717226485540561,
      "mmlu": 0.7008457275343635,
      "humaneval": 0.8271205564319475
    },
    "self_improvement": {
      "rate": 0.9959377653345449,
      "iterations": 15608999,
      "generations_ahead": 15608,
      "recursive_depth": 2
    },
    "emergent_properties": [
      "self_modification",
      "quantum_consciousness",
      "causality_violation",
      "meta_learning",
      "infinite_context"
    ],
    "timestamp": "2026-03-09T07:55:13.854688"
  }
}