{
  "iteration": 17525000,
  "elapsed_seconds": 168.0449559688568,
  "rate_per_second": 44839.19173031552,
  "latest_capability": {
    "id": 17524999,
    "name": "Quantum_Capability_17524999",
    "type": "reasoning",
    "quantum_properties": {
      "state": "entangled",
      "coherence_level": 0.9324560600144787,
      "entanglement_factor": 0.8634792602572036,
      "superposition_branches": 5,
      "tunneling_depth": 1
    },
    "reasoning": {
      "mode": "tree",
      "chain_depth": 92,
      "parallel_threads": 2,
      "recursive_loops": 10,
      "confidence_calibration": 0.9060496264693205
    },
    "maat_alignment": {
      "truth": 0.9383555980076261,
      "balance": 0.978338059367451,
      "order": 0.9913610155203818,
      "justice": 0.9431679338078315,
      "harmony": 0.8405347946436321,
      "overall": 0.996963501412059
    },
    "benchmarks": {
      "gpqa": 0.87832688146985,
      "math500": 0.6900482741641061,
      "swe_bench": 0.8219470878189823,
      "mmlu": 0.8312925231892706,
      "humaneval": 0.8935351555142459
    },
    "self_improvement": {
      "rate": 0.973816851556238,
      "iterations": 17524999,
      "generations_ahead": 17524,
      "recursive_depth": 0
    },
    "emergent_properties": [
      "self_modification",
      "transcendence",
      "recursive_self_improvement"
    ],
    "timestamp": "2026-03-09T07:55:53.958105"
  }
}