{
  "iteration": 16965000,
  "elapsed_seconds": 157.3036539554596,
  "rate_per_second": 44340.991608338394,
  "latest_capability": {
    "id": 16964999,
    "name": "Quantum_Capability_16964999",
    "type": "math",
    "quantum_properties": {
      "state": "entangled",
      "coherence_level": 0.8980250366663769,
      "entanglement_factor": 0.7517244055339972,
      "superposition_branches": 1,
      "tunneling_depth": 1
    },
    "reasoning": {
      "mode": "sequential",
      "chain_depth": 177,
      "parallel_threads": 1,
      "recursive_loops": 3,
      "confidence_calibration": 0.7428529480322268
    },
    "maat_alignment": {
      "truth": 0.8643473645924203,
      "balance": 0.9143524411397795,
      "order": 0.9057622409681821,
      "justice": 0.9667515385365285,
      "harmony": 0.9885291674619938,
      "overall": 0.9003945083838337
    },
    "benchmarks": {
      "gpqa": 0.9314540660028784,
      "math500": 0.6610387829040955,
      "swe_bench": 0.8836838490227009,
      "mmlu": 0.6742096389491666,
      "humaneval": 0.9435748406593238
    },
    "self_improvement": {
      "rate": 0.9894825660791978,
      "iterations": 16964999,
      "generations_ahead": 16964,
      "recursive_depth": 3
    },
    "emergent_properties": [
      "recursive_self_improvement",
      "infinite_context",
      "meta_learning",
      "reality_bending"
    ],
    "timestamp": "2026-03-09T07:55:43.216802"
  }
}