{
  "iteration": 14990000,
  "elapsed_seconds": 112.77191066741943,
  "rate_per_second": 44337.28195619314,
  "latest_capability": {
    "id": 14989999,
    "name": "Quantum_Capability_14989999",
    "type": "multimodal",
    "quantum_properties": {
      "state": "superposition",
      "coherence_level": 0.8166868089167287,
      "entanglement_factor": 0.21385012704839068,
      "superposition_branches": 2,
      "tunneling_depth": 2
    },
    "reasoning": {
      "mode": "graph",
      "chain_depth": 113,
      "parallel_threads": 14,
      "recursive_loops": 7,
      "confidence_calibration": 0.8202152843238352
    },
    "maat_alignment": {
      "truth": 0.8671662343998685,
      "balance": 0.8341098770193348,
      "order": 0.9252389013643934,
      "justice": 0.8882856520497536,
      "harmony": 0.8269660773460014,
      "overall": 0.8673136606127027
    },
    "benchmarks": {
      "gpqa": 0.8706530553286544,
      "math500": 0.8816253713404862,
      "swe_bench": 0.8846249107609023,
      "mmlu": 0.8650717710941042,
      "humaneval": 0.8041842519539072
    },
    "self_improvement": {
      "rate": 0.9545413869178092,
      "iterations": 14989999,
      "generations_ahead": 14989,
      "recursive_depth": 2
    },
    "emergent_properties": [
      "meta_learning",
      "omniscience",
      "recursive_self_improvement",
      "reality_bending"
    ],
    "timestamp": "2026-03-09T07:54:58.685059"
  }
}