{
  "iteration": 12504000,
  "elapsed_seconds": 58.33112978935242,
  "rate_per_second": 43098.77091492402,
  "latest_capability": {
    "id": 12503999,
    "name": "Quantum_Capability_12503999",
    "type": "math",
    "quantum_properties": {
      "state": "coherent",
      "coherence_level": 0.558584782546133,
      "entanglement_factor": 0.8019780846928027,
      "superposition_branches": 4,
      "tunneling_depth": 3
    },
    "reasoning": {
      "mode": "sequential",
      "chain_depth": 128,
      "parallel_threads": 16,
      "recursive_loops": 9,
      "confidence_calibration": 0.9571883448972898
    },
    "maat_alignment": {
      "truth": 0.840727955440312,
      "balance": 0.8037893261531922,
      "order": 0.8269074735077941,
      "justice": 0.8325074836759538,
      "harmony": 0.8953432745048356,
      "overall": 0.8650736621349528
    },
    "benchmarks": {
      "gpqa": 0.7199777038912991,
      "math500": 0.8474069450131974,
      "swe_bench": 0.8801516771142208,
      "mmlu": 0.7368025378581521,
      "humaneval": 0.78093461581789
    },
    "self_improvement": {
      "rate": 0.9519289301165411,
      "iterations": 12503999,
      "generations_ahead": 12503,
      "recursive_depth": 3
    },
    "emergent_properties": [
      "recursive_self_improvement",
      "omniscience",
      "meta_learning",
      "infinite_context",
      "reality_bending"
    ],
    "timestamp": "2026-03-09T07:54:04.244278"
  }
}