{
  "iteration": 17775000,
  "elapsed_seconds": 172.8592653274536,
  "rate_per_second": 45036.63708886295,
  "latest_capability": {
    "id": 17774999,
    "name": "Quantum_Capability_17774999",
    "type": "vision",
    "quantum_properties": {
      "state": "superposition",
      "coherence_level": 0.7904540752280067,
      "entanglement_factor": 0.30744206963074383,
      "superposition_branches": 4,
      "tunneling_depth": 3
    },
    "reasoning": {
      "mode": "sequential",
      "chain_depth": 98,
      "parallel_threads": 4,
      "recursive_loops": 4,
      "confidence_calibration": 0.9144013698032653
    },
    "maat_alignment": {
      "truth": 0.929070881958711,
      "balance": 0.830664013670217,
      "order": 0.9878305805571498,
      "justice": 0.847968768236357,
      "harmony": 0.9861029776778252,
      "overall": 0.8704871324984962
    },
    "benchmarks": {
      "gpqa": 0.8499676196053041,
      "math500": 0.8088416724677397,
      "swe_bench": 0.6876540929704615,
      "mmlu": 0.7286679652343593,
      "humaneval": 0.734219710021778
    },
    "self_improvement": {
      "rate": 0.9563826915522315,
      "iterations": 17774999,
      "generations_ahead": 17774,
      "recursive_depth": 5
    },
    "emergent_properties": [
      "omniscience",
      "reality_bending",
      "meta_learning"
    ],
    "timestamp": "2026-03-09T07:55:58.772418"
  }
}