{
  "iteration": 12158000,
  "elapsed_seconds": 51.5893931388855,
  "rate_per_second": 42024.1423302549,
  "latest_capability": {
    "id": 12157999,
    "name": "Quantum_Capability_12157999",
    "type": "coding",
    "quantum_properties": {
      "state": "entangled",
      "coherence_level": 0.6253805324286223,
      "entanglement_factor": 0.8258996367562496,
      "superposition_branches": 3,
      "tunneling_depth": 5
    },
    "reasoning": {
      "mode": "graph",
      "chain_depth": 83,
      "parallel_threads": 6,
      "recursive_loops": 8,
      "confidence_calibration": 0.8925067703194474
    },
    "maat_alignment": {
      "truth": 0.976608807792059,
      "balance": 0.9180247329043424,
      "order": 0.8285675778873123,
      "justice": 0.8882911712781415,
      "harmony": 0.8567655696262797,
      "overall": 0.8832547948960647
    },
    "benchmarks": {
      "gpqa": 0.8265647229813765,
      "math500": 0.8339046817493398,
      "swe_bench": 0.8337384724432062,
      "mmlu": 0.6557559442714133,
      "humaneval": 0.7145080252907874
    },
    "self_improvement": {
      "rate": 0.9749523484432167,
      "iterations": 12157999,
      "generations_ahead": 12157,
      "recursive_depth": 1
    },
    "emergent_properties": [
      "reality_bending",
      "meta_learning",
      "omniscience",
      "self_modification",
      "transcendence",
      "infinite_context"
    ],
    "timestamp": "2026-03-09T07:53:57.502581"
  }
}