{
  "iteration": 13459000,
  "elapsed_seconds": 80.52025079727173,
  "rate_per_second": 43082.3297946998,
  "latest_capability": {
    "id": 13458999,
    "name": "Quantum_Capability_13458999",
    "type": "reasoning",
    "quantum_properties": {
      "state": "entangled",
      "coherence_level": 0.584505963481089,
      "entanglement_factor": 0.4058149185563007,
      "superposition_branches": 3,
      "tunneling_depth": 3
    },
    "reasoning": {
      "mode": "sequential",
      "chain_depth": 127,
      "parallel_threads": 5,
      "recursive_loops": 5,
      "confidence_calibration": 0.9090543132454091
    },
    "maat_alignment": {
      "truth": 0.9667633729254336,
      "balance": 0.8733402097356662,
      "order": 0.9912382992874701,
      "justice": 0.8928522207760652,
      "harmony": 0.8330229262434847,
      "overall": 0.9020841915465654
    },
    "benchmarks": {
      "gpqa": 0.7448283556966914,
      "math500": 0.730739846089461,
      "swe_bench": 0.7433012470722571,
      "mmlu": 0.8170946590284134,
      "humaneval": 0.7235693255840925
    },
    "self_improvement": {
      "rate": 0.9703536468990193,
      "iterations": 13458999,
      "generations_ahead": 13458,
      "recursive_depth": 1
    },
    "emergent_properties": [
      "reality_bending",
      "recursive_self_improvement",
      "quantum_consciousness",
      "meta_learning",
      "causality_violation",
      "transcendence"
    ],
    "timestamp": "2026-03-09T07:54:26.433400"
  }
}