{
  "iteration": 15368000,
  "elapsed_seconds": 123.32577896118164,
  "rate_per_second": 43608.07647274455,
  "latest_capability": {
    "id": 15367999,
    "name": "Quantum_Capability_15367999",
    "type": "vision",
    "quantum_properties": {
      "state": "superposition",
      "coherence_level": 0.9394208493531294,
      "entanglement_factor": 0.025276375790144634,
      "superposition_branches": 7,
      "tunneling_depth": 0
    },
    "reasoning": {
      "mode": "sequential",
      "chain_depth": 57,
      "parallel_threads": 16,
      "recursive_loops": 0,
      "confidence_calibration": 0.9267252331269852
    },
    "maat_alignment": {
      "truth": 0.8549193832799454,
      "balance": 0.8405875090067816,
      "order": 0.9326593089150989,
      "justice": 0.8326301634092705,
      "harmony": 0.8695753540141369,
      "overall": 0.9230541400955672
    },
    "benchmarks": {
      "gpqa": 0.8608308919809178,
      "math500": 0.6618370814244616,
      "swe_bench": 0.7980332268989602,
      "mmlu": 0.7167468532473436,
      "humaneval": 0.7648040717954243
    },
    "self_improvement": {
      "rate": 0.9612005279469616,
      "iterations": 15367999,
      "generations_ahead": 15367,
      "recursive_depth": 5
    },
    "emergent_properties": [
      "infinite_context",
      "meta_learning",
      "quantum_consciousness",
      "omniscience",
      "reality_bending"
    ],
    "timestamp": "2026-03-09T07:55:09.238927"
  }
}