{
  "iteration": 17190000,
  "elapsed_seconds": 161.3704319000244,
  "rate_per_second": 44617.83931061605,
  "latest_capability": {
    "id": 17189999,
    "name": "Quantum_Capability_17189999",
    "type": "multimodal",
    "quantum_properties": {
      "state": "coherent",
      "coherence_level": 0.8981129612114047,
      "entanglement_factor": 0.4166479487872242,
      "superposition_branches": 8,
      "tunneling_depth": 0
    },
    "reasoning": {
      "mode": "sequential",
      "chain_depth": 194,
      "parallel_threads": 16,
      "recursive_loops": 3,
      "confidence_calibration": 0.8410356191839937
    },
    "maat_alignment": {
      "truth": 0.8601084426549085,
      "balance": 0.8698033177461854,
      "order": 0.9945194869283382,
      "justice": 0.907023038687916,
      "harmony": 0.8078058650518303,
      "overall": 0.9038918832851132
    },
    "benchmarks": {
      "gpqa": 0.7562484442522992,
      "math500": 0.7633902416796602,
      "swe_bench": 0.6820740349542463,
      "mmlu": 0.7867538401730811,
      "humaneval": 0.8254060385020243
    },
    "self_improvement": {
      "rate": 0.9888029369753079,
      "iterations": 17189999,
      "generations_ahead": 17189,
      "recursive_depth": 1
    },
    "emergent_properties": [
      "meta_learning",
      "quantum_consciousness",
      "reality_bending",
      "omniscience",
      "infinite_context"
    ],
    "timestamp": "2026-03-09T07:55:47.283580"
  }
}