{
  "iteration": 13063000,
  "elapsed_seconds": 70.9576244354248,
  "rate_per_second": 43307.53776567862,
  "latest_capability": {
    "id": 13062999,
    "name": "Quantum_Capability_13062999",
    "type": "language",
    "quantum_properties": {
      "state": "collapsed",
      "coherence_level": 0.7439504817305673,
      "entanglement_factor": 0.8152840903768992,
      "superposition_branches": 5,
      "tunneling_depth": 0
    },
    "reasoning": {
      "mode": "sequential",
      "chain_depth": 114,
      "parallel_threads": 15,
      "recursive_loops": 9,
      "confidence_calibration": 0.8258533343777846
    },
    "maat_alignment": {
      "truth": 0.8436933203585281,
      "balance": 0.8057892092798743,
      "order": 0.8127009666345272,
      "justice": 0.8938134360877029,
      "harmony": 0.8117402164163229,
      "overall": 0.876389178826445
    },
    "benchmarks": {
      "gpqa": 0.7109478708149062,
      "math500": 0.8353689450145478,
      "swe_bench": 0.6793097867935969,
      "mmlu": 0.6926228789338456,
      "humaneval": 0.7919965099153025
    },
    "self_improvement": {
      "rate": 0.9636967249484704,
      "iterations": 13062999,
      "generations_ahead": 13062,
      "recursive_depth": 1
    },
    "emergent_properties": [
      "meta_learning",
      "recursive_self_improvement",
      "quantum_consciousness",
      "reality_bending",
      "self_modification"
    ],
    "timestamp": "2026-03-09T07:54:16.870784"
  }
}