{
  "iteration": 15029000,
  "elapsed_seconds": 116.77377414703369,
  "rate_per_second": 43151.81244082451,
  "latest_capability": {
    "id": 15028999,
    "name": "Quantum_Capability_15028999",
    "type": "multimodal",
    "quantum_properties": {
      "state": "collapsed",
      "coherence_level": 0.9253016669797334,
      "entanglement_factor": 0.36940518928396826,
      "superposition_branches": 8,
      "tunneling_depth": 5
    },
    "reasoning": {
      "mode": "sequential",
      "chain_depth": 152,
      "parallel_threads": 11,
      "recursive_loops": 4,
      "confidence_calibration": 0.8853051991619343
    },
    "maat_alignment": {
      "truth": 0.8077083980848168,
      "balance": 0.8574197421451901,
      "order": 0.9733939776215182,
      "justice": 0.8315013305071492,
      "harmony": 0.9063945700748235,
      "overall": 0.921754548210276
    },
    "benchmarks": {
      "gpqa": 0.7813923724915235,
      "math500": 0.8552062087839464,
      "swe_bench": 0.8837435900457868,
      "mmlu": 0.888081227239133,
      "humaneval": 0.8587423814626111
    },
    "self_improvement": {
      "rate": 0.9890730571341392,
      "iterations": 15028999,
      "generations_ahead": 15028,
      "recursive_depth": 0
    },
    "emergent_properties": [
      "recursive_self_improvement",
      "omniscience",
      "meta_learning",
      "reality_bending",
      "self_modification",
      "transcendence"
    ],
    "timestamp": "2026-03-09T07:55:02.686927"
  }
}