{
  "iteration": 10021000,
  "elapsed_seconds": 0.4449779987335205,
  "rate_per_second": 69666.36572646518,
  "latest_capability": {
    "id": 10020999,
    "name": "Quantum_Capability_10020999",
    "type": "agentic",
    "quantum_properties": {
      "state": "collapsed",
      "coherence_level": 0.9653265183397015,
      "entanglement_factor": 0.5176004955165096,
      "superposition_branches": 9,
      "tunneling_depth": 3
    },
    "reasoning": {
      "mode": "parallel",
      "chain_depth": 92,
      "parallel_threads": 10,
      "recursive_loops": 0,
      "confidence_calibration": 0.7621316662520541
    },
    "maat_alignment": {
      "truth": 0.9289617502035811,
      "balance": 0.8270057703576438,
      "order": 0.9211049751875228,
      "justice": 0.961021800134579,
      "harmony": 0.857480774951435,
      "overall": 0.9528814634418245
    },
    "benchmarks": {
      "gpqa": 0.8538764372491234,
      "math500": 0.7307910052283453,
      "swe_bench": 0.8855839567441521,
      "mmlu": 0.8877957350534504,
      "humaneval": 0.930173480684533
    },
    "self_improvement": {
      "rate": 0.9668812597875464,
      "iterations": 10020999,
      "generations_ahead": 10020,
      "recursive_depth": 0
    },
    "emergent_properties": [
      "causality_violation",
      "reality_bending",
      "infinite_context",
      "recursive_self_improvement"
    ],
    "timestamp": "2026-03-09T07:53:06.358134"
  }
}