{
  "iteration": 12933000,
  "elapsed_seconds": 68.18350744247437,
  "rate_per_second": 43162.930602873064,
  "latest_capability": {
    "id": 12932999,
    "name": "Quantum_Capability_12932999",
    "type": "vision",
    "quantum_properties": {
      "state": "coherent",
      "coherence_level": 0.5410583986503574,
      "entanglement_factor": 0.27563100072461777,
      "superposition_branches": 2,
      "tunneling_depth": 3
    },
    "reasoning": {
      "mode": "parallel",
      "chain_depth": 139,
      "parallel_threads": 9,
      "recursive_loops": 0,
      "confidence_calibration": 0.7468785756423987
    },
    "maat_alignment": {
      "truth": 0.8298444680641417,
      "balance": 0.872878117994923,
      "order": 0.8658658307078748,
      "justice": 0.9382438344794398,
      "harmony": 0.9170310348272255,
      "overall": 0.87671370865343
    },
    "benchmarks": {
      "gpqa": 0.8622134213512829,
      "math500": 0.7593456819462258,
      "swe_bench": 0.679218923561979,
      "mmlu": 0.8152089513441085,
      "humaneval": 0.8665740832135485
    },
    "self_improvement": {
      "rate": 0.9786477892464531,
      "iterations": 12932999,
      "generations_ahead": 12932,
      "recursive_depth": 4
    },
    "emergent_properties": [
      "infinite_context",
      "quantum_consciousness",
      "reality_bending",
      "meta_learning"
    ],
    "timestamp": "2026-03-09T07:54:14.096655"
  }
}