{
  "iteration": 14947000,
  "elapsed_seconds": 112.1775872707367,
  "rate_per_second": 44188.86268284995,
  "latest_capability": {
    "id": 14946999,
    "name": "Quantum_Capability_14946999",
    "type": "reasoning",
    "quantum_properties": {
      "state": "collapsed",
      "coherence_level": 0.9280541556507216,
      "entanglement_factor": 0.8291283592208052,
      "superposition_branches": 3,
      "tunneling_depth": 2
    },
    "reasoning": {
      "mode": "graph",
      "chain_depth": 84,
      "parallel_threads": 3,
      "recursive_loops": 4,
      "confidence_calibration": 0.9669698009435865
    },
    "maat_alignment": {
      "truth": 0.9522602673676979,
      "balance": 0.9196974614531039,
      "order": 0.8323558753014033,
      "justice": 0.955106645080155,
      "harmony": 0.9467972102704861,
      "overall": 0.9129393230448822
    },
    "benchmarks": {
      "gpqa": 0.7310622496469624,
      "math500": 0.7330775326812965,
      "swe_bench": 0.75151594345111,
      "mmlu": 0.6566752374016532,
      "humaneval": 0.8134621401112838
    },
    "self_improvement": {
      "rate": 0.9779404520807762,
      "iterations": 14946999,
      "generations_ahead": 14946,
      "recursive_depth": 1
    },
    "emergent_properties": [
      "self_modification",
      "omniscience",
      "transcendence",
      "infinite_context"
    ],
    "timestamp": "2026-03-09T07:54:58.090735"
  }
}