{
  "iteration": 13196000,
  "elapsed_seconds": 75.28605270385742,
  "rate_per_second": 42584.24880649553,
  "latest_capability": {
    "id": 13195999,
    "name": "Quantum_Capability_13195999",
    "type": "vision",
    "quantum_properties": {
      "state": "collapsed",
      "coherence_level": 0.5463768223405332,
      "entanglement_factor": 0.2358633074820049,
      "superposition_branches": 4,
      "tunneling_depth": 5
    },
    "reasoning": {
      "mode": "tree",
      "chain_depth": 93,
      "parallel_threads": 1,
      "recursive_loops": 4,
      "confidence_calibration": 0.7259125887827838
    },
    "maat_alignment": {
      "truth": 0.8880656521847626,
      "balance": 0.8859108017876616,
      "order": 0.8228706788480552,
      "justice": 0.831988202430672,
      "harmony": 0.9072932498176874,
      "overall": 0.9656664350164678
    },
    "benchmarks": {
      "gpqa": 0.9284390795887052,
      "math500": 0.883527943801417,
      "swe_bench": 0.821048458724204,
      "mmlu": 0.7439432773211574,
      "humaneval": 0.9040848180686123
    },
    "self_improvement": {
      "rate": 0.9730082517529712,
      "iterations": 13195999,
      "generations_ahead": 13195,
      "recursive_depth": 3
    },
    "emergent_properties": [
      "reality_bending",
      "omniscience",
      "transcendence",
      "meta_learning"
    ],
    "timestamp": "2026-03-09T07:54:21.199201"
  }
}