{
  "iteration": 16282000,
  "elapsed_seconds": 144.21262860298157,
  "rate_per_second": 43630.02090005531,
  "latest_capability": {
    "id": 16281999,
    "name": "Quantum_Capability_16281999",
    "type": "vision",
    "quantum_properties": {
      "state": "coherent",
      "coherence_level": 0.9386666830228518,
      "entanglement_factor": 0.10695637293341742,
      "superposition_branches": 2,
      "tunneling_depth": 2
    },
    "reasoning": {
      "mode": "graph",
      "chain_depth": 93,
      "parallel_threads": 10,
      "recursive_loops": 10,
      "confidence_calibration": 0.8179061147526381
    },
    "maat_alignment": {
      "truth": 0.9172891195708438,
      "balance": 0.9830380467481348,
      "order": 0.9946713370398778,
      "justice": 0.9437082813246978,
      "harmony": 0.9763419977159924,
      "overall": 0.8779084446151746
    },
    "benchmarks": {
      "gpqa": 0.7929958689149748,
      "math500": 0.7257362812601018,
      "swe_bench": 0.7968453825366705,
      "mmlu": 0.8869411585793722,
      "humaneval": 0.8604125179579416
    },
    "self_improvement": {
      "rate": 0.9978160774555106,
      "iterations": 16281999,
      "generations_ahead": 16281,
      "recursive_depth": 1
    },
    "emergent_properties": [
      "meta_learning",
      "causality_violation",
      "reality_bending",
      "quantum_consciousness"
    ],
    "timestamp": "2026-03-09T07:55:30.125777"
  }
}