{
  "iteration": 16262000,
  "elapsed_seconds": 143.9348599910736,
  "rate_per_second": 43575.26731459613,
  "latest_capability": {
    "id": 16261999,
    "name": "Quantum_Capability_16261999",
    "type": "reasoning",
    "quantum_properties": {
      "state": "coherent",
      "coherence_level": 0.5158122394565554,
      "entanglement_factor": 0.08335861785622523,
      "superposition_branches": 7,
      "tunneling_depth": 5
    },
    "reasoning": {
      "mode": "tree",
      "chain_depth": 130,
      "parallel_threads": 9,
      "recursive_loops": 10,
      "confidence_calibration": 0.8439429307651666
    },
    "maat_alignment": {
      "truth": 0.9979083969963611,
      "balance": 0.9645618405718026,
      "order": 0.9263070951409418,
      "justice": 0.8113890073656277,
      "harmony": 0.9420758463272169,
      "overall": 0.8550569205237785
    },
    "benchmarks": {
      "gpqa": 0.8296136391041282,
      "math500": 0.7087503225045161,
      "swe_bench": 0.8037303776120219,
      "mmlu": 0.8591362951227093,
      "humaneval": 0.8669893288861867
    },
    "self_improvement": {
      "rate": 0.9947573099801066,
      "iterations": 16261999,
      "generations_ahead": 16261,
      "recursive_depth": 2
    },
    "emergent_properties": [
      "causality_violation",
      "meta_learning",
      "self_modification",
      "recursive_self_improvement"
    ],
    "timestamp": "2026-03-09T07:55:29.848008"
  }
}