{
  "iteration": 15016000,
  "elapsed_seconds": 116.59165859222412,
  "rate_per_second": 43107.71508601903,
  "latest_capability": {
    "id": 15015999,
    "name": "Quantum_Capability_15015999",
    "type": "math",
    "quantum_properties": {
      "state": "superposition",
      "coherence_level": 0.5421818216120275,
      "entanglement_factor": 0.08706717538617625,
      "superposition_branches": 9,
      "tunneling_depth": 4
    },
    "reasoning": {
      "mode": "graph",
      "chain_depth": 106,
      "parallel_threads": 12,
      "recursive_loops": 5,
      "confidence_calibration": 0.8253626368196387
    },
    "maat_alignment": {
      "truth": 0.8637000402328191,
      "balance": 0.8516242719630216,
      "order": 0.8851828073309445,
      "justice": 0.8618560734379476,
      "harmony": 0.9341674236726071,
      "overall": 0.9444990549647069
    },
    "benchmarks": {
      "gpqa": 0.7991776721471247,
      "math500": 0.6766006310769073,
      "swe_bench": 0.8207441661549914,
      "mmlu": 0.7178197962507948,
      "humaneval": 0.9388896658966064
    },
    "self_improvement": {
      "rate": 0.9677693565982659,
      "iterations": 15015999,
      "generations_ahead": 15015,
      "recursive_depth": 1
    },
    "emergent_properties": [
      "self_modification",
      "transcendence",
      "causality_violation",
      "reality_bending",
      "omniscience"
    ],
    "timestamp": "2026-03-09T07:55:02.504807"
  }
}