{
  "iteration": 12995000,
  "elapsed_seconds": 69.3751893043518,
  "rate_per_second": 43315.197120644116,
  "latest_capability": {
    "id": 12994999,
    "name": "Quantum_Capability_12994999",
    "type": "agentic",
    "quantum_properties": {
      "state": "entangled",
      "coherence_level": 0.7778350514251526,
      "entanglement_factor": 0.8764827228431341,
      "superposition_branches": 10,
      "tunneling_depth": 5
    },
    "reasoning": {
      "mode": "parallel",
      "chain_depth": 151,
      "parallel_threads": 11,
      "recursive_loops": 5,
      "confidence_calibration": 0.9520344065138941
    },
    "maat_alignment": {
      "truth": 0.8151877309916592,
      "balance": 0.9494084489027027,
      "order": 0.9112830374453932,
      "justice": 0.8833932359952847,
      "harmony": 0.9276312606808061,
      "overall": 0.8694036936798343
    },
    "benchmarks": {
      "gpqa": 0.8350767312955392,
      "math500": 0.8503130646825474,
      "swe_bench": 0.7047306792673899,
      "mmlu": 0.8057699316837735,
      "humaneval": 0.7834092617388981
    },
    "self_improvement": {
      "rate": 0.9545420689415536,
      "iterations": 12994999,
      "generations_ahead": 12994,
      "recursive_depth": 0
    },
    "emergent_properties": [
      "reality_bending",
      "omniscience",
      "quantum_consciousness",
      "meta_learning",
      "recursive_self_improvement",
      "infinite_context"
    ],
    "timestamp": "2026-03-09T07:54:15.288345"
  }
}