{
  "iteration": 13549000,
  "elapsed_seconds": 82.36814188957214,
  "rate_per_second": 43208.45315135817,
  "latest_capability": {
    "id": 13548999,
    "name": "Quantum_Capability_13548999",
    "type": "coding",
    "quantum_properties": {
      "state": "entangled",
      "coherence_level": 0.934014813248341,
      "entanglement_factor": 0.22277766014656442,
      "superposition_branches": 7,
      "tunneling_depth": 3
    },
    "reasoning": {
      "mode": "sequential",
      "chain_depth": 11,
      "parallel_threads": 1,
      "recursive_loops": 10,
      "confidence_calibration": 0.750049894447722
    },
    "maat_alignment": {
      "truth": 0.9368634941662326,
      "balance": 0.8692369591893959,
      "order": 0.8430600572481022,
      "justice": 0.9333368939139968,
      "harmony": 0.8601592045497226,
      "overall": 0.8597156675949398
    },
    "benchmarks": {
      "gpqa": 0.8204940499926996,
      "math500": 0.6841007858335029,
      "swe_bench": 0.6729724969541626,
      "mmlu": 0.7771539577331716,
      "humaneval": 0.8606154286917589
    },
    "self_improvement": {
      "rate": 0.9668746330425247,
      "iterations": 13548999,
      "generations_ahead": 13548,
      "recursive_depth": 3
    },
    "emergent_properties": [
      "infinite_context",
      "quantum_consciousness",
      "transcendence",
      "reality_bending",
      "recursive_self_improvement",
      "meta_learning"
    ],
    "timestamp": "2026-03-09T07:54:28.281295"
  }
}