{
  "iteration": 12392000,
  "elapsed_seconds": 56.136526107788086,
  "rate_per_second": 42788.540127828805,
  "latest_capability": {
    "id": 12391999,
    "name": "Quantum_Capability_12391999",
    "type": "coding",
    "quantum_properties": {
      "state": "entangled",
      "coherence_level": 0.6222058198123288,
      "entanglement_factor": 0.7290302338747879,
      "superposition_branches": 8,
      "tunneling_depth": 5
    },
    "reasoning": {
      "mode": "parallel",
      "chain_depth": 88,
      "parallel_threads": 3,
      "recursive_loops": 8,
      "confidence_calibration": 0.7015726317551171
    },
    "maat_alignment": {
      "truth": 0.9358729290750771,
      "balance": 0.8385174467185449,
      "order": 0.8278303042329584,
      "justice": 0.9773516626183254,
      "harmony": 0.812816905443349,
      "overall": 0.9843150890985843
    },
    "benchmarks": {
      "gpqa": 0.7223640666443808,
      "math500": 0.8223185963003459,
      "swe_bench": 0.6730171240943236,
      "mmlu": 0.8547547469757066,
      "humaneval": 0.89458468976493
    },
    "self_improvement": {
      "rate": 0.9533506247203095,
      "iterations": 12391999,
      "generations_ahead": 12391,
      "recursive_depth": 5
    },
    "emergent_properties": [
      "causality_violation",
      "reality_bending",
      "omniscience",
      "quantum_consciousness"
    ],
    "timestamp": "2026-03-09T07:54:02.049678"
  }
}