{
  "iteration": 12396000,
  "elapsed_seconds": 56.19168138504028,
  "rate_per_second": 42817.7256970378,
  "latest_capability": {
    "id": 12395999,
    "name": "Quantum_Capability_12395999",
    "type": "math",
    "quantum_properties": {
      "state": "coherent",
      "coherence_level": 0.9253815545063868,
      "entanglement_factor": 0.5717890194194716,
      "superposition_branches": 3,
      "tunneling_depth": 4
    },
    "reasoning": {
      "mode": "tree",
      "chain_depth": 103,
      "parallel_threads": 5,
      "recursive_loops": 3,
      "confidence_calibration": 0.9919176280105237
    },
    "maat_alignment": {
      "truth": 0.8838475785933183,
      "balance": 0.848984042357267,
      "order": 0.9464353440302101,
      "justice": 0.9267945379398324,
      "harmony": 0.8896020871078834,
      "overall": 0.9040030047716807
    },
    "benchmarks": {
      "gpqa": 0.82902156828274,
      "math500": 0.6789729965195347,
      "swe_bench": 0.861705439556807,
      "mmlu": 0.8019055645039292,
      "humaneval": 0.8720854743349172
    },
    "self_improvement": {
      "rate": 0.9538940662055406,
      "iterations": 12395999,
      "generations_ahead": 12395,
      "recursive_depth": 1
    },
    "emergent_properties": [
      "reality_bending",
      "causality_violation",
      "omniscience",
      "recursive_self_improvement",
      "meta_learning",
      "transcendence"
    ],
    "timestamp": "2026-03-09T07:54:02.104838"
  }
}