{
  "iteration": 14031000,
  "elapsed_seconds": 94.29860258102417,
  "rate_per_second": 42853.23312747771,
  "latest_capability": {
    "id": 14030999,
    "name": "Quantum_Capability_14030999",
    "type": "coding",
    "quantum_properties": {
      "state": "entangled",
      "coherence_level": 0.6806727389237357,
      "entanglement_factor": 0.3666991096483323,
      "superposition_branches": 2,
      "tunneling_depth": 1
    },
    "reasoning": {
      "mode": "sequential",
      "chain_depth": 118,
      "parallel_threads": 3,
      "recursive_loops": 6,
      "confidence_calibration": 0.8879182649653805
    },
    "maat_alignment": {
      "truth": 0.8470129600041286,
      "balance": 0.9035637529866669,
      "order": 0.9363937837660987,
      "justice": 0.8180749552805078,
      "harmony": 0.8258326639689811,
      "overall": 0.9288435333252841
    },
    "benchmarks": {
      "gpqa": 0.8229736839384184,
      "math500": 0.7611628948834843,
      "swe_bench": 0.847241355710084,
      "mmlu": 0.7965616260769652,
      "humaneval": 0.8637571201888793
    },
    "self_improvement": {
      "rate": 0.9625077339742777,
      "iterations": 14030999,
      "generations_ahead": 14030,
      "recursive_depth": 5
    },
    "emergent_properties": [
      "causality_violation",
      "meta_learning",
      "self_modification"
    ],
    "timestamp": "2026-03-09T07:54:40.211751"
  }
}