{
  "iteration": 14517000,
  "elapsed_seconds": 103.86694979667664,
  "rate_per_second": 43584.60519791684,
  "latest_capability": {
    "id": 14516999,
    "name": "Quantum_Capability_14516999",
    "type": "multimodal",
    "quantum_properties": {
      "state": "entangled",
      "coherence_level": 0.7305022179835134,
      "entanglement_factor": 0.11304109056211187,
      "superposition_branches": 10,
      "tunneling_depth": 2
    },
    "reasoning": {
      "mode": "parallel",
      "chain_depth": 95,
      "parallel_threads": 7,
      "recursive_loops": 4,
      "confidence_calibration": 0.8662072523694851
    },
    "maat_alignment": {
      "truth": 0.9105875348031583,
      "balance": 0.9668029668685462,
      "order": 0.9252715667277978,
      "justice": 0.9750264586592228,
      "harmony": 0.9678655017774381,
      "overall": 0.869868009146784
    },
    "benchmarks": {
      "gpqa": 0.7778935711720232,
      "math500": 0.8701693794116104,
      "swe_bench": 0.7391391729462925,
      "mmlu": 0.6599727233212636,
      "humaneval": 0.8304874207294872
    },
    "self_improvement": {
      "rate": 0.9692627905908563,
      "iterations": 14516999,
      "generations_ahead": 14516,
      "recursive_depth": 1
    },
    "emergent_properties": [
      "transcendence",
      "quantum_consciousness",
      "omniscience"
    ],
    "timestamp": "2026-03-09T07:54:49.780098"
  }
}