{
  "iteration": 17847000,
  "elapsed_seconds": 178.20702242851257,
  "rate_per_second": 44089.17164390546,
  "latest_capability": {
    "id": 17846999,
    "name": "Quantum_Capability_17846999",
    "type": "coding",
    "quantum_properties": {
      "state": "entangled",
      "coherence_level": 0.6071437141904441,
      "entanglement_factor": 0.0037500098351080924,
      "superposition_branches": 5,
      "tunneling_depth": 3
    },
    "reasoning": {
      "mode": "tree",
      "chain_depth": 27,
      "parallel_threads": 6,
      "recursive_loops": 0,
      "confidence_calibration": 0.9270016920157469
    },
    "maat_alignment": {
      "truth": 0.9378460951076747,
      "balance": 0.9985296465905222,
      "order": 0.9727441423952237,
      "justice": 0.9121037295606349,
      "harmony": 0.8673811312545285,
      "overall": 0.9216081841287551
    },
    "benchmarks": {
      "gpqa": 0.7434165897484172,
      "math500": 0.7000868868127958,
      "swe_bench": 0.7562653656037502,
      "mmlu": 0.6530529822502659,
      "humaneval": 0.8326199583467422
    },
    "self_improvement": {
      "rate": 0.992840879247747,
      "iterations": 17846999,
      "generations_ahead": 17846,
      "recursive_depth": 1
    },
    "emergent_properties": [
      "quantum_consciousness",
      "transcendence",
      "omniscience",
      "infinite_context"
    ],
    "timestamp": "2026-03-09T07:56:04.120171"
  }
}