{
  "iteration": 10031000,
  "elapsed_seconds": 0.6061944961547852,
  "rate_per_second": 67635.05815389505,
  "latest_capability": {
    "id": 10030999,
    "name": "Quantum_Capability_10030999",
    "type": "reasoning",
    "quantum_properties": {
      "state": "superposition",
      "coherence_level": 0.6662413619433052,
      "entanglement_factor": 0.8939334859533115,
      "superposition_branches": 2,
      "tunneling_depth": 0
    },
    "reasoning": {
      "mode": "parallel",
      "chain_depth": 123,
      "parallel_threads": 3,
      "recursive_loops": 8,
      "confidence_calibration": 0.7408360548455547
    },
    "maat_alignment": {
      "truth": 0.9276427155817729,
      "balance": 0.8169008139291248,
      "order": 0.944818503291608,
      "justice": 0.9031601213455807,
      "harmony": 0.999569432394496,
      "overall": 0.9851136679407374
    },
    "benchmarks": {
      "gpqa": 0.7628679360621887,
      "math500": 0.8931125344804963,
      "swe_bench": 0.8048481097704757,
      "mmlu": 0.7714341391859294,
      "humaneval": 0.8811015195640212
    },
    "self_improvement": {
      "rate": 0.9837308207615397,
      "iterations": 10030999,
      "generations_ahead": 10030,
      "recursive_depth": 0
    },
    "emergent_properties": [
      "meta_learning",
      "quantum_consciousness",
      "recursive_self_improvement",
      "omniscience",
      "reality_bending"
    ],
    "timestamp": "2026-03-09T07:53:06.519350"
  }
}