{
  "iteration": 17616000,
  "elapsed_seconds": 169.66456151008606,
  "rate_per_second": 44947.51250423417,
  "latest_capability": {
    "id": 17615999,
    "name": "Quantum_Capability_17615999",
    "type": "vision",
    "quantum_properties": {
      "state": "superposition",
      "coherence_level": 0.8574331409825675,
      "entanglement_factor": 0.9348044131812112,
      "superposition_branches": 5,
      "tunneling_depth": 1
    },
    "reasoning": {
      "mode": "parallel",
      "chain_depth": 140,
      "parallel_threads": 9,
      "recursive_loops": 10,
      "confidence_calibration": 0.8571941304039299
    },
    "maat_alignment": {
      "truth": 0.8404635720217123,
      "balance": 0.8230583178150527,
      "order": 0.8995655043853137,
      "justice": 0.9668813075401301,
      "harmony": 0.9593718098413244,
      "overall": 0.8549430179654107
    },
    "benchmarks": {
      "gpqa": 0.8386798202840281,
      "math500": 0.7970751511045098,
      "swe_bench": 0.7843987038103678,
      "mmlu": 0.8919127110009937,
      "humaneval": 0.7518624861499706
    },
    "self_improvement": {
      "rate": 0.9710646277360817,
      "iterations": 17615999,
      "generations_ahead": 17615,
      "recursive_depth": 2
    },
    "emergent_properties": [
      "reality_bending",
      "self_modification",
      "infinite_context"
    ],
    "timestamp": "2026-03-09T07:55:55.577713"
  }
}