{
  "iteration": 12809000,
  "elapsed_seconds": 65.86712741851807,
  "rate_per_second": 42798.28361252412,
  "latest_capability": {
    "id": 12808999,
    "name": "Quantum_Capability_12808999",
    "type": "math",
    "quantum_properties": {
      "state": "entangled",
      "coherence_level": 0.8819299383471446,
      "entanglement_factor": 0.6927281030889231,
      "superposition_branches": 7,
      "tunneling_depth": 3
    },
    "reasoning": {
      "mode": "parallel",
      "chain_depth": 136,
      "parallel_threads": 14,
      "recursive_loops": 3,
      "confidence_calibration": 0.8115381284832683
    },
    "maat_alignment": {
      "truth": 0.8679991593029743,
      "balance": 0.8000507301428796,
      "order": 0.9079175036302901,
      "justice": 0.9212557623595936,
      "harmony": 0.9691941509253031,
      "overall": 0.8969589947883433
    },
    "benchmarks": {
      "gpqa": 0.8323138129999081,
      "math500": 0.6965849747182087,
      "swe_bench": 0.7272400240538772,
      "mmlu": 0.8912972111391594,
      "humaneval": 0.8859189135570927
    },
    "self_improvement": {
      "rate": 0.9909792810225995,
      "iterations": 12808999,
      "generations_ahead": 12808,
      "recursive_depth": 5
    },
    "emergent_properties": [
      "transcendence",
      "reality_bending",
      "omniscience"
    ],
    "timestamp": "2026-03-09T07:54:11.780280"
  }
}