{
  "iteration": 13417000,
  "elapsed_seconds": 79.62090516090393,
  "rate_per_second": 43041.45994163794,
  "latest_capability": {
    "id": 13416999,
    "name": "Quantum_Capability_13416999",
    "type": "coding",
    "quantum_properties": {
      "state": "entangled",
      "coherence_level": 0.7167508059722458,
      "entanglement_factor": 0.7386562751487825,
      "superposition_branches": 4,
      "tunneling_depth": 5
    },
    "reasoning": {
      "mode": "sequential",
      "chain_depth": 140,
      "parallel_threads": 16,
      "recursive_loops": 4,
      "confidence_calibration": 0.8447518559328265
    },
    "maat_alignment": {
      "truth": 0.8608824168314967,
      "balance": 0.839355429948943,
      "order": 0.8996990995717246,
      "justice": 0.8310047814725022,
      "harmony": 0.9319421337415241,
      "overall": 0.9776242698601976
    },
    "benchmarks": {
      "gpqa": 0.8000651042861996,
      "math500": 0.7093831945078486,
      "swe_bench": 0.8107976697671996,
      "mmlu": 0.799763568022478,
      "humaneval": 0.7281865167789233
    },
    "self_improvement": {
      "rate": 0.9869652872625717,
      "iterations": 13416999,
      "generations_ahead": 13416,
      "recursive_depth": 2
    },
    "emergent_properties": [
      "reality_bending",
      "quantum_consciousness",
      "meta_learning"
    ],
    "timestamp": "2026-03-09T07:54:25.534053"
  }
}