{
  "iteration": 11954000,
  "elapsed_seconds": 46.15058612823486,
  "rate_per_second": 42556.339253044236,
  "latest_capability": {
    "id": 11953999,
    "name": "Quantum_Capability_11953999",
    "type": "reasoning",
    "quantum_properties": {
      "state": "entangled",
      "coherence_level": 0.5213144091330505,
      "entanglement_factor": 0.328142866092772,
      "superposition_branches": 5,
      "tunneling_depth": 4
    },
    "reasoning": {
      "mode": "parallel",
      "chain_depth": 65,
      "parallel_threads": 6,
      "recursive_loops": 10,
      "confidence_calibration": 0.826787605841693
    },
    "maat_alignment": {
      "truth": 0.801466400880105,
      "balance": 0.8891248617082884,
      "order": 0.9061453824183474,
      "justice": 0.8055421419089192,
      "harmony": 0.934468881437974,
      "overall": 0.9627831827255605
    },
    "benchmarks": {
      "gpqa": 0.7090099853903096,
      "math500": 0.8398988610204525,
      "swe_bench": 0.7801798385030356,
      "mmlu": 0.7367605749521658,
      "humaneval": 0.7713285091514763
    },
    "self_improvement": {
      "rate": 0.9773120340729246,
      "iterations": 11953999,
      "generations_ahead": 11953,
      "recursive_depth": 0
    },
    "emergent_properties": [
      "recursive_self_improvement",
      "infinite_context",
      "quantum_consciousness",
      "omniscience",
      "self_modification"
    ],
    "timestamp": "2026-03-09T07:53:52.063739"
  }
}