{
  "iteration": 12656000,
  "elapsed_seconds": 62.81105136871338,
  "rate_per_second": 42444.75998897151,
  "latest_capability": {
    "id": 12655999,
    "name": "Quantum_Capability_12655999",
    "type": "vision",
    "quantum_properties": {
      "state": "entangled",
      "coherence_level": 0.724739171084184,
      "entanglement_factor": 0.5700385427403702,
      "superposition_branches": 7,
      "tunneling_depth": 5
    },
    "reasoning": {
      "mode": "sequential",
      "chain_depth": 184,
      "parallel_threads": 14,
      "recursive_loops": 5,
      "confidence_calibration": 0.7536239031701348
    },
    "maat_alignment": {
      "truth": 0.9106041310072903,
      "balance": 0.8748578002695435,
      "order": 0.8731293447938278,
      "justice": 0.9405473544644908,
      "harmony": 0.8867213036190755,
      "overall": 0.9075014296262837
    },
    "benchmarks": {
      "gpqa": 0.8826290884959979,
      "math500": 0.779262402601581,
      "swe_bench": 0.8028617061160699,
      "mmlu": 0.8932975743205678,
      "humaneval": 0.7905096989478633
    },
    "self_improvement": {
      "rate": 0.9663632401194993,
      "iterations": 12655999,
      "generations_ahead": 12655,
      "recursive_depth": 1
    },
    "emergent_properties": [
      "self_modification",
      "recursive_self_improvement",
      "omniscience",
      "meta_learning",
      "transcendence"
    ],
    "timestamp": "2026-03-09T07:54:08.724200"
  }
}