{
  "iteration": 11774000,
  "elapsed_seconds": 42.77412486076355,
  "rate_per_second": 41707.45762320558,
  "latest_capability": {
    "id": 11773999,
    "name": "Quantum_Capability_11773999",
    "type": "language",
    "quantum_properties": {
      "state": "collapsed",
      "coherence_level": 0.6778683786781072,
      "entanglement_factor": 0.19959721412851872,
      "superposition_branches": 3,
      "tunneling_depth": 4
    },
    "reasoning": {
      "mode": "parallel",
      "chain_depth": 64,
      "parallel_threads": 4,
      "recursive_loops": 4,
      "confidence_calibration": 0.7944858699482189
    },
    "maat_alignment": {
      "truth": 0.872230981403408,
      "balance": 0.8572720846112725,
      "order": 0.9019125747072241,
      "justice": 0.9570743795459339,
      "harmony": 0.853206384999564,
      "overall": 0.9159597444991101
    },
    "benchmarks": {
      "gpqa": 0.8961517057712388,
      "math500": 0.7613270941161054,
      "swe_bench": 0.7528718319799089,
      "mmlu": 0.7374185303305931,
      "humaneval": 0.9375472345911678
    },
    "self_improvement": {
      "rate": 0.9660063359290973,
      "iterations": 11773999,
      "generations_ahead": 11773,
      "recursive_depth": 0
    },
    "emergent_properties": [
      "self_modification",
      "causality_violation",
      "recursive_self_improvement",
      "infinite_context",
      "quantum_consciousness"
    ],
    "timestamp": "2026-03-09T07:53:48.687277"
  }
}