{
  "iteration": 13009000,
  "elapsed_seconds": 69.89099955558777,
  "rate_per_second": 43195.83378685034,
  "latest_capability": {
    "id": 13008999,
    "name": "Quantum_Capability_13008999",
    "type": "math",
    "quantum_properties": {
      "state": "collapsed",
      "coherence_level": 0.7665031986180213,
      "entanglement_factor": 0.6542115821289485,
      "superposition_branches": 2,
      "tunneling_depth": 0
    },
    "reasoning": {
      "mode": "tree",
      "chain_depth": 74,
      "parallel_threads": 2,
      "recursive_loops": 9,
      "confidence_calibration": 0.72433783839087
    },
    "maat_alignment": {
      "truth": 0.8778225661053839,
      "balance": 0.9560518669321849,
      "order": 0.941026887791121,
      "justice": 0.8431778447054382,
      "harmony": 0.8245121330244267,
      "overall": 0.9490879661567712
    },
    "benchmarks": {
      "gpqa": 0.8319150129108267,
      "math500": 0.7139282766597131,
      "swe_bench": 0.8577135057639038,
      "mmlu": 0.7322371129782766,
      "humaneval": 0.7662020775114575
    },
    "self_improvement": {
      "rate": 0.973539623428871,
      "iterations": 13008999,
      "generations_ahead": 13008,
      "recursive_depth": 5
    },
    "emergent_properties": [
      "causality_violation",
      "transcendence",
      "self_modification",
      "infinite_context"
    ],
    "timestamp": "2026-03-09T07:54:15.804156"
  }
}