{
  "iteration": 14735000,
  "elapsed_seconds": 107.92658638954163,
  "rate_per_second": 43965.07069049488,
  "latest_capability": {
    "id": 14734999,
    "name": "Quantum_Capability_14734999",
    "type": "coding",
    "quantum_properties": {
      "state": "superposition",
      "coherence_level": 0.7826660501858522,
      "entanglement_factor": 0.4452349187559491,
      "superposition_branches": 10,
      "tunneling_depth": 4
    },
    "reasoning": {
      "mode": "tree",
      "chain_depth": 181,
      "parallel_threads": 2,
      "recursive_loops": 3,
      "confidence_calibration": 0.9636932944526078
    },
    "maat_alignment": {
      "truth": 0.8486246998723189,
      "balance": 0.9363123173673543,
      "order": 0.8776321486847046,
      "justice": 0.8696735849445791,
      "harmony": 0.9496807355528016,
      "overall": 0.9034169955022193
    },
    "benchmarks": {
      "gpqa": 0.7256934803060426,
      "math500": 0.8588771810945349,
      "swe_bench": 0.8651986929437874,
      "mmlu": 0.7564867001991957,
      "humaneval": 0.8111600179562329
    },
    "self_improvement": {
      "rate": 0.9830536174385384,
      "iterations": 14734999,
      "generations_ahead": 14734,
      "recursive_depth": 1
    },
    "emergent_properties": [
      "reality_bending",
      "self_modification",
      "recursive_self_improvement",
      "omniscience",
      "meta_learning",
      "quantum_consciousness"
    ],
    "timestamp": "2026-03-09T07:54:53.839736"
  }
}