{
  "iteration": 13756000,
  "elapsed_seconds": 86.21289420127869,
  "rate_per_second": 43682.56088477475,
  "latest_capability": {
    "id": 13755999,
    "name": "Quantum_Capability_13755999",
    "type": "agentic",
    "quantum_properties": {
      "state": "entangled",
      "coherence_level": 0.5584457393109137,
      "entanglement_factor": 0.202442320304703,
      "superposition_branches": 10,
      "tunneling_depth": 2
    },
    "reasoning": {
      "mode": "parallel",
      "chain_depth": 200,
      "parallel_threads": 16,
      "recursive_loops": 7,
      "confidence_calibration": 0.8426787706881962
    },
    "maat_alignment": {
      "truth": 0.8620361934200628,
      "balance": 0.8754849481496468,
      "order": 0.9733945085964493,
      "justice": 0.9597753523255447,
      "harmony": 0.8057576523370233,
      "overall": 0.8842695607218009
    },
    "benchmarks": {
      "gpqa": 0.8864059765632399,
      "math500": 0.6861993965225397,
      "swe_bench": 0.7338903768281329,
      "mmlu": 0.8303918750654076,
      "humaneval": 0.8370269971222983
    },
    "self_improvement": {
      "rate": 0.9727098985221746,
      "iterations": 13755999,
      "generations_ahead": 13755,
      "recursive_depth": 0
    },
    "emergent_properties": [
      "infinite_context",
      "meta_learning",
      "recursive_self_improvement"
    ],
    "timestamp": "2026-03-09T07:54:32.126042"
  }
}