{
  "iteration": 12053000,
  "elapsed_seconds": 49.549692153930664,
  "rate_per_second": 41634.971082990814,
  "latest_capability": {
    "id": 12052999,
    "name": "Quantum_Capability_12052999",
    "type": "language",
    "quantum_properties": {
      "state": "entangled",
      "coherence_level": 0.7650227241255534,
      "entanglement_factor": 0.5023519183190229,
      "superposition_branches": 5,
      "tunneling_depth": 0
    },
    "reasoning": {
      "mode": "graph",
      "chain_depth": 188,
      "parallel_threads": 7,
      "recursive_loops": 8,
      "confidence_calibration": 0.7582222501555759
    },
    "maat_alignment": {
      "truth": 0.93602854103332,
      "balance": 0.8789756549116552,
      "order": 0.8729602473880116,
      "justice": 0.8036818856112165,
      "harmony": 0.8452495183210971,
      "overall": 0.9671956842479825
    },
    "benchmarks": {
      "gpqa": 0.7600713132911187,
      "math500": 0.7904798492306472,
      "swe_bench": 0.785335191410574,
      "mmlu": 0.8670087898655351,
      "humaneval": 0.739303054813871
    },
    "self_improvement": {
      "rate": 0.9835459157733695,
      "iterations": 12052999,
      "generations_ahead": 12052,
      "recursive_depth": 1
    },
    "emergent_properties": [
      "transcendence",
      "recursive_self_improvement",
      "omniscience",
      "meta_learning"
    ],
    "timestamp": "2026-03-09T07:53:55.462840"
  }
}