{
  "iteration": 14940000,
  "elapsed_seconds": 112.08213949203491,
  "rate_per_second": 44164.03918085245,
  "latest_capability": {
    "id": 14939999,
    "name": "Quantum_Capability_14939999",
    "type": "math",
    "quantum_properties": {
      "state": "coherent",
      "coherence_level": 0.5600485551536574,
      "entanglement_factor": 0.5720654411111469,
      "superposition_branches": 6,
      "tunneling_depth": 4
    },
    "reasoning": {
      "mode": "tree",
      "chain_depth": 178,
      "parallel_threads": 2,
      "recursive_loops": 2,
      "confidence_calibration": 0.7467956026467422
    },
    "maat_alignment": {
      "truth": 0.960928951433062,
      "balance": 0.8614061232639068,
      "order": 0.9401546216856962,
      "justice": 0.8003414501407039,
      "harmony": 0.9646912318478079,
      "overall": 0.9183946845556541
    },
    "benchmarks": {
      "gpqa": 0.9324206861194225,
      "math500": 0.6621745613949614,
      "swe_bench": 0.7675100603857387,
      "mmlu": 0.8395092501232514,
      "humaneval": 0.7493620789902631
    },
    "self_improvement": {
      "rate": 0.9882071464832404,
      "iterations": 14939999,
      "generations_ahead": 14939,
      "recursive_depth": 2
    },
    "emergent_properties": [
      "causality_violation",
      "recursive_self_improvement",
      "reality_bending",
      "meta_learning",
      "quantum_consciousness",
      "self_modification"
    ],
    "timestamp": "2026-03-09T07:54:57.995293"
  }
}