{
  "iteration": 12689000,
  "elapsed_seconds": 63.58732843399048,
  "rate_per_second": 42445.56370695478,
  "latest_capability": {
    "id": 12688999,
    "name": "Quantum_Capability_12688999",
    "type": "vision",
    "quantum_properties": {
      "state": "entangled",
      "coherence_level": 0.7311723059730839,
      "entanglement_factor": 0.4380583397420392,
      "superposition_branches": 9,
      "tunneling_depth": 0
    },
    "reasoning": {
      "mode": "tree",
      "chain_depth": 77,
      "parallel_threads": 9,
      "recursive_loops": 9,
      "confidence_calibration": 0.960832765482311
    },
    "maat_alignment": {
      "truth": 0.8626600644502289,
      "balance": 0.8933822452726227,
      "order": 0.8953692332252342,
      "justice": 0.848876853654102,
      "harmony": 0.9658661864622168,
      "overall": 0.9531501079331954
    },
    "benchmarks": {
      "gpqa": 0.7145660780559834,
      "math500": 0.7884970133757362,
      "swe_bench": 0.8126741132852828,
      "mmlu": 0.8013783567466815,
      "humaneval": 0.8701434387922404
    },
    "self_improvement": {
      "rate": 0.9920221561361318,
      "iterations": 12688999,
      "generations_ahead": 12688,
      "recursive_depth": 0
    },
    "emergent_properties": [
      "meta_learning",
      "transcendence",
      "self_modification",
      "quantum_consciousness"
    ],
    "timestamp": "2026-03-09T07:54:09.500477"
  }
}