{
  "iteration": 11622000,
  "elapsed_seconds": 38.883270502090454,
  "rate_per_second": 41971.77806615469,
  "latest_capability": {
    "id": 11621999,
    "name": "Quantum_Capability_11621999",
    "type": "reasoning",
    "quantum_properties": {
      "state": "collapsed",
      "coherence_level": 0.8523557359441918,
      "entanglement_factor": 0.1191073155611202,
      "superposition_branches": 6,
      "tunneling_depth": 1
    },
    "reasoning": {
      "mode": "tree",
      "chain_depth": 169,
      "parallel_threads": 3,
      "recursive_loops": 9,
      "confidence_calibration": 0.8443231248158294
    },
    "maat_alignment": {
      "truth": 0.9809397010412321,
      "balance": 0.9728385232001219,
      "order": 0.8056777331060412,
      "justice": 0.8639166863616425,
      "harmony": 0.8934556823018637,
      "overall": 0.8692728019023311
    },
    "benchmarks": {
      "gpqa": 0.8061851549331603,
      "math500": 0.7847377578944781,
      "swe_bench": 0.8715769167311445,
      "mmlu": 0.6771354375834341,
      "humaneval": 0.7769874160332186
    },
    "self_improvement": {
      "rate": 0.9653683865043378,
      "iterations": 11621999,
      "generations_ahead": 11621,
      "recursive_depth": 2
    },
    "emergent_properties": [
      "transcendence",
      "causality_violation",
      "omniscience"
    ],
    "timestamp": "2026-03-09T07:53:44.796424"
  }
}