{
  "iteration": 12351000,
  "elapsed_seconds": 55.25494313240051,
  "rate_per_second": 42729.208757714776,
  "latest_capability": {
    "id": 12350999,
    "name": "Quantum_Capability_12350999",
    "type": "vision",
    "quantum_properties": {
      "state": "collapsed",
      "coherence_level": 0.749487727724667,
      "entanglement_factor": 0.034968955496249454,
      "superposition_branches": 6,
      "tunneling_depth": 0
    },
    "reasoning": {
      "mode": "sequential",
      "chain_depth": 24,
      "parallel_threads": 11,
      "recursive_loops": 4,
      "confidence_calibration": 0.872506925606131
    },
    "maat_alignment": {
      "truth": 0.938821870992125,
      "balance": 0.897724798061053,
      "order": 0.9516584140522403,
      "justice": 0.9232824102665308,
      "harmony": 0.8690169324955059,
      "overall": 0.9005347838515342
    },
    "benchmarks": {
      "gpqa": 0.7683774600142416,
      "math500": 0.7267812144783862,
      "swe_bench": 0.772728442184733,
      "mmlu": 0.7564254078902032,
      "humaneval": 0.9425915008063215
    },
    "self_improvement": {
      "rate": 0.9909929764044796,
      "iterations": 12350999,
      "generations_ahead": 12350,
      "recursive_depth": 4
    },
    "emergent_properties": [
      "meta_learning",
      "causality_violation",
      "infinite_context",
      "self_modification",
      "omniscience"
    ],
    "timestamp": "2026-03-09T07:54:01.168091"
  }
}