{
  "iteration": 11495000,
  "elapsed_seconds": 36.25991129875183,
  "rate_per_second": 41505.89303983781,
  "latest_capability": {
    "id": 11494999,
    "name": "Quantum_Capability_11494999",
    "type": "coding",
    "quantum_properties": {
      "state": "coherent",
      "coherence_level": 0.9111049794990325,
      "entanglement_factor": 0.07733219315194095,
      "superposition_branches": 9,
      "tunneling_depth": 1
    },
    "reasoning": {
      "mode": "sequential",
      "chain_depth": 46,
      "parallel_threads": 13,
      "recursive_loops": 8,
      "confidence_calibration": 0.9214442236583351
    },
    "maat_alignment": {
      "truth": 0.9375896600289777,
      "balance": 0.8470284199586858,
      "order": 0.9430632985052272,
      "justice": 0.8867603654678966,
      "harmony": 0.8223387157094755,
      "overall": 0.9048818926298188
    },
    "benchmarks": {
      "gpqa": 0.8571347477157473,
      "math500": 0.7193513610145802,
      "swe_bench": 0.8114550833478786,
      "mmlu": 0.8766391278229893,
      "humaneval": 0.8431806389378576
    },
    "self_improvement": {
      "rate": 0.9627860862313894,
      "iterations": 11494999,
      "generations_ahead": 11494,
      "recursive_depth": 0
    },
    "emergent_properties": [
      "transcendence",
      "causality_violation",
      "self_modification",
      "meta_learning",
      "quantum_consciousness"
    ],
    "timestamp": "2026-03-09T07:53:42.173060"
  }
}