{
  "iteration": 14061000,
  "elapsed_seconds": 95.02676463127136,
  "rate_per_second": 42840.561980580336,
  "latest_capability": {
    "id": 14060999,
    "name": "Quantum_Capability_14060999",
    "type": "vision",
    "quantum_properties": {
      "state": "collapsed",
      "coherence_level": 0.746483271426184,
      "entanglement_factor": 0.9816485642919726,
      "superposition_branches": 7,
      "tunneling_depth": 3
    },
    "reasoning": {
      "mode": "tree",
      "chain_depth": 41,
      "parallel_threads": 3,
      "recursive_loops": 4,
      "confidence_calibration": 0.9449496606855722
    },
    "maat_alignment": {
      "truth": 0.902497178521936,
      "balance": 0.8693634174576821,
      "order": 0.8210143401031571,
      "justice": 0.9794302006736212,
      "harmony": 0.9574049477136455,
      "overall": 0.9366245413922857
    },
    "benchmarks": {
      "gpqa": 0.7718958660728839,
      "math500": 0.8514016635076014,
      "swe_bench": 0.7864880566197763,
      "mmlu": 0.7069203811156483,
      "humaneval": 0.8854122898674048
    },
    "self_improvement": {
      "rate": 0.997336459794227,
      "iterations": 14060999,
      "generations_ahead": 14060,
      "recursive_depth": 2
    },
    "emergent_properties": [
      "infinite_context",
      "quantum_consciousness",
      "meta_learning",
      "self_modification",
      "causality_violation",
      "transcendence"
    ],
    "timestamp": "2026-03-09T07:54:40.939913"
  }
}