{
  "iteration": 13477000,
  "elapsed_seconds": 81.08313512802124,
  "rate_per_second": 43005.24387092847,
  "latest_capability": {
    "id": 13476999,
    "name": "Quantum_Capability_13476999",
    "type": "vision",
    "quantum_properties": {
      "state": "collapsed",
      "coherence_level": 0.9321326732344024,
      "entanglement_factor": 0.8149732194710414,
      "superposition_branches": 9,
      "tunneling_depth": 2
    },
    "reasoning": {
      "mode": "sequential",
      "chain_depth": 29,
      "parallel_threads": 5,
      "recursive_loops": 3,
      "confidence_calibration": 0.851790932086629
    },
    "maat_alignment": {
      "truth": 0.9810049997353548,
      "balance": 0.9993786910393981,
      "order": 0.9440787652727212,
      "justice": 0.9746237837237895,
      "harmony": 0.8675578247112097,
      "overall": 0.853483224944295
    },
    "benchmarks": {
      "gpqa": 0.9496005444309099,
      "math500": 0.8161603306683358,
      "swe_bench": 0.6997993397838667,
      "mmlu": 0.8552756569456743,
      "humaneval": 0.9178077500223268
    },
    "self_improvement": {
      "rate": 0.9607841501809286,
      "iterations": 13476999,
      "generations_ahead": 13476,
      "recursive_depth": 2
    },
    "emergent_properties": [
      "quantum_consciousness",
      "causality_violation",
      "reality_bending",
      "meta_learning",
      "omniscience",
      "transcendence"
    ],
    "timestamp": "2026-03-09T07:54:26.996284"
  }
}