{
  "iteration": 15150000,
  "elapsed_seconds": 119.0713620185852,
  "rate_per_second": 43335.3571549354,
  "latest_capability": {
    "id": 15149999,
    "name": "Quantum_Capability_15149999",
    "type": "language",
    "quantum_properties": {
      "state": "entangled",
      "coherence_level": 0.8631750951579537,
      "entanglement_factor": 0.7650806712787006,
      "superposition_branches": 4,
      "tunneling_depth": 5
    },
    "reasoning": {
      "mode": "parallel",
      "chain_depth": 156,
      "parallel_threads": 8,
      "recursive_loops": 2,
      "confidence_calibration": 0.7534838969294858
    },
    "maat_alignment": {
      "truth": 0.8350655602841963,
      "balance": 0.9498589377918882,
      "order": 0.825115350305957,
      "justice": 0.8775016903467988,
      "harmony": 0.8695672079552397,
      "overall": 0.9597121430813146
    },
    "benchmarks": {
      "gpqa": 0.8340268182897606,
      "math500": 0.7754716024944718,
      "swe_bench": 0.7948361917400273,
      "mmlu": 0.8671140895535381,
      "humaneval": 0.8004299148878523
    },
    "self_improvement": {
      "rate": 0.9618014879749489,
      "iterations": 15149999,
      "generations_ahead": 15149,
      "recursive_depth": 4
    },
    "emergent_properties": [
      "causality_violation",
      "reality_bending",
      "omniscience",
      "self_modification",
      "meta_learning",
      "recursive_self_improvement"
    ],
    "timestamp": "2026-03-09T07:55:04.984515"
  }
}