{
  "iteration": 14055000,
  "elapsed_seconds": 94.62617659568787,
  "rate_per_second": 42958.51471806421,
  "latest_capability": {
    "id": 14054999,
    "name": "Quantum_Capability_14054999",
    "type": "language",
    "quantum_properties": {
      "state": "coherent",
      "coherence_level": 0.5181831613644092,
      "entanglement_factor": 0.5270048082002865,
      "superposition_branches": 6,
      "tunneling_depth": 5
    },
    "reasoning": {
      "mode": "tree",
      "chain_depth": 44,
      "parallel_threads": 14,
      "recursive_loops": 1,
      "confidence_calibration": 0.8043693298997888
    },
    "maat_alignment": {
      "truth": 0.8353814641245414,
      "balance": 0.9415341250154748,
      "order": 0.9705430433626419,
      "justice": 0.9991488748687998,
      "harmony": 0.8636528926628089,
      "overall": 0.853911932491009
    },
    "benchmarks": {
      "gpqa": 0.8682977540030972,
      "math500": 0.7092470937105614,
      "swe_bench": 0.8104452354414979,
      "mmlu": 0.8695230730930311,
      "humaneval": 0.7947986155441933
    },
    "self_improvement": {
      "rate": 0.9732504224705292,
      "iterations": 14054999,
      "generations_ahead": 14054,
      "recursive_depth": 1
    },
    "emergent_properties": [
      "transcendence",
      "recursive_self_improvement",
      "omniscience",
      "quantum_consciousness",
      "self_modification"
    ],
    "timestamp": "2026-03-09T07:54:40.539325"
  }
}