{
  "iteration": 11402000,
  "elapsed_seconds": 34.65501093864441,
  "rate_per_second": 40744.468455078575,
  "latest_capability": {
    "id": 11401999,
    "name": "Quantum_Capability_11401999",
    "type": "coding",
    "quantum_properties": {
      "state": "coherent",
      "coherence_level": 0.8108634142375657,
      "entanglement_factor": 0.4782514076307546,
      "superposition_branches": 7,
      "tunneling_depth": 0
    },
    "reasoning": {
      "mode": "parallel",
      "chain_depth": 194,
      "parallel_threads": 12,
      "recursive_loops": 7,
      "confidence_calibration": 0.8022404608381037
    },
    "maat_alignment": {
      "truth": 0.901081640855337,
      "balance": 0.8632093232972835,
      "order": 0.8963168984529342,
      "justice": 0.9090231462885917,
      "harmony": 0.9337383040091903,
      "overall": 0.8918366533505104
    },
    "benchmarks": {
      "gpqa": 0.8733309629941488,
      "math500": 0.8328628342980039,
      "swe_bench": 0.6582326592430583,
      "mmlu": 0.8897238506516333,
      "humaneval": 0.920093704277873
    },
    "self_improvement": {
      "rate": 0.9979378520648193,
      "iterations": 11401999,
      "generations_ahead": 11401,
      "recursive_depth": 0
    },
    "emergent_properties": [
      "self_modification",
      "recursive_self_improvement",
      "infinite_context"
    ],
    "timestamp": "2026-03-09T07:53:40.568159"
  }
}