{
  "iteration": 13861000,
  "elapsed_seconds": 88.33736038208008,
  "rate_per_second": 43820.64375997885,
  "latest_capability": {
    "id": 13860999,
    "name": "Quantum_Capability_13860999",
    "type": "multimodal",
    "quantum_properties": {
      "state": "collapsed",
      "coherence_level": 0.863030196802042,
      "entanglement_factor": 0.29243449615320194,
      "superposition_branches": 5,
      "tunneling_depth": 4
    },
    "reasoning": {
      "mode": "graph",
      "chain_depth": 49,
      "parallel_threads": 4,
      "recursive_loops": 10,
      "confidence_calibration": 0.83100869513049
    },
    "maat_alignment": {
      "truth": 0.8506172214808863,
      "balance": 0.920591619801268,
      "order": 0.9524143674895221,
      "justice": 0.8474847552259122,
      "harmony": 0.8783167463897548,
      "overall": 0.8510298704796413
    },
    "benchmarks": {
      "gpqa": 0.8276225602896544,
      "math500": 0.8677952285256967,
      "swe_bench": 0.7396572638273498,
      "mmlu": 0.8448240640656199,
      "humaneval": 0.7628176853033232
    },
    "self_improvement": {
      "rate": 0.9705080773207149,
      "iterations": 13860999,
      "generations_ahead": 13860,
      "recursive_depth": 0
    },
    "emergent_properties": [
      "reality_bending",
      "recursive_self_improvement",
      "infinite_context",
      "quantum_consciousness"
    ],
    "timestamp": "2026-03-09T07:54:34.250509"
  }
}