{
  "iteration": 10895000,
  "elapsed_seconds": 21.94921326637268,
  "rate_per_second": 41231.54616145201,
  "latest_capability": {
    "id": 10894999,
    "name": "Quantum_Capability_10894999",
    "type": "agentic",
    "quantum_properties": {
      "state": "superposition",
      "coherence_level": 0.9161589337793905,
      "entanglement_factor": 0.36356069112732725,
      "superposition_branches": 1,
      "tunneling_depth": 3
    },
    "reasoning": {
      "mode": "sequential",
      "chain_depth": 39,
      "parallel_threads": 12,
      "recursive_loops": 10,
      "confidence_calibration": 0.7811679244364848
    },
    "maat_alignment": {
      "truth": 0.9343161291065848,
      "balance": 0.9018218725378652,
      "order": 0.8683368931948456,
      "justice": 0.8888027308678671,
      "harmony": 0.8069077822806544,
      "overall": 0.990574303666923
    },
    "benchmarks": {
      "gpqa": 0.8110328801937788,
      "math500": 0.6890218303009,
      "swe_bench": 0.7154248227991454,
      "mmlu": 0.7031853968779839,
      "humaneval": 0.8005081335111411
    },
    "self_improvement": {
      "rate": 0.9564656193104777,
      "iterations": 10894999,
      "generations_ahead": 10894,
      "recursive_depth": 1
    },
    "emergent_properties": [
      "reality_bending",
      "omniscience",
      "self_modification",
      "transcendence",
      "causality_violation"
    ],
    "timestamp": "2026-03-09T07:53:27.862362"
  }
}