{
  "iteration": 13526000,
  "elapsed_seconds": 81.75266194343567,
  "rate_per_second": 43252.41424489081,
  "latest_capability": {
    "id": 13525999,
    "name": "Quantum_Capability_13525999",
    "type": "coding",
    "quantum_properties": {
      "state": "collapsed",
      "coherence_level": 0.8976048804210772,
      "entanglement_factor": 0.024182463423737977,
      "superposition_branches": 9,
      "tunneling_depth": 2
    },
    "reasoning": {
      "mode": "graph",
      "chain_depth": 190,
      "parallel_threads": 7,
      "recursive_loops": 2,
      "confidence_calibration": 0.7665086465635145
    },
    "maat_alignment": {
      "truth": 0.9133792149524327,
      "balance": 0.8450281552265871,
      "order": 0.8408501833579989,
      "justice": 0.9534432578746708,
      "harmony": 0.9639522458349533,
      "overall": 0.9355393414017956
    },
    "benchmarks": {
      "gpqa": 0.7475551347500419,
      "math500": 0.8190353504387893,
      "swe_bench": 0.7992328077702446,
      "mmlu": 0.8033747223700858,
      "humaneval": 0.7761499454602847
    },
    "self_improvement": {
      "rate": 0.988147568744298,
      "iterations": 13525999,
      "generations_ahead": 13525,
      "recursive_depth": 3
    },
    "emergent_properties": [
      "self_modification",
      "infinite_context",
      "quantum_consciousness",
      "omniscience"
    ],
    "timestamp": "2026-03-09T07:54:27.665810"
  }
}