{
  "iteration": 11096000,
  "elapsed_seconds": 26.60617995262146,
  "rate_per_second": 41569.28961502524,
  "latest_capability": {
    "id": 11095999,
    "name": "Quantum_Capability_11095999",
    "type": "language",
    "quantum_properties": {
      "state": "coherent",
      "coherence_level": 0.8002314494422755,
      "entanglement_factor": 0.781281005940376,
      "superposition_branches": 5,
      "tunneling_depth": 0
    },
    "reasoning": {
      "mode": "tree",
      "chain_depth": 79,
      "parallel_threads": 4,
      "recursive_loops": 0,
      "confidence_calibration": 0.9942478863522282
    },
    "maat_alignment": {
      "truth": 0.9387772643655105,
      "balance": 0.8569043840713435,
      "order": 0.894509495806998,
      "justice": 0.8428972206401752,
      "harmony": 0.9005737647969608,
      "overall": 0.9977033330478791
    },
    "benchmarks": {
      "gpqa": 0.9030096936531083,
      "math500": 0.7577054400206045,
      "swe_bench": 0.8571767486775387,
      "mmlu": 0.7507975501301039,
      "humaneval": 0.9303693509388431
    },
    "self_improvement": {
      "rate": 0.9810253027566084,
      "iterations": 11095999,
      "generations_ahead": 11095,
      "recursive_depth": 1
    },
    "emergent_properties": [
      "causality_violation",
      "recursive_self_improvement",
      "transcendence"
    ],
    "timestamp": "2026-03-09T07:53:32.519328"
  }
}