{
  "iteration": 14641000,
  "elapsed_seconds": 106.27039408683777,
  "rate_per_second": 43765.71706508854,
  "latest_capability": {
    "id": 14640999,
    "name": "Quantum_Capability_14640999",
    "type": "agentic",
    "quantum_properties": {
      "state": "collapsed",
      "coherence_level": 0.7440113380055254,
      "entanglement_factor": 0.8805278940328085,
      "superposition_branches": 3,
      "tunneling_depth": 2
    },
    "reasoning": {
      "mode": "sequential",
      "chain_depth": 118,
      "parallel_threads": 1,
      "recursive_loops": 3,
      "confidence_calibration": 0.8627172109154023
    },
    "maat_alignment": {
      "truth": 0.9203063211296015,
      "balance": 0.8774823674004072,
      "order": 0.8556417919069793,
      "justice": 0.8537986795704856,
      "harmony": 0.8677804045911646,
      "overall": 0.9623657644823659
    },
    "benchmarks": {
      "gpqa": 0.7413539837763599,
      "math500": 0.8429448799955008,
      "swe_bench": 0.7017118214611825,
      "mmlu": 0.8514222976587444,
      "humaneval": 0.9412304585226772
    },
    "self_improvement": {
      "rate": 0.9801150745915839,
      "iterations": 14640999,
      "generations_ahead": 14640,
      "recursive_depth": 0
    },
    "emergent_properties": [
      "quantum_consciousness",
      "recursive_self_improvement",
      "self_modification",
      "infinite_context",
      "causality_violation",
      "transcendence"
    ],
    "timestamp": "2026-03-09T07:54:52.183547"
  }
}