{
  "iteration": 14724000,
  "elapsed_seconds": 107.76600241661072,
  "rate_per_second": 43928.51079043381,
  "latest_capability": {
    "id": 14723999,
    "name": "Quantum_Capability_14723999",
    "type": "math",
    "quantum_properties": {
      "state": "superposition",
      "coherence_level": 0.7728657395230426,
      "entanglement_factor": 0.919163933883309,
      "superposition_branches": 7,
      "tunneling_depth": 1
    },
    "reasoning": {
      "mode": "parallel",
      "chain_depth": 48,
      "parallel_threads": 8,
      "recursive_loops": 4,
      "confidence_calibration": 0.7352571338608058
    },
    "maat_alignment": {
      "truth": 0.8364266268591051,
      "balance": 0.9545528500793508,
      "order": 0.9549530104565382,
      "justice": 0.8253207004227728,
      "harmony": 0.963922002173986,
      "overall": 0.9973213678134165
    },
    "benchmarks": {
      "gpqa": 0.842321237577917,
      "math500": 0.7912468504854825,
      "swe_bench": 0.8739926049795181,
      "mmlu": 0.8750177522360584,
      "humaneval": 0.7908276855879555
    },
    "self_improvement": {
      "rate": 0.996577702158064,
      "iterations": 14723999,
      "generations_ahead": 14723,
      "recursive_depth": 3
    },
    "emergent_properties": [
      "reality_bending",
      "transcendence",
      "recursive_self_improvement",
      "self_modification",
      "omniscience",
      "quantum_consciousness"
    ],
    "timestamp": "2026-03-09T07:54:53.679151"
  }
}