{
  "iteration": 14293000,
  "elapsed_seconds": 99.47076272964478,
  "rate_per_second": 43258.94244618674,
  "latest_capability": {
    "id": 14292999,
    "name": "Quantum_Capability_14292999",
    "type": "math",
    "quantum_properties": {
      "state": "coherent",
      "coherence_level": 0.7878858215602175,
      "entanglement_factor": 0.1658528061510144,
      "superposition_branches": 5,
      "tunneling_depth": 3
    },
    "reasoning": {
      "mode": "tree",
      "chain_depth": 28,
      "parallel_threads": 13,
      "recursive_loops": 3,
      "confidence_calibration": 0.9647198833708804
    },
    "maat_alignment": {
      "truth": 0.8980147167905449,
      "balance": 0.9725111573113621,
      "order": 0.8946062750951269,
      "justice": 0.8171569206981333,
      "harmony": 0.9882001111964478,
      "overall": 0.9360303240684716
    },
    "benchmarks": {
      "gpqa": 0.7591657442491502,
      "math500": 0.742675006387412,
      "swe_bench": 0.6549332206878694,
      "mmlu": 0.82512793007156,
      "humaneval": 0.948066928160054
    },
    "self_improvement": {
      "rate": 0.9795088703871369,
      "iterations": 14292999,
      "generations_ahead": 14292,
      "recursive_depth": 4
    },
    "emergent_properties": [
      "recursive_self_improvement",
      "transcendence",
      "reality_bending",
      "causality_violation",
      "self_modification",
      "quantum_consciousness"
    ],
    "timestamp": "2026-03-09T07:54:45.383916"
  }
}