{
  "iteration": 10198000,
  "elapsed_seconds": 4.450660705566406,
  "rate_per_second": 46734.63419484124,
  "latest_capability": {
    "id": 10197999,
    "name": "Quantum_Capability_10197999",
    "type": "agentic",
    "quantum_properties": {
      "state": "superposition",
      "coherence_level": 0.5549103028862397,
      "entanglement_factor": 0.8321817525693648,
      "superposition_branches": 1,
      "tunneling_depth": 3
    },
    "reasoning": {
      "mode": "sequential",
      "chain_depth": 13,
      "parallel_threads": 16,
      "recursive_loops": 3,
      "confidence_calibration": 0.7719883603678458
    },
    "maat_alignment": {
      "truth": 0.9654843301480271,
      "balance": 0.8877521272467876,
      "order": 0.8577845443520836,
      "justice": 0.9463425906855026,
      "harmony": 0.9568988578508535,
      "overall": 0.9285737784715672
    },
    "benchmarks": {
      "gpqa": 0.7437145073575966,
      "math500": 0.7099681067631021,
      "swe_bench": 0.7735287917577556,
      "mmlu": 0.8454765147822113,
      "humaneval": 0.7230273422041913
    },
    "self_improvement": {
      "rate": 0.9598092393206412,
      "iterations": 10197999,
      "generations_ahead": 10197,
      "recursive_depth": 4
    },
    "emergent_properties": [
      "quantum_consciousness",
      "transcendence",
      "self_modification",
      "recursive_self_improvement",
      "causality_violation",
      "infinite_context"
    ],
    "timestamp": "2026-03-09T07:53:10.363813"
  }
}