{
  "iteration": 17751000,
  "elapsed_seconds": 172.5202760696411,
  "rate_per_second": 44986.01658199946,
  "latest_capability": {
    "id": 17750999,
    "name": "Quantum_Capability_17750999",
    "type": "multimodal",
    "quantum_properties": {
      "state": "superposition",
      "coherence_level": 0.5811121838123945,
      "entanglement_factor": 0.8458280354675227,
      "superposition_branches": 1,
      "tunneling_depth": 0
    },
    "reasoning": {
      "mode": "tree",
      "chain_depth": 55,
      "parallel_threads": 5,
      "recursive_loops": 8,
      "confidence_calibration": 0.9649328606579991
    },
    "maat_alignment": {
      "truth": 0.9677311504205774,
      "balance": 0.9463910657752379,
      "order": 0.8752942478532849,
      "justice": 0.9971309017558188,
      "harmony": 0.8104445961405147,
      "overall": 0.8737924315469335
    },
    "benchmarks": {
      "gpqa": 0.8146577395365647,
      "math500": 0.7307784497182213,
      "swe_bench": 0.8097554543447805,
      "mmlu": 0.8913169379205874,
      "humaneval": 0.7012925605646732
    },
    "self_improvement": {
      "rate": 0.9760622920956449,
      "iterations": 17750999,
      "generations_ahead": 17750,
      "recursive_depth": 3
    },
    "emergent_properties": [
      "meta_learning",
      "causality_violation",
      "transcendence",
      "quantum_consciousness",
      "self_modification"
    ],
    "timestamp": "2026-03-09T07:55:58.433434"
  }
}