{
  "iteration": 11742000,
  "elapsed_seconds": 42.02724242210388,
  "rate_per_second": 41687.24615342714,
  "latest_capability": {
    "id": 11741999,
    "name": "Quantum_Capability_11741999",
    "type": "coding",
    "quantum_properties": {
      "state": "entangled",
      "coherence_level": 0.9646863953529827,
      "entanglement_factor": 0.3852151081972356,
      "superposition_branches": 4,
      "tunneling_depth": 4
    },
    "reasoning": {
      "mode": "parallel",
      "chain_depth": 86,
      "parallel_threads": 6,
      "recursive_loops": 10,
      "confidence_calibration": 0.712165797175159
    },
    "maat_alignment": {
      "truth": 0.9311404247445351,
      "balance": 0.8759700702650128,
      "order": 0.9130492522648409,
      "justice": 0.9334291479895547,
      "harmony": 0.9886681967875672,
      "overall": 0.8708059439814645
    },
    "benchmarks": {
      "gpqa": 0.7070420509141103,
      "math500": 0.7900074705374452,
      "swe_bench": 0.8115547793805188,
      "mmlu": 0.660508362784193,
      "humaneval": 0.7325762661058886
    },
    "self_improvement": {
      "rate": 0.9608734267133524,
      "iterations": 11741999,
      "generations_ahead": 11741,
      "recursive_depth": 4
    },
    "emergent_properties": [
      "causality_violation",
      "meta_learning",
      "omniscience",
      "reality_bending"
    ],
    "timestamp": "2026-03-09T07:53:47.940395"
  }
}