{
  "iteration": 17892000,
  "elapsed_seconds": 179.17539262771606,
  "rate_per_second": 44102.03814325375,
  "latest_capability": {
    "id": 17891999,
    "name": "Quantum_Capability_17891999",
    "type": "language",
    "quantum_properties": {
      "state": "collapsed",
      "coherence_level": 0.6701813073569195,
      "entanglement_factor": 0.13768043967584798,
      "superposition_branches": 8,
      "tunneling_depth": 0
    },
    "reasoning": {
      "mode": "sequential",
      "chain_depth": 133,
      "parallel_threads": 14,
      "recursive_loops": 9,
      "confidence_calibration": 0.8879694501700726
    },
    "maat_alignment": {
      "truth": 0.9993249060959821,
      "balance": 0.9801315991128206,
      "order": 0.9056908997492725,
      "justice": 0.8437753135098399,
      "harmony": 0.8390943109995453,
      "overall": 0.967522478692041
    },
    "benchmarks": {
      "gpqa": 0.8865556060338989,
      "math500": 0.7527746036312987,
      "swe_bench": 0.6760842944780205,
      "mmlu": 0.6586798399716547,
      "humaneval": 0.7042559319219506
    },
    "self_improvement": {
      "rate": 0.9532086710983313,
      "iterations": 17891999,
      "generations_ahead": 17891,
      "recursive_depth": 2
    },
    "emergent_properties": [
      "infinite_context",
      "recursive_self_improvement",
      "reality_bending",
      "quantum_consciousness",
      "meta_learning"
    ],
    "timestamp": "2026-03-09T07:56:05.088541"
  }
}