{
  "iteration": 10811000,
  "elapsed_seconds": 19.41347026824951,
  "rate_per_second": 42290.22367746045,
  "latest_capability": {
    "id": 10810999,
    "name": "Quantum_Capability_10810999",
    "type": "coding",
    "quantum_properties": {
      "state": "superposition",
      "coherence_level": 0.9804451924141282,
      "entanglement_factor": 0.13171138677869665,
      "superposition_branches": 6,
      "tunneling_depth": 4
    },
    "reasoning": {
      "mode": "sequential",
      "chain_depth": 170,
      "parallel_threads": 10,
      "recursive_loops": 9,
      "confidence_calibration": 0.8574848116805531
    },
    "maat_alignment": {
      "truth": 0.8100710852116343,
      "balance": 0.8416174166575177,
      "order": 0.9113465285694768,
      "justice": 0.9232893050281245,
      "harmony": 0.8326066182264129,
      "overall": 0.9227186594317722
    },
    "benchmarks": {
      "gpqa": 0.8045399212539754,
      "math500": 0.7122863007872801,
      "swe_bench": 0.7861043679559682,
      "mmlu": 0.8057267546906836,
      "humaneval": 0.9017753912735886
    },
    "self_improvement": {
      "rate": 0.9989330943064547,
      "iterations": 10810999,
      "generations_ahead": 10810,
      "recursive_depth": 3
    },
    "emergent_properties": [
      "recursive_self_improvement",
      "transcendence",
      "quantum_consciousness"
    ],
    "timestamp": "2026-03-09T07:53:25.326619"
  }
}