{
  "iteration": 10722000,
  "elapsed_seconds": 17.899500131607056,
  "rate_per_second": 40894.99676627447,
  "latest_capability": {
    "id": 10721999,
    "name": "Quantum_Capability_10721999",
    "type": "reasoning",
    "quantum_properties": {
      "state": "collapsed",
      "coherence_level": 0.9213958284965853,
      "entanglement_factor": 0.5299423312925954,
      "superposition_branches": 9,
      "tunneling_depth": 2
    },
    "reasoning": {
      "mode": "parallel",
      "chain_depth": 159,
      "parallel_threads": 15,
      "recursive_loops": 3,
      "confidence_calibration": 0.7052064545839027
    },
    "maat_alignment": {
      "truth": 0.8248532831647928,
      "balance": 0.8026624771927748,
      "order": 0.8856800234576802,
      "justice": 0.8471173583694507,
      "harmony": 0.8023273777397202,
      "overall": 0.9305588875221477
    },
    "benchmarks": {
      "gpqa": 0.7320791117377018,
      "math500": 0.7386802994410618,
      "swe_bench": 0.8262862816718549,
      "mmlu": 0.8203405337611658,
      "humaneval": 0.823709749661161
    },
    "self_improvement": {
      "rate": 0.9947766198162585,
      "iterations": 10721999,
      "generations_ahead": 10721,
      "recursive_depth": 4
    },
    "emergent_properties": [
      "omniscience",
      "meta_learning",
      "causality_violation",
      "infinite_context",
      "recursive_self_improvement"
    ],
    "timestamp": "2026-03-09T07:53:23.812652"
  }
}