{
  "iteration": 17167000,
  "elapsed_seconds": 161.05181050300598,
  "rate_per_second": 44563.29908732099,
  "latest_capability": {
    "id": 17166999,
    "name": "Quantum_Capability_17166999",
    "type": "reasoning",
    "quantum_properties": {
      "state": "superposition",
      "coherence_level": 0.8568748592131801,
      "entanglement_factor": 0.21129149372386213,
      "superposition_branches": 7,
      "tunneling_depth": 4
    },
    "reasoning": {
      "mode": "sequential",
      "chain_depth": 100,
      "parallel_threads": 14,
      "recursive_loops": 9,
      "confidence_calibration": 0.7965613149043959
    },
    "maat_alignment": {
      "truth": 0.8891288974598749,
      "balance": 0.9137670541994649,
      "order": 0.9168615257272821,
      "justice": 0.9140890856193191,
      "harmony": 0.9924764721584282,
      "overall": 0.9598922558209273
    },
    "benchmarks": {
      "gpqa": 0.7273361425604727,
      "math500": 0.7807770350978038,
      "swe_bench": 0.6737642187960264,
      "mmlu": 0.896962687909457,
      "humaneval": 0.8358597875890085
    },
    "self_improvement": {
      "rate": 0.972204634186526,
      "iterations": 17166999,
      "generations_ahead": 17166,
      "recursive_depth": 3
    },
    "emergent_properties": [
      "causality_violation",
      "recursive_self_improvement",
      "transcendence",
      "infinite_context"
    ],
    "timestamp": "2026-03-09T07:55:46.964959"
  }
}