{
  "iteration": 11227000,
  "elapsed_seconds": 29.363534688949585,
  "rate_per_second": 42127.080853979125,
  "latest_capability": {
    "id": 11226999,
    "name": "Quantum_Capability_11226999",
    "type": "coding",
    "quantum_properties": {
      "state": "superposition",
      "coherence_level": 0.7704484763174402,
      "entanglement_factor": 0.22616211998871372,
      "superposition_branches": 10,
      "tunneling_depth": 5
    },
    "reasoning": {
      "mode": "graph",
      "chain_depth": 179,
      "parallel_threads": 13,
      "recursive_loops": 6,
      "confidence_calibration": 0.7946348242592446
    },
    "maat_alignment": {
      "truth": 0.8239725953124922,
      "balance": 0.9533449252789339,
      "order": 0.9236013362294534,
      "justice": 0.8189970179229149,
      "harmony": 0.8005534386221999,
      "overall": 0.9067127593552181
    },
    "benchmarks": {
      "gpqa": 0.9022320754521023,
      "math500": 0.8017487202702002,
      "swe_bench": 0.7023169346631806,
      "mmlu": 0.664376155261307,
      "humaneval": 0.8862007794240451
    },
    "self_improvement": {
      "rate": 0.9578180793139613,
      "iterations": 11226999,
      "generations_ahead": 11226,
      "recursive_depth": 5
    },
    "emergent_properties": [
      "causality_violation",
      "quantum_consciousness",
      "self_modification",
      "infinite_context"
    ],
    "timestamp": "2026-03-09T07:53:35.276683"
  }
}