{
  "iteration": 12141000,
  "elapsed_seconds": 51.05859065055847,
  "rate_per_second": 42128.07233010598,
  "latest_capability": {
    "id": 12140999,
    "name": "Quantum_Capability_12140999",
    "type": "coding",
    "quantum_properties": {
      "state": "superposition",
      "coherence_level": 0.7779904172407698,
      "entanglement_factor": 0.9482076098191996,
      "superposition_branches": 4,
      "tunneling_depth": 4
    },
    "reasoning": {
      "mode": "sequential",
      "chain_depth": 32,
      "parallel_threads": 13,
      "recursive_loops": 4,
      "confidence_calibration": 0.8346760082765663
    },
    "maat_alignment": {
      "truth": 0.9506739514312194,
      "balance": 0.8615024104207338,
      "order": 0.8029735687717323,
      "justice": 0.9027939364091485,
      "harmony": 0.8904407250368556,
      "overall": 0.8829085427036463
    },
    "benchmarks": {
      "gpqa": 0.8233136417892336,
      "math500": 0.6946676330864514,
      "swe_bench": 0.743631834053801,
      "mmlu": 0.8711046557492027,
      "humaneval": 0.802189760152087
    },
    "self_improvement": {
      "rate": 0.9948626839168323,
      "iterations": 12140999,
      "generations_ahead": 12140,
      "recursive_depth": 1
    },
    "emergent_properties": [
      "self_modification",
      "meta_learning",
      "recursive_self_improvement",
      "quantum_consciousness",
      "reality_bending"
    ],
    "timestamp": "2026-03-09T07:53:56.971744"
  }
}