{
  "iteration": 11040000,
  "elapsed_seconds": 25.22020673751831,
  "rate_per_second": 41633.282824680005,
  "latest_capability": {
    "id": 11039999,
    "name": "Quantum_Capability_11039999",
    "type": "language",
    "quantum_properties": {
      "state": "coherent",
      "coherence_level": 0.6416477992424614,
      "entanglement_factor": 0.43168348410113444,
      "superposition_branches": 1,
      "tunneling_depth": 0
    },
    "reasoning": {
      "mode": "sequential",
      "chain_depth": 158,
      "parallel_threads": 16,
      "recursive_loops": 3,
      "confidence_calibration": 0.7053655152282761
    },
    "maat_alignment": {
      "truth": 0.8442822558057973,
      "balance": 0.914686773526133,
      "order": 0.9939852458633562,
      "justice": 0.9443085463733316,
      "harmony": 0.9809267257695907,
      "overall": 0.9118963612914641
    },
    "benchmarks": {
      "gpqa": 0.8089653811778362,
      "math500": 0.8232465871123484,
      "swe_bench": 0.6502224604899464,
      "mmlu": 0.8344121321465827,
      "humaneval": 0.8563553011961555
    },
    "self_improvement": {
      "rate": 0.9608898581141613,
      "iterations": 11039999,
      "generations_ahead": 11039,
      "recursive_depth": 3
    },
    "emergent_properties": [
      "self_modification",
      "omniscience",
      "infinite_context",
      "quantum_consciousness"
    ],
    "timestamp": "2026-03-09T07:53:31.133359"
  }
}