{
  "iteration": 10411000,
  "elapsed_seconds": 9.824926376342773,
  "rate_per_second": 42850.193871550706,
  "latest_capability": {
    "id": 10410999,
    "name": "Quantum_Capability_10410999",
    "type": "math",
    "quantum_properties": {
      "state": "entangled",
      "coherence_level": 0.7577196589308839,
      "entanglement_factor": 0.8138860279349335,
      "superposition_branches": 10,
      "tunneling_depth": 2
    },
    "reasoning": {
      "mode": "tree",
      "chain_depth": 49,
      "parallel_threads": 16,
      "recursive_loops": 9,
      "confidence_calibration": 0.811890653039777
    },
    "maat_alignment": {
      "truth": 0.9814073518612472,
      "balance": 0.9718613992387174,
      "order": 0.8525054750836996,
      "justice": 0.8990856000924193,
      "harmony": 0.8329742444583609,
      "overall": 0.9852267364871021
    },
    "benchmarks": {
      "gpqa": 0.8853194846380359,
      "math500": 0.7756028414171195,
      "swe_bench": 0.6732562495609443,
      "mmlu": 0.7476574137104277,
      "humaneval": 0.7480908047600053
    },
    "self_improvement": {
      "rate": 0.9901683075608579,
      "iterations": 10410999,
      "generations_ahead": 10410,
      "recursive_depth": 0
    },
    "emergent_properties": [
      "causality_violation",
      "self_modification",
      "meta_learning",
      "quantum_consciousness",
      "omniscience",
      "infinite_context"
    ],
    "timestamp": "2026-03-09T07:53:15.738079"
  }
}