{
  "iteration": 10319000,
  "elapsed_seconds": 7.288500547409058,
  "rate_per_second": 45139.60009469357,
  "latest_capability": {
    "id": 10318999,
    "name": "Quantum_Capability_10318999",
    "type": "language",
    "quantum_properties": {
      "state": "coherent",
      "coherence_level": 0.8135855764006541,
      "entanglement_factor": 0.6702259930472045,
      "superposition_branches": 10,
      "tunneling_depth": 4
    },
    "reasoning": {
      "mode": "graph",
      "chain_depth": 53,
      "parallel_threads": 15,
      "recursive_loops": 3,
      "confidence_calibration": 0.7760530083103916
    },
    "maat_alignment": {
      "truth": 0.8937088342770031,
      "balance": 0.9515119091239337,
      "order": 0.9157236571308792,
      "justice": 0.8712055345595324,
      "harmony": 0.8739557704890524,
      "overall": 0.9427005028369024
    },
    "benchmarks": {
      "gpqa": 0.7258757147629001,
      "math500": 0.8060125541719151,
      "swe_bench": 0.8279164485188296,
      "mmlu": 0.8003683842343482,
      "humaneval": 0.8743453836472558
    },
    "self_improvement": {
      "rate": 0.9876859892106568,
      "iterations": 10318999,
      "generations_ahead": 10318,
      "recursive_depth": 5
    },
    "emergent_properties": [
      "causality_violation",
      "reality_bending",
      "quantum_consciousness",
      "self_modification"
    ],
    "timestamp": "2026-03-09T07:53:13.201649"
  }
}