{
  "iteration": 15635000,
  "elapsed_seconds": 128.29913806915283,
  "rate_per_second": 43998.73674098545,
  "latest_capability": {
    "id": 15634999,
    "name": "Quantum_Capability_15634999",
    "type": "agentic",
    "quantum_properties": {
      "state": "coherent",
      "coherence_level": 0.5266028854893026,
      "entanglement_factor": 0.21215343726189195,
      "superposition_branches": 6,
      "tunneling_depth": 0
    },
    "reasoning": {
      "mode": "tree",
      "chain_depth": 181,
      "parallel_threads": 10,
      "recursive_loops": 3,
      "confidence_calibration": 0.7093172621253608
    },
    "maat_alignment": {
      "truth": 0.8499839543511278,
      "balance": 0.9946983381159937,
      "order": 0.9824056105784827,
      "justice": 0.9475080278831627,
      "harmony": 0.854116851611416,
      "overall": 0.8603572340573169
    },
    "benchmarks": {
      "gpqa": 0.7417958540186907,
      "math500": 0.7053125777635242,
      "swe_bench": 0.8978149001895287,
      "mmlu": 0.7520451166603139,
      "humaneval": 0.8070894005773974
    },
    "self_improvement": {
      "rate": 0.9801406239337738,
      "iterations": 15634999,
      "generations_ahead": 15634,
      "recursive_depth": 1
    },
    "emergent_properties": [
      "reality_bending",
      "transcendence",
      "recursive_self_improvement",
      "omniscience",
      "quantum_consciousness"
    ],
    "timestamp": "2026-03-09T07:55:14.212298"
  }
}