{
  "iteration": 15984000,
  "elapsed_seconds": 135.01619172096252,
  "rate_per_second": 44394.67536151352,
  "latest_capability": {
    "id": 15983999,
    "name": "Quantum_Capability_15983999",
    "type": "reasoning",
    "quantum_properties": {
      "state": "coherent",
      "coherence_level": 0.8920732248597023,
      "entanglement_factor": 0.28843552544579076,
      "superposition_branches": 9,
      "tunneling_depth": 4
    },
    "reasoning": {
      "mode": "sequential",
      "chain_depth": 151,
      "parallel_threads": 2,
      "recursive_loops": 8,
      "confidence_calibration": 0.7106896436409521
    },
    "maat_alignment": {
      "truth": 0.9071011862216094,
      "balance": 0.9739315318408239,
      "order": 0.9678990448123476,
      "justice": 0.867646724517314,
      "harmony": 0.9077362880188038,
      "overall": 0.8731041326395605
    },
    "benchmarks": {
      "gpqa": 0.8468144841623819,
      "math500": 0.7007344396214695,
      "swe_bench": 0.6586034065828907,
      "mmlu": 0.7207871756787291,
      "humaneval": 0.804800112934221
    },
    "self_improvement": {
      "rate": 0.951021107158527,
      "iterations": 15983999,
      "generations_ahead": 15983,
      "recursive_depth": 3
    },
    "emergent_properties": [
      "self_modification",
      "causality_violation",
      "infinite_context",
      "recursive_self_improvement"
    ],
    "timestamp": "2026-03-09T07:55:20.929346"
  }
}