{
  "iteration": 16838000,
  "elapsed_seconds": 154.55631804466248,
  "rate_per_second": 44307.47371984572,
  "latest_capability": {
    "id": 16837999,
    "name": "Quantum_Capability_16837999",
    "type": "coding",
    "quantum_properties": {
      "state": "entangled",
      "coherence_level": 0.7988360230491371,
      "entanglement_factor": 0.13256126667971668,
      "superposition_branches": 3,
      "tunneling_depth": 5
    },
    "reasoning": {
      "mode": "graph",
      "chain_depth": 135,
      "parallel_threads": 4,
      "recursive_loops": 9,
      "confidence_calibration": 0.8087363507573576
    },
    "maat_alignment": {
      "truth": 0.9933848852275249,
      "balance": 0.9283744711429815,
      "order": 0.8636220995466621,
      "justice": 0.8040989211902763,
      "harmony": 0.8660981078681987,
      "overall": 0.852871204699243
    },
    "benchmarks": {
      "gpqa": 0.8800379017143729,
      "math500": 0.685368778501974,
      "swe_bench": 0.7405686919021728,
      "mmlu": 0.7383877211786305,
      "humaneval": 0.8446714478611516
    },
    "self_improvement": {
      "rate": 0.9981016996573905,
      "iterations": 16837999,
      "generations_ahead": 16837,
      "recursive_depth": 2
    },
    "emergent_properties": [
      "reality_bending",
      "recursive_self_improvement",
      "infinite_context",
      "self_modification"
    ],
    "timestamp": "2026-03-09T07:55:40.469467"
  }
}