{
  "iteration": 16603000,
  "elapsed_seconds": 150.28523802757263,
  "rate_per_second": 44002.99115729997,
  "latest_capability": {
    "id": 16602999,
    "name": "Quantum_Capability_16602999",
    "type": "multimodal",
    "quantum_properties": {
      "state": "collapsed",
      "coherence_level": 0.803646290989968,
      "entanglement_factor": 0.31757425859548016,
      "superposition_branches": 1,
      "tunneling_depth": 3
    },
    "reasoning": {
      "mode": "parallel",
      "chain_depth": 20,
      "parallel_threads": 10,
      "recursive_loops": 4,
      "confidence_calibration": 0.9960011983848505
    },
    "maat_alignment": {
      "truth": 0.8324882185952659,
      "balance": 0.8285359032375068,
      "order": 0.8407323624934688,
      "justice": 0.9295291354073596,
      "harmony": 0.973423871220521,
      "overall": 0.9853817924781567
    },
    "benchmarks": {
      "gpqa": 0.8811962724482321,
      "math500": 0.8971222756006658,
      "swe_bench": 0.7693009422717213,
      "mmlu": 0.8488023645622844,
      "humaneval": 0.7762823768806225
    },
    "self_improvement": {
      "rate": 0.9965246430420823,
      "iterations": 16602999,
      "generations_ahead": 16602,
      "recursive_depth": 5
    },
    "emergent_properties": [
      "recursive_self_improvement",
      "quantum_consciousness",
      "omniscience",
      "transcendence",
      "reality_bending",
      "infinite_context"
    ],
    "timestamp": "2026-03-09T07:55:36.198387"
  }
}