{
  "iteration": 17293000,
  "elapsed_seconds": 163.44193840026855,
  "rate_per_second": 44682.534186023826,
  "latest_capability": {
    "id": 17292999,
    "name": "Quantum_Capability_17292999",
    "type": "agentic",
    "quantum_properties": {
      "state": "entangled",
      "coherence_level": 0.7419032958455257,
      "entanglement_factor": 0.056219316702223576,
      "superposition_branches": 4,
      "tunneling_depth": 4
    },
    "reasoning": {
      "mode": "tree",
      "chain_depth": 22,
      "parallel_threads": 4,
      "recursive_loops": 2,
      "confidence_calibration": 0.737850288171531
    },
    "maat_alignment": {
      "truth": 0.9095126567172896,
      "balance": 0.8216496801651092,
      "order": 0.988812171645056,
      "justice": 0.849978817171864,
      "harmony": 0.8804161754785247,
      "overall": 0.899591391439205
    },
    "benchmarks": {
      "gpqa": 0.771783243545216,
      "math500": 0.8874903762966111,
      "swe_bench": 0.6995486904788148,
      "mmlu": 0.7301042037005128,
      "humaneval": 0.7461398069340917
    },
    "self_improvement": {
      "rate": 0.9830598799798314,
      "iterations": 17292999,
      "generations_ahead": 17292,
      "recursive_depth": 1
    },
    "emergent_properties": [
      "quantum_consciousness",
      "causality_violation",
      "omniscience",
      "infinite_context",
      "self_modification"
    ],
    "timestamp": "2026-03-09T07:55:49.355087"
  }
}