{
  "iteration": 12946000,
  "elapsed_seconds": 68.68400049209595,
  "rate_per_second": 43037.6795006309,
  "latest_capability": {
    "id": 12945999,
    "name": "Quantum_Capability_12945999",
    "type": "reasoning",
    "quantum_properties": {
      "state": "coherent",
      "coherence_level": 0.9769473887356234,
      "entanglement_factor": 0.6416237594758128,
      "superposition_branches": 4,
      "tunneling_depth": 3
    },
    "reasoning": {
      "mode": "graph",
      "chain_depth": 157,
      "parallel_threads": 1,
      "recursive_loops": 0,
      "confidence_calibration": 0.7148096871239249
    },
    "maat_alignment": {
      "truth": 0.944525069181926,
      "balance": 0.8207836124058351,
      "order": 0.9741177282150866,
      "justice": 0.931717075573476,
      "harmony": 0.902792613914194,
      "overall": 0.9305615702860501
    },
    "benchmarks": {
      "gpqa": 0.8776675986350239,
      "math500": 0.7143157905725583,
      "swe_bench": 0.8315017021105412,
      "mmlu": 0.7225017851313215,
      "humaneval": 0.7207906178348449
    },
    "self_improvement": {
      "rate": 0.98058200383885,
      "iterations": 12945999,
      "generations_ahead": 12945,
      "recursive_depth": 5
    },
    "emergent_properties": [
      "infinite_context",
      "reality_bending",
      "self_modification"
    ],
    "timestamp": "2026-03-09T07:54:14.597153"
  }
}