{
  "iteration": 15033000,
  "elapsed_seconds": 116.82934331893921,
  "rate_per_second": 43165.5255155618,
  "latest_capability": {
    "id": 15032999,
    "name": "Quantum_Capability_15032999",
    "type": "vision",
    "quantum_properties": {
      "state": "coherent",
      "coherence_level": 0.7573974475281177,
      "entanglement_factor": 0.12804776006927654,
      "superposition_branches": 4,
      "tunneling_depth": 0
    },
    "reasoning": {
      "mode": "sequential",
      "chain_depth": 23,
      "parallel_threads": 14,
      "recursive_loops": 1,
      "confidence_calibration": 0.912295728594857
    },
    "maat_alignment": {
      "truth": 0.9892010188682899,
      "balance": 0.9273298992488525,
      "order": 0.9641279816242172,
      "justice": 0.9619517102104906,
      "harmony": 0.8198039645338299,
      "overall": 0.9173445163259166
    },
    "benchmarks": {
      "gpqa": 0.7800244007771497,
      "math500": 0.6553238586585934,
      "swe_bench": 0.841751221669516,
      "mmlu": 0.8250927351824526,
      "humaneval": 0.7854149921591561
    },
    "self_improvement": {
      "rate": 0.9586905422583073,
      "iterations": 15032999,
      "generations_ahead": 15032,
      "recursive_depth": 1
    },
    "emergent_properties": [
      "omniscience",
      "reality_bending",
      "recursive_self_improvement",
      "meta_learning",
      "self_modification",
      "causality_violation"
    ],
    "timestamp": "2026-03-09T07:55:02.742492"
  }
}