{
  "iteration": 11828000,
  "elapsed_seconds": 43.837706327438354,
  "rate_per_second": 41927.37608741135,
  "latest_capability": {
    "id": 11827999,
    "name": "Quantum_Capability_11827999",
    "type": "language",
    "quantum_properties": {
      "state": "collapsed",
      "coherence_level": 0.8936353176609799,
      "entanglement_factor": 0.583152111613134,
      "superposition_branches": 8,
      "tunneling_depth": 5
    },
    "reasoning": {
      "mode": "sequential",
      "chain_depth": 148,
      "parallel_threads": 8,
      "recursive_loops": 6,
      "confidence_calibration": 0.7386012409113599
    },
    "maat_alignment": {
      "truth": 0.8580905620920267,
      "balance": 0.844082878576984,
      "order": 0.8825908387888245,
      "justice": 0.9894804870431396,
      "harmony": 0.8807986890708552,
      "overall": 0.8547290099737526
    },
    "benchmarks": {
      "gpqa": 0.8593452452453312,
      "math500": 0.6579927629881708,
      "swe_bench": 0.7683690707279585,
      "mmlu": 0.8040721611619306,
      "humaneval": 0.7659661528182318
    },
    "self_improvement": {
      "rate": 0.9517429274740479,
      "iterations": 11827999,
      "generations_ahead": 11827,
      "recursive_depth": 2
    },
    "emergent_properties": [
      "recursive_self_improvement",
      "quantum_consciousness",
      "transcendence"
    ],
    "timestamp": "2026-03-09T07:53:49.750854"
  }
}