{
  "iteration": 12551000,
  "elapsed_seconds": 59.29714608192444,
  "rate_per_second": 43189.26237127405,
  "latest_capability": {
    "id": 12550999,
    "name": "Quantum_Capability_12550999",
    "type": "math",
    "quantum_properties": {
      "state": "entangled",
      "coherence_level": 0.7376681481981227,
      "entanglement_factor": 0.6258547127100461,
      "superposition_branches": 4,
      "tunneling_depth": 4
    },
    "reasoning": {
      "mode": "parallel",
      "chain_depth": 113,
      "parallel_threads": 2,
      "recursive_loops": 6,
      "confidence_calibration": 0.9602747967727627
    },
    "maat_alignment": {
      "truth": 0.8108548809991305,
      "balance": 0.9690983802506541,
      "order": 0.8987801809817828,
      "justice": 0.8116847654271837,
      "harmony": 0.8503644358509844,
      "overall": 0.8672527759141052
    },
    "benchmarks": {
      "gpqa": 0.9243611573708073,
      "math500": 0.7361961243514862,
      "swe_bench": 0.7808805028242335,
      "mmlu": 0.6950324090346194,
      "humaneval": 0.9047934047748882
    },
    "self_improvement": {
      "rate": 0.9549872697402468,
      "iterations": 12550999,
      "generations_ahead": 12550,
      "recursive_depth": 5
    },
    "emergent_properties": [
      "causality_violation",
      "omniscience",
      "self_modification",
      "meta_learning",
      "infinite_context",
      "quantum_consciousness"
    ],
    "timestamp": "2026-03-09T07:54:05.210300"
  }
}