{
  "iteration": 14770000,
  "elapsed_seconds": 108.74110174179077,
  "rate_per_second": 43957.61973563835,
  "latest_capability": {
    "id": 14769999,
    "name": "Quantum_Capability_14769999",
    "type": "reasoning",
    "quantum_properties": {
      "state": "coherent",
      "coherence_level": 0.9812644467841815,
      "entanglement_factor": 0.8285846064631741,
      "superposition_branches": 9,
      "tunneling_depth": 5
    },
    "reasoning": {
      "mode": "sequential",
      "chain_depth": 69,
      "parallel_threads": 4,
      "recursive_loops": 0,
      "confidence_calibration": 0.9631849883870935
    },
    "maat_alignment": {
      "truth": 0.8442193252970687,
      "balance": 0.9566911906753939,
      "order": 0.8661838598449662,
      "justice": 0.8920839595596559,
      "harmony": 0.9802064045188458,
      "overall": 0.9741810922602724
    },
    "benchmarks": {
      "gpqa": 0.7772000316494856,
      "math500": 0.7296759056792045,
      "swe_bench": 0.7931665892797717,
      "mmlu": 0.7801790623072454,
      "humaneval": 0.9420327900816972
    },
    "self_improvement": {
      "rate": 0.968190668058998,
      "iterations": 14769999,
      "generations_ahead": 14769,
      "recursive_depth": 3
    },
    "emergent_properties": [
      "causality_violation",
      "meta_learning",
      "transcendence",
      "reality_bending"
    ],
    "timestamp": "2026-03-09T07:54:54.654250"
  }
}