{
  "iteration": 10524000,
  "elapsed_seconds": 12.835274457931519,
  "rate_per_second": 41604.096721906586,
  "latest_capability": {
    "id": 10523999,
    "name": "Quantum_Capability_10523999",
    "type": "reasoning",
    "quantum_properties": {
      "state": "entangled",
      "coherence_level": 0.7159633331005233,
      "entanglement_factor": 0.9919000800001361,
      "superposition_branches": 5,
      "tunneling_depth": 3
    },
    "reasoning": {
      "mode": "parallel",
      "chain_depth": 28,
      "parallel_threads": 1,
      "recursive_loops": 3,
      "confidence_calibration": 0.7459969672611763
    },
    "maat_alignment": {
      "truth": 0.9067743942156116,
      "balance": 0.8442713089249533,
      "order": 0.8095574628612041,
      "justice": 0.8048246513347951,
      "harmony": 0.8718276855644655,
      "overall": 0.9407395857457903
    },
    "benchmarks": {
      "gpqa": 0.7334547494874255,
      "math500": 0.8922110595929175,
      "swe_bench": 0.8646881085912534,
      "mmlu": 0.8675634558308225,
      "humaneval": 0.7256669572624468
    },
    "self_improvement": {
      "rate": 0.9870855187782228,
      "iterations": 10523999,
      "generations_ahead": 10523,
      "recursive_depth": 1
    },
    "emergent_properties": [
      "omniscience",
      "reality_bending",
      "quantum_consciousness",
      "causality_violation"
    ],
    "timestamp": "2026-03-09T07:53:18.748427"
  }
}