{
  "iteration": 13653000,
  "elapsed_seconds": 84.47597241401672,
  "rate_per_second": 43361.442257777606,
  "latest_capability": {
    "id": 13652999,
    "name": "Quantum_Capability_13652999",
    "type": "language",
    "quantum_properties": {
      "state": "coherent",
      "coherence_level": 0.8481699892854179,
      "entanglement_factor": 0.9431603221341837,
      "superposition_branches": 7,
      "tunneling_depth": 3
    },
    "reasoning": {
      "mode": "tree",
      "chain_depth": 33,
      "parallel_threads": 7,
      "recursive_loops": 10,
      "confidence_calibration": 0.747539014151597
    },
    "maat_alignment": {
      "truth": 0.9267201879497329,
      "balance": 0.9290760030333516,
      "order": 0.8985071014720084,
      "justice": 0.8709342128406665,
      "harmony": 0.8021738848350023,
      "overall": 0.9833118409127566
    },
    "benchmarks": {
      "gpqa": 0.8441767303938894,
      "math500": 0.7638672150602355,
      "swe_bench": 0.7880312919749042,
      "mmlu": 0.7817665706182688,
      "humaneval": 0.8852519614568874
    },
    "self_improvement": {
      "rate": 0.9759292763877045,
      "iterations": 13652999,
      "generations_ahead": 13652,
      "recursive_depth": 4
    },
    "emergent_properties": [
      "self_modification",
      "transcendence",
      "recursive_self_improvement",
      "omniscience",
      "reality_bending",
      "causality_violation"
    ],
    "timestamp": "2026-03-09T07:54:30.389125"
  }
}