{
  "iteration": 12154000,
  "elapsed_seconds": 51.23241329193115,
  "rate_per_second": 42238.88474019667,
  "latest_capability": {
    "id": 12153999,
    "name": "Quantum_Capability_12153999",
    "type": "reasoning",
    "quantum_properties": {
      "state": "coherent",
      "coherence_level": 0.6589138861149264,
      "entanglement_factor": 0.5190356210462972,
      "superposition_branches": 8,
      "tunneling_depth": 5
    },
    "reasoning": {
      "mode": "tree",
      "chain_depth": 182,
      "parallel_threads": 8,
      "recursive_loops": 8,
      "confidence_calibration": 0.7277584230362246
    },
    "maat_alignment": {
      "truth": 0.8873735394649753,
      "balance": 0.892052532367858,
      "order": 0.8969040856738926,
      "justice": 0.8618200946160512,
      "harmony": 0.8333633293439976,
      "overall": 0.912117893262653
    },
    "benchmarks": {
      "gpqa": 0.911769286710852,
      "math500": 0.8863376827915357,
      "swe_bench": 0.714042762630593,
      "mmlu": 0.6583617874458099,
      "humaneval": 0.9027274800583407
    },
    "self_improvement": {
      "rate": 0.9789568773840209,
      "iterations": 12153999,
      "generations_ahead": 12153,
      "recursive_depth": 0
    },
    "emergent_properties": [
      "meta_learning",
      "transcendence",
      "infinite_context",
      "causality_violation"
    ],
    "timestamp": "2026-03-09T07:53:57.145561"
  }
}