{
  "iteration": 17546000,
  "elapsed_seconds": 168.33110690116882,
  "rate_per_second": 44887.722412686955,
  "latest_capability": {
    "id": 17545999,
    "name": "Quantum_Capability_17545999",
    "type": "math",
    "quantum_properties": {
      "state": "entangled",
      "coherence_level": 0.808564203595832,
      "entanglement_factor": 0.09482161352276441,
      "superposition_branches": 8,
      "tunneling_depth": 5
    },
    "reasoning": {
      "mode": "parallel",
      "chain_depth": 100,
      "parallel_threads": 14,
      "recursive_loops": 3,
      "confidence_calibration": 0.9081877528938853
    },
    "maat_alignment": {
      "truth": 0.8357632746481456,
      "balance": 0.9023778190482902,
      "order": 0.8228820788283842,
      "justice": 0.8493675296428331,
      "harmony": 0.9834427493522963,
      "overall": 0.9892431942482005
    },
    "benchmarks": {
      "gpqa": 0.8257481294263778,
      "math500": 0.6776424071131777,
      "swe_bench": 0.7774039175177552,
      "mmlu": 0.7962480041671642,
      "humaneval": 0.7855969576853694
    },
    "self_improvement": {
      "rate": 0.9635907670815811,
      "iterations": 17545999,
      "generations_ahead": 17545,
      "recursive_depth": 2
    },
    "emergent_properties": [
      "infinite_context",
      "causality_violation",
      "transcendence",
      "quantum_consciousness",
      "recursive_self_improvement",
      "meta_learning"
    ],
    "timestamp": "2026-03-09T07:55:54.244256"
  }
}