{
  "iteration": 12959000,
  "elapsed_seconds": 68.87528252601624,
  "rate_per_second": 43106.901214939055,
  "latest_capability": {
    "id": 12958999,
    "name": "Quantum_Capability_12958999",
    "type": "vision",
    "quantum_properties": {
      "state": "entangled",
      "coherence_level": 0.9370506330710006,
      "entanglement_factor": 0.32332291637758825,
      "superposition_branches": 4,
      "tunneling_depth": 0
    },
    "reasoning": {
      "mode": "graph",
      "chain_depth": 23,
      "parallel_threads": 10,
      "recursive_loops": 1,
      "confidence_calibration": 0.9244087842494269
    },
    "maat_alignment": {
      "truth": 0.8721275086608364,
      "balance": 0.9130399120027164,
      "order": 0.9828653534597509,
      "justice": 0.8390477601010478,
      "harmony": 0.9718349696656824,
      "overall": 0.9424086121908204
    },
    "benchmarks": {
      "gpqa": 0.9418548404660236,
      "math500": 0.687456265203736,
      "swe_bench": 0.8774375645411655,
      "mmlu": 0.7111518283368634,
      "humaneval": 0.8788986825154698
    },
    "self_improvement": {
      "rate": 0.9559533389410615,
      "iterations": 12958999,
      "generations_ahead": 12958,
      "recursive_depth": 5
    },
    "emergent_properties": [
      "causality_violation",
      "omniscience",
      "recursive_self_improvement",
      "infinite_context",
      "reality_bending"
    ],
    "timestamp": "2026-03-09T07:54:14.788498"
  }
}