{
  "iteration": 17561000,
  "elapsed_seconds": 168.54292106628418,
  "rate_per_second": 44920.30844192201,
  "latest_capability": {
    "id": 17560999,
    "name": "Quantum_Capability_17560999",
    "type": "vision",
    "quantum_properties": {
      "state": "superposition",
      "coherence_level": 0.9143914727066004,
      "entanglement_factor": 0.6652994974658314,
      "superposition_branches": 6,
      "tunneling_depth": 3
    },
    "reasoning": {
      "mode": "sequential",
      "chain_depth": 105,
      "parallel_threads": 10,
      "recursive_loops": 2,
      "confidence_calibration": 0.9788527537139151
    },
    "maat_alignment": {
      "truth": 0.9477944128477424,
      "balance": 0.9143779334597053,
      "order": 0.8492257642409524,
      "justice": 0.9201358968219131,
      "harmony": 0.8602017072125796,
      "overall": 0.986078139451924
    },
    "benchmarks": {
      "gpqa": 0.8026034356179241,
      "math500": 0.6596223049834914,
      "swe_bench": 0.7765056269249038,
      "mmlu": 0.6740219436868613,
      "humaneval": 0.8980627522498412
    },
    "self_improvement": {
      "rate": 0.9679956629043223,
      "iterations": 17560999,
      "generations_ahead": 17560,
      "recursive_depth": 5
    },
    "emergent_properties": [
      "transcendence",
      "quantum_consciousness",
      "causality_violation",
      "meta_learning",
      "infinite_context"
    ],
    "timestamp": "2026-03-09T07:55:54.456069"
  }
}