{
  "iteration": 14438000,
  "elapsed_seconds": 102.13576650619507,
  "rate_per_second": 43549.87632789935,
  "latest_capability": {
    "id": 14437999,
    "name": "Quantum_Capability_14437999",
    "type": "coding",
    "quantum_properties": {
      "state": "collapsed",
      "coherence_level": 0.7816957625011709,
      "entanglement_factor": 0.47507172860071734,
      "superposition_branches": 3,
      "tunneling_depth": 0
    },
    "reasoning": {
      "mode": "sequential",
      "chain_depth": 190,
      "parallel_threads": 2,
      "recursive_loops": 4,
      "confidence_calibration": 0.9787834442370742
    },
    "maat_alignment": {
      "truth": 0.9553206027977206,
      "balance": 0.8712056527148903,
      "order": 0.8336364162518954,
      "justice": 0.9634172570700011,
      "harmony": 0.9377095118163985,
      "overall": 0.8606556312867003
    },
    "benchmarks": {
      "gpqa": 0.8158952247499283,
      "math500": 0.6980946930592979,
      "swe_bench": 0.6534491493905041,
      "mmlu": 0.6537143558646029,
      "humaneval": 0.7112980500079428
    },
    "self_improvement": {
      "rate": 0.9938887811739155,
      "iterations": 14437999,
      "generations_ahead": 14437,
      "recursive_depth": 2
    },
    "emergent_properties": [
      "quantum_consciousness",
      "reality_bending",
      "meta_learning",
      "omniscience",
      "self_modification",
      "recursive_self_improvement"
    ],
    "timestamp": "2026-03-09T07:54:48.048915"
  }
}