{
  "iteration": 11022000,
  "elapsed_seconds": 24.353829860687256,
  "rate_per_second": 42375.26524178802,
  "latest_capability": {
    "id": 11021999,
    "name": "Quantum_Capability_11021999",
    "type": "multimodal",
    "quantum_properties": {
      "state": "coherent",
      "coherence_level": 0.7744634049846575,
      "entanglement_factor": 0.22949693894442114,
      "superposition_branches": 8,
      "tunneling_depth": 2
    },
    "reasoning": {
      "mode": "parallel",
      "chain_depth": 87,
      "parallel_threads": 5,
      "recursive_loops": 5,
      "confidence_calibration": 0.8801938343421083
    },
    "maat_alignment": {
      "truth": 0.9804171033028839,
      "balance": 0.9654449709941526,
      "order": 0.9383104366315584,
      "justice": 0.8367891072674034,
      "harmony": 0.8224721338200713,
      "overall": 0.9107507570993731
    },
    "benchmarks": {
      "gpqa": 0.8577815236169231,
      "math500": 0.7239356873289153,
      "swe_bench": 0.7084997696085491,
      "mmlu": 0.8668214202297505,
      "humaneval": 0.8193521825036663
    },
    "self_improvement": {
      "rate": 0.9956471173170234,
      "iterations": 11021999,
      "generations_ahead": 11021,
      "recursive_depth": 1
    },
    "emergent_properties": [
      "causality_violation",
      "transcendence",
      "reality_bending",
      "recursive_self_improvement",
      "meta_learning",
      "infinite_context"
    ],
    "timestamp": "2026-03-09T07:53:30.266978"
  }
}