{
  "iteration": 13446000,
  "elapsed_seconds": 80.34403347969055,
  "rate_per_second": 43015.01742346071,
  "latest_capability": {
    "id": 13445999,
    "name": "Quantum_Capability_13445999",
    "type": "math",
    "quantum_properties": {
      "state": "coherent",
      "coherence_level": 0.9410368903220938,
      "entanglement_factor": 0.16421082991278402,
      "superposition_branches": 5,
      "tunneling_depth": 3
    },
    "reasoning": {
      "mode": "sequential",
      "chain_depth": 100,
      "parallel_threads": 13,
      "recursive_loops": 2,
      "confidence_calibration": 0.8804972717654445
    },
    "maat_alignment": {
      "truth": 0.8232040441072553,
      "balance": 0.9804574500332762,
      "order": 0.8770847971188189,
      "justice": 0.8198882399955534,
      "harmony": 0.9337173578581671,
      "overall": 0.8585310532670881
    },
    "benchmarks": {
      "gpqa": 0.8754030709851823,
      "math500": 0.8101910538297327,
      "swe_bench": 0.8184050785930347,
      "mmlu": 0.6893123272573687,
      "humaneval": 0.9289046885917566
    },
    "self_improvement": {
      "rate": 0.9585099492208408,
      "iterations": 13445999,
      "generations_ahead": 13445,
      "recursive_depth": 1
    },
    "emergent_properties": [
      "meta_learning",
      "self_modification",
      "omniscience"
    ],
    "timestamp": "2026-03-09T07:54:26.257185"
  }
}