{
  "iteration": 14049000,
  "elapsed_seconds": 94.54317998886108,
  "rate_per_second": 42932.763637506425,
  "latest_capability": {
    "id": 14048999,
    "name": "Quantum_Capability_14048999",
    "type": "multimodal",
    "quantum_properties": {
      "state": "superposition",
      "coherence_level": 0.937767459478696,
      "entanglement_factor": 0.1963867058269253,
      "superposition_branches": 6,
      "tunneling_depth": 1
    },
    "reasoning": {
      "mode": "tree",
      "chain_depth": 68,
      "parallel_threads": 7,
      "recursive_loops": 3,
      "confidence_calibration": 0.858697272760476
    },
    "maat_alignment": {
      "truth": 0.8640015227225689,
      "balance": 0.8383453287213904,
      "order": 0.9839386676201057,
      "justice": 0.9481949496003198,
      "harmony": 0.9135232216147152,
      "overall": 0.992635469003033
    },
    "benchmarks": {
      "gpqa": 0.8746341334661626,
      "math500": 0.7037874661004753,
      "swe_bench": 0.8062742828099584,
      "mmlu": 0.8781967141836227,
      "humaneval": 0.7385926520733868
    },
    "self_improvement": {
      "rate": 0.9740021515761212,
      "iterations": 14048999,
      "generations_ahead": 14048,
      "recursive_depth": 2
    },
    "emergent_properties": [
      "infinite_context",
      "self_modification",
      "transcendence",
      "quantum_consciousness",
      "causality_violation"
    ],
    "timestamp": "2026-03-09T07:54:40.456328"
  }
}