{
  "iteration": 17922000,
  "elapsed_seconds": 179.93161940574646,
  "rate_per_second": 44083.41361121922,
  "latest_capability": {
    "id": 17921999,
    "name": "Quantum_Capability_17921999",
    "type": "reasoning",
    "quantum_properties": {
      "state": "entangled",
      "coherence_level": 0.7750800553535269,
      "entanglement_factor": 0.6741613489079811,
      "superposition_branches": 4,
      "tunneling_depth": 3
    },
    "reasoning": {
      "mode": "tree",
      "chain_depth": 95,
      "parallel_threads": 7,
      "recursive_loops": 2,
      "confidence_calibration": 0.7115116316470581
    },
    "maat_alignment": {
      "truth": 0.9793586174678564,
      "balance": 0.8088102553358251,
      "order": 0.8379691432616231,
      "justice": 0.9776492736911006,
      "harmony": 0.9326175812593619,
      "overall": 0.9908392579526972
    },
    "benchmarks": {
      "gpqa": 0.7982101336701852,
      "math500": 0.7791429658937196,
      "swe_bench": 0.7929830126659196,
      "mmlu": 0.7563798016309271,
      "humaneval": 0.7801070350434566
    },
    "self_improvement": {
      "rate": 0.950861776333415,
      "iterations": 17921999,
      "generations_ahead": 17921,
      "recursive_depth": 2
    },
    "emergent_properties": [
      "recursive_self_improvement",
      "self_modification",
      "meta_learning",
      "infinite_context",
      "omniscience",
      "transcendence"
    ],
    "timestamp": "2026-03-09T07:56:05.844768"
  }
}