{
  "iteration": 17905000,
  "elapsed_seconds": 179.3533594608307,
  "rate_per_second": 44130.75965676891,
  "latest_capability": {
    "id": 17904999,
    "name": "Quantum_Capability_17904999",
    "type": "math",
    "quantum_properties": {
      "state": "collapsed",
      "coherence_level": 0.5133986220972704,
      "entanglement_factor": 0.7405072229457695,
      "superposition_branches": 7,
      "tunneling_depth": 0
    },
    "reasoning": {
      "mode": "tree",
      "chain_depth": 32,
      "parallel_threads": 11,
      "recursive_loops": 3,
      "confidence_calibration": 0.7859777269154805
    },
    "maat_alignment": {
      "truth": 0.8824417270733247,
      "balance": 0.9499223437633245,
      "order": 0.9116598393982116,
      "justice": 0.8047632496766421,
      "harmony": 0.974027116083968,
      "overall": 0.8753337479662073
    },
    "benchmarks": {
      "gpqa": 0.7874723168031196,
      "math500": 0.6558466581469198,
      "swe_bench": 0.8739122574859458,
      "mmlu": 0.8346052366494011,
      "humaneval": 0.8950796752401668
    },
    "self_improvement": {
      "rate": 0.9526504388295323,
      "iterations": 17904999,
      "generations_ahead": 17904,
      "recursive_depth": 0
    },
    "emergent_properties": [
      "self_modification",
      "quantum_consciousness",
      "infinite_context",
      "meta_learning",
      "transcendence"
    ],
    "timestamp": "2026-03-09T07:56:05.266508"
  }
}