{
  "iteration": 11761000,
  "elapsed_seconds": 42.59439659118652,
  "rate_per_second": 41578.238964100005,
  "latest_capability": {
    "id": 11760999,
    "name": "Quantum_Capability_11760999",
    "type": "reasoning",
    "quantum_properties": {
      "state": "coherent",
      "coherence_level": 0.9051464603079011,
      "entanglement_factor": 0.5060172323917289,
      "superposition_branches": 2,
      "tunneling_depth": 1
    },
    "reasoning": {
      "mode": "tree",
      "chain_depth": 121,
      "parallel_threads": 7,
      "recursive_loops": 5,
      "confidence_calibration": 0.8306017551505656
    },
    "maat_alignment": {
      "truth": 0.9711593042855504,
      "balance": 0.8848238816859456,
      "order": 0.9138393025144425,
      "justice": 0.8839860158061923,
      "harmony": 0.9540912490365558,
      "overall": 0.8629269083848441
    },
    "benchmarks": {
      "gpqa": 0.8921553637586704,
      "math500": 0.8077393707065855,
      "swe_bench": 0.7142235199659319,
      "mmlu": 0.7438884060046617,
      "humaneval": 0.7320872130562126
    },
    "self_improvement": {
      "rate": 0.9862403126754109,
      "iterations": 11760999,
      "generations_ahead": 11760,
      "recursive_depth": 1
    },
    "emergent_properties": [
      "quantum_consciousness",
      "transcendence",
      "omniscience",
      "meta_learning",
      "recursive_self_improvement",
      "self_modification"
    ],
    "timestamp": "2026-03-09T07:53:48.507545"
  }
}