{
  "iteration": 13571000,
  "elapsed_seconds": 82.67059421539307,
  "rate_per_second": 43316.49039161287,
  "latest_capability": {
    "id": 13570999,
    "name": "Quantum_Capability_13570999",
    "type": "agentic",
    "quantum_properties": {
      "state": "entangled",
      "coherence_level": 0.8646574584260072,
      "entanglement_factor": 0.8996586123490543,
      "superposition_branches": 1,
      "tunneling_depth": 5
    },
    "reasoning": {
      "mode": "graph",
      "chain_depth": 78,
      "parallel_threads": 5,
      "recursive_loops": 5,
      "confidence_calibration": 0.7206137475475054
    },
    "maat_alignment": {
      "truth": 0.9799772717884312,
      "balance": 0.9570653783010412,
      "order": 0.9851811748100863,
      "justice": 0.8262902688827102,
      "harmony": 0.8734164240356846,
      "overall": 0.9368690349680453
    },
    "benchmarks": {
      "gpqa": 0.7102643993723644,
      "math500": 0.8267228986446249,
      "swe_bench": 0.8615268372756142,
      "mmlu": 0.7229771053749234,
      "humaneval": 0.9176389158646849
    },
    "self_improvement": {
      "rate": 0.9774657878807983,
      "iterations": 13570999,
      "generations_ahead": 13570,
      "recursive_depth": 3
    },
    "emergent_properties": [
      "self_modification",
      "omniscience",
      "recursive_self_improvement",
      "reality_bending",
      "infinite_context",
      "quantum_consciousness"
    ],
    "timestamp": "2026-03-09T07:54:28.583747"
  }
}