{
  "iteration": 10346000,
  "elapsed_seconds": 8.153831005096436,
  "rate_per_second": 43660.45847375145,
  "latest_capability": {
    "id": 10345999,
    "name": "Quantum_Capability_10345999",
    "type": "reasoning",
    "quantum_properties": {
      "state": "collapsed",
      "coherence_level": 0.6002508424209896,
      "entanglement_factor": 0.3446957970699951,
      "superposition_branches": 8,
      "tunneling_depth": 3
    },
    "reasoning": {
      "mode": "tree",
      "chain_depth": 41,
      "parallel_threads": 5,
      "recursive_loops": 1,
      "confidence_calibration": 0.7325769696592052
    },
    "maat_alignment": {
      "truth": 0.8656462274411223,
      "balance": 0.9573578287259996,
      "order": 0.8233589133542428,
      "justice": 0.8126750473438784,
      "harmony": 0.9739572089252932,
      "overall": 0.9418120615934336
    },
    "benchmarks": {
      "gpqa": 0.729788332257042,
      "math500": 0.8382931725644562,
      "swe_bench": 0.733410211685172,
      "mmlu": 0.8246845770219322,
      "humaneval": 0.8824123354920399
    },
    "self_improvement": {
      "rate": 0.9724405796478288,
      "iterations": 10345999,
      "generations_ahead": 10345,
      "recursive_depth": 2
    },
    "emergent_properties": [
      "meta_learning",
      "infinite_context",
      "recursive_self_improvement",
      "quantum_consciousness",
      "transcendence",
      "omniscience"
    ],
    "timestamp": "2026-03-09T07:53:14.066980"
  }
}