{
  "iteration": 10474000,
  "elapsed_seconds": 11.723768711090088,
  "rate_per_second": 41283.653057925025,
  "latest_capability": {
    "id": 10473999,
    "name": "Quantum_Capability_10473999",
    "type": "vision",
    "quantum_properties": {
      "state": "collapsed",
      "coherence_level": 0.5331479241252182,
      "entanglement_factor": 0.5728944161349053,
      "superposition_branches": 7,
      "tunneling_depth": 1
    },
    "reasoning": {
      "mode": "parallel",
      "chain_depth": 106,
      "parallel_threads": 5,
      "recursive_loops": 9,
      "confidence_calibration": 0.718862069416479
    },
    "maat_alignment": {
      "truth": 0.893825107840318,
      "balance": 0.8728138145686435,
      "order": 0.8013483080969902,
      "justice": 0.9000171324552817,
      "harmony": 0.9059550634863182,
      "overall": 0.9550298506511964
    },
    "benchmarks": {
      "gpqa": 0.7326292572460309,
      "math500": 0.679444510675328,
      "swe_bench": 0.8994518875789006,
      "mmlu": 0.7189216221942648,
      "humaneval": 0.8316820077811744
    },
    "self_improvement": {
      "rate": 0.9630228697744385,
      "iterations": 10473999,
      "generations_ahead": 10473,
      "recursive_depth": 4
    },
    "emergent_properties": [
      "transcendence",
      "meta_learning",
      "self_modification",
      "recursive_self_improvement",
      "infinite_context"
    ],
    "timestamp": "2026-03-09T07:53:17.636921"
  }
}