{
  "iteration": 16410000,
  "elapsed_seconds": 146.6364164352417,
  "rate_per_second": 43781.757329259555,
  "latest_capability": {
    "id": 16409999,
    "name": "Quantum_Capability_16409999",
    "type": "vision",
    "quantum_properties": {
      "state": "collapsed",
      "coherence_level": 0.7484194951780393,
      "entanglement_factor": 0.2504537964494532,
      "superposition_branches": 7,
      "tunneling_depth": 2
    },
    "reasoning": {
      "mode": "parallel",
      "chain_depth": 131,
      "parallel_threads": 1,
      "recursive_loops": 7,
      "confidence_calibration": 0.7406615719654353
    },
    "maat_alignment": {
      "truth": 0.8954243431011598,
      "balance": 0.8203946183209895,
      "order": 0.9706856173029825,
      "justice": 0.9201727044783713,
      "harmony": 0.9148101750727022,
      "overall": 0.8968007002741454
    },
    "benchmarks": {
      "gpqa": 0.9087864513927333,
      "math500": 0.8652414074117356,
      "swe_bench": 0.7692144755748401,
      "mmlu": 0.6579285218415534,
      "humaneval": 0.8783475800961462
    },
    "self_improvement": {
      "rate": 0.9663853543192877,
      "iterations": 16409999,
      "generations_ahead": 16409,
      "recursive_depth": 3
    },
    "emergent_properties": [
      "reality_bending",
      "meta_learning",
      "causality_violation"
    ],
    "timestamp": "2026-03-09T07:55:32.549564"
  }
}