{
  "iteration": 13120000,
  "elapsed_seconds": 72.05363845825195,
  "rate_per_second": 43439.86045636723,
  "latest_capability": {
    "id": 13119999,
    "name": "Quantum_Capability_13119999",
    "type": "reasoning",
    "quantum_properties": {
      "state": "entangled",
      "coherence_level": 0.9747974009974238,
      "entanglement_factor": 0.18826938694738737,
      "superposition_branches": 6,
      "tunneling_depth": 2
    },
    "reasoning": {
      "mode": "parallel",
      "chain_depth": 191,
      "parallel_threads": 11,
      "recursive_loops": 1,
      "confidence_calibration": 0.9304936142200326
    },
    "maat_alignment": {
      "truth": 0.8477368423339354,
      "balance": 0.8101219027039638,
      "order": 0.8770711235540349,
      "justice": 0.8152984846180292,
      "harmony": 0.9516341598282856,
      "overall": 0.9380003947703278
    },
    "benchmarks": {
      "gpqa": 0.7396658368926625,
      "math500": 0.6910663969132647,
      "swe_bench": 0.718797023688516,
      "mmlu": 0.7470032216463616,
      "humaneval": 0.7126394146414288
    },
    "self_improvement": {
      "rate": 0.9764566489759,
      "iterations": 13119999,
      "generations_ahead": 13119,
      "recursive_depth": 2
    },
    "emergent_properties": [
      "recursive_self_improvement",
      "self_modification",
      "infinite_context",
      "reality_bending",
      "quantum_consciousness",
      "meta_learning"
    ],
    "timestamp": "2026-03-09T07:54:17.966792"
  }
}