{
  "iteration": 15123000,
  "elapsed_seconds": 118.6990418434143,
  "rate_per_second": 43243.82000295642,
  "latest_capability": {
    "id": 15122999,
    "name": "Quantum_Capability_15122999",
    "type": "agentic",
    "quantum_properties": {
      "state": "superposition",
      "coherence_level": 0.6405585269443492,
      "entanglement_factor": 0.6618926654724294,
      "superposition_branches": 6,
      "tunneling_depth": 5
    },
    "reasoning": {
      "mode": "tree",
      "chain_depth": 42,
      "parallel_threads": 3,
      "recursive_loops": 0,
      "confidence_calibration": 0.9397572656108735
    },
    "maat_alignment": {
      "truth": 0.8435361674060099,
      "balance": 0.8272349089137073,
      "order": 0.8498436699655267,
      "justice": 0.9871629354242458,
      "harmony": 0.8431531398025558,
      "overall": 0.9675103710344606
    },
    "benchmarks": {
      "gpqa": 0.7926081329721681,
      "math500": 0.6533347448187301,
      "swe_bench": 0.8357389900047416,
      "mmlu": 0.8148629234691407,
      "humaneval": 0.8898611176478138
    },
    "self_improvement": {
      "rate": 0.9862785457988953,
      "iterations": 15122999,
      "generations_ahead": 15122,
      "recursive_depth": 2
    },
    "emergent_properties": [
      "causality_violation",
      "omniscience",
      "recursive_self_improvement",
      "infinite_context",
      "transcendence",
      "quantum_consciousness"
    ],
    "timestamp": "2026-03-09T07:55:04.612191"
  }
}