{
  "iteration": 15650000,
  "elapsed_seconds": 128.50161695480347,
  "rate_per_second": 44046.138360972785,
  "latest_capability": {
    "id": 15649999,
    "name": "Quantum_Capability_15649999",
    "type": "math",
    "quantum_properties": {
      "state": "entangled",
      "coherence_level": 0.8694436026237218,
      "entanglement_factor": 0.8379891122061348,
      "superposition_branches": 4,
      "tunneling_depth": 4
    },
    "reasoning": {
      "mode": "parallel",
      "chain_depth": 119,
      "parallel_threads": 15,
      "recursive_loops": 7,
      "confidence_calibration": 0.8622700177952527
    },
    "maat_alignment": {
      "truth": 0.9095410672390168,
      "balance": 0.8290079997132421,
      "order": 0.846871501019149,
      "justice": 0.8599593227477901,
      "harmony": 0.9914201651639443,
      "overall": 0.9293233134707493
    },
    "benchmarks": {
      "gpqa": 0.9416388621354432,
      "math500": 0.6586072873122112,
      "swe_bench": 0.862749407116383,
      "mmlu": 0.800858720592522,
      "humaneval": 0.7085024895407103
    },
    "self_improvement": {
      "rate": 0.9918291337633487,
      "iterations": 15649999,
      "generations_ahead": 15649,
      "recursive_depth": 1
    },
    "emergent_properties": [
      "omniscience",
      "recursive_self_improvement",
      "reality_bending"
    ],
    "timestamp": "2026-03-09T07:55:14.414765"
  }
}