{
  "iteration": 17111000,
  "elapsed_seconds": 159.96215653419495,
  "rate_per_second": 44516.77918256717,
  "latest_capability": {
    "id": 17110999,
    "name": "Quantum_Capability_17110999",
    "type": "language",
    "quantum_properties": {
      "state": "superposition",
      "coherence_level": 0.9376360893823794,
      "entanglement_factor": 0.7291069611481202,
      "superposition_branches": 3,
      "tunneling_depth": 5
    },
    "reasoning": {
      "mode": "graph",
      "chain_depth": 146,
      "parallel_threads": 3,
      "recursive_loops": 8,
      "confidence_calibration": 0.9229293682616648
    },
    "maat_alignment": {
      "truth": 0.8142846078289305,
      "balance": 0.8264953925196918,
      "order": 0.8071909385107197,
      "justice": 0.8257681537490298,
      "harmony": 0.9870076063055354,
      "overall": 0.8521807397801038
    },
    "benchmarks": {
      "gpqa": 0.7131769052171001,
      "math500": 0.8182339449804548,
      "swe_bench": 0.7087625011984664,
      "mmlu": 0.7643916867539565,
      "humaneval": 0.7758739434916563
    },
    "self_improvement": {
      "rate": 0.9642056812751012,
      "iterations": 17110999,
      "generations_ahead": 17110,
      "recursive_depth": 0
    },
    "emergent_properties": [
      "infinite_context",
      "causality_violation",
      "reality_bending",
      "self_modification",
      "quantum_consciousness",
      "recursive_self_improvement"
    ],
    "timestamp": "2026-03-09T07:55:45.875305"
  }
}