{
  "iteration": 14909000,
  "elapsed_seconds": 111.33817863464355,
  "rate_per_second": 44180.71195633357,
  "latest_capability": {
    "id": 14908999,
    "name": "Quantum_Capability_14908999",
    "type": "reasoning",
    "quantum_properties": {
      "state": "entangled",
      "coherence_level": 0.8951321667757568,
      "entanglement_factor": 0.9444796941869184,
      "superposition_branches": 1,
      "tunneling_depth": 3
    },
    "reasoning": {
      "mode": "sequential",
      "chain_depth": 148,
      "parallel_threads": 2,
      "recursive_loops": 5,
      "confidence_calibration": 0.7698972521019806
    },
    "maat_alignment": {
      "truth": 0.8606739796992237,
      "balance": 0.9913249619371831,
      "order": 0.990530292673703,
      "justice": 0.9251222343188668,
      "harmony": 0.8511942194930137,
      "overall": 0.8882699501272637
    },
    "benchmarks": {
      "gpqa": 0.8199159149797399,
      "math500": 0.7686270276141532,
      "swe_bench": 0.6553908543938992,
      "mmlu": 0.8692688895642795,
      "humaneval": 0.785209758417212
    },
    "self_improvement": {
      "rate": 0.9750978391652483,
      "iterations": 14908999,
      "generations_ahead": 14908,
      "recursive_depth": 1
    },
    "emergent_properties": [
      "quantum_consciousness",
      "reality_bending",
      "causality_violation",
      "meta_learning"
    ],
    "timestamp": "2026-03-09T07:54:57.251327"
  }
}