{
  "iteration": 16222000,
  "elapsed_seconds": 139.57600092887878,
  "rate_per_second": 44649.5096472604,
  "latest_capability": {
    "id": 16221999,
    "name": "Quantum_Capability_16221999",
    "type": "reasoning",
    "quantum_properties": {
      "state": "superposition",
      "coherence_level": 0.553916529646761,
      "entanglement_factor": 0.4582446034867764,
      "superposition_branches": 10,
      "tunneling_depth": 2
    },
    "reasoning": {
      "mode": "sequential",
      "chain_depth": 96,
      "parallel_threads": 4,
      "recursive_loops": 6,
      "confidence_calibration": 0.7915260434206433
    },
    "maat_alignment": {
      "truth": 0.9184626131834749,
      "balance": 0.8933013255705727,
      "order": 0.9570718551570464,
      "justice": 0.9198479881899043,
      "harmony": 0.8402554350296668,
      "overall": 0.9668448631347661
    },
    "benchmarks": {
      "gpqa": 0.8410271443941977,
      "math500": 0.8587474644505155,
      "swe_bench": 0.8354207352630628,
      "mmlu": 0.8021300736757403,
      "humaneval": 0.88454748725517
    },
    "self_improvement": {
      "rate": 0.9786871102823674,
      "iterations": 16221999,
      "generations_ahead": 16221,
      "recursive_depth": 2
    },
    "emergent_properties": [
      "infinite_context",
      "causality_violation",
      "omniscience",
      "self_modification",
      "transcendence"
    ],
    "timestamp": "2026-03-09T07:55:25.489149"
  }
}