{
  "iteration": 17551000,
  "elapsed_seconds": 168.40075659751892,
  "rate_per_second": 44898.84815702424,
  "latest_capability": {
    "id": 17550999,
    "name": "Quantum_Capability_17550999",
    "type": "vision",
    "quantum_properties": {
      "state": "coherent",
      "coherence_level": 0.5494699854093776,
      "entanglement_factor": 0.29355168041661006,
      "superposition_branches": 6,
      "tunneling_depth": 2
    },
    "reasoning": {
      "mode": "graph",
      "chain_depth": 153,
      "parallel_threads": 3,
      "recursive_loops": 2,
      "confidence_calibration": 0.8157893739190164
    },
    "maat_alignment": {
      "truth": 0.9838161168000464,
      "balance": 0.822278907029671,
      "order": 0.9461302267994873,
      "justice": 0.9176431323605222,
      "harmony": 0.890368664378664,
      "overall": 0.8853358691828395
    },
    "benchmarks": {
      "gpqa": 0.9094880152967888,
      "math500": 0.674299470092127,
      "swe_bench": 0.8885470379937386,
      "mmlu": 0.8573732268936961,
      "humaneval": 0.8808053963269818
    },
    "self_improvement": {
      "rate": 0.9771835051311472,
      "iterations": 17550999,
      "generations_ahead": 17550,
      "recursive_depth": 4
    },
    "emergent_properties": [
      "quantum_consciousness",
      "causality_violation",
      "transcendence",
      "meta_learning",
      "self_modification"
    ],
    "timestamp": "2026-03-09T07:55:54.313909"
  }
}