{
  "iteration": 15965000,
  "elapsed_seconds": 134.75605535507202,
  "rate_per_second": 44339.380403027724,
  "latest_capability": {
    "id": 15964999,
    "name": "Quantum_Capability_15964999",
    "type": "reasoning",
    "quantum_properties": {
      "state": "entangled",
      "coherence_level": 0.8169975758397503,
      "entanglement_factor": 0.3133149842030075,
      "superposition_branches": 7,
      "tunneling_depth": 5
    },
    "reasoning": {
      "mode": "sequential",
      "chain_depth": 92,
      "parallel_threads": 16,
      "recursive_loops": 1,
      "confidence_calibration": 0.7832501187631142
    },
    "maat_alignment": {
      "truth": 0.8781695728899506,
      "balance": 0.9626067786862449,
      "order": 0.9229950624609035,
      "justice": 0.8606905234615091,
      "harmony": 0.8625384188421703,
      "overall": 0.949263902845339
    },
    "benchmarks": {
      "gpqa": 0.9406854863812961,
      "math500": 0.7971051627177317,
      "swe_bench": 0.8684031315467557,
      "mmlu": 0.6890146006548904,
      "humaneval": 0.7962093703515356
    },
    "self_improvement": {
      "rate": 0.9542881432008314,
      "iterations": 15964999,
      "generations_ahead": 15964,
      "recursive_depth": 2
    },
    "emergent_properties": [
      "causality_violation",
      "meta_learning",
      "transcendence",
      "infinite_context",
      "omniscience"
    ],
    "timestamp": "2026-03-09T07:55:20.669204"
  }
}