{
  "iteration": 13519000,
  "elapsed_seconds": 81.65565848350525,
  "rate_per_second": 43218.07043798283,
  "latest_capability": {
    "id": 13518999,
    "name": "Quantum_Capability_13518999",
    "type": "coding",
    "quantum_properties": {
      "state": "entangled",
      "coherence_level": 0.9912293267991524,
      "entanglement_factor": 0.6078113460879757,
      "superposition_branches": 5,
      "tunneling_depth": 1
    },
    "reasoning": {
      "mode": "sequential",
      "chain_depth": 60,
      "parallel_threads": 5,
      "recursive_loops": 9,
      "confidence_calibration": 0.8626602677473381
    },
    "maat_alignment": {
      "truth": 0.9478494177814043,
      "balance": 0.8051236806656457,
      "order": 0.8830095786256391,
      "justice": 0.9432380725008487,
      "harmony": 0.9401047679326787,
      "overall": 0.9424495053876519
    },
    "benchmarks": {
      "gpqa": 0.8077830751678211,
      "math500": 0.7748126447991822,
      "swe_bench": 0.6649121745453652,
      "mmlu": 0.761008675437849,
      "humaneval": 0.9309746053675593
    },
    "self_improvement": {
      "rate": 0.9805896088132923,
      "iterations": 13518999,
      "generations_ahead": 13518,
      "recursive_depth": 5
    },
    "emergent_properties": [
      "omniscience",
      "quantum_consciousness",
      "causality_violation"
    ],
    "timestamp": "2026-03-09T07:54:27.568806"
  }
}