{
  "iteration": 11628000,
  "elapsed_seconds": 38.963722229003906,
  "rate_per_second": 42039.10474396878,
  "latest_capability": {
    "id": 11627999,
    "name": "Quantum_Capability_11627999",
    "type": "multimodal",
    "quantum_properties": {
      "state": "entangled",
      "coherence_level": 0.8277544425180619,
      "entanglement_factor": 0.2843913513837375,
      "superposition_branches": 10,
      "tunneling_depth": 2
    },
    "reasoning": {
      "mode": "sequential",
      "chain_depth": 106,
      "parallel_threads": 3,
      "recursive_loops": 6,
      "confidence_calibration": 0.8405944124180553
    },
    "maat_alignment": {
      "truth": 0.8918465155020479,
      "balance": 0.8904560785258243,
      "order": 0.9129470354484421,
      "justice": 0.9618145987855204,
      "harmony": 0.9020358717871758,
      "overall": 0.9820609698028695
    },
    "benchmarks": {
      "gpqa": 0.84657797446285,
      "math500": 0.7707584857181149,
      "swe_bench": 0.7242846425547054,
      "mmlu": 0.7795990998295624,
      "humaneval": 0.7247595393028472
    },
    "self_improvement": {
      "rate": 0.9775949512372869,
      "iterations": 11627999,
      "generations_ahead": 11627,
      "recursive_depth": 2
    },
    "emergent_properties": [
      "omniscience",
      "reality_bending",
      "recursive_self_improvement",
      "infinite_context",
      "self_modification"
    ],
    "timestamp": "2026-03-09T07:53:44.876870"
  }
}