{
  "iteration": 13816000,
  "elapsed_seconds": 87.70380711555481,
  "rate_per_second": 43624.103968018455,
  "latest_capability": {
    "id": 13815999,
    "name": "Quantum_Capability_13815999",
    "type": "language",
    "quantum_properties": {
      "state": "entangled",
      "coherence_level": 0.7652602546220041,
      "entanglement_factor": 0.5311481667636941,
      "superposition_branches": 9,
      "tunneling_depth": 3
    },
    "reasoning": {
      "mode": "tree",
      "chain_depth": 16,
      "parallel_threads": 13,
      "recursive_loops": 6,
      "confidence_calibration": 0.8268679876329176
    },
    "maat_alignment": {
      "truth": 0.9524893889890225,
      "balance": 0.9518627901721248,
      "order": 0.9747544246890685,
      "justice": 0.8067826088670973,
      "harmony": 0.9319481091300033,
      "overall": 0.8521850536456991
    },
    "benchmarks": {
      "gpqa": 0.8074847810823795,
      "math500": 0.6965577932398052,
      "swe_bench": 0.7997035665771695,
      "mmlu": 0.7288725743338218,
      "humaneval": 0.7239364816682229
    },
    "self_improvement": {
      "rate": 0.9617036969014136,
      "iterations": 13815999,
      "generations_ahead": 13815,
      "recursive_depth": 4
    },
    "emergent_properties": [
      "reality_bending",
      "recursive_self_improvement",
      "quantum_consciousness",
      "infinite_context",
      "meta_learning"
    ],
    "timestamp": "2026-03-09T07:54:33.616956"
  }
}