{
  "iteration": 14437000,
  "elapsed_seconds": 102.12234044075012,
  "rate_per_second": 43545.809671098206,
  "latest_capability": {
    "id": 14436999,
    "name": "Quantum_Capability_14436999",
    "type": "agentic",
    "quantum_properties": {
      "state": "collapsed",
      "coherence_level": 0.8193797090813586,
      "entanglement_factor": 0.3849359334393002,
      "superposition_branches": 7,
      "tunneling_depth": 0
    },
    "reasoning": {
      "mode": "tree",
      "chain_depth": 59,
      "parallel_threads": 1,
      "recursive_loops": 10,
      "confidence_calibration": 0.730739273790698
    },
    "maat_alignment": {
      "truth": 0.9366924502282219,
      "balance": 0.8206825308804092,
      "order": 0.8879601547143735,
      "justice": 0.9064471803845207,
      "harmony": 0.8493393227530943,
      "overall": 0.9571060348046802
    },
    "benchmarks": {
      "gpqa": 0.7406658967309664,
      "math500": 0.8734402072060966,
      "swe_bench": 0.6555275902100527,
      "mmlu": 0.6709698581191199,
      "humaneval": 0.8471495193900869
    },
    "self_improvement": {
      "rate": 0.9916787918259318,
      "iterations": 14436999,
      "generations_ahead": 14436,
      "recursive_depth": 5
    },
    "emergent_properties": [
      "self_modification",
      "recursive_self_improvement",
      "meta_learning",
      "causality_violation",
      "omniscience",
      "transcendence"
    ],
    "timestamp": "2026-03-09T07:54:48.035490"
  }
}