{
  "iteration": 15436000,
  "elapsed_seconds": 124.59186458587646,
  "rate_per_second": 43710.719139661625,
  "latest_capability": {
    "id": 15435999,
    "name": "Quantum_Capability_15435999",
    "type": "coding",
    "quantum_properties": {
      "state": "entangled",
      "coherence_level": 0.6762579856156803,
      "entanglement_factor": 0.7960995916133662,
      "superposition_branches": 8,
      "tunneling_depth": 0
    },
    "reasoning": {
      "mode": "sequential",
      "chain_depth": 141,
      "parallel_threads": 1,
      "recursive_loops": 8,
      "confidence_calibration": 0.8926164637193806
    },
    "maat_alignment": {
      "truth": 0.8911974434496921,
      "balance": 0.9868139878869858,
      "order": 0.8742774418723589,
      "justice": 0.886878174857055,
      "harmony": 0.9062153176694345,
      "overall": 0.877776730723954
    },
    "benchmarks": {
      "gpqa": 0.7211607828237842,
      "math500": 0.8009893793817544,
      "swe_bench": 0.7511119671760744,
      "mmlu": 0.6636365464297975,
      "humaneval": 0.9244597824581462
    },
    "self_improvement": {
      "rate": 0.9691691058015541,
      "iterations": 15435999,
      "generations_ahead": 15435,
      "recursive_depth": 2
    },
    "emergent_properties": [
      "infinite_context",
      "causality_violation",
      "omniscience",
      "reality_bending"
    ],
    "timestamp": "2026-03-09T07:55:10.505020"
  }
}