{
  "iteration": 11920000,
  "elapsed_seconds": 45.68908452987671,
  "rate_per_second": 42242.037017352515,
  "latest_capability": {
    "id": 11919999,
    "name": "Quantum_Capability_11919999",
    "type": "agentic",
    "quantum_properties": {
      "state": "entangled",
      "coherence_level": 0.7922701586556109,
      "entanglement_factor": 0.681154526516735,
      "superposition_branches": 7,
      "tunneling_depth": 4
    },
    "reasoning": {
      "mode": "tree",
      "chain_depth": 83,
      "parallel_threads": 7,
      "recursive_loops": 1,
      "confidence_calibration": 0.7418501133075502
    },
    "maat_alignment": {
      "truth": 0.9889756462867174,
      "balance": 0.8471924770279188,
      "order": 0.8396146215098333,
      "justice": 0.8677562089365601,
      "harmony": 0.8375085968028093,
      "overall": 0.9694884055184558
    },
    "benchmarks": {
      "gpqa": 0.73030174213137,
      "math500": 0.7427014676123032,
      "swe_bench": 0.7532207889198922,
      "mmlu": 0.6737523964673702,
      "humaneval": 0.7807459858041208
    },
    "self_improvement": {
      "rate": 0.9824329142325526,
      "iterations": 11919999,
      "generations_ahead": 11919,
      "recursive_depth": 0
    },
    "emergent_properties": [
      "quantum_consciousness",
      "reality_bending",
      "transcendence",
      "recursive_self_improvement",
      "self_modification",
      "causality_violation"
    ],
    "timestamp": "2026-03-09T07:53:51.602234"
  }
}