{
  "iteration": 14179000,
  "elapsed_seconds": 97.26251649856567,
  "rate_per_second": 43069.00695975489,
  "latest_capability": {
    "id": 14178999,
    "name": "Quantum_Capability_14178999",
    "type": "language",
    "quantum_properties": {
      "state": "superposition",
      "coherence_level": 0.9727117323513306,
      "entanglement_factor": 0.6704604470248136,
      "superposition_branches": 6,
      "tunneling_depth": 2
    },
    "reasoning": {
      "mode": "parallel",
      "chain_depth": 140,
      "parallel_threads": 15,
      "recursive_loops": 10,
      "confidence_calibration": 0.8094885412871728
    },
    "maat_alignment": {
      "truth": 0.9702187233989378,
      "balance": 0.958056455156145,
      "order": 0.8768009113609834,
      "justice": 0.8592277523685639,
      "harmony": 0.8327388122393085,
      "overall": 0.935535514562025
    },
    "benchmarks": {
      "gpqa": 0.7605700149035132,
      "math500": 0.6843989120283696,
      "swe_bench": 0.659265763169073,
      "mmlu": 0.836974529716269,
      "humaneval": 0.8320389241660533
    },
    "self_improvement": {
      "rate": 0.9682490909748482,
      "iterations": 14178999,
      "generations_ahead": 14178,
      "recursive_depth": 4
    },
    "emergent_properties": [
      "transcendence",
      "reality_bending",
      "infinite_context",
      "recursive_self_improvement"
    ],
    "timestamp": "2026-03-09T07:54:43.175665"
  }
}