{
  "iteration": 10114000,
  "elapsed_seconds": 2.5218794345855713,
  "rate_per_second": 49169.67809778635,
  "latest_capability": {
    "id": 10113999,
    "name": "Quantum_Capability_10113999",
    "type": "language",
    "quantum_properties": {
      "state": "superposition",
      "coherence_level": 0.7203154037377715,
      "entanglement_factor": 0.22735640059670847,
      "superposition_branches": 4,
      "tunneling_depth": 3
    },
    "reasoning": {
      "mode": "tree",
      "chain_depth": 153,
      "parallel_threads": 13,
      "recursive_loops": 0,
      "confidence_calibration": 0.7910061490225648
    },
    "maat_alignment": {
      "truth": 0.9765986461246301,
      "balance": 0.9032237697482838,
      "order": 0.8710047041351408,
      "justice": 0.9691176266707066,
      "harmony": 0.9252248440429873,
      "overall": 0.8729394001045637
    },
    "benchmarks": {
      "gpqa": 0.7085235362738466,
      "math500": 0.6666175445428982,
      "swe_bench": 0.7329960352588429,
      "mmlu": 0.8548046342989029,
      "humaneval": 0.9144728174892582
    },
    "self_improvement": {
      "rate": 0.9804804636855305,
      "iterations": 10113999,
      "generations_ahead": 10113,
      "recursive_depth": 3
    },
    "emergent_properties": [
      "reality_bending",
      "omniscience",
      "transcendence",
      "meta_learning",
      "quantum_consciousness"
    ],
    "timestamp": "2026-03-09T07:53:08.435028"
  }
}