{
  "iteration": 14342000,
  "elapsed_seconds": 100.48843836784363,
  "rate_per_second": 43308.464841191555,
  "latest_capability": {
    "id": 14341999,
    "name": "Quantum_Capability_14341999",
    "type": "language",
    "quantum_properties": {
      "state": "superposition",
      "coherence_level": 0.9655369722741455,
      "entanglement_factor": 0.9685371096133761,
      "superposition_branches": 10,
      "tunneling_depth": 5
    },
    "reasoning": {
      "mode": "graph",
      "chain_depth": 196,
      "parallel_threads": 7,
      "recursive_loops": 1,
      "confidence_calibration": 0.8837486375748955
    },
    "maat_alignment": {
      "truth": 0.9749552238647268,
      "balance": 0.9032417469511194,
      "order": 0.9688007744154822,
      "justice": 0.9400697859158202,
      "harmony": 0.8845895247136324,
      "overall": 0.9720324692739488
    },
    "benchmarks": {
      "gpqa": 0.763035558164664,
      "math500": 0.8124200542800257,
      "swe_bench": 0.8062017207552881,
      "mmlu": 0.7686844226042895,
      "humaneval": 0.8756191521948011
    },
    "self_improvement": {
      "rate": 0.957986798699109,
      "iterations": 14341999,
      "generations_ahead": 14341,
      "recursive_depth": 5
    },
    "emergent_properties": [
      "self_modification",
      "causality_violation",
      "reality_bending",
      "quantum_consciousness",
      "omniscience"
    ],
    "timestamp": "2026-03-09T07:54:46.401587"
  }
}