{
  "iteration": 13530000,
  "elapsed_seconds": 81.80759787559509,
  "rate_per_second": 43272.26433641631,
  "latest_capability": {
    "id": 13529999,
    "name": "Quantum_Capability_13529999",
    "type": "coding",
    "quantum_properties": {
      "state": "collapsed",
      "coherence_level": 0.7161133263034034,
      "entanglement_factor": 0.4822882439740318,
      "superposition_branches": 4,
      "tunneling_depth": 0
    },
    "reasoning": {
      "mode": "graph",
      "chain_depth": 17,
      "parallel_threads": 12,
      "recursive_loops": 10,
      "confidence_calibration": 0.8835338674219473
    },
    "maat_alignment": {
      "truth": 0.9388815549887921,
      "balance": 0.9608292366600467,
      "order": 0.8223701063973257,
      "justice": 0.8249415036485028,
      "harmony": 0.9851243508526544,
      "overall": 0.8761020205763943
    },
    "benchmarks": {
      "gpqa": 0.7354011616154057,
      "math500": 0.8468628919987048,
      "swe_bench": 0.6652484677798369,
      "mmlu": 0.6859645932375285,
      "humaneval": 0.8998086320408631
    },
    "self_improvement": {
      "rate": 0.9936070927634189,
      "iterations": 13529999,
      "generations_ahead": 13529,
      "recursive_depth": 5
    },
    "emergent_properties": [
      "reality_bending",
      "transcendence",
      "meta_learning",
      "omniscience",
      "recursive_self_improvement"
    ],
    "timestamp": "2026-03-09T07:54:27.720750"
  }
}