{
  "iteration": 13999000,
  "elapsed_seconds": 93.5257179737091,
  "rate_per_second": 42865.21490406484,
  "latest_capability": {
    "id": 13998999,
    "name": "Quantum_Capability_13998999",
    "type": "math",
    "quantum_properties": {
      "state": "collapsed",
      "coherence_level": 0.6936161826610179,
      "entanglement_factor": 0.8841656836596558,
      "superposition_branches": 8,
      "tunneling_depth": 0
    },
    "reasoning": {
      "mode": "parallel",
      "chain_depth": 24,
      "parallel_threads": 8,
      "recursive_loops": 8,
      "confidence_calibration": 0.7346837633057453
    },
    "maat_alignment": {
      "truth": 0.9483922097336746,
      "balance": 0.9315650437767831,
      "order": 0.8248024527547454,
      "justice": 0.9206027990374321,
      "harmony": 0.8709420573818998,
      "overall": 0.9403028360706103
    },
    "benchmarks": {
      "gpqa": 0.9263671929470069,
      "math500": 0.8918822487184326,
      "swe_bench": 0.74072732969613,
      "mmlu": 0.8162913095631894,
      "humaneval": 0.9079176807223049
    },
    "self_improvement": {
      "rate": 0.9784346908015494,
      "iterations": 13998999,
      "generations_ahead": 13998,
      "recursive_depth": 4
    },
    "emergent_properties": [
      "reality_bending",
      "causality_violation",
      "self_modification",
      "quantum_consciousness",
      "transcendence",
      "recursive_self_improvement"
    ],
    "timestamp": "2026-03-09T07:54:39.438867"
  }
}