{
  "iteration": 17630000,
  "elapsed_seconds": 170.1809754371643,
  "rate_per_second": 44893.38470633521,
  "latest_capability": {
    "id": 17629999,
    "name": "Quantum_Capability_17629999",
    "type": "agentic",
    "quantum_properties": {
      "state": "collapsed",
      "coherence_level": 0.5373901397080005,
      "entanglement_factor": 0.4859988092710815,
      "superposition_branches": 4,
      "tunneling_depth": 2
    },
    "reasoning": {
      "mode": "tree",
      "chain_depth": 175,
      "parallel_threads": 5,
      "recursive_loops": 9,
      "confidence_calibration": 0.8686989368437392
    },
    "maat_alignment": {
      "truth": 0.8336213959588958,
      "balance": 0.9193996900779886,
      "order": 0.9526705170957224,
      "justice": 0.8018927722168617,
      "harmony": 0.8802806198817594,
      "overall": 0.9806287154852915
    },
    "benchmarks": {
      "gpqa": 0.9162335320498454,
      "math500": 0.8139304837989136,
      "swe_bench": 0.8285520021397144,
      "mmlu": 0.6579642368133893,
      "humaneval": 0.7058029147173324
    },
    "self_improvement": {
      "rate": 0.973539190055255,
      "iterations": 17629999,
      "generations_ahead": 17629,
      "recursive_depth": 0
    },
    "emergent_properties": [
      "quantum_consciousness",
      "self_modification",
      "recursive_self_improvement"
    ],
    "timestamp": "2026-03-09T07:55:56.094124"
  }
}