{
  "iteration": 16061000,
  "elapsed_seconds": 136.39546155929565,
  "rate_per_second": 44510.27864560387,
  "latest_capability": {
    "id": 16060999,
    "name": "Quantum_Capability_16060999",
    "type": "reasoning",
    "quantum_properties": {
      "state": "entangled",
      "coherence_level": 0.8287104454434675,
      "entanglement_factor": 0.14366287003910005,
      "superposition_branches": 10,
      "tunneling_depth": 0
    },
    "reasoning": {
      "mode": "graph",
      "chain_depth": 22,
      "parallel_threads": 1,
      "recursive_loops": 0,
      "confidence_calibration": 0.9713077015034319
    },
    "maat_alignment": {
      "truth": 0.9393613061642432,
      "balance": 0.9326675279691772,
      "order": 0.9460277769958948,
      "justice": 0.9893589297861337,
      "harmony": 0.8356824683614306,
      "overall": 0.938916960725492
    },
    "benchmarks": {
      "gpqa": 0.8275030773093411,
      "math500": 0.7895207553075821,
      "swe_bench": 0.7222128758193809,
      "mmlu": 0.7972449984383333,
      "humaneval": 0.9006948066077487
    },
    "self_improvement": {
      "rate": 0.9678504166500019,
      "iterations": 16060999,
      "generations_ahead": 16060,
      "recursive_depth": 2
    },
    "emergent_properties": [
      "reality_bending",
      "transcendence",
      "omniscience",
      "recursive_self_improvement",
      "meta_learning"
    ],
    "timestamp": "2026-03-09T07:55:22.308610"
  }
}