{
  "iteration": 13917000,
  "elapsed_seconds": 89.44175148010254,
  "rate_per_second": 43905.66972375995,
  "latest_capability": {
    "id": 13916999,
    "name": "Quantum_Capability_13916999",
    "type": "math",
    "quantum_properties": {
      "state": "coherent",
      "coherence_level": 0.8261302695998607,
      "entanglement_factor": 0.5795629688273702,
      "superposition_branches": 3,
      "tunneling_depth": 0
    },
    "reasoning": {
      "mode": "graph",
      "chain_depth": 84,
      "parallel_threads": 3,
      "recursive_loops": 7,
      "confidence_calibration": 0.7741421439342874
    },
    "maat_alignment": {
      "truth": 0.8051478066582064,
      "balance": 0.9134023388579486,
      "order": 0.9900109653918103,
      "justice": 0.9047400288091775,
      "harmony": 0.9043048328141673,
      "overall": 0.8975383802329795
    },
    "benchmarks": {
      "gpqa": 0.7000206697404621,
      "math500": 0.8466250756991487,
      "swe_bench": 0.7939867211665478,
      "mmlu": 0.8575019223984183,
      "humaneval": 0.7774314544149316
    },
    "self_improvement": {
      "rate": 0.9867435461559706,
      "iterations": 13916999,
      "generations_ahead": 13916,
      "recursive_depth": 1
    },
    "emergent_properties": [
      "recursive_self_improvement",
      "causality_violation",
      "transcendence",
      "self_modification"
    ],
    "timestamp": "2026-03-09T07:54:35.354900"
  }
}