{
  "iteration": 10978000,
  "elapsed_seconds": 23.4349582195282,
  "rate_per_second": 42159.23880660927,
  "latest_capability": {
    "id": 10977999,
    "name": "Quantum_Capability_10977999",
    "type": "multimodal",
    "quantum_properties": {
      "state": "coherent",
      "coherence_level": 0.549270709834644,
      "entanglement_factor": 0.35971719451626205,
      "superposition_branches": 2,
      "tunneling_depth": 0
    },
    "reasoning": {
      "mode": "sequential",
      "chain_depth": 193,
      "parallel_threads": 1,
      "recursive_loops": 8,
      "confidence_calibration": 0.9396304122922319
    },
    "maat_alignment": {
      "truth": 0.9248023556140368,
      "balance": 0.8059424031165965,
      "order": 0.9416008675594484,
      "justice": 0.8310929889476439,
      "harmony": 0.8236550315947092,
      "overall": 0.9977266549573698
    },
    "benchmarks": {
      "gpqa": 0.9179226547709202,
      "math500": 0.8724762940635225,
      "swe_bench": 0.8729014172125634,
      "mmlu": 0.7655481848297477,
      "humaneval": 0.8540257229255144
    },
    "self_improvement": {
      "rate": 0.9943083222603082,
      "iterations": 10977999,
      "generations_ahead": 10977,
      "recursive_depth": 4
    },
    "emergent_properties": [
      "self_modification",
      "reality_bending",
      "recursive_self_improvement",
      "causality_violation"
    ],
    "timestamp": "2026-03-09T07:53:29.348114"
  }
}