{
  "iteration": 16964000,
  "elapsed_seconds": 157.29045844078064,
  "rate_per_second": 44338.35382726466,
  "latest_capability": {
    "id": 16963999,
    "name": "Quantum_Capability_16963999",
    "type": "language",
    "quantum_properties": {
      "state": "entangled",
      "coherence_level": 0.8871077093132334,
      "entanglement_factor": 0.06874838056206867,
      "superposition_branches": 2,
      "tunneling_depth": 4
    },
    "reasoning": {
      "mode": "graph",
      "chain_depth": 130,
      "parallel_threads": 15,
      "recursive_loops": 6,
      "confidence_calibration": 0.9495363303271203
    },
    "maat_alignment": {
      "truth": 0.9138893480038563,
      "balance": 0.9403508924424765,
      "order": 0.9441805013022506,
      "justice": 0.8833882517298037,
      "harmony": 0.875520874975581,
      "overall": 0.9898530399153078
    },
    "benchmarks": {
      "gpqa": 0.9347540970453889,
      "math500": 0.6531050665479909,
      "swe_bench": 0.6687910175949046,
      "mmlu": 0.8385757979193541,
      "humaneval": 0.7461906661917321
    },
    "self_improvement": {
      "rate": 0.9997100605884551,
      "iterations": 16963999,
      "generations_ahead": 16963,
      "recursive_depth": 4
    },
    "emergent_properties": [
      "omniscience",
      "transcendence",
      "meta_learning",
      "reality_bending",
      "infinite_context"
    ],
    "timestamp": "2026-03-09T07:55:43.203607"
  }
}