{
  "iteration": 12135000,
  "elapsed_seconds": 50.97876572608948,
  "rate_per_second": 42076.342364292475,
  "latest_capability": {
    "id": 12134999,
    "name": "Quantum_Capability_12134999",
    "type": "multimodal",
    "quantum_properties": {
      "state": "entangled",
      "coherence_level": 0.7992779675435631,
      "entanglement_factor": 0.1290801421596095,
      "superposition_branches": 3,
      "tunneling_depth": 3
    },
    "reasoning": {
      "mode": "graph",
      "chain_depth": 183,
      "parallel_threads": 8,
      "recursive_loops": 1,
      "confidence_calibration": 0.7276038219404244
    },
    "maat_alignment": {
      "truth": 0.8862182533124712,
      "balance": 0.9064628551350515,
      "order": 0.8923456308058753,
      "justice": 0.8201845268470662,
      "harmony": 0.9090545793294308,
      "overall": 0.8653012842215014
    },
    "benchmarks": {
      "gpqa": 0.8697995361701745,
      "math500": 0.6686037867624485,
      "swe_bench": 0.7472782911530944,
      "mmlu": 0.8905068143044876,
      "humaneval": 0.923034838529564
    },
    "self_improvement": {
      "rate": 0.9867407087745462,
      "iterations": 12134999,
      "generations_ahead": 12134,
      "recursive_depth": 0
    },
    "emergent_properties": [
      "causality_violation",
      "recursive_self_improvement",
      "omniscience",
      "reality_bending",
      "self_modification",
      "infinite_context"
    ],
    "timestamp": "2026-03-09T07:53:56.891914"
  }
}