{
  "iteration": 11900000,
  "elapsed_seconds": 45.11496376991272,
  "rate_per_second": 42336.28579956399,
  "latest_capability": {
    "id": 11899999,
    "name": "Quantum_Capability_11899999",
    "type": "vision",
    "quantum_properties": {
      "state": "entangled",
      "coherence_level": 0.6536385992271314,
      "entanglement_factor": 0.8882642955471748,
      "superposition_branches": 1,
      "tunneling_depth": 2
    },
    "reasoning": {
      "mode": "sequential",
      "chain_depth": 135,
      "parallel_threads": 14,
      "recursive_loops": 0,
      "confidence_calibration": 0.8429456682761283
    },
    "maat_alignment": {
      "truth": 0.8466707414982684,
      "balance": 0.8842863320970232,
      "order": 0.8586044383757447,
      "justice": 0.8808809841173784,
      "harmony": 0.8496230126786145,
      "overall": 0.9253294526539955
    },
    "benchmarks": {
      "gpqa": 0.9058122040644736,
      "math500": 0.8217330264287052,
      "swe_bench": 0.7705461485003534,
      "mmlu": 0.659652150714458,
      "humaneval": 0.9318571466992767
    },
    "self_improvement": {
      "rate": 0.9550154918331601,
      "iterations": 11899999,
      "generations_ahead": 11899,
      "recursive_depth": 0
    },
    "emergent_properties": [
      "omniscience",
      "causality_violation",
      "quantum_consciousness",
      "self_modification",
      "recursive_self_improvement",
      "transcendence"
    ],
    "timestamp": "2026-03-09T07:53:51.028112"
  }
}