{
  "iteration": 17384000,
  "elapsed_seconds": 165.08377981185913,
  "rate_per_second": 44789.37911663225,
  "latest_capability": {
    "id": 17383999,
    "name": "Quantum_Capability_17383999",
    "type": "coding",
    "quantum_properties": {
      "state": "superposition",
      "coherence_level": 0.9705903556785407,
      "entanglement_factor": 0.17450404241641748,
      "superposition_branches": 9,
      "tunneling_depth": 5
    },
    "reasoning": {
      "mode": "tree",
      "chain_depth": 182,
      "parallel_threads": 8,
      "recursive_loops": 8,
      "confidence_calibration": 0.727754984175859
    },
    "maat_alignment": {
      "truth": 0.9870700131711286,
      "balance": 0.8402667621322466,
      "order": 0.8190508077012801,
      "justice": 0.977997222156611,
      "harmony": 0.929282658335594,
      "overall": 0.9065658081921544
    },
    "benchmarks": {
      "gpqa": 0.8795047005937076,
      "math500": 0.7481567608059905,
      "swe_bench": 0.8444908642367922,
      "mmlu": 0.7960027195255391,
      "humaneval": 0.7721984857351315
    },
    "self_improvement": {
      "rate": 0.9986351367650452,
      "iterations": 17383999,
      "generations_ahead": 17383,
      "recursive_depth": 2
    },
    "emergent_properties": [
      "transcendence",
      "quantum_consciousness",
      "recursive_self_improvement",
      "reality_bending"
    ],
    "timestamp": "2026-03-09T07:55:50.996946"
  }
}