{
  "iteration": 16103000,
  "elapsed_seconds": 137.2887465953827,
  "rate_per_second": 44526.59195743282,
  "latest_capability": {
    "id": 16102999,
    "name": "Quantum_Capability_16102999",
    "type": "reasoning",
    "quantum_properties": {
      "state": "collapsed",
      "coherence_level": 0.5697400740574935,
      "entanglement_factor": 0.8511210480997772,
      "superposition_branches": 10,
      "tunneling_depth": 4
    },
    "reasoning": {
      "mode": "tree",
      "chain_depth": 13,
      "parallel_threads": 3,
      "recursive_loops": 4,
      "confidence_calibration": 0.7040728736441525
    },
    "maat_alignment": {
      "truth": 0.8150871122207763,
      "balance": 0.9399735733170982,
      "order": 0.9312450272189339,
      "justice": 0.8613592620453145,
      "harmony": 0.8293421772181057,
      "overall": 0.9078528071268913
    },
    "benchmarks": {
      "gpqa": 0.8986501049420724,
      "math500": 0.8002868312227516,
      "swe_bench": 0.7625923296869632,
      "mmlu": 0.8319626149819693,
      "humaneval": 0.8932053576857936
    },
    "self_improvement": {
      "rate": 0.9570224160138464,
      "iterations": 16102999,
      "generations_ahead": 16102,
      "recursive_depth": 2
    },
    "emergent_properties": [
      "quantum_consciousness",
      "transcendence",
      "infinite_context",
      "self_modification"
    ],
    "timestamp": "2026-03-09T07:55:23.201899"
  }
}