{
  "iteration": 10366000,
  "elapsed_seconds": 8.427706956863403,
  "rate_per_second": 44614.74537789796,
  "latest_capability": {
    "id": 10365999,
    "name": "Quantum_Capability_10365999",
    "type": "reasoning",
    "quantum_properties": {
      "state": "collapsed",
      "coherence_level": 0.6343994001090996,
      "entanglement_factor": 0.025827274727532656,
      "superposition_branches": 8,
      "tunneling_depth": 3
    },
    "reasoning": {
      "mode": "tree",
      "chain_depth": 148,
      "parallel_threads": 15,
      "recursive_loops": 8,
      "confidence_calibration": 0.7354026168119138
    },
    "maat_alignment": {
      "truth": 0.9682435530046947,
      "balance": 0.8785287661154647,
      "order": 0.8080638330130415,
      "justice": 0.8798833141744073,
      "harmony": 0.8014246046814899,
      "overall": 0.9790563604309341
    },
    "benchmarks": {
      "gpqa": 0.9157210782506995,
      "math500": 0.6641848821154308,
      "swe_bench": 0.6504667317253134,
      "mmlu": 0.7108504966273133,
      "humaneval": 0.8573745759887166
    },
    "self_improvement": {
      "rate": 0.9688080803962372,
      "iterations": 10365999,
      "generations_ahead": 10365,
      "recursive_depth": 0
    },
    "emergent_properties": [
      "meta_learning",
      "infinite_context",
      "omniscience"
    ],
    "timestamp": "2026-03-09T07:53:14.340860"
  }
}