{
  "iteration": 12644000,
  "elapsed_seconds": 62.64326882362366,
  "rate_per_second": 42366.882345691694,
  "latest_capability": {
    "id": 12643999,
    "name": "Quantum_Capability_12643999",
    "type": "math",
    "quantum_properties": {
      "state": "collapsed",
      "coherence_level": 0.6438887572724228,
      "entanglement_factor": 0.7946746030255314,
      "superposition_branches": 1,
      "tunneling_depth": 1
    },
    "reasoning": {
      "mode": "tree",
      "chain_depth": 131,
      "parallel_threads": 16,
      "recursive_loops": 8,
      "confidence_calibration": 0.8068357438139263
    },
    "maat_alignment": {
      "truth": 0.9650539204984184,
      "balance": 0.925565526138092,
      "order": 0.8089327885625274,
      "justice": 0.8563549556296076,
      "harmony": 0.8937410584782961,
      "overall": 0.9805211732982487
    },
    "benchmarks": {
      "gpqa": 0.719259861754061,
      "math500": 0.7961491748218239,
      "swe_bench": 0.7686981105573131,
      "mmlu": 0.8994369433514497,
      "humaneval": 0.7008755461863059
    },
    "self_improvement": {
      "rate": 0.9928926110337719,
      "iterations": 12643999,
      "generations_ahead": 12643,
      "recursive_depth": 2
    },
    "emergent_properties": [
      "transcendence",
      "recursive_self_improvement",
      "quantum_consciousness",
      "causality_violation",
      "omniscience",
      "reality_bending"
    ],
    "timestamp": "2026-03-09T07:54:08.556418"
  }
}