{
  "iteration": 14458000,
  "elapsed_seconds": 102.73712801933289,
  "rate_per_second": 43489.63306779629,
  "latest_capability": {
    "id": 14457999,
    "name": "Quantum_Capability_14457999",
    "type": "agentic",
    "quantum_properties": {
      "state": "entangled",
      "coherence_level": 0.7590696010882416,
      "entanglement_factor": 0.7891185486369322,
      "superposition_branches": 6,
      "tunneling_depth": 4
    },
    "reasoning": {
      "mode": "tree",
      "chain_depth": 167,
      "parallel_threads": 15,
      "recursive_loops": 4,
      "confidence_calibration": 0.9244294542998865
    },
    "maat_alignment": {
      "truth": 0.9539968810420826,
      "balance": 0.9149791177854083,
      "order": 0.9031861852741182,
      "justice": 0.9773136698959809,
      "harmony": 0.8962147997960427,
      "overall": 0.9040365173217823
    },
    "benchmarks": {
      "gpqa": 0.8027767812795727,
      "math500": 0.8569860593605892,
      "swe_bench": 0.6810317168703639,
      "mmlu": 0.8431547419370865,
      "humaneval": 0.8551882207371773
    },
    "self_improvement": {
      "rate": 0.9630482418199445,
      "iterations": 14457999,
      "generations_ahead": 14457,
      "recursive_depth": 4
    },
    "emergent_properties": [
      "meta_learning",
      "infinite_context",
      "self_modification",
      "transcendence",
      "omniscience"
    ],
    "timestamp": "2026-03-09T07:54:48.650276"
  }
}