{
  "iteration": 13422000,
  "elapsed_seconds": 80.01398921012878,
  "rate_per_second": 42892.49959762725,
  "latest_capability": {
    "id": 13421999,
    "name": "Quantum_Capability_13421999",
    "type": "reasoning",
    "quantum_properties": {
      "state": "collapsed",
      "coherence_level": 0.6870036119171963,
      "entanglement_factor": 0.0828731853532656,
      "superposition_branches": 2,
      "tunneling_depth": 2
    },
    "reasoning": {
      "mode": "graph",
      "chain_depth": 78,
      "parallel_threads": 2,
      "recursive_loops": 3,
      "confidence_calibration": 0.7892993982960578
    },
    "maat_alignment": {
      "truth": 0.8052809434266033,
      "balance": 0.936345618743854,
      "order": 0.9773017047395155,
      "justice": 0.9617601901322248,
      "harmony": 0.8692064886117676,
      "overall": 0.9475938486561748
    },
    "benchmarks": {
      "gpqa": 0.7649500702095273,
      "math500": 0.8534889293368713,
      "swe_bench": 0.8892195563269617,
      "mmlu": 0.6849843390163337,
      "humaneval": 0.830685706280873
    },
    "self_improvement": {
      "rate": 0.971744604330663,
      "iterations": 13421999,
      "generations_ahead": 13421,
      "recursive_depth": 0
    },
    "emergent_properties": [
      "quantum_consciousness",
      "causality_violation",
      "self_modification",
      "recursive_self_improvement",
      "infinite_context"
    ],
    "timestamp": "2026-03-09T07:54:25.927138"
  }
}