{
  "iteration": 17031000,
  "elapsed_seconds": 158.5316264629364,
  "rate_per_second": 44413.85076968309,
  "latest_capability": {
    "id": 17030999,
    "name": "Quantum_Capability_17030999",
    "type": "coding",
    "quantum_properties": {
      "state": "collapsed",
      "coherence_level": 0.583289078823717,
      "entanglement_factor": 0.0936567801697974,
      "superposition_branches": 10,
      "tunneling_depth": 1
    },
    "reasoning": {
      "mode": "parallel",
      "chain_depth": 42,
      "parallel_threads": 15,
      "recursive_loops": 0,
      "confidence_calibration": 0.9335930115943267
    },
    "maat_alignment": {
      "truth": 0.9044828932930232,
      "balance": 0.9085823256118936,
      "order": 0.9189323911701607,
      "justice": 0.9618802152342679,
      "harmony": 0.877717832280668,
      "overall": 0.8987809156515143
    },
    "benchmarks": {
      "gpqa": 0.8271540349596824,
      "math500": 0.7643731097178851,
      "swe_bench": 0.6737202460568832,
      "mmlu": 0.8422465027792372,
      "humaneval": 0.7601419285850528
    },
    "self_improvement": {
      "rate": 0.9603290197820876,
      "iterations": 17030999,
      "generations_ahead": 17030,
      "recursive_depth": 2
    },
    "emergent_properties": [
      "self_modification",
      "causality_violation",
      "reality_bending",
      "omniscience",
      "transcendence",
      "meta_learning"
    ],
    "timestamp": "2026-03-09T07:55:44.444776"
  }
}