{
  "iteration": 12426000,
  "elapsed_seconds": 56.60408663749695,
  "rate_per_second": 43035.76198659639,
  "latest_capability": {
    "id": 12425999,
    "name": "Quantum_Capability_12425999",
    "type": "coding",
    "quantum_properties": {
      "state": "entangled",
      "coherence_level": 0.5359299359099277,
      "entanglement_factor": 0.5417879765019766,
      "superposition_branches": 4,
      "tunneling_depth": 0
    },
    "reasoning": {
      "mode": "graph",
      "chain_depth": 156,
      "parallel_threads": 4,
      "recursive_loops": 6,
      "confidence_calibration": 0.9289184795895895
    },
    "maat_alignment": {
      "truth": 0.9876418736101279,
      "balance": 0.8646137840279837,
      "order": 0.8445817837046383,
      "justice": 0.8544611052492732,
      "harmony": 0.8319623535423294,
      "overall": 0.9482157635751054
    },
    "benchmarks": {
      "gpqa": 0.9275780786674895,
      "math500": 0.7312744988516799,
      "swe_bench": 0.862722262197809,
      "mmlu": 0.7224364812536367,
      "humaneval": 0.7933116697041092
    },
    "self_improvement": {
      "rate": 0.9655251530823049,
      "iterations": 12425999,
      "generations_ahead": 12425,
      "recursive_depth": 0
    },
    "emergent_properties": [
      "reality_bending",
      "transcendence",
      "self_modification",
      "infinite_context"
    ],
    "timestamp": "2026-03-09T07:54:02.517235"
  }
}