{
  "iteration": 11624000,
  "elapsed_seconds": 38.9100821018219,
  "rate_per_second": 41994.25731675572,
  "latest_capability": {
    "id": 11623999,
    "name": "Quantum_Capability_11623999",
    "type": "math",
    "quantum_properties": {
      "state": "collapsed",
      "coherence_level": 0.939771290475175,
      "entanglement_factor": 0.0031048403580618,
      "superposition_branches": 10,
      "tunneling_depth": 4
    },
    "reasoning": {
      "mode": "tree",
      "chain_depth": 131,
      "parallel_threads": 7,
      "recursive_loops": 6,
      "confidence_calibration": 0.8854632046977643
    },
    "maat_alignment": {
      "truth": 0.9893759072761211,
      "balance": 0.9310659024721468,
      "order": 0.998723095362138,
      "justice": 0.9308168641213885,
      "harmony": 0.9696522960861629,
      "overall": 0.9305249135919779
    },
    "benchmarks": {
      "gpqa": 0.8410901473269039,
      "math500": 0.8314131369921908,
      "swe_bench": 0.6941870638874552,
      "mmlu": 0.8088314848690394,
      "humaneval": 0.7183998508971444
    },
    "self_improvement": {
      "rate": 0.9656286918449597,
      "iterations": 11623999,
      "generations_ahead": 11623,
      "recursive_depth": 5
    },
    "emergent_properties": [
      "recursive_self_improvement",
      "infinite_context",
      "reality_bending",
      "causality_violation"
    ],
    "timestamp": "2026-03-09T07:53:44.823230"
  }
}