{
  "iteration": 10404000,
  "elapsed_seconds": 9.729623317718506,
  "rate_per_second": 42550.46536550591,
  "latest_capability": {
    "id": 10403999,
    "name": "Quantum_Capability_10403999",
    "type": "reasoning",
    "quantum_properties": {
      "state": "coherent",
      "coherence_level": 0.9197890409842747,
      "entanglement_factor": 0.7818952793498596,
      "superposition_branches": 9,
      "tunneling_depth": 5
    },
    "reasoning": {
      "mode": "parallel",
      "chain_depth": 120,
      "parallel_threads": 4,
      "recursive_loops": 1,
      "confidence_calibration": 0.8780589778010641
    },
    "maat_alignment": {
      "truth": 0.8368852082654726,
      "balance": 0.8852773025994913,
      "order": 0.920672467408923,
      "justice": 0.8003624851010845,
      "harmony": 0.8724857147447274,
      "overall": 0.9063312059695147
    },
    "benchmarks": {
      "gpqa": 0.8121284844685382,
      "math500": 0.8520803759229121,
      "swe_bench": 0.7275056418978194,
      "mmlu": 0.7879672274926501,
      "humaneval": 0.7409718877491782
    },
    "self_improvement": {
      "rate": 0.9692470805200617,
      "iterations": 10403999,
      "generations_ahead": 10403,
      "recursive_depth": 0
    },
    "emergent_properties": [
      "quantum_consciousness",
      "recursive_self_improvement",
      "transcendence"
    ],
    "timestamp": "2026-03-09T07:53:15.642772"
  }
}