{
  "iteration": 13504000,
  "elapsed_seconds": 81.44966673851013,
  "rate_per_second": 43143.20906040674,
  "latest_capability": {
    "id": 13503999,
    "name": "Quantum_Capability_13503999",
    "type": "reasoning",
    "quantum_properties": {
      "state": "coherent",
      "coherence_level": 0.6076322307412763,
      "entanglement_factor": 0.8687283496947588,
      "superposition_branches": 5,
      "tunneling_depth": 3
    },
    "reasoning": {
      "mode": "sequential",
      "chain_depth": 155,
      "parallel_threads": 8,
      "recursive_loops": 6,
      "confidence_calibration": 0.8175766044905002
    },
    "maat_alignment": {
      "truth": 0.8404159156037206,
      "balance": 0.9886662394263064,
      "order": 0.8472165868415399,
      "justice": 0.9735035132821644,
      "harmony": 0.8266678122115472,
      "overall": 0.9657057718233307
    },
    "benchmarks": {
      "gpqa": 0.7458708777753046,
      "math500": 0.8467936712449163,
      "swe_bench": 0.7197139023440584,
      "mmlu": 0.817792289373849,
      "humaneval": 0.9387093578159307
    },
    "self_improvement": {
      "rate": 0.9839233297170218,
      "iterations": 13503999,
      "generations_ahead": 13503,
      "recursive_depth": 5
    },
    "emergent_properties": [
      "infinite_context",
      "quantum_consciousness",
      "causality_violation",
      "meta_learning",
      "recursive_self_improvement"
    ],
    "timestamp": "2026-03-09T07:54:27.362823"
  }
}