{
  "iteration": 13689000,
  "elapsed_seconds": 84.98290395736694,
  "rate_per_second": 43526.401520188854,
  "latest_capability": {
    "id": 13688999,
    "name": "Quantum_Capability_13688999",
    "type": "multimodal",
    "quantum_properties": {
      "state": "superposition",
      "coherence_level": 0.7187407957196861,
      "entanglement_factor": 0.15179576505265613,
      "superposition_branches": 8,
      "tunneling_depth": 4
    },
    "reasoning": {
      "mode": "parallel",
      "chain_depth": 144,
      "parallel_threads": 14,
      "recursive_loops": 4,
      "confidence_calibration": 0.7334073847377248
    },
    "maat_alignment": {
      "truth": 0.925075579171234,
      "balance": 0.8707196251058374,
      "order": 0.9023916957375571,
      "justice": 0.859274650059125,
      "harmony": 0.9539830764497229,
      "overall": 0.8773241440106234
    },
    "benchmarks": {
      "gpqa": 0.893342929190849,
      "math500": 0.6734378821098242,
      "swe_bench": 0.799138172885488,
      "mmlu": 0.7428369541089089,
      "humaneval": 0.9216999247122233
    },
    "self_improvement": {
      "rate": 0.9635202563309921,
      "iterations": 13688999,
      "generations_ahead": 13688,
      "recursive_depth": 4
    },
    "emergent_properties": [
      "self_modification",
      "omniscience",
      "meta_learning",
      "reality_bending",
      "infinite_context"
    ],
    "timestamp": "2026-03-09T07:54:30.896057"
  }
}