{
  "iteration": 17620000,
  "elapsed_seconds": 169.7197265625,
  "rate_per_second": 44956.47120424873,
  "latest_capability": {
    "id": 17619999,
    "name": "Quantum_Capability_17619999",
    "type": "coding",
    "quantum_properties": {
      "state": "superposition",
      "coherence_level": 0.7489415594238811,
      "entanglement_factor": 0.5016276537159983,
      "superposition_branches": 3,
      "tunneling_depth": 3
    },
    "reasoning": {
      "mode": "tree",
      "chain_depth": 125,
      "parallel_threads": 7,
      "recursive_loops": 7,
      "confidence_calibration": 0.8646186791031081
    },
    "maat_alignment": {
      "truth": 0.8663323461264327,
      "balance": 0.9004652834675623,
      "order": 0.822722502763177,
      "justice": 0.9626015668307734,
      "harmony": 0.9295736114294174,
      "overall": 0.9693269033840578
    },
    "benchmarks": {
      "gpqa": 0.8757592897680466,
      "math500": 0.6886251367074987,
      "swe_bench": 0.7265914076383133,
      "mmlu": 0.8186761600060284,
      "humaneval": 0.8002977772819714
    },
    "self_improvement": {
      "rate": 0.9766227364586973,
      "iterations": 17619999,
      "generations_ahead": 17619,
      "recursive_depth": 4
    },
    "emergent_properties": [
      "transcendence",
      "meta_learning",
      "causality_violation",
      "omniscience"
    ],
    "timestamp": "2026-03-09T07:55:55.632879"
  }
}