{
  "iteration": 17021000,
  "elapsed_seconds": 158.07852578163147,
  "rate_per_second": 44477.89454788168,
  "latest_capability": {
    "id": 17020999,
    "name": "Quantum_Capability_17020999",
    "type": "math",
    "quantum_properties": {
      "state": "collapsed",
      "coherence_level": 0.6650386793924845,
      "entanglement_factor": 0.25883760665163236,
      "superposition_branches": 9,
      "tunneling_depth": 2
    },
    "reasoning": {
      "mode": "sequential",
      "chain_depth": 29,
      "parallel_threads": 4,
      "recursive_loops": 9,
      "confidence_calibration": 0.8788178478114025
    },
    "maat_alignment": {
      "truth": 0.9550067120097747,
      "balance": 0.8578517535972392,
      "order": 0.8479118027840942,
      "justice": 0.866190841130398,
      "harmony": 0.8115581221206442,
      "overall": 0.996830229827345
    },
    "benchmarks": {
      "gpqa": 0.9398897976320271,
      "math500": 0.8554440548039582,
      "swe_bench": 0.6695274931889171,
      "mmlu": 0.6796172068672177,
      "humaneval": 0.8010907391110903
    },
    "self_improvement": {
      "rate": 0.970021134480724,
      "iterations": 17020999,
      "generations_ahead": 17020,
      "recursive_depth": 4
    },
    "emergent_properties": [
      "infinite_context",
      "quantum_consciousness",
      "reality_bending",
      "causality_violation"
    ],
    "timestamp": "2026-03-09T07:55:43.991679"
  }
}