{
  "iteration": 12029000,
  "elapsed_seconds": 47.79247307777405,
  "rate_per_second": 42663.62187790277,
  "latest_capability": {
    "id": 12028999,
    "name": "Quantum_Capability_12028999",
    "type": "reasoning",
    "quantum_properties": {
      "state": "superposition",
      "coherence_level": 0.678699972877183,
      "entanglement_factor": 0.08670006199131353,
      "superposition_branches": 1,
      "tunneling_depth": 3
    },
    "reasoning": {
      "mode": "sequential",
      "chain_depth": 66,
      "parallel_threads": 9,
      "recursive_loops": 2,
      "confidence_calibration": 0.8153691420510029
    },
    "maat_alignment": {
      "truth": 0.8561612252654016,
      "balance": 0.9808488700887226,
      "order": 0.9196348429026029,
      "justice": 0.8702503322829714,
      "harmony": 0.8787883773773582,
      "overall": 0.9182130827393074
    },
    "benchmarks": {
      "gpqa": 0.7428608798794695,
      "math500": 0.7760611645616615,
      "swe_bench": 0.7978630283264158,
      "mmlu": 0.8676813372974945,
      "humaneval": 0.7214883141260925
    },
    "self_improvement": {
      "rate": 0.9819388253112598,
      "iterations": 12028999,
      "generations_ahead": 12028,
      "recursive_depth": 0
    },
    "emergent_properties": [
      "omniscience",
      "infinite_context",
      "meta_learning"
    ],
    "timestamp": "2026-03-09T07:53:53.705621"
  }
}