{
  "iteration": 12819000,
  "elapsed_seconds": 66.00344038009644,
  "rate_per_second": 42861.40212856381,
  "latest_capability": {
    "id": 12818999,
    "name": "Quantum_Capability_12818999",
    "type": "coding",
    "quantum_properties": {
      "state": "superposition",
      "coherence_level": 0.6779020889612603,
      "entanglement_factor": 0.7226952225806397,
      "superposition_branches": 3,
      "tunneling_depth": 5
    },
    "reasoning": {
      "mode": "parallel",
      "chain_depth": 98,
      "parallel_threads": 3,
      "recursive_loops": 8,
      "confidence_calibration": 0.7971993632968071
    },
    "maat_alignment": {
      "truth": 0.8438398534841969,
      "balance": 0.9021430319601875,
      "order": 0.8288381421905485,
      "justice": 0.900814164533009,
      "harmony": 0.9786328157582205,
      "overall": 0.9057843350259525
    },
    "benchmarks": {
      "gpqa": 0.7184978464686953,
      "math500": 0.6547966268951315,
      "swe_bench": 0.7931528554661746,
      "mmlu": 0.7861143809126198,
      "humaneval": 0.8506719657841126
    },
    "self_improvement": {
      "rate": 0.9749969450812261,
      "iterations": 12818999,
      "generations_ahead": 12818,
      "recursive_depth": 2
    },
    "emergent_properties": [
      "transcendence",
      "quantum_consciousness",
      "recursive_self_improvement",
      "causality_violation"
    ],
    "timestamp": "2026-03-09T07:54:11.916589"
  }
}