{
  "iteration": 13046000,
  "elapsed_seconds": 70.4048204421997,
  "rate_per_second": 43406.11879706286,
  "latest_capability": {
    "id": 13045999,
    "name": "Quantum_Capability_13045999",
    "type": "language",
    "quantum_properties": {
      "state": "entangled",
      "coherence_level": 0.7271884585523121,
      "entanglement_factor": 0.8593757182866643,
      "superposition_branches": 9,
      "tunneling_depth": 3
    },
    "reasoning": {
      "mode": "tree",
      "chain_depth": 104,
      "parallel_threads": 16,
      "recursive_loops": 2,
      "confidence_calibration": 0.9937311907788553
    },
    "maat_alignment": {
      "truth": 0.9448086912399236,
      "balance": 0.8173609567336663,
      "order": 0.902774946882992,
      "justice": 0.9993002926010564,
      "harmony": 0.9524536468096606,
      "overall": 0.858908421827094
    },
    "benchmarks": {
      "gpqa": 0.7985295014377745,
      "math500": 0.7372171479150891,
      "swe_bench": 0.7678497941025513,
      "mmlu": 0.7254252873695302,
      "humaneval": 0.7096294850295678
    },
    "self_improvement": {
      "rate": 0.9865413783449821,
      "iterations": 13045999,
      "generations_ahead": 13045,
      "recursive_depth": 3
    },
    "emergent_properties": [
      "omniscience",
      "quantum_consciousness",
      "meta_learning",
      "infinite_context"
    ],
    "timestamp": "2026-03-09T07:54:16.317969"
  }
}