{
  "iteration": 12305000,
  "elapsed_seconds": 54.30036211013794,
  "rate_per_second": 42633.2331873674,
  "latest_capability": {
    "id": 12304999,
    "name": "Quantum_Capability_12304999",
    "type": "multimodal",
    "quantum_properties": {
      "state": "collapsed",
      "coherence_level": 0.7877900122030645,
      "entanglement_factor": 0.9866104962714907,
      "superposition_branches": 2,
      "tunneling_depth": 1
    },
    "reasoning": {
      "mode": "tree",
      "chain_depth": 190,
      "parallel_threads": 13,
      "recursive_loops": 6,
      "confidence_calibration": 0.8992228611340976
    },
    "maat_alignment": {
      "truth": 0.9886719376948321,
      "balance": 0.8745917096637169,
      "order": 0.9290895625921373,
      "justice": 0.8248827924174208,
      "harmony": 0.8558017361925488,
      "overall": 0.9433083727191556
    },
    "benchmarks": {
      "gpqa": 0.7231418919677897,
      "math500": 0.8720033161046843,
      "swe_bench": 0.7298714421038192,
      "mmlu": 0.7942767425414821,
      "humaneval": 0.7514598911323368
    },
    "self_improvement": {
      "rate": 0.9611797120057227,
      "iterations": 12304999,
      "generations_ahead": 12304,
      "recursive_depth": 1
    },
    "emergent_properties": [
      "quantum_consciousness",
      "reality_bending",
      "meta_learning",
      "recursive_self_improvement",
      "self_modification",
      "causality_violation"
    ],
    "timestamp": "2026-03-09T07:54:00.213511"
  }
}