{
  "iteration": 13957000,
  "elapsed_seconds": 90.3129494190216,
  "rate_per_second": 43925.04093288393,
  "latest_capability": {
    "id": 13956999,
    "name": "Quantum_Capability_13956999",
    "type": "language",
    "quantum_properties": {
      "state": "coherent",
      "coherence_level": 0.6280097412656069,
      "entanglement_factor": 0.2009840638549676,
      "superposition_branches": 5,
      "tunneling_depth": 0
    },
    "reasoning": {
      "mode": "graph",
      "chain_depth": 167,
      "parallel_threads": 15,
      "recursive_loops": 2,
      "confidence_calibration": 0.8414107791253571
    },
    "maat_alignment": {
      "truth": 0.9682565943004544,
      "balance": 0.8632388217434623,
      "order": 0.8395891322180606,
      "justice": 0.8486440455072433,
      "harmony": 0.8061410778855859,
      "overall": 0.913862198758412
    },
    "benchmarks": {
      "gpqa": 0.900769678295094,
      "math500": 0.6778760803989792,
      "swe_bench": 0.8317563957146752,
      "mmlu": 0.7500372060817869,
      "humaneval": 0.7658704868359891
    },
    "self_improvement": {
      "rate": 0.9741594944660044,
      "iterations": 13956999,
      "generations_ahead": 13956,
      "recursive_depth": 4
    },
    "emergent_properties": [
      "reality_bending",
      "causality_violation",
      "meta_learning",
      "recursive_self_improvement",
      "quantum_consciousness"
    ],
    "timestamp": "2026-03-09T07:54:36.226098"
  }
}