{
  "iteration": 10230000,
  "elapsed_seconds": 5.018275737762451,
  "rate_per_second": 47825.19186699996,
  "latest_capability": {
    "id": 10229999,
    "name": "Quantum_Capability_10229999",
    "type": "language",
    "quantum_properties": {
      "state": "coherent",
      "coherence_level": 0.8958277303640235,
      "entanglement_factor": 0.8495861713818319,
      "superposition_branches": 1,
      "tunneling_depth": 1
    },
    "reasoning": {
      "mode": "sequential",
      "chain_depth": 105,
      "parallel_threads": 11,
      "recursive_loops": 7,
      "confidence_calibration": 0.8422577180586177
    },
    "maat_alignment": {
      "truth": 0.9131029355553346,
      "balance": 0.8452629182531275,
      "order": 0.8916284250280438,
      "justice": 0.8504002687920417,
      "harmony": 0.9964139285537567,
      "overall": 0.9920690196730177
    },
    "benchmarks": {
      "gpqa": 0.7600548922294914,
      "math500": 0.7343908597749728,
      "swe_bench": 0.7128508095852824,
      "mmlu": 0.842439179660656,
      "humaneval": 0.701820456490859
    },
    "self_improvement": {
      "rate": 0.9720823263610865,
      "iterations": 10229999,
      "generations_ahead": 10229,
      "recursive_depth": 2
    },
    "emergent_properties": [
      "infinite_context",
      "recursive_self_improvement",
      "transcendence",
      "self_modification",
      "quantum_consciousness"
    ],
    "timestamp": "2026-03-09T07:53:10.931424"
  }
}