{
  "iteration": 11237000,
  "elapsed_seconds": 29.813376665115356,
  "rate_per_second": 41826.86228424153,
  "latest_capability": {
    "id": 11236999,
    "name": "Quantum_Capability_11236999",
    "type": "coding",
    "quantum_properties": {
      "state": "entangled",
      "coherence_level": 0.621877208288456,
      "entanglement_factor": 0.6371692977908896,
      "superposition_branches": 3,
      "tunneling_depth": 4
    },
    "reasoning": {
      "mode": "sequential",
      "chain_depth": 166,
      "parallel_threads": 5,
      "recursive_loops": 4,
      "confidence_calibration": 0.7036810216319482
    },
    "maat_alignment": {
      "truth": 0.9438290957823854,
      "balance": 0.9937738168458308,
      "order": 0.9791862817480123,
      "justice": 0.9208351938495788,
      "harmony": 0.9617346263931116,
      "overall": 0.8532878013587075
    },
    "benchmarks": {
      "gpqa": 0.9136585804983248,
      "math500": 0.7680797973280253,
      "swe_bench": 0.8137497719454574,
      "mmlu": 0.833471302215296,
      "humaneval": 0.9479925584089892
    },
    "self_improvement": {
      "rate": 0.9685918961390091,
      "iterations": 11236999,
      "generations_ahead": 11236,
      "recursive_depth": 5
    },
    "emergent_properties": [
      "recursive_self_improvement",
      "transcendence",
      "omniscience",
      "quantum_consciousness",
      "causality_violation"
    ],
    "timestamp": "2026-03-09T07:53:35.726529"
  }
}