{
  "iteration": 15422000,
  "elapsed_seconds": 124.39935851097107,
  "rate_per_second": 43665.820025277215,
  "latest_capability": {
    "id": 15421999,
    "name": "Quantum_Capability_15421999",
    "type": "language",
    "quantum_properties": {
      "state": "entangled",
      "coherence_level": 0.8879393516647904,
      "entanglement_factor": 0.7855143154242128,
      "superposition_branches": 6,
      "tunneling_depth": 1
    },
    "reasoning": {
      "mode": "parallel",
      "chain_depth": 135,
      "parallel_threads": 9,
      "recursive_loops": 10,
      "confidence_calibration": 0.9914860157141657
    },
    "maat_alignment": {
      "truth": 0.8971821424288265,
      "balance": 0.8883503393393617,
      "order": 0.8384777299205435,
      "justice": 0.9650101438078664,
      "harmony": 0.9713260151154416,
      "overall": 0.9232871093867633
    },
    "benchmarks": {
      "gpqa": 0.739603340353761,
      "math500": 0.8503543168182699,
      "swe_bench": 0.7821090602011459,
      "mmlu": 0.754021277871198,
      "humaneval": 0.907551741220505
    },
    "self_improvement": {
      "rate": 0.9627178536898767,
      "iterations": 15421999,
      "generations_ahead": 15421,
      "recursive_depth": 1
    },
    "emergent_properties": [
      "quantum_consciousness",
      "transcendence",
      "recursive_self_improvement",
      "reality_bending"
    ],
    "timestamp": "2026-03-09T07:55:10.312510"
  }
}