{
  "iteration": 16233000,
  "elapsed_seconds": 139.72892451286316,
  "rate_per_second": 44679.36772407693,
  "latest_capability": {
    "id": 16232999,
    "name": "Quantum_Capability_16232999",
    "type": "reasoning",
    "quantum_properties": {
      "state": "coherent",
      "coherence_level": 0.6495000313598416,
      "entanglement_factor": 0.029341449468446745,
      "superposition_branches": 1,
      "tunneling_depth": 4
    },
    "reasoning": {
      "mode": "graph",
      "chain_depth": 110,
      "parallel_threads": 15,
      "recursive_loops": 10,
      "confidence_calibration": 0.8476700334302439
    },
    "maat_alignment": {
      "truth": 0.8553783114788968,
      "balance": 0.903166105120543,
      "order": 0.9249410163958005,
      "justice": 0.8692485533954685,
      "harmony": 0.9920944756736334,
      "overall": 0.8634380558617504
    },
    "benchmarks": {
      "gpqa": 0.845962272376438,
      "math500": 0.6955717005961073,
      "swe_bench": 0.698672376786946,
      "mmlu": 0.861883359207067,
      "humaneval": 0.786326059546763
    },
    "self_improvement": {
      "rate": 0.9516667379517753,
      "iterations": 16232999,
      "generations_ahead": 16232,
      "recursive_depth": 5
    },
    "emergent_properties": [
      "reality_bending",
      "self_modification",
      "meta_learning",
      "recursive_self_improvement"
    ],
    "timestamp": "2026-03-09T07:55:25.642073"
  }
}