{
  "iteration": 10833000,
  "elapsed_seconds": 20.482787609100342,
  "rate_per_second": 41156.50740944371,
  "latest_capability": {
    "id": 10832999,
    "name": "Quantum_Capability_10832999",
    "type": "language",
    "quantum_properties": {
      "state": "entangled",
      "coherence_level": 0.9960452573030478,
      "entanglement_factor": 0.28144995450108046,
      "superposition_branches": 10,
      "tunneling_depth": 5
    },
    "reasoning": {
      "mode": "parallel",
      "chain_depth": 22,
      "parallel_threads": 11,
      "recursive_loops": 7,
      "confidence_calibration": 0.9240010369048629
    },
    "maat_alignment": {
      "truth": 0.973371124687687,
      "balance": 0.8174254561521173,
      "order": 0.9117145699318754,
      "justice": 0.8201278922131686,
      "harmony": 0.8416818311784361,
      "overall": 0.9210913695743068
    },
    "benchmarks": {
      "gpqa": 0.8304099241743467,
      "math500": 0.8144471902658692,
      "swe_bench": 0.7874351578796241,
      "mmlu": 0.7870803702547362,
      "humaneval": 0.9393945081657422
    },
    "self_improvement": {
      "rate": 0.9838815839748041,
      "iterations": 10832999,
      "generations_ahead": 10832,
      "recursive_depth": 1
    },
    "emergent_properties": [
      "causality_violation",
      "reality_bending",
      "omniscience",
      "transcendence",
      "meta_learning"
    ],
    "timestamp": "2026-03-09T07:53:26.395936"
  }
}