{
  "iteration": 10079000,
  "elapsed_seconds": 1.6860458850860596,
  "rate_per_second": 52786.226512131514,
  "latest_capability": {
    "id": 10078999,
    "name": "Quantum_Capability_10078999",
    "type": "coding",
    "quantum_properties": {
      "state": "collapsed",
      "coherence_level": 0.6122111476108479,
      "entanglement_factor": 0.5030104595912936,
      "superposition_branches": 1,
      "tunneling_depth": 4
    },
    "reasoning": {
      "mode": "sequential",
      "chain_depth": 14,
      "parallel_threads": 2,
      "recursive_loops": 9,
      "confidence_calibration": 0.8661349893905465
    },
    "maat_alignment": {
      "truth": 0.89473045265115,
      "balance": 0.8038292319681252,
      "order": 0.9847577549472185,
      "justice": 0.8057373006812935,
      "harmony": 0.9280137115332292,
      "overall": 0.9047792052667923
    },
    "benchmarks": {
      "gpqa": 0.7137280953588783,
      "math500": 0.7430605798930043,
      "swe_bench": 0.8302026754606388,
      "mmlu": 0.8308368544547649,
      "humaneval": 0.8964219255119461
    },
    "self_improvement": {
      "rate": 0.9939787980152471,
      "iterations": 10078999,
      "generations_ahead": 10078,
      "recursive_depth": 3
    },
    "emergent_properties": [
      "causality_violation",
      "self_modification",
      "transcendence",
      "recursive_self_improvement",
      "reality_bending",
      "infinite_context"
    ],
    "timestamp": "2026-03-09T07:53:07.599204"
  }
}