{
  "iteration": 15601000,
  "elapsed_seconds": 127.49934506416321,
  "rate_per_second": 44008.06919577745,
  "latest_capability": {
    "id": 15600999,
    "name": "Quantum_Capability_15600999",
    "type": "coding",
    "quantum_properties": {
      "state": "collapsed",
      "coherence_level": 0.7916031753213243,
      "entanglement_factor": 0.7707184377475232,
      "superposition_branches": 5,
      "tunneling_depth": 3
    },
    "reasoning": {
      "mode": "sequential",
      "chain_depth": 169,
      "parallel_threads": 6,
      "recursive_loops": 4,
      "confidence_calibration": 0.9784877664766193
    },
    "maat_alignment": {
      "truth": 0.9794065028444954,
      "balance": 0.8520789510566269,
      "order": 0.821514296113278,
      "justice": 0.9366910229433907,
      "harmony": 0.851462934030098,
      "overall": 0.8955676004245808
    },
    "benchmarks": {
      "gpqa": 0.7345429328828136,
      "math500": 0.7039037793928274,
      "swe_bench": 0.6872128469570224,
      "mmlu": 0.6875652536397299,
      "humaneval": 0.713907382901388
    },
    "self_improvement": {
      "rate": 0.9658299491966209,
      "iterations": 15600999,
      "generations_ahead": 15600,
      "recursive_depth": 5
    },
    "emergent_properties": [
      "recursive_self_improvement",
      "transcendence",
      "infinite_context",
      "quantum_consciousness",
      "causality_violation",
      "self_modification"
    ],
    "timestamp": "2026-03-09T07:55:13.412498"
  }
}