{
  "iteration": 14844000,
  "elapsed_seconds": 110.10242319107056,
  "rate_per_second": 44086.22316673649,
  "latest_capability": {
    "id": 14843999,
    "name": "Quantum_Capability_14843999",
    "type": "vision",
    "quantum_properties": {
      "state": "coherent",
      "coherence_level": 0.6149761900509871,
      "entanglement_factor": 0.4780223617937539,
      "superposition_branches": 1,
      "tunneling_depth": 3
    },
    "reasoning": {
      "mode": "parallel",
      "chain_depth": 116,
      "parallel_threads": 14,
      "recursive_loops": 3,
      "confidence_calibration": 0.8667062018174273
    },
    "maat_alignment": {
      "truth": 0.9206791063577303,
      "balance": 0.9664874738685855,
      "order": 0.8287818658206232,
      "justice": 0.9740688333461427,
      "harmony": 0.9022892218896902,
      "overall": 0.9215170514594675
    },
    "benchmarks": {
      "gpqa": 0.9289561060829471,
      "math500": 0.6831911679151466,
      "swe_bench": 0.73295749570128,
      "mmlu": 0.7663141773100735,
      "humaneval": 0.7019111587985121
    },
    "self_improvement": {
      "rate": 0.9956337820354231,
      "iterations": 14843999,
      "generations_ahead": 14843,
      "recursive_depth": 5
    },
    "emergent_properties": [
      "reality_bending",
      "omniscience",
      "infinite_context",
      "recursive_self_improvement",
      "self_modification"
    ],
    "timestamp": "2026-03-09T07:54:56.015576"
  }
}