{
  "iteration": 16611000,
  "elapsed_seconds": 150.39509081840515,
  "rate_per_second": 44024.04336451739,
  "latest_capability": {
    "id": 16610999,
    "name": "Quantum_Capability_16610999",
    "type": "coding",
    "quantum_properties": {
      "state": "entangled",
      "coherence_level": 0.6036067145332693,
      "entanglement_factor": 0.22784966903313641,
      "superposition_branches": 6,
      "tunneling_depth": 2
    },
    "reasoning": {
      "mode": "parallel",
      "chain_depth": 79,
      "parallel_threads": 11,
      "recursive_loops": 4,
      "confidence_calibration": 0.8481959724341837
    },
    "maat_alignment": {
      "truth": 0.8690930212338668,
      "balance": 0.8870299626101575,
      "order": 0.9825732000877825,
      "justice": 0.9488181956985007,
      "harmony": 0.9266249917614755,
      "overall": 0.9266635995127896
    },
    "benchmarks": {
      "gpqa": 0.8031461518723796,
      "math500": 0.8068426510468669,
      "swe_bench": 0.7931580912418378,
      "mmlu": 0.8272358825845274,
      "humaneval": 0.7073465618582755
    },
    "self_improvement": {
      "rate": 0.977274804294448,
      "iterations": 16610999,
      "generations_ahead": 16610,
      "recursive_depth": 3
    },
    "emergent_properties": [
      "self_modification",
      "meta_learning",
      "transcendence"
    ],
    "timestamp": "2026-03-09T07:55:36.308239"
  }
}