{
  "iteration": 14949000,
  "elapsed_seconds": 112.20505738258362,
  "rate_per_second": 44195.868846547484,
  "latest_capability": {
    "id": 14948999,
    "name": "Quantum_Capability_14948999",
    "type": "multimodal",
    "quantum_properties": {
      "state": "superposition",
      "coherence_level": 0.8980281741184406,
      "entanglement_factor": 0.5701597187126664,
      "superposition_branches": 7,
      "tunneling_depth": 5
    },
    "reasoning": {
      "mode": "tree",
      "chain_depth": 179,
      "parallel_threads": 4,
      "recursive_loops": 7,
      "confidence_calibration": 0.7379444983700628
    },
    "maat_alignment": {
      "truth": 0.8698141697604314,
      "balance": 0.8785394844225443,
      "order": 0.9077228800201278,
      "justice": 0.8182421479944018,
      "harmony": 0.8001061968583758,
      "overall": 0.9139688315300466
    },
    "benchmarks": {
      "gpqa": 0.7857279658808172,
      "math500": 0.6548472299520846,
      "swe_bench": 0.8506453361810602,
      "mmlu": 0.8001985127448479,
      "humaneval": 0.8450337515779338
    },
    "self_improvement": {
      "rate": 0.9962291203826281,
      "iterations": 14948999,
      "generations_ahead": 14948,
      "recursive_depth": 1
    },
    "emergent_properties": [
      "meta_learning",
      "recursive_self_improvement",
      "omniscience",
      "self_modification",
      "reality_bending"
    ],
    "timestamp": "2026-03-09T07:54:58.118206"
  }
}