{
  "iteration": 10547000,
  "elapsed_seconds": 13.926934003829956,
  "rate_per_second": 39994.445284714,
  "latest_capability": {
    "id": 10546999,
    "name": "Quantum_Capability_10546999",
    "type": "coding",
    "quantum_properties": {
      "state": "entangled",
      "coherence_level": 0.9788813525183017,
      "entanglement_factor": 0.9748970630524835,
      "superposition_branches": 2,
      "tunneling_depth": 5
    },
    "reasoning": {
      "mode": "tree",
      "chain_depth": 53,
      "parallel_threads": 2,
      "recursive_loops": 3,
      "confidence_calibration": 0.7480111078047075
    },
    "maat_alignment": {
      "truth": 0.8373825780738676,
      "balance": 0.9035614676631674,
      "order": 0.9331988534658764,
      "justice": 0.9987688174777347,
      "harmony": 0.8123286967816129,
      "overall": 0.9561739484000725
    },
    "benchmarks": {
      "gpqa": 0.7142525978280878,
      "math500": 0.6622696746539779,
      "swe_bench": 0.7038269231922551,
      "mmlu": 0.8452231407691545,
      "humaneval": 0.8936161895796124
    },
    "self_improvement": {
      "rate": 0.9753099458609373,
      "iterations": 10546999,
      "generations_ahead": 10546,
      "recursive_depth": 0
    },
    "emergent_properties": [
      "infinite_context",
      "meta_learning",
      "quantum_consciousness",
      "omniscience",
      "self_modification"
    ],
    "timestamp": "2026-03-09T07:53:19.840087"
  }
}