{
  "iteration": 10937000,
  "elapsed_seconds": 22.531784534454346,
  "rate_per_second": 42029.51606216101,
  "latest_capability": {
    "id": 10936999,
    "name": "Quantum_Capability_10936999",
    "type": "multimodal",
    "quantum_properties": {
      "state": "collapsed",
      "coherence_level": 0.9831711237699367,
      "entanglement_factor": 0.4296074549378953,
      "superposition_branches": 8,
      "tunneling_depth": 3
    },
    "reasoning": {
      "mode": "parallel",
      "chain_depth": 126,
      "parallel_threads": 14,
      "recursive_loops": 0,
      "confidence_calibration": 0.877045635198203
    },
    "maat_alignment": {
      "truth": 0.9736246087113924,
      "balance": 0.8011859871851585,
      "order": 0.9031108894498213,
      "justice": 0.8607819219493162,
      "harmony": 0.847074236575501,
      "overall": 0.9188110092452031
    },
    "benchmarks": {
      "gpqa": 0.9439425284428972,
      "math500": 0.7346253394108745,
      "swe_bench": 0.7682870486877483,
      "mmlu": 0.7600663457832605,
      "humaneval": 0.8420013563269638
    },
    "self_improvement": {
      "rate": 0.9741146470244629,
      "iterations": 10936999,
      "generations_ahead": 10936,
      "recursive_depth": 2
    },
    "emergent_properties": [
      "omniscience",
      "causality_violation",
      "infinite_context",
      "recursive_self_improvement"
    ],
    "timestamp": "2026-03-09T07:53:28.444936"
  }
}