{
  "iteration": 14982000,
  "elapsed_seconds": 112.65991187095642,
  "rate_per_second": 44310.348881845086,
  "latest_capability": {
    "id": 14981999,
    "name": "Quantum_Capability_14981999",
    "type": "coding",
    "quantum_properties": {
      "state": "collapsed",
      "coherence_level": 0.876521477741552,
      "entanglement_factor": 0.026964735908701964,
      "superposition_branches": 2,
      "tunneling_depth": 0
    },
    "reasoning": {
      "mode": "sequential",
      "chain_depth": 171,
      "parallel_threads": 9,
      "recursive_loops": 10,
      "confidence_calibration": 0.7650166509598937
    },
    "maat_alignment": {
      "truth": 0.8111909356023252,
      "balance": 0.8487580904014634,
      "order": 0.828306350471488,
      "justice": 0.8108756906626314,
      "harmony": 0.8704907229256313,
      "overall": 0.8633437615183266
    },
    "benchmarks": {
      "gpqa": 0.7531171156266423,
      "math500": 0.7026910868025708,
      "swe_bench": 0.6768677000980949,
      "mmlu": 0.7268378584901998,
      "humaneval": 0.8436867438880906
    },
    "self_improvement": {
      "rate": 0.9526591907740882,
      "iterations": 14981999,
      "generations_ahead": 14981,
      "recursive_depth": 1
    },
    "emergent_properties": [
      "infinite_context",
      "self_modification",
      "causality_violation",
      "quantum_consciousness",
      "reality_bending",
      "transcendence"
    ],
    "timestamp": "2026-03-09T07:54:58.573065"
  }
}