{
  "iteration": 11526000,
  "elapsed_seconds": 36.984233140945435,
  "rate_per_second": 41531.211263631325,
  "latest_capability": {
    "id": 11525999,
    "name": "Quantum_Capability_11525999",
    "type": "math",
    "quantum_properties": {
      "state": "entangled",
      "coherence_level": 0.7687490068545848,
      "entanglement_factor": 0.2174218866458466,
      "superposition_branches": 6,
      "tunneling_depth": 3
    },
    "reasoning": {
      "mode": "parallel",
      "chain_depth": 192,
      "parallel_threads": 14,
      "recursive_loops": 3,
      "confidence_calibration": 0.9561384027196845
    },
    "maat_alignment": {
      "truth": 0.8545787700748584,
      "balance": 0.9764931502376258,
      "order": 0.8857732322964659,
      "justice": 0.9999269379088089,
      "harmony": 0.9038585602367701,
      "overall": 0.8941767211711934
    },
    "benchmarks": {
      "gpqa": 0.8969745303765382,
      "math500": 0.7329606697261135,
      "swe_bench": 0.7354896051533535,
      "mmlu": 0.8003583699454404,
      "humaneval": 0.8990883866289822
    },
    "self_improvement": {
      "rate": 0.9782711252194177,
      "iterations": 11525999,
      "generations_ahead": 11525,
      "recursive_depth": 3
    },
    "emergent_properties": [
      "recursive_self_improvement",
      "reality_bending",
      "causality_violation"
    ],
    "timestamp": "2026-03-09T07:53:42.897385"
  }
}