{
  "iteration": 16404000,
  "elapsed_seconds": 146.55367374420166,
  "rate_per_second": 43765.535425574875,
  "latest_capability": {
    "id": 16403999,
    "name": "Quantum_Capability_16403999",
    "type": "reasoning",
    "quantum_properties": {
      "state": "collapsed",
      "coherence_level": 0.8784737308527236,
      "entanglement_factor": 0.022811529176821943,
      "superposition_branches": 6,
      "tunneling_depth": 0
    },
    "reasoning": {
      "mode": "tree",
      "chain_depth": 128,
      "parallel_threads": 4,
      "recursive_loops": 7,
      "confidence_calibration": 0.8097705892974034
    },
    "maat_alignment": {
      "truth": 0.8255714230789686,
      "balance": 0.9198623279711009,
      "order": 0.9722766916775203,
      "justice": 0.9321750875731696,
      "harmony": 0.8166715195286757,
      "overall": 0.9213903397534374
    },
    "benchmarks": {
      "gpqa": 0.8137377327152167,
      "math500": 0.8030769472187069,
      "swe_bench": 0.6962903911575875,
      "mmlu": 0.7253930857535171,
      "humaneval": 0.8675931219699947
    },
    "self_improvement": {
      "rate": 0.9681623890151883,
      "iterations": 16403999,
      "generations_ahead": 16403,
      "recursive_depth": 5
    },
    "emergent_properties": [
      "transcendence",
      "recursive_self_improvement",
      "meta_learning",
      "infinite_context",
      "causality_violation"
    ],
    "timestamp": "2026-03-09T07:55:32.466822"
  }
}