{
  "iteration": 13295000,
  "elapsed_seconds": 77.275465965271,
  "rate_per_second": 42769.0724179564,
  "latest_capability": {
    "id": 13294999,
    "name": "Quantum_Capability_13294999",
    "type": "vision",
    "quantum_properties": {
      "state": "coherent",
      "coherence_level": 0.7229406318596725,
      "entanglement_factor": 0.2053895396461688,
      "superposition_branches": 7,
      "tunneling_depth": 3
    },
    "reasoning": {
      "mode": "graph",
      "chain_depth": 47,
      "parallel_threads": 10,
      "recursive_loops": 6,
      "confidence_calibration": 0.8880707324126206
    },
    "maat_alignment": {
      "truth": 0.8710962704848341,
      "balance": 0.9645412456432125,
      "order": 0.8080875165027701,
      "justice": 0.9406859430241614,
      "harmony": 0.9310553757423065,
      "overall": 0.9730093768781343
    },
    "benchmarks": {
      "gpqa": 0.721466287683562,
      "math500": 0.6503485244705216,
      "swe_bench": 0.8503707254949378,
      "mmlu": 0.7170319553476727,
      "humaneval": 0.7498194178869947
    },
    "self_improvement": {
      "rate": 0.9981876779981558,
      "iterations": 13294999,
      "generations_ahead": 13294,
      "recursive_depth": 2
    },
    "emergent_properties": [
      "causality_violation",
      "omniscience",
      "infinite_context",
      "self_modification",
      "transcendence",
      "recursive_self_improvement"
    ],
    "timestamp": "2026-03-09T07:54:23.188615"
  }
}