{
  "iteration": 12918000,
  "elapsed_seconds": 67.9808578491211,
  "rate_per_second": 43070.94809686717,
  "latest_capability": {
    "id": 12917999,
    "name": "Quantum_Capability_12917999",
    "type": "agentic",
    "quantum_properties": {
      "state": "superposition",
      "coherence_level": 0.5550747729148442,
      "entanglement_factor": 0.07241719454429774,
      "superposition_branches": 3,
      "tunneling_depth": 5
    },
    "reasoning": {
      "mode": "graph",
      "chain_depth": 95,
      "parallel_threads": 10,
      "recursive_loops": 2,
      "confidence_calibration": 0.8765913580615493
    },
    "maat_alignment": {
      "truth": 0.9867049119124378,
      "balance": 0.9177466776580294,
      "order": 0.8467035389249433,
      "justice": 0.9389564237196917,
      "harmony": 0.8450739114000227,
      "overall": 0.860848085038894
    },
    "benchmarks": {
      "gpqa": 0.7287134467870765,
      "math500": 0.7214097607183622,
      "swe_bench": 0.7847574711683256,
      "mmlu": 0.6685451951615191,
      "humaneval": 0.7632680475242368
    },
    "self_improvement": {
      "rate": 0.978405241375115,
      "iterations": 12917999,
      "generations_ahead": 12917,
      "recursive_depth": 0
    },
    "emergent_properties": [
      "recursive_self_improvement",
      "transcendence",
      "meta_learning",
      "omniscience",
      "reality_bending",
      "causality_violation"
    ],
    "timestamp": "2026-03-09T07:54:13.894007"
  }
}