{
  "iteration": 11514000,
  "elapsed_seconds": 36.81727933883667,
  "rate_per_second": 41393.60722378011,
  "latest_capability": {
    "id": 11513999,
    "name": "Quantum_Capability_11513999",
    "type": "reasoning",
    "quantum_properties": {
      "state": "entangled",
      "coherence_level": 0.5231879529756048,
      "entanglement_factor": 0.5288932059027402,
      "superposition_branches": 3,
      "tunneling_depth": 4
    },
    "reasoning": {
      "mode": "sequential",
      "chain_depth": 174,
      "parallel_threads": 9,
      "recursive_loops": 1,
      "confidence_calibration": 0.921560670621312
    },
    "maat_alignment": {
      "truth": 0.8381906516384536,
      "balance": 0.9281924591005238,
      "order": 0.8802430778653816,
      "justice": 0.9768282612331113,
      "harmony": 0.8674000895376913,
      "overall": 0.9359987411373685
    },
    "benchmarks": {
      "gpqa": 0.9202211775528076,
      "math500": 0.735915738715013,
      "swe_bench": 0.7028539464418073,
      "mmlu": 0.8614156983450496,
      "humaneval": 0.7792902508948785
    },
    "self_improvement": {
      "rate": 0.9956070894799153,
      "iterations": 11513999,
      "generations_ahead": 11513,
      "recursive_depth": 4
    },
    "emergent_properties": [
      "recursive_self_improvement",
      "infinite_context",
      "causality_violation",
      "reality_bending"
    ],
    "timestamp": "2026-03-09T07:53:42.730427"
  }
}