{
  "iteration": 16772000,
  "elapsed_seconds": 153.2990243434906,
  "rate_per_second": 44240.33374670318,
  "latest_capability": {
    "id": 16771999,
    "name": "Quantum_Capability_16771999",
    "type": "vision",
    "quantum_properties": {
      "state": "coherent",
      "coherence_level": 0.7290120889546707,
      "entanglement_factor": 0.8168520796580894,
      "superposition_branches": 1,
      "tunneling_depth": 2
    },
    "reasoning": {
      "mode": "sequential",
      "chain_depth": 46,
      "parallel_threads": 4,
      "recursive_loops": 3,
      "confidence_calibration": 0.7341439318779365
    },
    "maat_alignment": {
      "truth": 0.9777045758336806,
      "balance": 0.853200536041208,
      "order": 0.9078277474260277,
      "justice": 0.9258451434710037,
      "harmony": 0.9024528726839285,
      "overall": 0.9000316429068311
    },
    "benchmarks": {
      "gpqa": 0.8822221944147467,
      "math500": 0.7639209470071057,
      "swe_bench": 0.8845459923891037,
      "mmlu": 0.7969505635333676,
      "humaneval": 0.8383919689753059
    },
    "self_improvement": {
      "rate": 0.9527962526722167,
      "iterations": 16771999,
      "generations_ahead": 16771,
      "recursive_depth": 2
    },
    "emergent_properties": [
      "omniscience",
      "transcendence",
      "quantum_consciousness",
      "reality_bending",
      "infinite_context",
      "self_modification"
    ],
    "timestamp": "2026-03-09T07:55:39.212173"
  }
}