{
  "iteration": 15289000,
  "elapsed_seconds": 121.61179089546204,
  "rate_per_second": 43573.07758550354,
  "latest_capability": {
    "id": 15288999,
    "name": "Quantum_Capability_15288999",
    "type": "math",
    "quantum_properties": {
      "state": "coherent",
      "coherence_level": 0.5906645942729428,
      "entanglement_factor": 0.21441716365976848,
      "superposition_branches": 9,
      "tunneling_depth": 4
    },
    "reasoning": {
      "mode": "tree",
      "chain_depth": 51,
      "parallel_threads": 1,
      "recursive_loops": 5,
      "confidence_calibration": 0.7796180736891479
    },
    "maat_alignment": {
      "truth": 0.9952268899001739,
      "balance": 0.849809114942816,
      "order": 0.8610468382004604,
      "justice": 0.8919629845944929,
      "harmony": 0.8995120956973993,
      "overall": 0.9621002892250313
    },
    "benchmarks": {
      "gpqa": 0.9084413140978085,
      "math500": 0.882669096342435,
      "swe_bench": 0.7204314712396405,
      "mmlu": 0.792983165449288,
      "humaneval": 0.7710902354760782
    },
    "self_improvement": {
      "rate": 0.9647552663704086,
      "iterations": 15288999,
      "generations_ahead": 15288,
      "recursive_depth": 5
    },
    "emergent_properties": [
      "reality_bending",
      "causality_violation",
      "quantum_consciousness",
      "infinite_context"
    ],
    "timestamp": "2026-03-09T07:55:07.524940"
  }
}