{
  "iteration": 12796000,
  "elapsed_seconds": 65.69044971466064,
  "rate_per_second": 42715.493837969014,
  "latest_capability": {
    "id": 12795999,
    "name": "Quantum_Capability_12795999",
    "type": "agentic",
    "quantum_properties": {
      "state": "entangled",
      "coherence_level": 0.7548866970287264,
      "entanglement_factor": 0.7816708733078984,
      "superposition_branches": 3,
      "tunneling_depth": 1
    },
    "reasoning": {
      "mode": "parallel",
      "chain_depth": 81,
      "parallel_threads": 2,
      "recursive_loops": 3,
      "confidence_calibration": 0.7307264250980577
    },
    "maat_alignment": {
      "truth": 0.8495961783055432,
      "balance": 0.8706201433026028,
      "order": 0.8457394935030239,
      "justice": 0.9073298992704948,
      "harmony": 0.8800456747472816,
      "overall": 0.9748585678144657
    },
    "benchmarks": {
      "gpqa": 0.8150775980357463,
      "math500": 0.894893707460138,
      "swe_bench": 0.7180482908731084,
      "mmlu": 0.6880888397430118,
      "humaneval": 0.9286019990813004
    },
    "self_improvement": {
      "rate": 0.9887971059367945,
      "iterations": 12795999,
      "generations_ahead": 12795,
      "recursive_depth": 0
    },
    "emergent_properties": [
      "omniscience",
      "meta_learning",
      "quantum_consciousness",
      "causality_violation"
    ],
    "timestamp": "2026-03-09T07:54:11.603601"
  }
}