{
  "iteration": 16902000,
  "elapsed_seconds": 155.77147722244263,
  "rate_per_second": 44372.69340477282,
  "latest_capability": {
    "id": 16901999,
    "name": "Quantum_Capability_16901999",
    "type": "vision",
    "quantum_properties": {
      "state": "collapsed",
      "coherence_level": 0.6853993609835367,
      "entanglement_factor": 0.32526405201100184,
      "superposition_branches": 10,
      "tunneling_depth": 0
    },
    "reasoning": {
      "mode": "sequential",
      "chain_depth": 144,
      "parallel_threads": 14,
      "recursive_loops": 2,
      "confidence_calibration": 0.795919193874019
    },
    "maat_alignment": {
      "truth": 0.8898410012120022,
      "balance": 0.845392835975354,
      "order": 0.8692295126726406,
      "justice": 0.9432696307413705,
      "harmony": 0.8087117385591323,
      "overall": 0.8785020142035529
    },
    "benchmarks": {
      "gpqa": 0.7288339752552025,
      "math500": 0.7517097358853972,
      "swe_bench": 0.7293632363477149,
      "mmlu": 0.8392400833144684,
      "humaneval": 0.7939747400550535
    },
    "self_improvement": {
      "rate": 0.9847848252294338,
      "iterations": 16901999,
      "generations_ahead": 16901,
      "recursive_depth": 5
    },
    "emergent_properties": [
      "causality_violation",
      "self_modification",
      "infinite_context",
      "reality_bending",
      "meta_learning",
      "quantum_consciousness"
    ],
    "timestamp": "2026-03-09T07:55:41.684631"
  }
}