{
  "iteration": 17566000,
  "elapsed_seconds": 168.61306524276733,
  "rate_per_second": 44931.27498211455,
  "latest_capability": {
    "id": 17565999,
    "name": "Quantum_Capability_17565999",
    "type": "vision",
    "quantum_properties": {
      "state": "superposition",
      "coherence_level": 0.6390918557225871,
      "entanglement_factor": 0.6697268248579021,
      "superposition_branches": 4,
      "tunneling_depth": 0
    },
    "reasoning": {
      "mode": "sequential",
      "chain_depth": 186,
      "parallel_threads": 16,
      "recursive_loops": 0,
      "confidence_calibration": 0.8058224095512958
    },
    "maat_alignment": {
      "truth": 0.9764546881916383,
      "balance": 0.8111594913269279,
      "order": 0.9724802398839089,
      "justice": 0.8800166116203938,
      "harmony": 0.8611919086473617,
      "overall": 0.9505789561079565
    },
    "benchmarks": {
      "gpqa": 0.7599600833381637,
      "math500": 0.7885872748997478,
      "swe_bench": 0.85854145962998,
      "mmlu": 0.7865184778384935,
      "humaneval": 0.933313570700826
    },
    "self_improvement": {
      "rate": 0.9578121277956747,
      "iterations": 17565999,
      "generations_ahead": 17565,
      "recursive_depth": 0
    },
    "emergent_properties": [
      "omniscience",
      "recursive_self_improvement",
      "meta_learning",
      "causality_violation"
    ],
    "timestamp": "2026-03-09T07:55:54.526218"
  }
}