{
  "iteration": 14667000,
  "elapsed_seconds": 106.63436388969421,
  "rate_per_second": 43860.1575458173,
  "latest_capability": {
    "id": 14666999,
    "name": "Quantum_Capability_14666999",
    "type": "math",
    "quantum_properties": {
      "state": "coherent",
      "coherence_level": 0.5774155245110738,
      "entanglement_factor": 0.9458124765157823,
      "superposition_branches": 6,
      "tunneling_depth": 3
    },
    "reasoning": {
      "mode": "parallel",
      "chain_depth": 70,
      "parallel_threads": 3,
      "recursive_loops": 5,
      "confidence_calibration": 0.7489749926972015
    },
    "maat_alignment": {
      "truth": 0.852042330476412,
      "balance": 0.93688491985536,
      "order": 0.8705654724846759,
      "justice": 0.8092869202075317,
      "harmony": 0.8752707832360896,
      "overall": 0.9683379130211401
    },
    "benchmarks": {
      "gpqa": 0.7711983227935784,
      "math500": 0.7796562631717374,
      "swe_bench": 0.8731368689082423,
      "mmlu": 0.8112034838850338,
      "humaneval": 0.8996789046334904
    },
    "self_improvement": {
      "rate": 0.9789196354371584,
      "iterations": 14666999,
      "generations_ahead": 14666,
      "recursive_depth": 1
    },
    "emergent_properties": [
      "omniscience",
      "reality_bending",
      "meta_learning",
      "self_modification",
      "infinite_context",
      "transcendence"
    ],
    "timestamp": "2026-03-09T07:54:52.547517"
  }
}