{
  "iteration": 11247000,
  "elapsed_seconds": 29.95408058166504,
  "rate_per_second": 41964.23243814776,
  "latest_capability": {
    "id": 11246999,
    "name": "Quantum_Capability_11246999",
    "type": "language",
    "quantum_properties": {
      "state": "superposition",
      "coherence_level": 0.9710101136908941,
      "entanglement_factor": 0.8208266469534542,
      "superposition_branches": 4,
      "tunneling_depth": 2
    },
    "reasoning": {
      "mode": "tree",
      "chain_depth": 168,
      "parallel_threads": 2,
      "recursive_loops": 6,
      "confidence_calibration": 0.9868519163028284
    },
    "maat_alignment": {
      "truth": 0.8618770164644861,
      "balance": 0.9822890857062234,
      "order": 0.9987468221216758,
      "justice": 0.8708344578165473,
      "harmony": 0.9447448404835291,
      "overall": 0.9271749458079382
    },
    "benchmarks": {
      "gpqa": 0.7188624408418374,
      "math500": 0.7795551328528877,
      "swe_bench": 0.7654647726577151,
      "mmlu": 0.7190387280217376,
      "humaneval": 0.7758937679337516
    },
    "self_improvement": {
      "rate": 0.9779744760389921,
      "iterations": 11246999,
      "generations_ahead": 11246,
      "recursive_depth": 1
    },
    "emergent_properties": [
      "causality_violation",
      "self_modification",
      "meta_learning"
    ],
    "timestamp": "2026-03-09T07:53:35.867233"
  }
}