{
  "iteration": 12768000,
  "elapsed_seconds": 65.00704598426819,
  "rate_per_second": 42733.82920171885,
  "latest_capability": {
    "id": 12767999,
    "name": "Quantum_Capability_12767999",
    "type": "math",
    "quantum_properties": {
      "state": "collapsed",
      "coherence_level": 0.8081058370754723,
      "entanglement_factor": 0.28567481393427674,
      "superposition_branches": 6,
      "tunneling_depth": 1
    },
    "reasoning": {
      "mode": "sequential",
      "chain_depth": 162,
      "parallel_threads": 14,
      "recursive_loops": 5,
      "confidence_calibration": 0.7719668481863614
    },
    "maat_alignment": {
      "truth": 0.9317045361353511,
      "balance": 0.9057492054551273,
      "order": 0.9334646717872102,
      "justice": 0.8937751956167757,
      "harmony": 0.9848805343195068,
      "overall": 0.9345249856775656
    },
    "benchmarks": {
      "gpqa": 0.8479309000176363,
      "math500": 0.7781285793200007,
      "swe_bench": 0.7964548857543098,
      "mmlu": 0.7009913004987021,
      "humaneval": 0.7343188176839038
    },
    "self_improvement": {
      "rate": 0.9689974959957381,
      "iterations": 12767999,
      "generations_ahead": 12767,
      "recursive_depth": 1
    },
    "emergent_properties": [
      "omniscience",
      "self_modification",
      "recursive_self_improvement"
    ],
    "timestamp": "2026-03-09T07:54:10.920198"
  }
}