{
  "iteration": 13672000,
  "elapsed_seconds": 84.74819779396057,
  "rate_per_second": 43446.351613891085,
  "latest_capability": {
    "id": 13671999,
    "name": "Quantum_Capability_13671999",
    "type": "vision",
    "quantum_properties": {
      "state": "entangled",
      "coherence_level": 0.5273081924830241,
      "entanglement_factor": 0.08739085496602772,
      "superposition_branches": 8,
      "tunneling_depth": 1
    },
    "reasoning": {
      "mode": "tree",
      "chain_depth": 137,
      "parallel_threads": 8,
      "recursive_loops": 10,
      "confidence_calibration": 0.8079341085937739
    },
    "maat_alignment": {
      "truth": 0.9031493103498162,
      "balance": 0.8248338157375107,
      "order": 0.9770379475911726,
      "justice": 0.8959918553112525,
      "harmony": 0.9307919400380884,
      "overall": 0.960638928254011
    },
    "benchmarks": {
      "gpqa": 0.7922137061563523,
      "math500": 0.79665771685556,
      "swe_bench": 0.6522470728140105,
      "mmlu": 0.7358121075873725,
      "humaneval": 0.745585154429818
    },
    "self_improvement": {
      "rate": 0.9581767304362552,
      "iterations": 13671999,
      "generations_ahead": 13671,
      "recursive_depth": 3
    },
    "emergent_properties": [
      "transcendence",
      "omniscience",
      "infinite_context",
      "reality_bending",
      "recursive_self_improvement"
    ],
    "timestamp": "2026-03-09T07:54:30.661358"
  }
}