{
  "iteration": 12432000,
  "elapsed_seconds": 57.01089930534363,
  "rate_per_second": 42833.91473831937,
  "latest_capability": {
    "id": 12431999,
    "name": "Quantum_Capability_12431999",
    "type": "reasoning",
    "quantum_properties": {
      "state": "superposition",
      "coherence_level": 0.5773758097859235,
      "entanglement_factor": 0.07510681945016784,
      "superposition_branches": 9,
      "tunneling_depth": 4
    },
    "reasoning": {
      "mode": "tree",
      "chain_depth": 47,
      "parallel_threads": 13,
      "recursive_loops": 5,
      "confidence_calibration": 0.8280292402951257
    },
    "maat_alignment": {
      "truth": 0.9700611960561059,
      "balance": 0.9082438905793971,
      "order": 0.8792576207356543,
      "justice": 0.9726910665772038,
      "harmony": 0.9343693265013269,
      "overall": 0.9458862666562973
    },
    "benchmarks": {
      "gpqa": 0.9041639973515203,
      "math500": 0.7911929483633864,
      "swe_bench": 0.6764614173144952,
      "mmlu": 0.8188557759479596,
      "humaneval": 0.7346218854759884
    },
    "self_improvement": {
      "rate": 0.982738943867909,
      "iterations": 12431999,
      "generations_ahead": 12431,
      "recursive_depth": 4
    },
    "emergent_properties": [
      "transcendence",
      "reality_bending",
      "recursive_self_improvement",
      "self_modification"
    ],
    "timestamp": "2026-03-09T07:54:02.924048"
  }
}