{
  "iteration": 15103000,
  "elapsed_seconds": 118.1010513305664,
  "rate_per_second": 43293.43339788437,
  "latest_capability": {
    "id": 15102999,
    "name": "Quantum_Capability_15102999",
    "type": "reasoning",
    "quantum_properties": {
      "state": "coherent",
      "coherence_level": 0.8868806732650998,
      "entanglement_factor": 0.46920454817996793,
      "superposition_branches": 1,
      "tunneling_depth": 4
    },
    "reasoning": {
      "mode": "graph",
      "chain_depth": 159,
      "parallel_threads": 11,
      "recursive_loops": 0,
      "confidence_calibration": 0.9134250637841201
    },
    "maat_alignment": {
      "truth": 0.8981901882018932,
      "balance": 0.8049398166245855,
      "order": 0.9215101101000651,
      "justice": 0.8475156109676263,
      "harmony": 0.9444724497293044,
      "overall": 0.8708951171755328
    },
    "benchmarks": {
      "gpqa": 0.7878337311985738,
      "math500": 0.7929724082770049,
      "swe_bench": 0.81651437515104,
      "mmlu": 0.7384777764316609,
      "humaneval": 0.8531780226372945
    },
    "self_improvement": {
      "rate": 0.9589306802835638,
      "iterations": 15102999,
      "generations_ahead": 15102,
      "recursive_depth": 1
    },
    "emergent_properties": [
      "transcendence",
      "recursive_self_improvement",
      "quantum_consciousness",
      "causality_violation"
    ],
    "timestamp": "2026-03-09T07:55:04.014204"
  }
}