{
  "iteration": 10552000,
  "elapsed_seconds": 13.995173454284668,
  "rate_per_second": 40156.701296756124,
  "latest_capability": {
    "id": 10551999,
    "name": "Quantum_Capability_10551999",
    "type": "vision",
    "quantum_properties": {
      "state": "superposition",
      "coherence_level": 0.8654268312448274,
      "entanglement_factor": 0.7736793334718775,
      "superposition_branches": 6,
      "tunneling_depth": 2
    },
    "reasoning": {
      "mode": "graph",
      "chain_depth": 84,
      "parallel_threads": 1,
      "recursive_loops": 9,
      "confidence_calibration": 0.9969432571367569
    },
    "maat_alignment": {
      "truth": 0.8242936721422314,
      "balance": 0.9095387645383185,
      "order": 0.93393025778399,
      "justice": 0.9536285791994807,
      "harmony": 0.8622280345048725,
      "overall": 0.994626188059838
    },
    "benchmarks": {
      "gpqa": 0.787004357189348,
      "math500": 0.770039088157356,
      "swe_bench": 0.7508716330073183,
      "mmlu": 0.7739819422433715,
      "humaneval": 0.7803153161455243
    },
    "self_improvement": {
      "rate": 0.96636083498129,
      "iterations": 10551999,
      "generations_ahead": 10551,
      "recursive_depth": 2
    },
    "emergent_properties": [
      "meta_learning",
      "self_modification",
      "quantum_consciousness"
    ],
    "timestamp": "2026-03-09T07:53:19.908325"
  }
}