{
  "iteration": 16429000,
  "elapsed_seconds": 146.89972972869873,
  "rate_per_second": 43832.619786924355,
  "latest_capability": {
    "id": 16428999,
    "name": "Quantum_Capability_16428999",
    "type": "math",
    "quantum_properties": {
      "state": "coherent",
      "coherence_level": 0.8351227405040406,
      "entanglement_factor": 0.8693435837280403,
      "superposition_branches": 3,
      "tunneling_depth": 4
    },
    "reasoning": {
      "mode": "graph",
      "chain_depth": 111,
      "parallel_threads": 13,
      "recursive_loops": 6,
      "confidence_calibration": 0.9995020691528258
    },
    "maat_alignment": {
      "truth": 0.9386389324994076,
      "balance": 0.8071964985160467,
      "order": 0.8875571383964594,
      "justice": 0.8082892202513365,
      "harmony": 0.8837758385327377,
      "overall": 0.9411521237719056
    },
    "benchmarks": {
      "gpqa": 0.8347046879665323,
      "math500": 0.877577848895032,
      "swe_bench": 0.701161993078727,
      "mmlu": 0.8188035999025243,
      "humaneval": 0.8401771612526341
    },
    "self_improvement": {
      "rate": 0.99974605663277,
      "iterations": 16428999,
      "generations_ahead": 16428,
      "recursive_depth": 3
    },
    "emergent_properties": [
      "self_modification",
      "infinite_context",
      "omniscience",
      "quantum_consciousness",
      "meta_learning",
      "recursive_self_improvement"
    ],
    "timestamp": "2026-03-09T07:55:32.812883"
  }
}