{
  "iteration": 11459000,
  "elapsed_seconds": 35.770413398742676,
  "rate_per_second": 41067.4594007246,
  "latest_capability": {
    "id": 11458999,
    "name": "Quantum_Capability_11458999",
    "type": "math",
    "quantum_properties": {
      "state": "entangled",
      "coherence_level": 0.6595415478270126,
      "entanglement_factor": 0.6354661808406753,
      "superposition_branches": 3,
      "tunneling_depth": 5
    },
    "reasoning": {
      "mode": "graph",
      "chain_depth": 122,
      "parallel_threads": 2,
      "recursive_loops": 0,
      "confidence_calibration": 0.7291858959633201
    },
    "maat_alignment": {
      "truth": 0.9018356993634854,
      "balance": 0.8398178251778341,
      "order": 0.8788536896527768,
      "justice": 0.9949661348686054,
      "harmony": 0.9533849533725495,
      "overall": 0.8691719440688118
    },
    "benchmarks": {
      "gpqa": 0.9384627566083759,
      "math500": 0.8365918487835661,
      "swe_bench": 0.7801121929116941,
      "mmlu": 0.693592476318591,
      "humaneval": 0.8100387097197017
    },
    "self_improvement": {
      "rate": 0.9609395552258839,
      "iterations": 11458999,
      "generations_ahead": 11458,
      "recursive_depth": 2
    },
    "emergent_properties": [
      "recursive_self_improvement",
      "transcendence",
      "infinite_context",
      "omniscience"
    ],
    "timestamp": "2026-03-09T07:53:41.683565"
  }
}