{
  "iteration": 16510000,
  "elapsed_seconds": 148.67432713508606,
  "rate_per_second": 43854.242528879266,
  "latest_capability": {
    "id": 16509999,
    "name": "Quantum_Capability_16509999",
    "type": "coding",
    "quantum_properties": {
      "state": "superposition",
      "coherence_level": 0.9434085130641715,
      "entanglement_factor": 0.7189677478207889,
      "superposition_branches": 4,
      "tunneling_depth": 3
    },
    "reasoning": {
      "mode": "parallel",
      "chain_depth": 55,
      "parallel_threads": 6,
      "recursive_loops": 0,
      "confidence_calibration": 0.8820054521343937
    },
    "maat_alignment": {
      "truth": 0.8918570962342094,
      "balance": 0.9833610946823633,
      "order": 0.8722186342357858,
      "justice": 0.8595821570279937,
      "harmony": 0.9984964095296684,
      "overall": 0.8741076368466965
    },
    "benchmarks": {
      "gpqa": 0.8083140828373948,
      "math500": 0.7483357596646238,
      "swe_bench": 0.7038564628819953,
      "mmlu": 0.834708874938133,
      "humaneval": 0.7898450071934034
    },
    "self_improvement": {
      "rate": 0.9854089435946871,
      "iterations": 16509999,
      "generations_ahead": 16509,
      "recursive_depth": 3
    },
    "emergent_properties": [
      "transcendence",
      "self_modification",
      "causality_violation",
      "recursive_self_improvement"
    ],
    "timestamp": "2026-03-09T07:55:34.587479"
  }
}