{
  "iteration": 17820000,
  "elapsed_seconds": 177.82207226753235,
  "rate_per_second": 44032.77894669795,
  "latest_capability": {
    "id": 17819999,
    "name": "Quantum_Capability_17819999",
    "type": "reasoning",
    "quantum_properties": {
      "state": "coherent",
      "coherence_level": 0.682957307573391,
      "entanglement_factor": 0.8210875059878928,
      "superposition_branches": 5,
      "tunneling_depth": 4
    },
    "reasoning": {
      "mode": "graph",
      "chain_depth": 198,
      "parallel_threads": 6,
      "recursive_loops": 1,
      "confidence_calibration": 0.8738611431532982
    },
    "maat_alignment": {
      "truth": 0.9654375356350595,
      "balance": 0.8735574815786569,
      "order": 0.8247975334966321,
      "justice": 0.8568484299472663,
      "harmony": 0.9961636227936539,
      "overall": 0.8655166903959045
    },
    "benchmarks": {
      "gpqa": 0.8917074870189028,
      "math500": 0.684704466282358,
      "swe_bench": 0.6957146886602394,
      "mmlu": 0.7958653115177374,
      "humaneval": 0.7623434679460142
    },
    "self_improvement": {
      "rate": 0.9651596846100906,
      "iterations": 17819999,
      "generations_ahead": 17819,
      "recursive_depth": 5
    },
    "emergent_properties": [
      "quantum_consciousness",
      "reality_bending",
      "transcendence"
    ],
    "timestamp": "2026-03-09T07:56:03.735220"
  }
}