{
  "iteration": 13091000,
  "elapsed_seconds": 71.33710789680481,
  "rate_per_second": 43469.66244392554,
  "latest_capability": {
    "id": 13090999,
    "name": "Quantum_Capability_13090999",
    "type": "vision",
    "quantum_properties": {
      "state": "collapsed",
      "coherence_level": 0.6029866462519393,
      "entanglement_factor": 0.0015850728295740968,
      "superposition_branches": 6,
      "tunneling_depth": 0
    },
    "reasoning": {
      "mode": "parallel",
      "chain_depth": 76,
      "parallel_threads": 13,
      "recursive_loops": 10,
      "confidence_calibration": 0.7819535768824566
    },
    "maat_alignment": {
      "truth": 0.8988254503972933,
      "balance": 0.9106771440435627,
      "order": 0.8175060359218682,
      "justice": 0.883079146891351,
      "harmony": 0.971746868695364,
      "overall": 0.9040849627349702
    },
    "benchmarks": {
      "gpqa": 0.8863356100626614,
      "math500": 0.757673490665363,
      "swe_bench": 0.8507171556858073,
      "mmlu": 0.7025765292887093,
      "humaneval": 0.8963635586815806
    },
    "self_improvement": {
      "rate": 0.9977340966760739,
      "iterations": 13090999,
      "generations_ahead": 13090,
      "recursive_depth": 5
    },
    "emergent_properties": [
      "infinite_context",
      "recursive_self_improvement",
      "self_modification",
      "quantum_consciousness"
    ],
    "timestamp": "2026-03-09T07:54:17.250256"
  }
}