{
  "iteration": 16631000,
  "elapsed_seconds": 150.9995415210724,
  "rate_per_second": 43980.26598692176,
  "latest_capability": {
    "id": 16630999,
    "name": "Quantum_Capability_16630999",
    "type": "multimodal",
    "quantum_properties": {
      "state": "superposition",
      "coherence_level": 0.8365505624132434,
      "entanglement_factor": 0.4605427735733417,
      "superposition_branches": 7,
      "tunneling_depth": 3
    },
    "reasoning": {
      "mode": "graph",
      "chain_depth": 29,
      "parallel_threads": 12,
      "recursive_loops": 8,
      "confidence_calibration": 0.9040056498091363
    },
    "maat_alignment": {
      "truth": 0.8376699562293091,
      "balance": 0.8334790705278355,
      "order": 0.8965238884764686,
      "justice": 0.865918581582427,
      "harmony": 0.9643908927801983,
      "overall": 0.9309509977447173
    },
    "benchmarks": {
      "gpqa": 0.8946288914111336,
      "math500": 0.8880601305379254,
      "swe_bench": 0.7338809703702724,
      "mmlu": 0.827969441727747,
      "humaneval": 0.7010071075652489
    },
    "self_improvement": {
      "rate": 0.9793866038104608,
      "iterations": 16630999,
      "generations_ahead": 16630,
      "recursive_depth": 5
    },
    "emergent_properties": [
      "quantum_consciousness",
      "omniscience",
      "self_modification"
    ],
    "timestamp": "2026-03-09T07:55:36.912698"
  }
}