{
  "iteration": 13374000,
  "elapsed_seconds": 79.00748443603516,
  "rate_per_second": 42831.38520553332,
  "latest_capability": {
    "id": 13373999,
    "name": "Quantum_Capability_13373999",
    "type": "math",
    "quantum_properties": {
      "state": "entangled",
      "coherence_level": 0.6410384785823964,
      "entanglement_factor": 0.34901208462052435,
      "superposition_branches": 8,
      "tunneling_depth": 0
    },
    "reasoning": {
      "mode": "tree",
      "chain_depth": 127,
      "parallel_threads": 9,
      "recursive_loops": 10,
      "confidence_calibration": 0.9254196473114507
    },
    "maat_alignment": {
      "truth": 0.8826917494438216,
      "balance": 0.8997614703736235,
      "order": 0.8061745886685332,
      "justice": 0.8915408647732108,
      "harmony": 0.8688864143673175,
      "overall": 0.9319119795625455
    },
    "benchmarks": {
      "gpqa": 0.9189606032944853,
      "math500": 0.6677933420296425,
      "swe_bench": 0.7375882529054749,
      "mmlu": 0.6801160385893937,
      "humaneval": 0.8135837353343286
    },
    "self_improvement": {
      "rate": 0.9508631536841052,
      "iterations": 13373999,
      "generations_ahead": 13373,
      "recursive_depth": 2
    },
    "emergent_properties": [
      "causality_violation",
      "meta_learning",
      "infinite_context",
      "self_modification",
      "quantum_consciousness",
      "recursive_self_improvement"
    ],
    "timestamp": "2026-03-09T07:54:24.920633"
  }
}