{
  "iteration": 13476000,
  "elapsed_seconds": 81.06963777542114,
  "rate_per_second": 43000.06877614165,
  "latest_capability": {
    "id": 13475999,
    "name": "Quantum_Capability_13475999",
    "type": "math",
    "quantum_properties": {
      "state": "entangled",
      "coherence_level": 0.6250398552996813,
      "entanglement_factor": 0.2653796312147041,
      "superposition_branches": 2,
      "tunneling_depth": 1
    },
    "reasoning": {
      "mode": "parallel",
      "chain_depth": 55,
      "parallel_threads": 7,
      "recursive_loops": 10,
      "confidence_calibration": 0.9914273965608834
    },
    "maat_alignment": {
      "truth": 0.9000255373738494,
      "balance": 0.9473879383148945,
      "order": 0.8088874031371304,
      "justice": 0.8508225208456259,
      "harmony": 0.9219234516750523,
      "overall": 0.8768950898716886
    },
    "benchmarks": {
      "gpqa": 0.7111350582275491,
      "math500": 0.689663937796992,
      "swe_bench": 0.8313133736291693,
      "mmlu": 0.6860728575445416,
      "humaneval": 0.8628173882755721
    },
    "self_improvement": {
      "rate": 0.9772900644931193,
      "iterations": 13475999,
      "generations_ahead": 13475,
      "recursive_depth": 3
    },
    "emergent_properties": [
      "quantum_consciousness",
      "reality_bending",
      "self_modification",
      "transcendence",
      "omniscience"
    ],
    "timestamp": "2026-03-09T07:54:26.982790"
  }
}