{
  "iteration": 17096000,
  "elapsed_seconds": 159.75414729118347,
  "rate_per_second": 44480.84835661832,
  "latest_capability": {
    "id": 17095999,
    "name": "Quantum_Capability_17095999",
    "type": "reasoning",
    "quantum_properties": {
      "state": "superposition",
      "coherence_level": 0.8140676927116262,
      "entanglement_factor": 0.20149549036720826,
      "superposition_branches": 8,
      "tunneling_depth": 5
    },
    "reasoning": {
      "mode": "sequential",
      "chain_depth": 85,
      "parallel_threads": 11,
      "recursive_loops": 7,
      "confidence_calibration": 0.7035299517165889
    },
    "maat_alignment": {
      "truth": 0.9819396896737196,
      "balance": 0.8777237191671532,
      "order": 0.9236065644695916,
      "justice": 0.8582810653867974,
      "harmony": 0.9034918588324258,
      "overall": 0.8933370549561526
    },
    "benchmarks": {
      "gpqa": 0.7568136836878916,
      "math500": 0.7162133175357478,
      "swe_bench": 0.7915067357966278,
      "mmlu": 0.6837862918937926,
      "humaneval": 0.840839411653114
    },
    "self_improvement": {
      "rate": 0.95730312844172,
      "iterations": 17095999,
      "generations_ahead": 17095,
      "recursive_depth": 1
    },
    "emergent_properties": [
      "quantum_consciousness",
      "infinite_context",
      "causality_violation",
      "meta_learning",
      "omniscience",
      "self_modification"
    ],
    "timestamp": "2026-03-09T07:55:45.667296"
  }
}