{
  "iteration": 11974000,
  "elapsed_seconds": 46.73892903327942,
  "rate_per_second": 42448.55500619915,
  "latest_capability": {
    "id": 11973999,
    "name": "Quantum_Capability_11973999",
    "type": "coding",
    "quantum_properties": {
      "state": "entangled",
      "coherence_level": 0.9419801281992679,
      "entanglement_factor": 0.6952474048351504,
      "superposition_branches": 5,
      "tunneling_depth": 2
    },
    "reasoning": {
      "mode": "parallel",
      "chain_depth": 11,
      "parallel_threads": 7,
      "recursive_loops": 0,
      "confidence_calibration": 0.7883164550936248
    },
    "maat_alignment": {
      "truth": 0.9605886444850257,
      "balance": 0.9798776238981822,
      "order": 0.9529292847252001,
      "justice": 0.8279155106547391,
      "harmony": 0.8704966191072478,
      "overall": 0.8929350019590593
    },
    "benchmarks": {
      "gpqa": 0.8318856804838585,
      "math500": 0.8666060151533581,
      "swe_bench": 0.8179748968768712,
      "mmlu": 0.6613689303411174,
      "humaneval": 0.7321706927942726
    },
    "self_improvement": {
      "rate": 0.9945002370445093,
      "iterations": 11973999,
      "generations_ahead": 11973,
      "recursive_depth": 2
    },
    "emergent_properties": [
      "reality_bending",
      "omniscience",
      "causality_violation"
    ],
    "timestamp": "2026-03-09T07:53:52.652077"
  }
}