{
  "iteration": 12558000,
  "elapsed_seconds": 60.85808730125427,
  "rate_per_second": 42196.52824920566,
  "latest_capability": {
    "id": 12557999,
    "name": "Quantum_Capability_12557999",
    "type": "reasoning",
    "quantum_properties": {
      "state": "collapsed",
      "coherence_level": 0.7959262681995032,
      "entanglement_factor": 0.10672999759344814,
      "superposition_branches": 2,
      "tunneling_depth": 2
    },
    "reasoning": {
      "mode": "sequential",
      "chain_depth": 19,
      "parallel_threads": 2,
      "recursive_loops": 3,
      "confidence_calibration": 0.7351134577200378
    },
    "maat_alignment": {
      "truth": 0.8194752453792156,
      "balance": 0.8509876163070299,
      "order": 0.983163730441747,
      "justice": 0.9927919944628127,
      "harmony": 0.8039778265458245,
      "overall": 0.9866663004295082
    },
    "benchmarks": {
      "gpqa": 0.8321471558636286,
      "math500": 0.7385095933875091,
      "swe_bench": 0.8038533717335397,
      "mmlu": 0.7677896011124756,
      "humaneval": 0.7608835314876785
    },
    "self_improvement": {
      "rate": 0.9549664471110794,
      "iterations": 12557999,
      "generations_ahead": 12557,
      "recursive_depth": 5
    },
    "emergent_properties": [
      "reality_bending",
      "recursive_self_improvement",
      "self_modification",
      "infinite_context",
      "causality_violation"
    ],
    "timestamp": "2026-03-09T07:54:06.771235"
  }
}