{
  "iteration": 16753000,
  "elapsed_seconds": 153.03865361213684,
  "rate_per_second": 44191.449940093145,
  "latest_capability": {
    "id": 16752999,
    "name": "Quantum_Capability_16752999",
    "type": "multimodal",
    "quantum_properties": {
      "state": "coherent",
      "coherence_level": 0.5479695720538211,
      "entanglement_factor": 0.30882400822824774,
      "superposition_branches": 9,
      "tunneling_depth": 5
    },
    "reasoning": {
      "mode": "sequential",
      "chain_depth": 169,
      "parallel_threads": 6,
      "recursive_loops": 10,
      "confidence_calibration": 0.9626100456216716
    },
    "maat_alignment": {
      "truth": 0.8439773891193696,
      "balance": 0.9107478265108654,
      "order": 0.8678541463605368,
      "justice": 0.847783110674569,
      "harmony": 0.926477034413959,
      "overall": 0.8519222881785479
    },
    "benchmarks": {
      "gpqa": 0.8635417808987434,
      "math500": 0.8494058867608323,
      "swe_bench": 0.7151285492393271,
      "mmlu": 0.7680900445655994,
      "humaneval": 0.7842435890194932
    },
    "self_improvement": {
      "rate": 0.9874381240061004,
      "iterations": 16752999,
      "generations_ahead": 16752,
      "recursive_depth": 5
    },
    "emergent_properties": [
      "causality_violation",
      "quantum_consciousness",
      "transcendence",
      "meta_learning"
    ],
    "timestamp": "2026-03-09T07:55:38.951802"
  }
}