{
  "iteration": 11298000,
  "elapsed_seconds": 31.294934272766113,
  "rate_per_second": 41795.90180952273,
  "latest_capability": {
    "id": 11297999,
    "name": "Quantum_Capability_11297999",
    "type": "reasoning",
    "quantum_properties": {
      "state": "collapsed",
      "coherence_level": 0.6660618460637777,
      "entanglement_factor": 0.5035906602317654,
      "superposition_branches": 1,
      "tunneling_depth": 1
    },
    "reasoning": {
      "mode": "tree",
      "chain_depth": 55,
      "parallel_threads": 1,
      "recursive_loops": 7,
      "confidence_calibration": 0.9028028116225539
    },
    "maat_alignment": {
      "truth": 0.977632629881816,
      "balance": 0.9809490215680476,
      "order": 0.8469558209471739,
      "justice": 0.9256150976942656,
      "harmony": 0.867306960962595,
      "overall": 0.8850612106845697
    },
    "benchmarks": {
      "gpqa": 0.9066346456059025,
      "math500": 0.7306472722609539,
      "swe_bench": 0.8723313907044229,
      "mmlu": 0.8333217912297289,
      "humaneval": 0.7230706153127614
    },
    "self_improvement": {
      "rate": 0.9813583381917003,
      "iterations": 11297999,
      "generations_ahead": 11297,
      "recursive_depth": 2
    },
    "emergent_properties": [
      "transcendence",
      "causality_violation",
      "self_modification",
      "quantum_consciousness",
      "omniscience"
    ],
    "timestamp": "2026-03-09T07:53:37.208082"
  }
}