{
  "iteration": 15303000,
  "elapsed_seconds": 122.12140250205994,
  "rate_per_second": 43505.88751148989,
  "latest_capability": {
    "id": 15302999,
    "name": "Quantum_Capability_15302999",
    "type": "multimodal",
    "quantum_properties": {
      "state": "entangled",
      "coherence_level": 0.853077297364047,
      "entanglement_factor": 0.1503528079356763,
      "superposition_branches": 9,
      "tunneling_depth": 3
    },
    "reasoning": {
      "mode": "tree",
      "chain_depth": 66,
      "parallel_threads": 4,
      "recursive_loops": 6,
      "confidence_calibration": 0.7224127101289202
    },
    "maat_alignment": {
      "truth": 0.9948366546158967,
      "balance": 0.8024261861758432,
      "order": 0.8689535210752467,
      "justice": 0.9180386817233475,
      "harmony": 0.940691118421461,
      "overall": 0.852139818199738
    },
    "benchmarks": {
      "gpqa": 0.7526638553633062,
      "math500": 0.7586394793237831,
      "swe_bench": 0.7060815728428751,
      "mmlu": 0.6924349980765521,
      "humaneval": 0.8923661375481594
    },
    "self_improvement": {
      "rate": 0.9579661021128656,
      "iterations": 15302999,
      "generations_ahead": 15302,
      "recursive_depth": 5
    },
    "emergent_properties": [
      "causality_violation",
      "quantum_consciousness",
      "recursive_self_improvement",
      "infinite_context",
      "transcendence",
      "reality_bending"
    ],
    "timestamp": "2026-03-09T07:55:08.034551"
  }
}