{
  "iteration": 14134000,
  "elapsed_seconds": 96.33172249794006,
  "rate_per_second": 43018.02036280016,
  "latest_capability": {
    "id": 14133999,
    "name": "Quantum_Capability_14133999",
    "type": "reasoning",
    "quantum_properties": {
      "state": "coherent",
      "coherence_level": 0.9776675901327694,
      "entanglement_factor": 0.22779446830131322,
      "superposition_branches": 8,
      "tunneling_depth": 2
    },
    "reasoning": {
      "mode": "tree",
      "chain_depth": 142,
      "parallel_threads": 15,
      "recursive_loops": 10,
      "confidence_calibration": 0.7295280001793831
    },
    "maat_alignment": {
      "truth": 0.9569744758973416,
      "balance": 0.9947777534388378,
      "order": 0.9180190411592819,
      "justice": 0.9774607034768102,
      "harmony": 0.8296374618077428,
      "overall": 0.8702700823896107
    },
    "benchmarks": {
      "gpqa": 0.904433779911008,
      "math500": 0.8498894457302869,
      "swe_bench": 0.6745300579500614,
      "mmlu": 0.7292310649042147,
      "humaneval": 0.8580678272461331
    },
    "self_improvement": {
      "rate": 0.9744030348713817,
      "iterations": 14133999,
      "generations_ahead": 14133,
      "recursive_depth": 5
    },
    "emergent_properties": [
      "meta_learning",
      "causality_violation",
      "omniscience",
      "quantum_consciousness"
    ],
    "timestamp": "2026-03-09T07:54:42.244871"
  }
}