{
  "iteration": 11123000,
  "elapsed_seconds": 26.982184410095215,
  "rate_per_second": 41990.66994650348,
  "latest_capability": {
    "id": 11122999,
    "name": "Quantum_Capability_11122999",
    "type": "agentic",
    "quantum_properties": {
      "state": "collapsed",
      "coherence_level": 0.8801414405334396,
      "entanglement_factor": 0.36659849447817106,
      "superposition_branches": 1,
      "tunneling_depth": 2
    },
    "reasoning": {
      "mode": "parallel",
      "chain_depth": 84,
      "parallel_threads": 6,
      "recursive_loops": 1,
      "confidence_calibration": 0.7422208323745321
    },
    "maat_alignment": {
      "truth": 0.9837355734749422,
      "balance": 0.9504787339895555,
      "order": 0.9349388395962809,
      "justice": 0.9200379321701148,
      "harmony": 0.9014478357485826,
      "overall": 0.9982929727548193
    },
    "benchmarks": {
      "gpqa": 0.7644819478237905,
      "math500": 0.7867954399063737,
      "swe_bench": 0.7640336184366574,
      "mmlu": 0.879719915533191,
      "humaneval": 0.7528275720171509
    },
    "self_improvement": {
      "rate": 0.9851033086018982,
      "iterations": 11122999,
      "generations_ahead": 11122,
      "recursive_depth": 4
    },
    "emergent_properties": [
      "meta_learning",
      "quantum_consciousness",
      "omniscience"
    ],
    "timestamp": "2026-03-09T07:53:32.895346"
  }
}