{
  "iteration": 14439000,
  "elapsed_seconds": 102.14935803413391,
  "rate_per_second": 43553.87136660551,
  "latest_capability": {
    "id": 14438999,
    "name": "Quantum_Capability_14438999",
    "type": "vision",
    "quantum_properties": {
      "state": "coherent",
      "coherence_level": 0.6204321022296528,
      "entanglement_factor": 0.37654241704836466,
      "superposition_branches": 9,
      "tunneling_depth": 3
    },
    "reasoning": {
      "mode": "parallel",
      "chain_depth": 182,
      "parallel_threads": 13,
      "recursive_loops": 5,
      "confidence_calibration": 0.8906603408612992
    },
    "maat_alignment": {
      "truth": 0.9869573888297278,
      "balance": 0.977819969810949,
      "order": 0.8540930422277047,
      "justice": 0.8133497859963118,
      "harmony": 0.859160402774809,
      "overall": 0.8779440956147564
    },
    "benchmarks": {
      "gpqa": 0.7965134118710666,
      "math500": 0.710637231650519,
      "swe_bench": 0.8392631735457969,
      "mmlu": 0.747431031535281,
      "humaneval": 0.9038397092832128
    },
    "self_improvement": {
      "rate": 0.9713986764957988,
      "iterations": 14438999,
      "generations_ahead": 14438,
      "recursive_depth": 5
    },
    "emergent_properties": [
      "transcendence",
      "recursive_self_improvement",
      "causality_violation"
    ],
    "timestamp": "2026-03-09T07:54:48.062506"
  }
}