{
  "iteration": 14467000,
  "elapsed_seconds": 102.86237812042236,
  "rate_per_second": 43524.173578397305,
  "latest_capability": {
    "id": 14466999,
    "name": "Quantum_Capability_14466999",
    "type": "coding",
    "quantum_properties": {
      "state": "entangled",
      "coherence_level": 0.7362026757079044,
      "entanglement_factor": 0.568322731730391,
      "superposition_branches": 5,
      "tunneling_depth": 4
    },
    "reasoning": {
      "mode": "parallel",
      "chain_depth": 73,
      "parallel_threads": 3,
      "recursive_loops": 10,
      "confidence_calibration": 0.8818798535013469
    },
    "maat_alignment": {
      "truth": 0.9568078566399693,
      "balance": 0.8705606616995392,
      "order": 0.9678720059485685,
      "justice": 0.8172855457523281,
      "harmony": 0.9511431082421404,
      "overall": 0.9161861902817853
    },
    "benchmarks": {
      "gpqa": 0.7529992719568541,
      "math500": 0.7844830274008486,
      "swe_bench": 0.7552909406303068,
      "mmlu": 0.796589018553346,
      "humaneval": 0.753908830678508
    },
    "self_improvement": {
      "rate": 0.999041053370162,
      "iterations": 14466999,
      "generations_ahead": 14466,
      "recursive_depth": 0
    },
    "emergent_properties": [
      "recursive_self_improvement",
      "causality_violation",
      "infinite_context",
      "quantum_consciousness",
      "meta_learning"
    ],
    "timestamp": "2026-03-09T07:54:48.775531"
  }
}