{
  "iteration": 14647000,
  "elapsed_seconds": 106.35274195671082,
  "rate_per_second": 43788.24574072155,
  "latest_capability": {
    "id": 14646999,
    "name": "Quantum_Capability_14646999",
    "type": "language",
    "quantum_properties": {
      "state": "entangled",
      "coherence_level": 0.5297087519248094,
      "entanglement_factor": 0.5804306884828748,
      "superposition_branches": 10,
      "tunneling_depth": 1
    },
    "reasoning": {
      "mode": "graph",
      "chain_depth": 139,
      "parallel_threads": 4,
      "recursive_loops": 3,
      "confidence_calibration": 0.9045744907798036
    },
    "maat_alignment": {
      "truth": 0.9197526800275563,
      "balance": 0.8503207160920973,
      "order": 0.8536078920747548,
      "justice": 0.9773655195218843,
      "harmony": 0.9217546264785759,
      "overall": 0.8844048588293785
    },
    "benchmarks": {
      "gpqa": 0.8529010315838927,
      "math500": 0.6938115964893803,
      "swe_bench": 0.8526248349093264,
      "mmlu": 0.8377609615148249,
      "humaneval": 0.7240289236307575
    },
    "self_improvement": {
      "rate": 0.9973454418887701,
      "iterations": 14646999,
      "generations_ahead": 14646,
      "recursive_depth": 4
    },
    "emergent_properties": [
      "meta_learning",
      "self_modification",
      "reality_bending",
      "omniscience",
      "transcendence"
    ],
    "timestamp": "2026-03-09T07:54:52.265891"
  }
}