{
  "iteration": 16243000,
  "elapsed_seconds": 139.86683416366577,
  "rate_per_second": 44706.81014115916,
  "latest_capability": {
    "id": 16242999,
    "name": "Quantum_Capability_16242999",
    "type": "reasoning",
    "quantum_properties": {
      "state": "entangled",
      "coherence_level": 0.7936481325521927,
      "entanglement_factor": 0.360398043526555,
      "superposition_branches": 9,
      "tunneling_depth": 5
    },
    "reasoning": {
      "mode": "parallel",
      "chain_depth": 64,
      "parallel_threads": 11,
      "recursive_loops": 0,
      "confidence_calibration": 0.975037913386226
    },
    "maat_alignment": {
      "truth": 0.925331717663073,
      "balance": 0.8260164532922253,
      "order": 0.9329872876852537,
      "justice": 0.8660020213214054,
      "harmony": 0.9949039231801171,
      "overall": 0.8559318294035143
    },
    "benchmarks": {
      "gpqa": 0.9414611194633359,
      "math500": 0.8976212993943246,
      "swe_bench": 0.7034793240722088,
      "mmlu": 0.7159180975622449,
      "humaneval": 0.7582219174599045
    },
    "self_improvement": {
      "rate": 0.9819146330916645,
      "iterations": 16242999,
      "generations_ahead": 16242,
      "recursive_depth": 0
    },
    "emergent_properties": [
      "recursive_self_improvement",
      "self_modification",
      "causality_violation",
      "meta_learning",
      "quantum_consciousness",
      "infinite_context"
    ],
    "timestamp": "2026-03-09T07:55:25.779983"
  }
}