{
  "iteration": 13496000,
  "elapsed_seconds": 81.33991694450378,
  "rate_per_second": 43103.06835439797,
  "latest_capability": {
    "id": 13495999,
    "name": "Quantum_Capability_13495999",
    "type": "math",
    "quantum_properties": {
      "state": "collapsed",
      "coherence_level": 0.8241690391748618,
      "entanglement_factor": 0.27958314208532375,
      "superposition_branches": 7,
      "tunneling_depth": 1
    },
    "reasoning": {
      "mode": "tree",
      "chain_depth": 90,
      "parallel_threads": 8,
      "recursive_loops": 5,
      "confidence_calibration": 0.9340648802666597
    },
    "maat_alignment": {
      "truth": 0.8204393549630017,
      "balance": 0.80907941969658,
      "order": 0.8766990232282346,
      "justice": 0.8506851119148435,
      "harmony": 0.8742296897180502,
      "overall": 0.9558753099059335
    },
    "benchmarks": {
      "gpqa": 0.7590369977791335,
      "math500": 0.8991507210505825,
      "swe_bench": 0.8137928306002217,
      "mmlu": 0.704360207242094,
      "humaneval": 0.930714832423163
    },
    "self_improvement": {
      "rate": 0.960940892143641,
      "iterations": 13495999,
      "generations_ahead": 13495,
      "recursive_depth": 3
    },
    "emergent_properties": [
      "quantum_consciousness",
      "reality_bending",
      "infinite_context",
      "self_modification",
      "causality_violation",
      "transcendence"
    ],
    "timestamp": "2026-03-09T07:54:27.253066"
  }
}