{
  "iteration": 12261000,
  "elapsed_seconds": 53.36277675628662,
  "rate_per_second": 42557.75538765335,
  "latest_capability": {
    "id": 12260999,
    "name": "Quantum_Capability_12260999",
    "type": "reasoning",
    "quantum_properties": {
      "state": "superposition",
      "coherence_level": 0.5383798640195578,
      "entanglement_factor": 0.06017132284385063,
      "superposition_branches": 7,
      "tunneling_depth": 1
    },
    "reasoning": {
      "mode": "tree",
      "chain_depth": 137,
      "parallel_threads": 2,
      "recursive_loops": 7,
      "confidence_calibration": 0.7532196347379966
    },
    "maat_alignment": {
      "truth": 0.9422943052474206,
      "balance": 0.9358708153481299,
      "order": 0.9938988479508459,
      "justice": 0.9099983334591851,
      "harmony": 0.8780320311855313,
      "overall": 0.9092626941207097
    },
    "benchmarks": {
      "gpqa": 0.8766417843282535,
      "math500": 0.6668028302981162,
      "swe_bench": 0.7426136082735304,
      "mmlu": 0.6802597252635567,
      "humaneval": 0.836176566880025
    },
    "self_improvement": {
      "rate": 0.9563413233056329,
      "iterations": 12260999,
      "generations_ahead": 12260,
      "recursive_depth": 5
    },
    "emergent_properties": [
      "transcendence",
      "reality_bending",
      "causality_violation",
      "self_modification"
    ],
    "timestamp": "2026-03-09T07:53:59.275925"
  }
}