{
  "iteration": 12842000,
  "elapsed_seconds": 66.61620569229126,
  "rate_per_second": 42812.405335328636,
  "latest_capability": {
    "id": 12841999,
    "name": "Quantum_Capability_12841999",
    "type": "language",
    "quantum_properties": {
      "state": "collapsed",
      "coherence_level": 0.7475449353414144,
      "entanglement_factor": 0.5733019339957517,
      "superposition_branches": 7,
      "tunneling_depth": 3
    },
    "reasoning": {
      "mode": "parallel",
      "chain_depth": 156,
      "parallel_threads": 13,
      "recursive_loops": 9,
      "confidence_calibration": 0.9219283593472349
    },
    "maat_alignment": {
      "truth": 0.8701931685751435,
      "balance": 0.8249170825060373,
      "order": 0.8750897932994903,
      "justice": 0.8290316548520904,
      "harmony": 0.8796087904087185,
      "overall": 0.8613899371418873
    },
    "benchmarks": {
      "gpqa": 0.7656513313635246,
      "math500": 0.711138498152082,
      "swe_bench": 0.7763401221271511,
      "mmlu": 0.6629422106616887,
      "humaneval": 0.7817125976536475
    },
    "self_improvement": {
      "rate": 0.9913358402929159,
      "iterations": 12841999,
      "generations_ahead": 12841,
      "recursive_depth": 4
    },
    "emergent_properties": [
      "omniscience",
      "infinite_context",
      "reality_bending"
    ],
    "timestamp": "2026-03-09T07:54:12.529354"
  }
}