{
  "iteration": 17856000,
  "elapsed_seconds": 178.3309109210968,
  "rate_per_second": 44109.01037498957,
  "latest_capability": {
    "id": 17855999,
    "name": "Quantum_Capability_17855999",
    "type": "math",
    "quantum_properties": {
      "state": "collapsed",
      "coherence_level": 0.6652705436335073,
      "entanglement_factor": 0.9566628276418009,
      "superposition_branches": 8,
      "tunneling_depth": 4
    },
    "reasoning": {
      "mode": "tree",
      "chain_depth": 115,
      "parallel_threads": 5,
      "recursive_loops": 4,
      "confidence_calibration": 0.9415068480513391
    },
    "maat_alignment": {
      "truth": 0.9645097009968833,
      "balance": 0.9763281962050463,
      "order": 0.9930537184434978,
      "justice": 0.9816942572125189,
      "harmony": 0.9814821472134854,
      "overall": 0.9820686097550243
    },
    "benchmarks": {
      "gpqa": 0.8325849837635613,
      "math500": 0.71428957448832,
      "swe_bench": 0.8149083233985035,
      "mmlu": 0.7818199541772767,
      "humaneval": 0.8183148546750002
    },
    "self_improvement": {
      "rate": 0.9988173412455932,
      "iterations": 17855999,
      "generations_ahead": 17855,
      "recursive_depth": 2
    },
    "emergent_properties": [
      "reality_bending",
      "recursive_self_improvement",
      "quantum_consciousness",
      "infinite_context",
      "meta_learning"
    ],
    "timestamp": "2026-03-09T07:56:04.244064"
  }
}