{
  "iteration": 12972000,
  "elapsed_seconds": 69.0523772239685,
  "rate_per_second": 43184.610289780576,
  "latest_capability": {
    "id": 12971999,
    "name": "Quantum_Capability_12971999",
    "type": "math",
    "quantum_properties": {
      "state": "coherent",
      "coherence_level": 0.7228190807902963,
      "entanglement_factor": 0.9763947228193183,
      "superposition_branches": 2,
      "tunneling_depth": 3
    },
    "reasoning": {
      "mode": "sequential",
      "chain_depth": 142,
      "parallel_threads": 4,
      "recursive_loops": 8,
      "confidence_calibration": 0.8383142233715135
    },
    "maat_alignment": {
      "truth": 0.8531268623587287,
      "balance": 0.9702409725924207,
      "order": 0.9062592608987411,
      "justice": 0.935149536412103,
      "harmony": 0.887974356686806,
      "overall": 0.9697991652429382
    },
    "benchmarks": {
      "gpqa": 0.8761949434176417,
      "math500": 0.7602724092240257,
      "swe_bench": 0.8791971437065107,
      "mmlu": 0.842016825530786,
      "humaneval": 0.8346130767572101
    },
    "self_improvement": {
      "rate": 0.9617961671512072,
      "iterations": 12971999,
      "generations_ahead": 12971,
      "recursive_depth": 3
    },
    "emergent_properties": [
      "omniscience",
      "reality_bending",
      "recursive_self_improvement",
      "transcendence"
    ],
    "timestamp": "2026-03-09T07:54:14.965529"
  }
}