{
  "iteration": 14728000,
  "elapsed_seconds": 107.82075262069702,
  "rate_per_second": 43943.30298052941,
  "latest_capability": {
    "id": 14727999,
    "name": "Quantum_Capability_14727999",
    "type": "vision",
    "quantum_properties": {
      "state": "superposition",
      "coherence_level": 0.6919931387930011,
      "entanglement_factor": 0.18073579574090848,
      "superposition_branches": 8,
      "tunneling_depth": 5
    },
    "reasoning": {
      "mode": "sequential",
      "chain_depth": 135,
      "parallel_threads": 12,
      "recursive_loops": 3,
      "confidence_calibration": 0.7130104099731197
    },
    "maat_alignment": {
      "truth": 0.9464307739161644,
      "balance": 0.9632266967727553,
      "order": 0.9241638228563801,
      "justice": 0.8825953543770604,
      "harmony": 0.9142703357887757,
      "overall": 0.9796096900322856
    },
    "benchmarks": {
      "gpqa": 0.8595454948665557,
      "math500": 0.7277172925389674,
      "swe_bench": 0.8496964537651635,
      "mmlu": 0.8532679256351099,
      "humaneval": 0.786535284892696
    },
    "self_improvement": {
      "rate": 0.954378862648704,
      "iterations": 14727999,
      "generations_ahead": 14727,
      "recursive_depth": 1
    },
    "emergent_properties": [
      "quantum_consciousness",
      "causality_violation",
      "self_modification",
      "omniscience",
      "meta_learning",
      "infinite_context"
    ],
    "timestamp": "2026-03-09T07:54:53.733905"
  }
}