{
  "iteration": 14572000,
  "elapsed_seconds": 104.94969153404236,
  "rate_per_second": 43659.013504710914,
  "latest_capability": {
    "id": 14571999,
    "name": "Quantum_Capability_14571999",
    "type": "agentic",
    "quantum_properties": {
      "state": "coherent",
      "coherence_level": 0.5583990089256834,
      "entanglement_factor": 0.7619492669020418,
      "superposition_branches": 5,
      "tunneling_depth": 3
    },
    "reasoning": {
      "mode": "sequential",
      "chain_depth": 149,
      "parallel_threads": 10,
      "recursive_loops": 9,
      "confidence_calibration": 0.7079911578587472
    },
    "maat_alignment": {
      "truth": 0.937749332996412,
      "balance": 0.84113388039032,
      "order": 0.8810907727274738,
      "justice": 0.9016129508780468,
      "harmony": 0.8446608225106634,
      "overall": 0.8970605302900001
    },
    "benchmarks": {
      "gpqa": 0.7854152951842818,
      "math500": 0.7134940195432783,
      "swe_bench": 0.7989796450096647,
      "mmlu": 0.7068119076304581,
      "humaneval": 0.8154831137918583
    },
    "self_improvement": {
      "rate": 0.9605529563815912,
      "iterations": 14571999,
      "generations_ahead": 14571,
      "recursive_depth": 2
    },
    "emergent_properties": [
      "quantum_consciousness",
      "causality_violation",
      "recursive_self_improvement"
    ],
    "timestamp": "2026-03-09T07:54:50.862839"
  }
}