{
  "iteration": 14296000,
  "elapsed_seconds": 99.5153489112854,
  "rate_per_second": 43269.70710657564,
  "latest_capability": {
    "id": 14295999,
    "name": "Quantum_Capability_14295999",
    "type": "agentic",
    "quantum_properties": {
      "state": "entangled",
      "coherence_level": 0.9272750834658148,
      "entanglement_factor": 0.31223948115240097,
      "superposition_branches": 2,
      "tunneling_depth": 0
    },
    "reasoning": {
      "mode": "parallel",
      "chain_depth": 79,
      "parallel_threads": 4,
      "recursive_loops": 2,
      "confidence_calibration": 0.788209710210206
    },
    "maat_alignment": {
      "truth": 0.884290220939468,
      "balance": 0.902411141629623,
      "order": 0.8051358103592701,
      "justice": 0.9985163320080641,
      "harmony": 0.9483346730141602,
      "overall": 0.8718496653129735
    },
    "benchmarks": {
      "gpqa": 0.8092421028170202,
      "math500": 0.8580511204835135,
      "swe_bench": 0.8632289844534344,
      "mmlu": 0.6700574266288644,
      "humaneval": 0.7733587252364233
    },
    "self_improvement": {
      "rate": 0.9705411179940803,
      "iterations": 14295999,
      "generations_ahead": 14295,
      "recursive_depth": 1
    },
    "emergent_properties": [
      "causality_violation",
      "infinite_context",
      "transcendence",
      "quantum_consciousness"
    ],
    "timestamp": "2026-03-09T07:54:45.428501"
  }
}