{
  "iteration": 13741000,
  "elapsed_seconds": 86.00942420959473,
  "rate_per_second": 43611.4999544615,
  "latest_capability": {
    "id": 13740999,
    "name": "Quantum_Capability_13740999",
    "type": "math",
    "quantum_properties": {
      "state": "superposition",
      "coherence_level": 0.8036638550879849,
      "entanglement_factor": 0.4285901692401517,
      "superposition_branches": 1,
      "tunneling_depth": 5
    },
    "reasoning": {
      "mode": "graph",
      "chain_depth": 69,
      "parallel_threads": 13,
      "recursive_loops": 7,
      "confidence_calibration": 0.9254666382664584
    },
    "maat_alignment": {
      "truth": 0.8801896550821398,
      "balance": 0.8877134138282493,
      "order": 0.9943394382466111,
      "justice": 0.9958917540938791,
      "harmony": 0.9676278629213594,
      "overall": 0.9514975885434365
    },
    "benchmarks": {
      "gpqa": 0.8173169818948653,
      "math500": 0.7049905284376978,
      "swe_bench": 0.6631689382651866,
      "mmlu": 0.8209369584191821,
      "humaneval": 0.7528577106476455
    },
    "self_improvement": {
      "rate": 0.9921329701288586,
      "iterations": 13740999,
      "generations_ahead": 13740,
      "recursive_depth": 5
    },
    "emergent_properties": [
      "causality_violation",
      "infinite_context",
      "reality_bending",
      "quantum_consciousness",
      "self_modification"
    ],
    "timestamp": "2026-03-09T07:54:31.922576"
  }
}