{
  "iteration": 13292000,
  "elapsed_seconds": 77.23508548736572,
  "rate_per_second": 42752.590732098666,
  "latest_capability": {
    "id": 13291999,
    "name": "Quantum_Capability_13291999",
    "type": "multimodal",
    "quantum_properties": {
      "state": "superposition",
      "coherence_level": 0.8768640365614966,
      "entanglement_factor": 0.20456169368320076,
      "superposition_branches": 10,
      "tunneling_depth": 2
    },
    "reasoning": {
      "mode": "parallel",
      "chain_depth": 184,
      "parallel_threads": 15,
      "recursive_loops": 4,
      "confidence_calibration": 0.9982767059260329
    },
    "maat_alignment": {
      "truth": 0.9052108035004561,
      "balance": 0.9987001650967174,
      "order": 0.9190301931272487,
      "justice": 0.9518104656530902,
      "harmony": 0.8142586385521471,
      "overall": 0.9994090378413585
    },
    "benchmarks": {
      "gpqa": 0.8143486139623196,
      "math500": 0.8745559029969006,
      "swe_bench": 0.703713581396852,
      "mmlu": 0.7872371980640254,
      "humaneval": 0.8132960148427713
    },
    "self_improvement": {
      "rate": 0.9803890241774138,
      "iterations": 13291999,
      "generations_ahead": 13291,
      "recursive_depth": 4
    },
    "emergent_properties": [
      "meta_learning",
      "quantum_consciousness",
      "reality_bending"
    ],
    "timestamp": "2026-03-09T07:54:23.148233"
  }
}