{
  "iteration": 13877000,
  "elapsed_seconds": 88.88532590866089,
  "rate_per_second": 43730.502872817335,
  "latest_capability": {
    "id": 13876999,
    "name": "Quantum_Capability_13876999",
    "type": "vision",
    "quantum_properties": {
      "state": "superposition",
      "coherence_level": 0.6447812190502982,
      "entanglement_factor": 0.7161452112469106,
      "superposition_branches": 8,
      "tunneling_depth": 3
    },
    "reasoning": {
      "mode": "tree",
      "chain_depth": 156,
      "parallel_threads": 6,
      "recursive_loops": 3,
      "confidence_calibration": 0.7200625982673103
    },
    "maat_alignment": {
      "truth": 0.934504293899201,
      "balance": 0.9813202752283797,
      "order": 0.9263441627710605,
      "justice": 0.8792321667003085,
      "harmony": 0.840296178862573,
      "overall": 0.9145465903468453
    },
    "benchmarks": {
      "gpqa": 0.9451212567809322,
      "math500": 0.7979554900196594,
      "swe_bench": 0.7198891474288119,
      "mmlu": 0.827610459334642,
      "humaneval": 0.778877466725075
    },
    "self_improvement": {
      "rate": 0.9985584645426757,
      "iterations": 13876999,
      "generations_ahead": 13876,
      "recursive_depth": 0
    },
    "emergent_properties": [
      "causality_violation",
      "recursive_self_improvement",
      "self_modification",
      "meta_learning",
      "transcendence",
      "omniscience"
    ],
    "timestamp": "2026-03-09T07:54:34.798479"
  }
}