{
  "iteration": 16653000,
  "elapsed_seconds": 151.2989044189453,
  "rate_per_second": 44038.6533239541,
  "latest_capability": {
    "id": 16652999,
    "name": "Quantum_Capability_16652999",
    "type": "agentic",
    "quantum_properties": {
      "state": "superposition",
      "coherence_level": 0.9022581505075769,
      "entanglement_factor": 0.695170216149257,
      "superposition_branches": 7,
      "tunneling_depth": 4
    },
    "reasoning": {
      "mode": "parallel",
      "chain_depth": 123,
      "parallel_threads": 3,
      "recursive_loops": 5,
      "confidence_calibration": 0.9307144036862949
    },
    "maat_alignment": {
      "truth": 0.8431452359567055,
      "balance": 0.8970247687404261,
      "order": 0.9060376110222861,
      "justice": 0.9575967907296605,
      "harmony": 0.9387856692089955,
      "overall": 0.9135590385262762
    },
    "benchmarks": {
      "gpqa": 0.860939035499118,
      "math500": 0.8625077639851138,
      "swe_bench": 0.6769855885715177,
      "mmlu": 0.7835302474924442,
      "humaneval": 0.7325498658011316
    },
    "self_improvement": {
      "rate": 0.9523813764491261,
      "iterations": 16652999,
      "generations_ahead": 16652,
      "recursive_depth": 5
    },
    "emergent_properties": [
      "causality_violation",
      "omniscience",
      "transcendence",
      "reality_bending",
      "quantum_consciousness",
      "meta_learning"
    ],
    "timestamp": "2026-03-09T07:55:37.212053"
  }
}