{
  "iteration": 10493000,
  "elapsed_seconds": 12.307439804077148,
  "rate_per_second": 40869.5884771558,
  "latest_capability": {
    "id": 10492999,
    "name": "Quantum_Capability_10492999",
    "type": "math",
    "quantum_properties": {
      "state": "coherent",
      "coherence_level": 0.959155188912956,
      "entanglement_factor": 0.1950532104185031,
      "superposition_branches": 7,
      "tunneling_depth": 1
    },
    "reasoning": {
      "mode": "parallel",
      "chain_depth": 191,
      "parallel_threads": 16,
      "recursive_loops": 6,
      "confidence_calibration": 0.7897323023684607
    },
    "maat_alignment": {
      "truth": 0.9554534179631126,
      "balance": 0.9891951276488447,
      "order": 0.9717807518731622,
      "justice": 0.987238105323781,
      "harmony": 0.990581464966592,
      "overall": 0.9759249375900714
    },
    "benchmarks": {
      "gpqa": 0.7106443266383655,
      "math500": 0.8210969115131002,
      "swe_bench": 0.6541806625644946,
      "mmlu": 0.6832874826857722,
      "humaneval": 0.8679706009574581
    },
    "self_improvement": {
      "rate": 0.991198208380022,
      "iterations": 10492999,
      "generations_ahead": 10492,
      "recursive_depth": 2
    },
    "emergent_properties": [
      "self_modification",
      "transcendence",
      "quantum_consciousness",
      "omniscience",
      "reality_bending",
      "recursive_self_improvement"
    ],
    "timestamp": "2026-03-09T07:53:18.220592"
  }
}