{
  "iteration": 10828000,
  "elapsed_seconds": 19.95316481590271,
  "rate_per_second": 41998.35002275491,
  "latest_capability": {
    "id": 10827999,
    "name": "Quantum_Capability_10827999",
    "type": "multimodal",
    "quantum_properties": {
      "state": "entangled",
      "coherence_level": 0.8037380564222444,
      "entanglement_factor": 0.25161478680388705,
      "superposition_branches": 4,
      "tunneling_depth": 1
    },
    "reasoning": {
      "mode": "tree",
      "chain_depth": 19,
      "parallel_threads": 6,
      "recursive_loops": 6,
      "confidence_calibration": 0.7891096311793456
    },
    "maat_alignment": {
      "truth": 0.8529540440530055,
      "balance": 0.8958724522625747,
      "order": 0.8909502276959717,
      "justice": 0.9911358854676234,
      "harmony": 0.9165189277727204,
      "overall": 0.9914465243899752
    },
    "benchmarks": {
      "gpqa": 0.7450213554918113,
      "math500": 0.6871270050146793,
      "swe_bench": 0.7737810924787674,
      "mmlu": 0.6543696544215323,
      "humaneval": 0.8135198515159745
    },
    "self_improvement": {
      "rate": 0.9872200127503815,
      "iterations": 10827999,
      "generations_ahead": 10827,
      "recursive_depth": 3
    },
    "emergent_properties": [
      "recursive_self_improvement",
      "meta_learning",
      "self_modification",
      "omniscience"
    ],
    "timestamp": "2026-03-09T07:53:25.866317"
  }
}