{
  "iteration": 17134000,
  "elapsed_seconds": 160.27617859840393,
  "rate_per_second": 44573.06171430732,
  "latest_capability": {
    "id": 17133999,
    "name": "Quantum_Capability_17133999",
    "type": "language",
    "quantum_properties": {
      "state": "collapsed",
      "coherence_level": 0.6172027484371613,
      "entanglement_factor": 0.36574490434802165,
      "superposition_branches": 1,
      "tunneling_depth": 4
    },
    "reasoning": {
      "mode": "parallel",
      "chain_depth": 62,
      "parallel_threads": 10,
      "recursive_loops": 9,
      "confidence_calibration": 0.8009557813149063
    },
    "maat_alignment": {
      "truth": 0.9854763171022289,
      "balance": 0.8528097128436432,
      "order": 0.9647923702199929,
      "justice": 0.8007611431811078,
      "harmony": 0.9109974221401463,
      "overall": 0.9181080350394956
    },
    "benchmarks": {
      "gpqa": 0.789637260225951,
      "math500": 0.8706860062163859,
      "swe_bench": 0.8655427896329014,
      "mmlu": 0.8920281582093246,
      "humaneval": 0.9372429349174989
    },
    "self_improvement": {
      "rate": 0.9607001990048067,
      "iterations": 17133999,
      "generations_ahead": 17133,
      "recursive_depth": 1
    },
    "emergent_properties": [
      "omniscience",
      "self_modification",
      "quantum_consciousness",
      "causality_violation",
      "transcendence",
      "recursive_self_improvement"
    ],
    "timestamp": "2026-03-09T07:55:46.189354"
  }
}