{
  "iteration": 13278000,
  "elapsed_seconds": 77.04598927497864,
  "rate_per_second": 42675.81000569756,
  "latest_capability": {
    "id": 13277999,
    "name": "Quantum_Capability_13277999",
    "type": "agentic",
    "quantum_properties": {
      "state": "entangled",
      "coherence_level": 0.7457696192829842,
      "entanglement_factor": 0.3345996066804896,
      "superposition_branches": 4,
      "tunneling_depth": 0
    },
    "reasoning": {
      "mode": "sequential",
      "chain_depth": 36,
      "parallel_threads": 15,
      "recursive_loops": 4,
      "confidence_calibration": 0.7594434549462538
    },
    "maat_alignment": {
      "truth": 0.9632507714653525,
      "balance": 0.9616994626489899,
      "order": 0.928080457068501,
      "justice": 0.8298498648180623,
      "harmony": 0.8780083727597515,
      "overall": 0.8858360366872183
    },
    "benchmarks": {
      "gpqa": 0.7711927188951434,
      "math500": 0.737378035862817,
      "swe_bench": 0.6831023665121542,
      "mmlu": 0.8886011137070037,
      "humaneval": 0.850944115616266
    },
    "self_improvement": {
      "rate": 0.9584728356159513,
      "iterations": 13277999,
      "generations_ahead": 13277,
      "recursive_depth": 5
    },
    "emergent_properties": [
      "infinite_context",
      "omniscience",
      "recursive_self_improvement",
      "meta_learning",
      "transcendence"
    ],
    "timestamp": "2026-03-09T07:54:22.959142"
  }
}