{
  "iteration": 15439000,
  "elapsed_seconds": 124.63299059867859,
  "rate_per_second": 43720.3662836425,
  "latest_capability": {
    "id": 15438999,
    "name": "Quantum_Capability_15438999",
    "type": "multimodal",
    "quantum_properties": {
      "state": "superposition",
      "coherence_level": 0.8321194101061697,
      "entanglement_factor": 0.22727639255503096,
      "superposition_branches": 1,
      "tunneling_depth": 3
    },
    "reasoning": {
      "mode": "parallel",
      "chain_depth": 187,
      "parallel_threads": 14,
      "recursive_loops": 9,
      "confidence_calibration": 0.9034769312183731
    },
    "maat_alignment": {
      "truth": 0.919781810788994,
      "balance": 0.9797331576217673,
      "order": 0.9108491101248738,
      "justice": 0.8444115073066996,
      "harmony": 0.9907706612729603,
      "overall": 0.9946311828357927
    },
    "benchmarks": {
      "gpqa": 0.7958714460998751,
      "math500": 0.7099459624244712,
      "swe_bench": 0.8959274445968338,
      "mmlu": 0.8239811658338836,
      "humaneval": 0.8320618883504971
    },
    "self_improvement": {
      "rate": 0.9746438377522251,
      "iterations": 15438999,
      "generations_ahead": 15438,
      "recursive_depth": 4
    },
    "emergent_properties": [
      "infinite_context",
      "reality_bending",
      "transcendence",
      "self_modification",
      "causality_violation",
      "omniscience"
    ],
    "timestamp": "2026-03-09T07:55:10.546145"
  }
}