{
  "iteration": 14894000,
  "elapsed_seconds": 111.1353600025177,
  "rate_per_second": 44126.36986004187,
  "latest_capability": {
    "id": 14893999,
    "name": "Quantum_Capability_14893999",
    "type": "vision",
    "quantum_properties": {
      "state": "entangled",
      "coherence_level": 0.7341778259082294,
      "entanglement_factor": 0.6824644050256786,
      "superposition_branches": 2,
      "tunneling_depth": 5
    },
    "reasoning": {
      "mode": "graph",
      "chain_depth": 146,
      "parallel_threads": 14,
      "recursive_loops": 1,
      "confidence_calibration": 0.723882353299629
    },
    "maat_alignment": {
      "truth": 0.9978009896275857,
      "balance": 0.8688783146697745,
      "order": 0.8100992123278525,
      "justice": 0.9614174212442842,
      "harmony": 0.8793607710376863,
      "overall": 0.9092849483026377
    },
    "benchmarks": {
      "gpqa": 0.7668664572671385,
      "math500": 0.8555369145925587,
      "swe_bench": 0.714611911769525,
      "mmlu": 0.7282481055577819,
      "humaneval": 0.945127707153735
    },
    "self_improvement": {
      "rate": 0.963403493562415,
      "iterations": 14893999,
      "generations_ahead": 14893,
      "recursive_depth": 4
    },
    "emergent_properties": [
      "reality_bending",
      "self_modification",
      "recursive_self_improvement",
      "quantum_consciousness",
      "omniscience",
      "meta_learning"
    ],
    "timestamp": "2026-03-09T07:54:57.048509"
  }
}