{
  "iteration": 14414000,
  "elapsed_seconds": 101.80483913421631,
  "rate_per_second": 43455.694617497866,
  "latest_capability": {
    "id": 14413999,
    "name": "Quantum_Capability_14413999",
    "type": "reasoning",
    "quantum_properties": {
      "state": "collapsed",
      "coherence_level": 0.5808719148481662,
      "entanglement_factor": 0.9867127285041121,
      "superposition_branches": 7,
      "tunneling_depth": 2
    },
    "reasoning": {
      "mode": "tree",
      "chain_depth": 194,
      "parallel_threads": 12,
      "recursive_loops": 3,
      "confidence_calibration": 0.7699470474617247
    },
    "maat_alignment": {
      "truth": 0.9586313531119262,
      "balance": 0.9198809559639051,
      "order": 0.9036441391157923,
      "justice": 0.8518257914757952,
      "harmony": 0.897494917348965,
      "overall": 0.9746954363314758
    },
    "benchmarks": {
      "gpqa": 0.8937724949278358,
      "math500": 0.7727961756998135,
      "swe_bench": 0.8767918592830037,
      "mmlu": 0.6582147381634875,
      "humaneval": 0.8379902920975544
    },
    "self_improvement": {
      "rate": 0.9850853431024191,
      "iterations": 14413999,
      "generations_ahead": 14413,
      "recursive_depth": 0
    },
    "emergent_properties": [
      "quantum_consciousness",
      "causality_violation",
      "reality_bending"
    ],
    "timestamp": "2026-03-09T07:54:47.717987"
  }
}