{
  "iteration": 12259000,
  "elapsed_seconds": 53.335569858551025,
  "rate_per_second": 42541.96600912895,
  "latest_capability": {
    "id": 12258999,
    "name": "Quantum_Capability_12258999",
    "type": "agentic",
    "quantum_properties": {
      "state": "coherent",
      "coherence_level": 0.726605352369494,
      "entanglement_factor": 0.774914114600825,
      "superposition_branches": 3,
      "tunneling_depth": 5
    },
    "reasoning": {
      "mode": "parallel",
      "chain_depth": 81,
      "parallel_threads": 4,
      "recursive_loops": 1,
      "confidence_calibration": 0.9482750452858554
    },
    "maat_alignment": {
      "truth": 0.8481263237284977,
      "balance": 0.9728624688693785,
      "order": 0.8123285315114835,
      "justice": 0.8739412173734773,
      "harmony": 0.8662065915425786,
      "overall": 0.8606143280274569
    },
    "benchmarks": {
      "gpqa": 0.7290393196815136,
      "math500": 0.8801959491736173,
      "swe_bench": 0.7791634738032038,
      "mmlu": 0.8516942167893424,
      "humaneval": 0.9193482602838833
    },
    "self_improvement": {
      "rate": 0.9523170852916696,
      "iterations": 12258999,
      "generations_ahead": 12258,
      "recursive_depth": 5
    },
    "emergent_properties": [
      "omniscience",
      "quantum_consciousness",
      "reality_bending",
      "meta_learning"
    ],
    "timestamp": "2026-03-09T07:53:59.248718"
  }
}