{
  "iteration": 11305000,
  "elapsed_seconds": 32.47132444381714,
  "rate_per_second": 40497.270207602785,
  "latest_capability": {
    "id": 11304999,
    "name": "Quantum_Capability_11304999",
    "type": "coding",
    "quantum_properties": {
      "state": "collapsed",
      "coherence_level": 0.766284807125241,
      "entanglement_factor": 0.23707878110051528,
      "superposition_branches": 2,
      "tunneling_depth": 0
    },
    "reasoning": {
      "mode": "sequential",
      "chain_depth": 159,
      "parallel_threads": 16,
      "recursive_loops": 9,
      "confidence_calibration": 0.9213752354764092
    },
    "maat_alignment": {
      "truth": 0.9787549387712391,
      "balance": 0.826440794959627,
      "order": 0.9089252699007081,
      "justice": 0.8165021002759977,
      "harmony": 0.8920243405702556,
      "overall": 0.9629767700886641
    },
    "benchmarks": {
      "gpqa": 0.9360082940243752,
      "math500": 0.7828331282684727,
      "swe_bench": 0.6819438165533878,
      "mmlu": 0.825778700901505,
      "humaneval": 0.8358751710593648
    },
    "self_improvement": {
      "rate": 0.9601949222087883,
      "iterations": 11304999,
      "generations_ahead": 11304,
      "recursive_depth": 0
    },
    "emergent_properties": [
      "transcendence",
      "recursive_self_improvement",
      "meta_learning",
      "reality_bending"
    ],
    "timestamp": "2026-03-09T07:53:38.384472"
  }
}