{
  "iteration": 10943000,
  "elapsed_seconds": 22.954376697540283,
  "rate_per_second": 41517.13690845374,
  "latest_capability": {
    "id": 10942999,
    "name": "Quantum_Capability_10942999",
    "type": "agentic",
    "quantum_properties": {
      "state": "entangled",
      "coherence_level": 0.8338864146669913,
      "entanglement_factor": 0.998650770377283,
      "superposition_branches": 8,
      "tunneling_depth": 1
    },
    "reasoning": {
      "mode": "graph",
      "chain_depth": 157,
      "parallel_threads": 8,
      "recursive_loops": 1,
      "confidence_calibration": 0.9798687399070483
    },
    "maat_alignment": {
      "truth": 0.9822221772654227,
      "balance": 0.8774194477175858,
      "order": 0.9148866392171855,
      "justice": 0.9866664837546658,
      "harmony": 0.9577399467110681,
      "overall": 0.9979662366208574
    },
    "benchmarks": {
      "gpqa": 0.8457859840498324,
      "math500": 0.7061036429647913,
      "swe_bench": 0.6890142936511039,
      "mmlu": 0.6852431368787911,
      "humaneval": 0.8908303014615349
    },
    "self_improvement": {
      "rate": 0.9935937472286367,
      "iterations": 10942999,
      "generations_ahead": 10942,
      "recursive_depth": 1
    },
    "emergent_properties": [
      "transcendence",
      "meta_learning",
      "infinite_context",
      "reality_bending",
      "causality_violation"
    ],
    "timestamp": "2026-03-09T07:53:28.867525"
  }
}