{
  "iteration": 13705000,
  "elapsed_seconds": 85.50864219665527,
  "rate_per_second": 43445.90095883097,
  "latest_capability": {
    "id": 13704999,
    "name": "Quantum_Capability_13704999",
    "type": "multimodal",
    "quantum_properties": {
      "state": "collapsed",
      "coherence_level": 0.5651274143787598,
      "entanglement_factor": 0.4602815737527389,
      "superposition_branches": 4,
      "tunneling_depth": 4
    },
    "reasoning": {
      "mode": "tree",
      "chain_depth": 111,
      "parallel_threads": 7,
      "recursive_loops": 8,
      "confidence_calibration": 0.7162758813729352
    },
    "maat_alignment": {
      "truth": 0.8404129784089188,
      "balance": 0.90029865378956,
      "order": 0.8368243549978208,
      "justice": 0.8717709591483656,
      "harmony": 0.9338839021529306,
      "overall": 0.8898373542629262
    },
    "benchmarks": {
      "gpqa": 0.8116063866069656,
      "math500": 0.7959425686284157,
      "swe_bench": 0.8568881480459589,
      "mmlu": 0.8303440882517511,
      "humaneval": 0.8152508742403912
    },
    "self_improvement": {
      "rate": 0.9792611753405507,
      "iterations": 13704999,
      "generations_ahead": 13704,
      "recursive_depth": 0
    },
    "emergent_properties": [
      "self_modification",
      "transcendence",
      "recursive_self_improvement"
    ],
    "timestamp": "2026-03-09T07:54:31.421794"
  }
}