{
  "iteration": 17907000,
  "elapsed_seconds": 179.3807656764984,
  "rate_per_second": 44135.16672282354,
  "latest_capability": {
    "id": 17906999,
    "name": "Quantum_Capability_17906999",
    "type": "vision",
    "quantum_properties": {
      "state": "collapsed",
      "coherence_level": 0.6644051280881098,
      "entanglement_factor": 0.0030621638292209763,
      "superposition_branches": 4,
      "tunneling_depth": 1
    },
    "reasoning": {
      "mode": "tree",
      "chain_depth": 19,
      "parallel_threads": 9,
      "recursive_loops": 9,
      "confidence_calibration": 0.9932265751500362
    },
    "maat_alignment": {
      "truth": 0.8897310228280407,
      "balance": 0.9484264430558774,
      "order": 0.8144178694646089,
      "justice": 0.9632891860782605,
      "harmony": 0.9602673405593566,
      "overall": 0.9783324809041591
    },
    "benchmarks": {
      "gpqa": 0.9380282469055324,
      "math500": 0.716770414308608,
      "swe_bench": 0.8429850741695434,
      "mmlu": 0.6759549643468493,
      "humaneval": 0.8496426239326142
    },
    "self_improvement": {
      "rate": 0.9806653512418266,
      "iterations": 17906999,
      "generations_ahead": 17906,
      "recursive_depth": 2
    },
    "emergent_properties": [
      "reality_bending",
      "transcendence",
      "quantum_consciousness",
      "infinite_context"
    ],
    "timestamp": "2026-03-09T07:56:05.293914"
  }
}