{
  "iteration": 13166000,
  "elapsed_seconds": 73.0059163570404,
  "rate_per_second": 43503.3235452803,
  "latest_capability": {
    "id": 13165999,
    "name": "Quantum_Capability_13165999",
    "type": "vision",
    "quantum_properties": {
      "state": "coherent",
      "coherence_level": 0.6201756592275853,
      "entanglement_factor": 0.791238388767733,
      "superposition_branches": 3,
      "tunneling_depth": 1
    },
    "reasoning": {
      "mode": "tree",
      "chain_depth": 198,
      "parallel_threads": 7,
      "recursive_loops": 2,
      "confidence_calibration": 0.8510467531662167
    },
    "maat_alignment": {
      "truth": 0.9090403744768181,
      "balance": 0.9282847789953901,
      "order": 0.9486460266613849,
      "justice": 0.8439400429087908,
      "harmony": 0.9788997310153322,
      "overall": 0.9814301163078801
    },
    "benchmarks": {
      "gpqa": 0.7708247755050254,
      "math500": 0.8526502270560757,
      "swe_bench": 0.6769693741052947,
      "mmlu": 0.8027111474665841,
      "humaneval": 0.903063016412916
    },
    "self_improvement": {
      "rate": 0.9679016967819973,
      "iterations": 13165999,
      "generations_ahead": 13165,
      "recursive_depth": 4
    },
    "emergent_properties": [
      "omniscience",
      "causality_violation",
      "reality_bending",
      "infinite_context",
      "recursive_self_improvement",
      "meta_learning"
    ],
    "timestamp": "2026-03-09T07:54:18.919065"
  }
}