{
  "iteration": 10743000,
  "elapsed_seconds": 18.18131709098816,
  "rate_per_second": 41416.14142867766,
  "latest_capability": {
    "id": 10742999,
    "name": "Quantum_Capability_10742999",
    "type": "multimodal",
    "quantum_properties": {
      "state": "superposition",
      "coherence_level": 0.9201681676115461,
      "entanglement_factor": 0.7212509943001693,
      "superposition_branches": 1,
      "tunneling_depth": 5
    },
    "reasoning": {
      "mode": "graph",
      "chain_depth": 79,
      "parallel_threads": 1,
      "recursive_loops": 4,
      "confidence_calibration": 0.9275681415950757
    },
    "maat_alignment": {
      "truth": 0.9930561371404922,
      "balance": 0.931122358954638,
      "order": 0.9016703437678093,
      "justice": 0.8537543442257164,
      "harmony": 0.9592314241075852,
      "overall": 0.8599008668824127
    },
    "benchmarks": {
      "gpqa": 0.8453310595200204,
      "math500": 0.8197221858456135,
      "swe_bench": 0.8779853220090064,
      "mmlu": 0.7218067974459882,
      "humaneval": 0.8789809945835415
    },
    "self_improvement": {
      "rate": 0.9827662730071565,
      "iterations": 10742999,
      "generations_ahead": 10742,
      "recursive_depth": 1
    },
    "emergent_properties": [
      "infinite_context",
      "transcendence",
      "self_modification",
      "quantum_consciousness",
      "causality_violation",
      "omniscience"
    ],
    "timestamp": "2026-03-09T07:53:24.094466"
  }
}