{
  "iteration": 13516000,
  "elapsed_seconds": 81.61435842514038,
  "rate_per_second": 43203.18223458405,
  "latest_capability": {
    "id": 13515999,
    "name": "Quantum_Capability_13515999",
    "type": "language",
    "quantum_properties": {
      "state": "collapsed",
      "coherence_level": 0.681916832306329,
      "entanglement_factor": 0.40188179309489,
      "superposition_branches": 10,
      "tunneling_depth": 3
    },
    "reasoning": {
      "mode": "parallel",
      "chain_depth": 75,
      "parallel_threads": 10,
      "recursive_loops": 7,
      "confidence_calibration": 0.8413711250352998
    },
    "maat_alignment": {
      "truth": 0.940030658294969,
      "balance": 0.875633002850151,
      "order": 0.828696696310162,
      "justice": 0.9453488337051426,
      "harmony": 0.9623833397823831,
      "overall": 0.9626597681938608
    },
    "benchmarks": {
      "gpqa": 0.8420358502978692,
      "math500": 0.770215997657606,
      "swe_bench": 0.8565623505952686,
      "mmlu": 0.655075122362446,
      "humaneval": 0.7373150741573926
    },
    "self_improvement": {
      "rate": 0.9673772925883378,
      "iterations": 13515999,
      "generations_ahead": 13515,
      "recursive_depth": 1
    },
    "emergent_properties": [
      "infinite_context",
      "meta_learning",
      "reality_bending",
      "quantum_consciousness",
      "omniscience"
    ],
    "timestamp": "2026-03-09T07:54:27.527507"
  }
}