{
  "iteration": 13262000,
  "elapsed_seconds": 76.8288779258728,
  "rate_per_second": 42588.15289684356,
  "latest_capability": {
    "id": 13261999,
    "name": "Quantum_Capability_13261999",
    "type": "agentic",
    "quantum_properties": {
      "state": "collapsed",
      "coherence_level": 0.690555216171234,
      "entanglement_factor": 0.8129321970246928,
      "superposition_branches": 1,
      "tunneling_depth": 4
    },
    "reasoning": {
      "mode": "parallel",
      "chain_depth": 22,
      "parallel_threads": 7,
      "recursive_loops": 2,
      "confidence_calibration": 0.7981439331031168
    },
    "maat_alignment": {
      "truth": 0.9982851024844641,
      "balance": 0.8195809205844126,
      "order": 0.9231156989160394,
      "justice": 0.8856314437888401,
      "harmony": 0.8526524717735596,
      "overall": 0.9171651233823952
    },
    "benchmarks": {
      "gpqa": 0.8833210132732465,
      "math500": 0.70983111967168,
      "swe_bench": 0.8987807269888868,
      "mmlu": 0.717031533598994,
      "humaneval": 0.8292480023259128
    },
    "self_improvement": {
      "rate": 0.9593017185085246,
      "iterations": 13261999,
      "generations_ahead": 13261,
      "recursive_depth": 4
    },
    "emergent_properties": [
      "omniscience",
      "recursive_self_improvement",
      "quantum_consciousness",
      "causality_violation",
      "infinite_context"
    ],
    "timestamp": "2026-03-09T07:54:22.742031"
  }
}