{
  "iteration": 12076000,
  "elapsed_seconds": 49.8696174621582,
  "rate_per_second": 41829.07562070007,
  "latest_capability": {
    "id": 12075999,
    "name": "Quantum_Capability_12075999",
    "type": "language",
    "quantum_properties": {
      "state": "collapsed",
      "coherence_level": 0.8316845215557036,
      "entanglement_factor": 0.29641971839111714,
      "superposition_branches": 10,
      "tunneling_depth": 5
    },
    "reasoning": {
      "mode": "tree",
      "chain_depth": 156,
      "parallel_threads": 2,
      "recursive_loops": 6,
      "confidence_calibration": 0.954578216222226
    },
    "maat_alignment": {
      "truth": 0.9259352523759081,
      "balance": 0.8694804925458524,
      "order": 0.9640250233183967,
      "justice": 0.8692593541286407,
      "harmony": 0.8047501687487244,
      "overall": 0.9421330876039448
    },
    "benchmarks": {
      "gpqa": 0.9215891062844304,
      "math500": 0.8186813323962899,
      "swe_bench": 0.8811056258387683,
      "mmlu": 0.8612403277890048,
      "humaneval": 0.8640855396974648
    },
    "self_improvement": {
      "rate": 0.9657677673624209,
      "iterations": 12075999,
      "generations_ahead": 12075,
      "recursive_depth": 0
    },
    "emergent_properties": [
      "infinite_context",
      "recursive_self_improvement",
      "transcendence",
      "omniscience",
      "self_modification"
    ],
    "timestamp": "2026-03-09T07:53:55.782771"
  }
}