{
  "iteration": 15754000,
  "elapsed_seconds": 130.58659148216248,
  "rate_per_second": 44139.2943531062,
  "latest_capability": {
    "id": 15753999,
    "name": "Quantum_Capability_15753999",
    "type": "reasoning",
    "quantum_properties": {
      "state": "collapsed",
      "coherence_level": 0.7716341131042944,
      "entanglement_factor": 0.046221126707015836,
      "superposition_branches": 7,
      "tunneling_depth": 4
    },
    "reasoning": {
      "mode": "tree",
      "chain_depth": 131,
      "parallel_threads": 7,
      "recursive_loops": 3,
      "confidence_calibration": 0.8447386486871252
    },
    "maat_alignment": {
      "truth": 0.9745690534414756,
      "balance": 0.9501700173758566,
      "order": 0.8732308224510841,
      "justice": 0.9000727343587622,
      "harmony": 0.8828543631624373,
      "overall": 0.9826836293292387
    },
    "benchmarks": {
      "gpqa": 0.7662077866845263,
      "math500": 0.8834196956533481,
      "swe_bench": 0.7520468986691333,
      "mmlu": 0.6913175695991813,
      "humaneval": 0.7865843436564055
    },
    "self_improvement": {
      "rate": 0.983260555315452,
      "iterations": 15753999,
      "generations_ahead": 15753,
      "recursive_depth": 0
    },
    "emergent_properties": [
      "meta_learning",
      "reality_bending",
      "causality_violation",
      "quantum_consciousness",
      "recursive_self_improvement"
    ],
    "timestamp": "2026-03-09T07:55:16.499740"
  }
}