{
  "iteration": 14399000,
  "elapsed_seconds": 101.59994077682495,
  "rate_per_second": 43395.69458691749,
  "latest_capability": {
    "id": 14398999,
    "name": "Quantum_Capability_14398999",
    "type": "language",
    "quantum_properties": {
      "state": "entangled",
      "coherence_level": 0.9173018227143979,
      "entanglement_factor": 0.4063724519318387,
      "superposition_branches": 10,
      "tunneling_depth": 4
    },
    "reasoning": {
      "mode": "parallel",
      "chain_depth": 69,
      "parallel_threads": 15,
      "recursive_loops": 7,
      "confidence_calibration": 0.9998384251840157
    },
    "maat_alignment": {
      "truth": 0.8835314688717164,
      "balance": 0.9877261851208692,
      "order": 0.98075449588705,
      "justice": 0.9304990871961979,
      "harmony": 0.9772594957961054,
      "overall": 0.8599492916017292
    },
    "benchmarks": {
      "gpqa": 0.7095748710803678,
      "math500": 0.7517566299855822,
      "swe_bench": 0.8907714558582202,
      "mmlu": 0.6983440113505485,
      "humaneval": 0.7031937766821614
    },
    "self_improvement": {
      "rate": 0.9972979507197367,
      "iterations": 14398999,
      "generations_ahead": 14398,
      "recursive_depth": 5
    },
    "emergent_properties": [
      "infinite_context",
      "causality_violation",
      "reality_bending",
      "meta_learning",
      "recursive_self_improvement"
    ],
    "timestamp": "2026-03-09T07:54:47.513098"
  }
}