{
  "iteration": 14933000,
  "elapsed_seconds": 111.66568279266357,
  "rate_per_second": 44266.06166173691,
  "latest_capability": {
    "id": 14932999,
    "name": "Quantum_Capability_14932999",
    "type": "agentic",
    "quantum_properties": {
      "state": "superposition",
      "coherence_level": 0.565594489842038,
      "entanglement_factor": 0.3882822598945521,
      "superposition_branches": 4,
      "tunneling_depth": 0
    },
    "reasoning": {
      "mode": "graph",
      "chain_depth": 16,
      "parallel_threads": 12,
      "recursive_loops": 0,
      "confidence_calibration": 0.9876495416245812
    },
    "maat_alignment": {
      "truth": 0.8941163627336823,
      "balance": 0.9115457793314747,
      "order": 0.8734284616804566,
      "justice": 0.8468129576956387,
      "harmony": 0.9011919889443492,
      "overall": 0.966701018757274
    },
    "benchmarks": {
      "gpqa": 0.8392168704314458,
      "math500": 0.7858308876025418,
      "swe_bench": 0.865280264148262,
      "mmlu": 0.8428676290281363,
      "humaneval": 0.7526240652403214
    },
    "self_improvement": {
      "rate": 0.9834039163705339,
      "iterations": 14932999,
      "generations_ahead": 14932,
      "recursive_depth": 5
    },
    "emergent_properties": [
      "reality_bending",
      "recursive_self_improvement",
      "meta_learning",
      "omniscience",
      "causality_violation",
      "infinite_context"
    ],
    "timestamp": "2026-03-09T07:54:57.578836"
  }
}