{
  "iteration": 12242000,
  "elapsed_seconds": 53.10740661621094,
  "rate_per_second": 42404.631359132894,
  "latest_capability": {
    "id": 12241999,
    "name": "Quantum_Capability_12241999",
    "type": "reasoning",
    "quantum_properties": {
      "state": "collapsed",
      "coherence_level": 0.7608956237644018,
      "entanglement_factor": 0.3462628305341151,
      "superposition_branches": 2,
      "tunneling_depth": 1
    },
    "reasoning": {
      "mode": "tree",
      "chain_depth": 186,
      "parallel_threads": 1,
      "recursive_loops": 5,
      "confidence_calibration": 0.7029964679415348
    },
    "maat_alignment": {
      "truth": 0.985278172337952,
      "balance": 0.9054271023193073,
      "order": 0.9823773614001219,
      "justice": 0.8285104181163211,
      "harmony": 0.9092229415358367,
      "overall": 0.9922337903751454
    },
    "benchmarks": {
      "gpqa": 0.8664612561746705,
      "math500": 0.7367536307712836,
      "swe_bench": 0.7797773566139445,
      "mmlu": 0.7620034665698445,
      "humaneval": 0.93323660546506
    },
    "self_improvement": {
      "rate": 0.9734802184764101,
      "iterations": 12241999,
      "generations_ahead": 12241,
      "recursive_depth": 0
    },
    "emergent_properties": [
      "recursive_self_improvement",
      "reality_bending",
      "transcendence",
      "infinite_context",
      "self_modification",
      "omniscience"
    ],
    "timestamp": "2026-03-09T07:53:59.020555"
  }
}