{
  "iteration": 12107000,
  "elapsed_seconds": 50.59777212142944,
  "rate_per_second": 41839.786837242915,
  "latest_capability": {
    "id": 12106999,
    "name": "Quantum_Capability_12106999",
    "type": "language",
    "quantum_properties": {
      "state": "superposition",
      "coherence_level": 0.9984889951936495,
      "entanglement_factor": 0.9464181641907887,
      "superposition_branches": 4,
      "tunneling_depth": 2
    },
    "reasoning": {
      "mode": "tree",
      "chain_depth": 148,
      "parallel_threads": 3,
      "recursive_loops": 6,
      "confidence_calibration": 0.730917561371157
    },
    "maat_alignment": {
      "truth": 0.9761343777373049,
      "balance": 0.8639604326705981,
      "order": 0.8552050462794619,
      "justice": 0.9082325687745026,
      "harmony": 0.8614679797378422,
      "overall": 0.92997350744932
    },
    "benchmarks": {
      "gpqa": 0.9396975430535863,
      "math500": 0.6817332643367604,
      "swe_bench": 0.730809262872233,
      "mmlu": 0.767476545883138,
      "humaneval": 0.9435364013721268
    },
    "self_improvement": {
      "rate": 0.989314573346094,
      "iterations": 12106999,
      "generations_ahead": 12106,
      "recursive_depth": 5
    },
    "emergent_properties": [
      "reality_bending",
      "self_modification",
      "causality_violation"
    ],
    "timestamp": "2026-03-09T07:53:56.510924"
  }
}