{
  "iteration": 10466000,
  "elapsed_seconds": 11.614543676376343,
  "rate_per_second": 40983.099574387124,
  "latest_capability": {
    "id": 10465999,
    "name": "Quantum_Capability_10465999",
    "type": "language",
    "quantum_properties": {
      "state": "superposition",
      "coherence_level": 0.5432250699258321,
      "entanglement_factor": 0.265488604291636,
      "superposition_branches": 6,
      "tunneling_depth": 2
    },
    "reasoning": {
      "mode": "sequential",
      "chain_depth": 110,
      "parallel_threads": 7,
      "recursive_loops": 1,
      "confidence_calibration": 0.8446980663151495
    },
    "maat_alignment": {
      "truth": 0.8578296237342687,
      "balance": 0.8469595645738041,
      "order": 0.8931041456962109,
      "justice": 0.8546260039306487,
      "harmony": 0.8380559806046204,
      "overall": 0.9323456704636418
    },
    "benchmarks": {
      "gpqa": 0.8980584475705116,
      "math500": 0.7393253170348413,
      "swe_bench": 0.8119629910684667,
      "mmlu": 0.8350230670229329,
      "humaneval": 0.91330956695611
    },
    "self_improvement": {
      "rate": 0.9521062444972256,
      "iterations": 10465999,
      "generations_ahead": 10465,
      "recursive_depth": 4
    },
    "emergent_properties": [
      "causality_violation",
      "transcendence",
      "reality_bending",
      "quantum_consciousness"
    ],
    "timestamp": "2026-03-09T07:53:17.527692"
  }
}