{
  "iteration": 15043000,
  "elapsed_seconds": 116.96933078765869,
  "rate_per_second": 43199.3580366208,
  "latest_capability": {
    "id": 15042999,
    "name": "Quantum_Capability_15042999",
    "type": "agentic",
    "quantum_properties": {
      "state": "collapsed",
      "coherence_level": 0.8248235280458811,
      "entanglement_factor": 0.9185275530735227,
      "superposition_branches": 3,
      "tunneling_depth": 5
    },
    "reasoning": {
      "mode": "sequential",
      "chain_depth": 115,
      "parallel_threads": 16,
      "recursive_loops": 6,
      "confidence_calibration": 0.9943224036851013
    },
    "maat_alignment": {
      "truth": 0.8307431473432706,
      "balance": 0.8032880374176393,
      "order": 0.9615909878239892,
      "justice": 0.9612054925139906,
      "harmony": 0.9443191172126444,
      "overall": 0.9338994220309809
    },
    "benchmarks": {
      "gpqa": 0.7119499283076999,
      "math500": 0.7186357547102225,
      "swe_bench": 0.7147829542451567,
      "mmlu": 0.7378989405825224,
      "humaneval": 0.881082023184486
    },
    "self_improvement": {
      "rate": 0.968290613762049,
      "iterations": 15042999,
      "generations_ahead": 15042,
      "recursive_depth": 1
    },
    "emergent_properties": [
      "omniscience",
      "transcendence",
      "causality_violation",
      "self_modification",
      "reality_bending"
    ],
    "timestamp": "2026-03-09T07:55:02.882480"
  }
}