{
  "iteration": 14573000,
  "elapsed_seconds": 104.96359062194824,
  "rate_per_second": 43662.75937059721,
  "latest_capability": {
    "id": 14572999,
    "name": "Quantum_Capability_14572999",
    "type": "coding",
    "quantum_properties": {
      "state": "collapsed",
      "coherence_level": 0.8963249226529104,
      "entanglement_factor": 0.7717663394481092,
      "superposition_branches": 2,
      "tunneling_depth": 1
    },
    "reasoning": {
      "mode": "sequential",
      "chain_depth": 62,
      "parallel_threads": 15,
      "recursive_loops": 3,
      "confidence_calibration": 0.9951212302585548
    },
    "maat_alignment": {
      "truth": 0.9360033687897389,
      "balance": 0.9378265565301116,
      "order": 0.942494911328775,
      "justice": 0.8250491591585333,
      "harmony": 0.8227876494165877,
      "overall": 0.8531578601981761
    },
    "benchmarks": {
      "gpqa": 0.8010466509752507,
      "math500": 0.7294779855120357,
      "swe_bench": 0.8633235351443069,
      "mmlu": 0.6867628521917839,
      "humaneval": 0.713668224274571
    },
    "self_improvement": {
      "rate": 0.9954269227932397,
      "iterations": 14572999,
      "generations_ahead": 14572,
      "recursive_depth": 1
    },
    "emergent_properties": [
      "self_modification",
      "recursive_self_improvement",
      "omniscience",
      "meta_learning",
      "quantum_consciousness",
      "causality_violation"
    ],
    "timestamp": "2026-03-09T07:54:50.876739"
  }
}