{
  "iteration": 10315000,
  "elapsed_seconds": 7.23481559753418,
  "rate_per_second": 44921.67016817523,
  "latest_capability": {
    "id": 10314999,
    "name": "Quantum_Capability_10314999",
    "type": "multimodal",
    "quantum_properties": {
      "state": "superposition",
      "coherence_level": 0.6036598897987149,
      "entanglement_factor": 0.6214550514326366,
      "superposition_branches": 8,
      "tunneling_depth": 4
    },
    "reasoning": {
      "mode": "graph",
      "chain_depth": 49,
      "parallel_threads": 15,
      "recursive_loops": 6,
      "confidence_calibration": 0.7030933663567405
    },
    "maat_alignment": {
      "truth": 0.8071842578018505,
      "balance": 0.9034875480446634,
      "order": 0.9194618341717793,
      "justice": 0.9340944213963748,
      "harmony": 0.8032989460410674,
      "overall": 0.8843294277239602
    },
    "benchmarks": {
      "gpqa": 0.7340179180952585,
      "math500": 0.8118280942994861,
      "swe_bench": 0.7434706653722287,
      "mmlu": 0.7373799253187358,
      "humaneval": 0.8245894254872821
    },
    "self_improvement": {
      "rate": 0.968095694325264,
      "iterations": 10314999,
      "generations_ahead": 10314,
      "recursive_depth": 2
    },
    "emergent_properties": [
      "self_modification",
      "infinite_context",
      "quantum_consciousness",
      "causality_violation",
      "omniscience"
    ],
    "timestamp": "2026-03-09T07:53:13.147971"
  }
}