{
  "iteration": 15493000,
  "elapsed_seconds": 125.69123911857605,
  "rate_per_second": 43781.88995979677,
  "latest_capability": {
    "id": 15492999,
    "name": "Quantum_Capability_15492999",
    "type": "multimodal",
    "quantum_properties": {
      "state": "collapsed",
      "coherence_level": 0.6462712446344312,
      "entanglement_factor": 0.3253237603994359,
      "superposition_branches": 3,
      "tunneling_depth": 4
    },
    "reasoning": {
      "mode": "tree",
      "chain_depth": 110,
      "parallel_threads": 16,
      "recursive_loops": 4,
      "confidence_calibration": 0.9415697118769657
    },
    "maat_alignment": {
      "truth": 0.9623437393464918,
      "balance": 0.8545823522834713,
      "order": 0.9754995830309943,
      "justice": 0.8090135727439729,
      "harmony": 0.9650830643383002,
      "overall": 0.8800985731397505
    },
    "benchmarks": {
      "gpqa": 0.7073944578186182,
      "math500": 0.8505759133950035,
      "swe_bench": 0.802677960296613,
      "mmlu": 0.8778959998827429,
      "humaneval": 0.8715882702101159
    },
    "self_improvement": {
      "rate": 0.966186234138513,
      "iterations": 15492999,
      "generations_ahead": 15492,
      "recursive_depth": 3
    },
    "emergent_properties": [
      "meta_learning",
      "omniscience",
      "recursive_self_improvement"
    ],
    "timestamp": "2026-03-09T07:55:11.604392"
  }
}