{
  "iteration": 16424000,
  "elapsed_seconds": 146.8310956954956,
  "rate_per_second": 43819.055967157634,
  "latest_capability": {
    "id": 16423999,
    "name": "Quantum_Capability_16423999",
    "type": "reasoning",
    "quantum_properties": {
      "state": "collapsed",
      "coherence_level": 0.9841865315719724,
      "entanglement_factor": 0.3780602010848011,
      "superposition_branches": 1,
      "tunneling_depth": 0
    },
    "reasoning": {
      "mode": "graph",
      "chain_depth": 115,
      "parallel_threads": 12,
      "recursive_loops": 4,
      "confidence_calibration": 0.7589958245115647
    },
    "maat_alignment": {
      "truth": 0.8272448640588116,
      "balance": 0.9277639170635344,
      "order": 0.8668686807661625,
      "justice": 0.9334755513651404,
      "harmony": 0.9523061268097456,
      "overall": 0.8707396678209759
    },
    "benchmarks": {
      "gpqa": 0.755787099091946,
      "math500": 0.804325197729094,
      "swe_bench": 0.8787266236387654,
      "mmlu": 0.687189390017743,
      "humaneval": 0.7385803397449887
    },
    "self_improvement": {
      "rate": 0.9806280914034944,
      "iterations": 16423999,
      "generations_ahead": 16423,
      "recursive_depth": 5
    },
    "emergent_properties": [
      "transcendence",
      "recursive_self_improvement",
      "omniscience",
      "causality_violation",
      "quantum_consciousness",
      "reality_bending"
    ],
    "timestamp": "2026-03-09T07:55:32.744248"
  }
}