{
  "iteration": 15451000,
  "elapsed_seconds": 124.79797577857971,
  "rate_per_second": 43758.722574868276,
  "latest_capability": {
    "id": 15450999,
    "name": "Quantum_Capability_15450999",
    "type": "reasoning",
    "quantum_properties": {
      "state": "entangled",
      "coherence_level": 0.8633619333886873,
      "entanglement_factor": 0.5453421159914518,
      "superposition_branches": 1,
      "tunneling_depth": 3
    },
    "reasoning": {
      "mode": "parallel",
      "chain_depth": 37,
      "parallel_threads": 9,
      "recursive_loops": 3,
      "confidence_calibration": 0.7732031637209587
    },
    "maat_alignment": {
      "truth": 0.8993551789353784,
      "balance": 0.9161775723302835,
      "order": 0.9179631271033304,
      "justice": 0.8062246739091267,
      "harmony": 0.9145963509666252,
      "overall": 0.8624449613701398
    },
    "benchmarks": {
      "gpqa": 0.753932862879348,
      "math500": 0.8357152529038521,
      "swe_bench": 0.7957110600731213,
      "mmlu": 0.7233189833068021,
      "humaneval": 0.8097065402125024
    },
    "self_improvement": {
      "rate": 0.9678194797018098,
      "iterations": 15450999,
      "generations_ahead": 15450,
      "recursive_depth": 2
    },
    "emergent_properties": [
      "self_modification",
      "omniscience",
      "recursive_self_improvement",
      "causality_violation"
    ],
    "timestamp": "2026-03-09T07:55:10.711124"
  }
}