{
  "iteration": 10795000,
  "elapsed_seconds": 19.197274684906006,
  "rate_per_second": 41933.03545491991,
  "latest_capability": {
    "id": 10794999,
    "name": "Quantum_Capability_10794999",
    "type": "coding",
    "quantum_properties": {
      "state": "collapsed",
      "coherence_level": 0.8971121656094261,
      "entanglement_factor": 0.6567284992936118,
      "superposition_branches": 1,
      "tunneling_depth": 1
    },
    "reasoning": {
      "mode": "graph",
      "chain_depth": 84,
      "parallel_threads": 1,
      "recursive_loops": 2,
      "confidence_calibration": 0.8888555991987731
    },
    "maat_alignment": {
      "truth": 0.8394105574903172,
      "balance": 0.9682525359411678,
      "order": 0.9126776503684757,
      "justice": 0.8427306501114364,
      "harmony": 0.95806138729432,
      "overall": 0.8702421794382166
    },
    "benchmarks": {
      "gpqa": 0.8918817800499393,
      "math500": 0.8288093959115135,
      "swe_bench": 0.7391864379584605,
      "mmlu": 0.650108492641632,
      "humaneval": 0.7445720751461888
    },
    "self_improvement": {
      "rate": 0.957219036643285,
      "iterations": 10794999,
      "generations_ahead": 10794,
      "recursive_depth": 3
    },
    "emergent_properties": [
      "causality_violation",
      "transcendence",
      "infinite_context"
    ],
    "timestamp": "2026-03-09T07:53:25.110423"
  }
}