{
  "iteration": 15738000,
  "elapsed_seconds": 130.3669331073761,
  "rate_per_second": 44090.93520107347,
  "latest_capability": {
    "id": 15737999,
    "name": "Quantum_Capability_15737999",
    "type": "multimodal",
    "quantum_properties": {
      "state": "collapsed",
      "coherence_level": 0.8605680017097367,
      "entanglement_factor": 0.5516585550854577,
      "superposition_branches": 1,
      "tunneling_depth": 1
    },
    "reasoning": {
      "mode": "sequential",
      "chain_depth": 34,
      "parallel_threads": 10,
      "recursive_loops": 10,
      "confidence_calibration": 0.7599550121862358
    },
    "maat_alignment": {
      "truth": 0.8843235764616402,
      "balance": 0.9784581652913537,
      "order": 0.9629259699061188,
      "justice": 0.94569239994404,
      "harmony": 0.9441209917263593,
      "overall": 0.9015434868982286
    },
    "benchmarks": {
      "gpqa": 0.9081692590459108,
      "math500": 0.7045517014021855,
      "swe_bench": 0.6556724755463761,
      "mmlu": 0.8458561867693708,
      "humaneval": 0.7957293133786565
    },
    "self_improvement": {
      "rate": 0.9662504723141194,
      "iterations": 15737999,
      "generations_ahead": 15737,
      "recursive_depth": 3
    },
    "emergent_properties": [
      "self_modification",
      "transcendence",
      "causality_violation",
      "infinite_context"
    ],
    "timestamp": "2026-03-09T07:55:16.280081"
  }
}