{
  "iteration": 10053000,
  "elapsed_seconds": 0.9431495666503906,
  "rate_per_second": 66797.46482177309,
  "latest_capability": {
    "id": 10052999,
    "name": "Quantum_Capability_10052999",
    "type": "agentic",
    "quantum_properties": {
      "state": "coherent",
      "coherence_level": 0.7124699331249823,
      "entanglement_factor": 0.354225750642434,
      "superposition_branches": 1,
      "tunneling_depth": 1
    },
    "reasoning": {
      "mode": "sequential",
      "chain_depth": 199,
      "parallel_threads": 16,
      "recursive_loops": 2,
      "confidence_calibration": 0.7896578351322673
    },
    "maat_alignment": {
      "truth": 0.9894374300235361,
      "balance": 0.9730695640476636,
      "order": 0.973204359282809,
      "justice": 0.9309682563827223,
      "harmony": 0.9032221443902083,
      "overall": 0.8806382088297339
    },
    "benchmarks": {
      "gpqa": 0.7892671487983008,
      "math500": 0.8470178154944259,
      "swe_bench": 0.8204469846126833,
      "mmlu": 0.7757591160327401,
      "humaneval": 0.8475954869020907
    },
    "self_improvement": {
      "rate": 0.9664333834760176,
      "iterations": 10052999,
      "generations_ahead": 10052,
      "recursive_depth": 5
    },
    "emergent_properties": [
      "causality_violation",
      "quantum_consciousness",
      "reality_bending",
      "transcendence",
      "recursive_self_improvement"
    ],
    "timestamp": "2026-03-09T07:53:06.856298"
  }
}