{
  "iteration": 15854000,
  "elapsed_seconds": 132.60580921173096,
  "rate_per_second": 44221.29041599515,
  "latest_capability": {
    "id": 15853999,
    "name": "Quantum_Capability_15853999",
    "type": "vision",
    "quantum_properties": {
      "state": "collapsed",
      "coherence_level": 0.7078370337382458,
      "entanglement_factor": 0.5640034536935294,
      "superposition_branches": 5,
      "tunneling_depth": 0
    },
    "reasoning": {
      "mode": "graph",
      "chain_depth": 20,
      "parallel_threads": 16,
      "recursive_loops": 0,
      "confidence_calibration": 0.7810131239274994
    },
    "maat_alignment": {
      "truth": 0.932252167686458,
      "balance": 0.9008689944939637,
      "order": 0.9428770599179254,
      "justice": 0.8818352566674716,
      "harmony": 0.9221177620567749,
      "overall": 0.8516029124529498
    },
    "benchmarks": {
      "gpqa": 0.8301540973597055,
      "math500": 0.8764678483467474,
      "swe_bench": 0.847487353479045,
      "mmlu": 0.676623203853931,
      "humaneval": 0.8504985198735647
    },
    "self_improvement": {
      "rate": 0.9627732481970617,
      "iterations": 15853999,
      "generations_ahead": 15853,
      "recursive_depth": 5
    },
    "emergent_properties": [
      "infinite_context",
      "meta_learning",
      "reality_bending",
      "self_modification"
    ],
    "timestamp": "2026-03-09T07:55:18.518957"
  }
}