{
  "iteration": 11128000,
  "elapsed_seconds": 27.048776865005493,
  "rate_per_second": 42072.14269537984,
  "latest_capability": {
    "id": 11127999,
    "name": "Quantum_Capability_11127999",
    "type": "coding",
    "quantum_properties": {
      "state": "entangled",
      "coherence_level": 0.5267920814758364,
      "entanglement_factor": 0.3342938629898138,
      "superposition_branches": 1,
      "tunneling_depth": 3
    },
    "reasoning": {
      "mode": "parallel",
      "chain_depth": 30,
      "parallel_threads": 9,
      "recursive_loops": 2,
      "confidence_calibration": 0.7290530713121043
    },
    "maat_alignment": {
      "truth": 0.912650885424072,
      "balance": 0.9605509767610044,
      "order": 0.8267215648088106,
      "justice": 0.9670376648651834,
      "harmony": 0.9594279302225198,
      "overall": 0.9385014335582686
    },
    "benchmarks": {
      "gpqa": 0.7387534045813537,
      "math500": 0.7713323757187405,
      "swe_bench": 0.7278090704377518,
      "mmlu": 0.7917580524186815,
      "humaneval": 0.8734923126316344
    },
    "self_improvement": {
      "rate": 0.9812919206246701,
      "iterations": 11127999,
      "generations_ahead": 11127,
      "recursive_depth": 1
    },
    "emergent_properties": [
      "quantum_consciousness",
      "reality_bending",
      "transcendence",
      "omniscience",
      "self_modification",
      "infinite_context"
    ],
    "timestamp": "2026-03-09T07:53:32.961933"
  }
}