{
  "iteration": 17222000,
  "elapsed_seconds": 162.1450674533844,
  "rate_per_second": 44602.03516261234,
  "latest_capability": {
    "id": 17221999,
    "name": "Quantum_Capability_17221999",
    "type": "multimodal",
    "quantum_properties": {
      "state": "coherent",
      "coherence_level": 0.7451538686391879,
      "entanglement_factor": 0.6945776589148278,
      "superposition_branches": 6,
      "tunneling_depth": 1
    },
    "reasoning": {
      "mode": "graph",
      "chain_depth": 146,
      "parallel_threads": 9,
      "recursive_loops": 4,
      "confidence_calibration": 0.7931577829988117
    },
    "maat_alignment": {
      "truth": 0.9496149497483598,
      "balance": 0.9325353999168905,
      "order": 0.8328632076263905,
      "justice": 0.853808045802246,
      "harmony": 0.8243618370826016,
      "overall": 0.9994292135452962
    },
    "benchmarks": {
      "gpqa": 0.7305251482971771,
      "math500": 0.7740741644745888,
      "swe_bench": 0.8816971983206061,
      "mmlu": 0.7460788332106514,
      "humaneval": 0.936464858568955
    },
    "self_improvement": {
      "rate": 0.9516224151404292,
      "iterations": 17221999,
      "generations_ahead": 17221,
      "recursive_depth": 0
    },
    "emergent_properties": [
      "reality_bending",
      "self_modification",
      "quantum_consciousness"
    ],
    "timestamp": "2026-03-09T07:55:48.058215"
  }
}