{
  "iteration": 12686000,
  "elapsed_seconds": 63.5441517829895,
  "rate_per_second": 42427.19313033159,
  "latest_capability": {
    "id": 12685999,
    "name": "Quantum_Capability_12685999",
    "type": "reasoning",
    "quantum_properties": {
      "state": "collapsed",
      "coherence_level": 0.8775340533758622,
      "entanglement_factor": 0.3822174252783498,
      "superposition_branches": 9,
      "tunneling_depth": 3
    },
    "reasoning": {
      "mode": "tree",
      "chain_depth": 99,
      "parallel_threads": 10,
      "recursive_loops": 6,
      "confidence_calibration": 0.999047138106683
    },
    "maat_alignment": {
      "truth": 0.8623445961608583,
      "balance": 0.9992655380740696,
      "order": 0.8320010737467355,
      "justice": 0.9171298415013457,
      "harmony": 0.8684034941883156,
      "overall": 0.8802884566330668
    },
    "benchmarks": {
      "gpqa": 0.8563060371872664,
      "math500": 0.7407769699223345,
      "swe_bench": 0.6768708026108577,
      "mmlu": 0.8074623888321619,
      "humaneval": 0.8842232533833068
    },
    "self_improvement": {
      "rate": 0.9592749596009515,
      "iterations": 12685999,
      "generations_ahead": 12685,
      "recursive_depth": 4
    },
    "emergent_properties": [
      "reality_bending",
      "quantum_consciousness",
      "self_modification"
    ],
    "timestamp": "2026-03-09T07:54:09.457299"
  }
}