{
  "iteration": 11912000,
  "elapsed_seconds": 45.57879090309143,
  "rate_per_second": 42168.73598263087,
  "latest_capability": {
    "id": 11911999,
    "name": "Quantum_Capability_11911999",
    "type": "agentic",
    "quantum_properties": {
      "state": "entangled",
      "coherence_level": 0.8653447179377749,
      "entanglement_factor": 0.016849260307480463,
      "superposition_branches": 10,
      "tunneling_depth": 0
    },
    "reasoning": {
      "mode": "sequential",
      "chain_depth": 182,
      "parallel_threads": 5,
      "recursive_loops": 3,
      "confidence_calibration": 0.7552620416319193
    },
    "maat_alignment": {
      "truth": 0.9374417547593383,
      "balance": 0.9408854760433196,
      "order": 0.8359745875296871,
      "justice": 0.8139330625488016,
      "harmony": 0.9260734470003913,
      "overall": 0.9322009845522617
    },
    "benchmarks": {
      "gpqa": 0.804694677431323,
      "math500": 0.7670931304511024,
      "swe_bench": 0.7891538087467118,
      "mmlu": 0.8571420705699626,
      "humaneval": 0.7843501400371096
    },
    "self_improvement": {
      "rate": 0.9917200737526797,
      "iterations": 11911999,
      "generations_ahead": 11911,
      "recursive_depth": 4
    },
    "emergent_properties": [
      "quantum_consciousness",
      "self_modification",
      "infinite_context",
      "meta_learning"
    ],
    "timestamp": "2026-03-09T07:53:51.491951"
  }
}