{
  "iteration": 10560000,
  "elapsed_seconds": 14.101058006286621,
  "rate_per_second": 40422.49877604071,
  "latest_capability": {
    "id": 10559999,
    "name": "Quantum_Capability_10559999",
    "type": "math",
    "quantum_properties": {
      "state": "superposition",
      "coherence_level": 0.6153522389009283,
      "entanglement_factor": 0.29320185636936136,
      "superposition_branches": 1,
      "tunneling_depth": 5
    },
    "reasoning": {
      "mode": "graph",
      "chain_depth": 179,
      "parallel_threads": 14,
      "recursive_loops": 0,
      "confidence_calibration": 0.7481526124379931
    },
    "maat_alignment": {
      "truth": 0.8129207184008955,
      "balance": 0.9411864931518363,
      "order": 0.9043310138661955,
      "justice": 0.8381081925800999,
      "harmony": 0.848328375571675,
      "overall": 0.8621258985721492
    },
    "benchmarks": {
      "gpqa": 0.8933506539514926,
      "math500": 0.6699909849063066,
      "swe_bench": 0.7202840892878947,
      "mmlu": 0.8959412097438969,
      "humaneval": 0.7788433012826799
    },
    "self_improvement": {
      "rate": 0.9625900655043647,
      "iterations": 10559999,
      "generations_ahead": 10559,
      "recursive_depth": 3
    },
    "emergent_properties": [
      "self_modification",
      "omniscience",
      "reality_bending",
      "recursive_self_improvement",
      "meta_learning"
    ],
    "timestamp": "2026-03-09T07:53:20.014207"
  }
}