{
  "iteration": 13159000,
  "elapsed_seconds": 72.58586692810059,
  "rate_per_second": 43658.636785850205,
  "latest_capability": {
    "id": 13158999,
    "name": "Quantum_Capability_13158999",
    "type": "math",
    "quantum_properties": {
      "state": "coherent",
      "coherence_level": 0.5769834335413524,
      "entanglement_factor": 0.18947525481221683,
      "superposition_branches": 9,
      "tunneling_depth": 5
    },
    "reasoning": {
      "mode": "graph",
      "chain_depth": 138,
      "parallel_threads": 7,
      "recursive_loops": 6,
      "confidence_calibration": 0.9569457395687072
    },
    "maat_alignment": {
      "truth": 0.833863414013717,
      "balance": 0.8811795572859691,
      "order": 0.8892543928007584,
      "justice": 0.8954168664023472,
      "harmony": 0.9901143737108832,
      "overall": 0.9776390958887562
    },
    "benchmarks": {
      "gpqa": 0.8107706938742609,
      "math500": 0.8505626255371763,
      "swe_bench": 0.8672986564303239,
      "mmlu": 0.6606305822930415,
      "humaneval": 0.9311781259735659
    },
    "self_improvement": {
      "rate": 0.9906946818328067,
      "iterations": 13158999,
      "generations_ahead": 13158,
      "recursive_depth": 1
    },
    "emergent_properties": [
      "meta_learning",
      "infinite_context",
      "omniscience"
    ],
    "timestamp": "2026-03-09T07:54:18.499018"
  }
}