{
  "iteration": 16956000,
  "elapsed_seconds": 156.85579371452332,
  "rate_per_second": 44410.21804191742,
  "latest_capability": {
    "id": 16955999,
    "name": "Quantum_Capability_16955999",
    "type": "math",
    "quantum_properties": {
      "state": "superposition",
      "coherence_level": 0.5567382899040815,
      "entanglement_factor": 0.963911123033961,
      "superposition_branches": 1,
      "tunneling_depth": 1
    },
    "reasoning": {
      "mode": "tree",
      "chain_depth": 116,
      "parallel_threads": 3,
      "recursive_loops": 0,
      "confidence_calibration": 0.9811972571036092
    },
    "maat_alignment": {
      "truth": 0.9633184180231822,
      "balance": 0.982541780034646,
      "order": 0.8292686407388531,
      "justice": 0.8627370150338015,
      "harmony": 0.8494636542847267,
      "overall": 0.8623906526235393
    },
    "benchmarks": {
      "gpqa": 0.7350565556240868,
      "math500": 0.8340764450219526,
      "swe_bench": 0.8440946926787036,
      "mmlu": 0.846070338250742,
      "humaneval": 0.7011469522156373
    },
    "self_improvement": {
      "rate": 0.986018552057072,
      "iterations": 16955999,
      "generations_ahead": 16955,
      "recursive_depth": 5
    },
    "emergent_properties": [
      "infinite_context",
      "meta_learning",
      "quantum_consciousness"
    ],
    "timestamp": "2026-03-09T07:55:42.768942"
  }
}