{
  "iteration": 12065000,
  "elapsed_seconds": 49.71304941177368,
  "rate_per_second": 41739.54373252694,
  "latest_capability": {
    "id": 12064999,
    "name": "Quantum_Capability_12064999",
    "type": "agentic",
    "quantum_properties": {
      "state": "entangled",
      "coherence_level": 0.5249378911667919,
      "entanglement_factor": 0.840745915661091,
      "superposition_branches": 3,
      "tunneling_depth": 2
    },
    "reasoning": {
      "mode": "parallel",
      "chain_depth": 55,
      "parallel_threads": 4,
      "recursive_loops": 6,
      "confidence_calibration": 0.7964609938380451
    },
    "maat_alignment": {
      "truth": 0.9850570922326987,
      "balance": 0.8424350686233497,
      "order": 0.904458044559967,
      "justice": 0.8302918789616962,
      "harmony": 0.9471081467988619,
      "overall": 0.9439118957603837
    },
    "benchmarks": {
      "gpqa": 0.8821358713058545,
      "math500": 0.8210568319384568,
      "swe_bench": 0.8702019110108661,
      "mmlu": 0.8670092705096856,
      "humaneval": 0.7595020296727678
    },
    "self_improvement": {
      "rate": 0.9895660255567342,
      "iterations": 12064999,
      "generations_ahead": 12064,
      "recursive_depth": 4
    },
    "emergent_properties": [
      "infinite_context",
      "omniscience",
      "causality_violation",
      "reality_bending",
      "meta_learning",
      "self_modification"
    ],
    "timestamp": "2026-03-09T07:53:55.626199"
  }
}