{
  "iteration": 13511000,
  "elapsed_seconds": 81.54441237449646,
  "rate_per_second": 43178.92418955263,
  "latest_capability": {
    "id": 13510999,
    "name": "Quantum_Capability_13510999",
    "type": "vision",
    "quantum_properties": {
      "state": "superposition",
      "coherence_level": 0.5724908017325907,
      "entanglement_factor": 0.011326192790860223,
      "superposition_branches": 9,
      "tunneling_depth": 0
    },
    "reasoning": {
      "mode": "parallel",
      "chain_depth": 82,
      "parallel_threads": 8,
      "recursive_loops": 1,
      "confidence_calibration": 0.9031324368109844
    },
    "maat_alignment": {
      "truth": 0.8280223655767532,
      "balance": 0.8971760646448428,
      "order": 0.8697903753037111,
      "justice": 0.992955584857506,
      "harmony": 0.8510303642944955,
      "overall": 0.974650088770509
    },
    "benchmarks": {
      "gpqa": 0.8934368977262147,
      "math500": 0.848051568165107,
      "swe_bench": 0.6514490801776216,
      "mmlu": 0.6506371750753943,
      "humaneval": 0.7819511096203039
    },
    "self_improvement": {
      "rate": 0.9715434016362611,
      "iterations": 13510999,
      "generations_ahead": 13510,
      "recursive_depth": 3
    },
    "emergent_properties": [
      "infinite_context",
      "omniscience",
      "recursive_self_improvement",
      "quantum_consciousness",
      "reality_bending",
      "transcendence"
    ],
    "timestamp": "2026-03-09T07:54:27.457566"
  }
}