{
  "iteration": 17198000,
  "elapsed_seconds": 161.48127055168152,
  "rate_per_second": 44636.755552979776,
  "latest_capability": {
    "id": 17197999,
    "name": "Quantum_Capability_17197999",
    "type": "coding",
    "quantum_properties": {
      "state": "collapsed",
      "coherence_level": 0.5731604322982993,
      "entanglement_factor": 0.9416443529115085,
      "superposition_branches": 2,
      "tunneling_depth": 0
    },
    "reasoning": {
      "mode": "graph",
      "chain_depth": 199,
      "parallel_threads": 2,
      "recursive_loops": 9,
      "confidence_calibration": 0.9587601662104726
    },
    "maat_alignment": {
      "truth": 0.8032103083665189,
      "balance": 0.8901457914579101,
      "order": 0.9599241073373288,
      "justice": 0.9507337000812558,
      "harmony": 0.8561474478224081,
      "overall": 0.9559828537394037
    },
    "benchmarks": {
      "gpqa": 0.7927262146799644,
      "math500": 0.7505561237837363,
      "swe_bench": 0.7657870784213077,
      "mmlu": 0.6649601280876952,
      "humaneval": 0.7071258158075153
    },
    "self_improvement": {
      "rate": 0.983811931706725,
      "iterations": 17197999,
      "generations_ahead": 17197,
      "recursive_depth": 1
    },
    "emergent_properties": [
      "causality_violation",
      "meta_learning",
      "infinite_context",
      "transcendence"
    ],
    "timestamp": "2026-03-09T07:55:47.394423"
  }
}