{
  "iteration": 14356000,
  "elapsed_seconds": 100.6851954460144,
  "rate_per_second": 43362.8795242392,
  "latest_capability": {
    "id": 14355999,
    "name": "Quantum_Capability_14355999",
    "type": "agentic",
    "quantum_properties": {
      "state": "coherent",
      "coherence_level": 0.9342841743066096,
      "entanglement_factor": 0.044096599142009474,
      "superposition_branches": 9,
      "tunneling_depth": 4
    },
    "reasoning": {
      "mode": "parallel",
      "chain_depth": 73,
      "parallel_threads": 14,
      "recursive_loops": 8,
      "confidence_calibration": 0.945294143261024
    },
    "maat_alignment": {
      "truth": 0.8979692546111836,
      "balance": 0.8989811746706468,
      "order": 0.912987692671864,
      "justice": 0.9543827650980393,
      "harmony": 0.9684665852847772,
      "overall": 0.9053848881218659
    },
    "benchmarks": {
      "gpqa": 0.8305069418750656,
      "math500": 0.8840568359498178,
      "swe_bench": 0.8470151806387525,
      "mmlu": 0.7466408406430781,
      "humaneval": 0.8520538268121924
    },
    "self_improvement": {
      "rate": 0.9887827940427736,
      "iterations": 14355999,
      "generations_ahead": 14355,
      "recursive_depth": 4
    },
    "emergent_properties": [
      "causality_violation",
      "infinite_context",
      "reality_bending",
      "meta_learning",
      "transcendence",
      "omniscience"
    ],
    "timestamp": "2026-03-09T07:54:46.598351"
  }
}