{
  "iteration": 16793000,
  "elapsed_seconds": 153.93895149230957,
  "rate_per_second": 44192.84355291884,
  "latest_capability": {
    "id": 16792999,
    "name": "Quantum_Capability_16792999",
    "type": "math",
    "quantum_properties": {
      "state": "collapsed",
      "coherence_level": 0.7912110390984888,
      "entanglement_factor": 0.31944444477570566,
      "superposition_branches": 7,
      "tunneling_depth": 3
    },
    "reasoning": {
      "mode": "graph",
      "chain_depth": 79,
      "parallel_threads": 6,
      "recursive_loops": 4,
      "confidence_calibration": 0.9610675373123044
    },
    "maat_alignment": {
      "truth": 0.870191692517789,
      "balance": 0.9063788313501336,
      "order": 0.9546805077477512,
      "justice": 0.9534219588172808,
      "harmony": 0.8296958311334826,
      "overall": 0.8589169041297745
    },
    "benchmarks": {
      "gpqa": 0.8606396757078457,
      "math500": 0.7693691265226095,
      "swe_bench": 0.6556818391676698,
      "mmlu": 0.8057344304204874,
      "humaneval": 0.8314815077026386
    },
    "self_improvement": {
      "rate": 0.9835385584010407,
      "iterations": 16792999,
      "generations_ahead": 16792,
      "recursive_depth": 2
    },
    "emergent_properties": [
      "causality_violation",
      "infinite_context",
      "reality_bending",
      "omniscience"
    ],
    "timestamp": "2026-03-09T07:55:39.852100"
  }
}