{
  "iteration": 11314000,
  "elapsed_seconds": 32.74772834777832,
  "rate_per_second": 40430.28529915796,
  "latest_capability": {
    "id": 11313999,
    "name": "Quantum_Capability_11313999",
    "type": "math",
    "quantum_properties": {
      "state": "coherent",
      "coherence_level": 0.5276288629490061,
      "entanglement_factor": 0.15739692349942724,
      "superposition_branches": 7,
      "tunneling_depth": 4
    },
    "reasoning": {
      "mode": "graph",
      "chain_depth": 125,
      "parallel_threads": 3,
      "recursive_loops": 6,
      "confidence_calibration": 0.9588686179549515
    },
    "maat_alignment": {
      "truth": 0.8290228354457134,
      "balance": 0.9066434037627155,
      "order": 0.9769904580994319,
      "justice": 0.8436606505335345,
      "harmony": 0.8237493308759292,
      "overall": 0.9347729979391842
    },
    "benchmarks": {
      "gpqa": 0.8583070923405528,
      "math500": 0.7961215146429761,
      "swe_bench": 0.6561148715539267,
      "mmlu": 0.672597451142172,
      "humaneval": 0.9402090961910343
    },
    "self_improvement": {
      "rate": 0.9759393194767745,
      "iterations": 11313999,
      "generations_ahead": 11313,
      "recursive_depth": 5
    },
    "emergent_properties": [
      "infinite_context",
      "quantum_consciousness",
      "meta_learning",
      "recursive_self_improvement"
    ],
    "timestamp": "2026-03-09T07:53:38.660876"
  }
}