{
  "iteration": 15836000,
  "elapsed_seconds": 132.03665161132812,
  "rate_per_second": 44275.58506412806,
  "latest_capability": {
    "id": 15835999,
    "name": "Quantum_Capability_15835999",
    "type": "vision",
    "quantum_properties": {
      "state": "coherent",
      "coherence_level": 0.811557673699859,
      "entanglement_factor": 0.3126746435061648,
      "superposition_branches": 9,
      "tunneling_depth": 2
    },
    "reasoning": {
      "mode": "sequential",
      "chain_depth": 161,
      "parallel_threads": 4,
      "recursive_loops": 6,
      "confidence_calibration": 0.8646736456410664
    },
    "maat_alignment": {
      "truth": 0.8211880075895021,
      "balance": 0.8710497326073401,
      "order": 0.9515802706611094,
      "justice": 0.9274176167211763,
      "harmony": 0.8041526625634486,
      "overall": 0.8811564525412968
    },
    "benchmarks": {
      "gpqa": 0.9368402694783324,
      "math500": 0.8851027600234467,
      "swe_bench": 0.7908376753516255,
      "mmlu": 0.675284773902471,
      "humaneval": 0.8496246664256905
    },
    "self_improvement": {
      "rate": 0.9867313181679772,
      "iterations": 15835999,
      "generations_ahead": 15835,
      "recursive_depth": 3
    },
    "emergent_properties": [
      "self_modification",
      "omniscience",
      "quantum_consciousness",
      "recursive_self_improvement",
      "reality_bending",
      "meta_learning"
    ],
    "timestamp": "2026-03-09T07:55:17.949801"
  }
}