{
  "iteration": 13072000,
  "elapsed_seconds": 71.07946252822876,
  "rate_per_second": 43359.92268900462,
  "latest_capability": {
    "id": 13071999,
    "name": "Quantum_Capability_13071999",
    "type": "language",
    "quantum_properties": {
      "state": "entangled",
      "coherence_level": 0.5580384155655584,
      "entanglement_factor": 0.9861056439500524,
      "superposition_branches": 4,
      "tunneling_depth": 0
    },
    "reasoning": {
      "mode": "parallel",
      "chain_depth": 126,
      "parallel_threads": 3,
      "recursive_loops": 4,
      "confidence_calibration": 0.9073874804827902
    },
    "maat_alignment": {
      "truth": 0.8528336777220857,
      "balance": 0.9145090910765398,
      "order": 0.8612800065808254,
      "justice": 0.8263496993192091,
      "harmony": 0.9758999840639483,
      "overall": 0.9532091531067057
    },
    "benchmarks": {
      "gpqa": 0.9268318698467465,
      "math500": 0.7493007919467548,
      "swe_bench": 0.8840930838721487,
      "mmlu": 0.8604070075441484,
      "humaneval": 0.7438969302725529
    },
    "self_improvement": {
      "rate": 0.9524686715175886,
      "iterations": 13071999,
      "generations_ahead": 13071,
      "recursive_depth": 5
    },
    "emergent_properties": [
      "reality_bending",
      "recursive_self_improvement",
      "omniscience"
    ],
    "timestamp": "2026-03-09T07:54:16.992614"
  }
}