{
  "iteration": 10412000,
  "elapsed_seconds": 10.145080089569092,
  "rate_per_second": 41596.51735365692,
  "latest_capability": {
    "id": 10411999,
    "name": "Quantum_Capability_10411999",
    "type": "reasoning",
    "quantum_properties": {
      "state": "entangled",
      "coherence_level": 0.5930678656813801,
      "entanglement_factor": 0.4200483965274331,
      "superposition_branches": 5,
      "tunneling_depth": 4
    },
    "reasoning": {
      "mode": "sequential",
      "chain_depth": 38,
      "parallel_threads": 10,
      "recursive_loops": 4,
      "confidence_calibration": 0.9945840469614382
    },
    "maat_alignment": {
      "truth": 0.89309114575036,
      "balance": 0.8073971453435324,
      "order": 0.8509311475975885,
      "justice": 0.893575875462205,
      "harmony": 0.9838967685399442,
      "overall": 0.9889158568143632
    },
    "benchmarks": {
      "gpqa": 0.9304914407151106,
      "math500": 0.722010258525881,
      "swe_bench": 0.837652523137351,
      "mmlu": 0.7122089497372004,
      "humaneval": 0.8499281824679301
    },
    "self_improvement": {
      "rate": 0.9967568053176225,
      "iterations": 10411999,
      "generations_ahead": 10411,
      "recursive_depth": 0
    },
    "emergent_properties": [
      "omniscience",
      "self_modification",
      "transcendence",
      "meta_learning",
      "causality_violation"
    ],
    "timestamp": "2026-03-09T07:53:16.058236"
  }
}