{
  "iteration": 14571000,
  "elapsed_seconds": 104.9361081123352,
  "rate_per_second": 43655.13532382954,
  "latest_capability": {
    "id": 14570999,
    "name": "Quantum_Capability_14570999",
    "type": "math",
    "quantum_properties": {
      "state": "superposition",
      "coherence_level": 0.5796026254071436,
      "entanglement_factor": 0.8723678032283079,
      "superposition_branches": 6,
      "tunneling_depth": 5
    },
    "reasoning": {
      "mode": "graph",
      "chain_depth": 145,
      "parallel_threads": 4,
      "recursive_loops": 4,
      "confidence_calibration": 0.7031235070840555
    },
    "maat_alignment": {
      "truth": 0.9880821874810526,
      "balance": 0.9520664033887866,
      "order": 0.8665846734146865,
      "justice": 0.8867562989386986,
      "harmony": 0.8440170568156737,
      "overall": 0.9793599382797702
    },
    "benchmarks": {
      "gpqa": 0.8481583911777231,
      "math500": 0.6929164815990404,
      "swe_bench": 0.8521647798028227,
      "mmlu": 0.7220889443155005,
      "humaneval": 0.8081760798043067
    },
    "self_improvement": {
      "rate": 0.9909738458406986,
      "iterations": 14570999,
      "generations_ahead": 14570,
      "recursive_depth": 3
    },
    "emergent_properties": [
      "omniscience",
      "reality_bending",
      "causality_violation",
      "recursive_self_improvement"
    ],
    "timestamp": "2026-03-09T07:54:50.849261"
  }
}