{
  "iteration": 15203000,
  "elapsed_seconds": 120.11709952354431,
  "rate_per_second": 43399.31633945418,
  "latest_capability": {
    "id": 15202999,
    "name": "Quantum_Capability_15202999",
    "type": "coding",
    "quantum_properties": {
      "state": "coherent",
      "coherence_level": 0.9296288714001073,
      "entanglement_factor": 0.1046778285536103,
      "superposition_branches": 1,
      "tunneling_depth": 5
    },
    "reasoning": {
      "mode": "tree",
      "chain_depth": 121,
      "parallel_threads": 4,
      "recursive_loops": 9,
      "confidence_calibration": 0.9996537414963846
    },
    "maat_alignment": {
      "truth": 0.9624239922278852,
      "balance": 0.9985650603767925,
      "order": 0.8865539571347257,
      "justice": 0.8942040496512184,
      "harmony": 0.9909625539749518,
      "overall": 0.9838998615092969
    },
    "benchmarks": {
      "gpqa": 0.8649834999621575,
      "math500": 0.6958512580983516,
      "swe_bench": 0.7428466991534179,
      "mmlu": 0.8129890263885682,
      "humaneval": 0.9390765256749589
    },
    "self_improvement": {
      "rate": 0.9741659785003594,
      "iterations": 15202999,
      "generations_ahead": 15202,
      "recursive_depth": 3
    },
    "emergent_properties": [
      "transcendence",
      "infinite_context",
      "reality_bending"
    ],
    "timestamp": "2026-03-09T07:55:06.030247"
  }
}