{
  "iteration": 17712000,
  "elapsed_seconds": 171.6506941318512,
  "rate_per_second": 44986.71001043811,
  "latest_capability": {
    "id": 17711999,
    "name": "Quantum_Capability_17711999",
    "type": "agentic",
    "quantum_properties": {
      "state": "coherent",
      "coherence_level": 0.7822457184368066,
      "entanglement_factor": 0.24094375274334945,
      "superposition_branches": 9,
      "tunneling_depth": 4
    },
    "reasoning": {
      "mode": "sequential",
      "chain_depth": 138,
      "parallel_threads": 11,
      "recursive_loops": 5,
      "confidence_calibration": 0.9288681166414874
    },
    "maat_alignment": {
      "truth": 0.8484680604750826,
      "balance": 0.8276547825446751,
      "order": 0.811453420172403,
      "justice": 0.8875312678129479,
      "harmony": 0.8914131741005913,
      "overall": 0.9788261533866787
    },
    "benchmarks": {
      "gpqa": 0.7048846596869545,
      "math500": 0.868669772009315,
      "swe_bench": 0.766258922228608,
      "mmlu": 0.8018001067265361,
      "humaneval": 0.8949604732336199
    },
    "self_improvement": {
      "rate": 0.9883390165245054,
      "iterations": 17711999,
      "generations_ahead": 17711,
      "recursive_depth": 0
    },
    "emergent_properties": [
      "reality_bending",
      "meta_learning",
      "recursive_self_improvement",
      "transcendence"
    ],
    "timestamp": "2026-03-09T07:55:57.563851"
  }
}