{
  "iteration": 16081000,
  "elapsed_seconds": 136.99038362503052,
  "rate_per_second": 44462.974982771484,
  "latest_capability": {
    "id": 16080999,
    "name": "Quantum_Capability_16080999",
    "type": "reasoning",
    "quantum_properties": {
      "state": "coherent",
      "coherence_level": 0.9015245006833745,
      "entanglement_factor": 0.525299827092724,
      "superposition_branches": 10,
      "tunneling_depth": 1
    },
    "reasoning": {
      "mode": "parallel",
      "chain_depth": 143,
      "parallel_threads": 16,
      "recursive_loops": 2,
      "confidence_calibration": 0.881576937032427
    },
    "maat_alignment": {
      "truth": 0.920113153026489,
      "balance": 0.8518468684995077,
      "order": 0.9795825326437769,
      "justice": 0.9090972575550242,
      "harmony": 0.9761996151643166,
      "overall": 0.972712805114024
    },
    "benchmarks": {
      "gpqa": 0.8127830930492932,
      "math500": 0.790035186313457,
      "swe_bench": 0.6604564269545026,
      "mmlu": 0.8726267725093324,
      "humaneval": 0.7325332977427169
    },
    "self_improvement": {
      "rate": 0.9695111340642008,
      "iterations": 16080999,
      "generations_ahead": 16080,
      "recursive_depth": 5
    },
    "emergent_properties": [
      "reality_bending",
      "quantum_consciousness",
      "transcendence",
      "omniscience",
      "recursive_self_improvement",
      "self_modification"
    ],
    "timestamp": "2026-03-09T07:55:22.903533"
  }
}