{
  "iteration": 10489000,
  "elapsed_seconds": 12.244767189025879,
  "rate_per_second": 40752.10188130147,
  "latest_capability": {
    "id": 10488999,
    "name": "Quantum_Capability_10488999",
    "type": "language",
    "quantum_properties": {
      "state": "entangled",
      "coherence_level": 0.6809350365148932,
      "entanglement_factor": 0.9463399112190147,
      "superposition_branches": 3,
      "tunneling_depth": 4
    },
    "reasoning": {
      "mode": "sequential",
      "chain_depth": 200,
      "parallel_threads": 11,
      "recursive_loops": 7,
      "confidence_calibration": 0.8822789800367953
    },
    "maat_alignment": {
      "truth": 0.8082493223266158,
      "balance": 0.9733858201600829,
      "order": 0.8347114921727672,
      "justice": 0.8900323296494588,
      "harmony": 0.8983837623206792,
      "overall": 0.8938841409234008
    },
    "benchmarks": {
      "gpqa": 0.8965858629924819,
      "math500": 0.7789478744096769,
      "swe_bench": 0.8376811830691205,
      "mmlu": 0.8245112354491719,
      "humaneval": 0.7641417072748271
    },
    "self_improvement": {
      "rate": 0.981533141517864,
      "iterations": 10488999,
      "generations_ahead": 10488,
      "recursive_depth": 1
    },
    "emergent_properties": [
      "self_modification",
      "causality_violation",
      "quantum_consciousness",
      "transcendence",
      "omniscience"
    ],
    "timestamp": "2026-03-09T07:53:18.157920"
  }
}