{
  "iteration": 11703000,
  "elapsed_seconds": 41.48275327682495,
  "rate_per_second": 41294.26965873542,
  "latest_capability": {
    "id": 11702999,
    "name": "Quantum_Capability_11702999",
    "type": "vision",
    "quantum_properties": {
      "state": "superposition",
      "coherence_level": 0.8749648651630115,
      "entanglement_factor": 0.22528053904164003,
      "superposition_branches": 3,
      "tunneling_depth": 2
    },
    "reasoning": {
      "mode": "graph",
      "chain_depth": 196,
      "parallel_threads": 1,
      "recursive_loops": 2,
      "confidence_calibration": 0.8917540125098221
    },
    "maat_alignment": {
      "truth": 0.8090628277394654,
      "balance": 0.8506756058594259,
      "order": 0.8346397136454439,
      "justice": 0.865088312863911,
      "harmony": 0.9457769908365452,
      "overall": 0.9580874553250214
    },
    "benchmarks": {
      "gpqa": 0.8405186495944906,
      "math500": 0.7447581488344318,
      "swe_bench": 0.814890521540128,
      "mmlu": 0.7016538510044191,
      "humaneval": 0.9175181991677147
    },
    "self_improvement": {
      "rate": 0.9641885592595165,
      "iterations": 11702999,
      "generations_ahead": 11702,
      "recursive_depth": 5
    },
    "emergent_properties": [
      "meta_learning",
      "recursive_self_improvement",
      "self_modification"
    ],
    "timestamp": "2026-03-09T07:53:47.395901"
  }
}