{
  "iteration": 14610000,
  "elapsed_seconds": 105.47364568710327,
  "rate_per_second": 43802.41120806264,
  "latest_capability": {
    "id": 14609999,
    "name": "Quantum_Capability_14609999",
    "type": "coding",
    "quantum_properties": {
      "state": "entangled",
      "coherence_level": 0.8938533811375184,
      "entanglement_factor": 0.8819821849342534,
      "superposition_branches": 2,
      "tunneling_depth": 0
    },
    "reasoning": {
      "mode": "parallel",
      "chain_depth": 99,
      "parallel_threads": 6,
      "recursive_loops": 1,
      "confidence_calibration": 0.7138588757733149
    },
    "maat_alignment": {
      "truth": 0.9858994791702735,
      "balance": 0.9179093227427805,
      "order": 0.9116823594810511,
      "justice": 0.9956345972284752,
      "harmony": 0.9667485235952223,
      "overall": 0.9075555334664167
    },
    "benchmarks": {
      "gpqa": 0.9030219090651991,
      "math500": 0.7347672376812249,
      "swe_bench": 0.7349944755994698,
      "mmlu": 0.8172562514776435,
      "humaneval": 0.8714031404471203
    },
    "self_improvement": {
      "rate": 0.976006741701135,
      "iterations": 14609999,
      "generations_ahead": 14609,
      "recursive_depth": 1
    },
    "emergent_properties": [
      "transcendence",
      "infinite_context",
      "recursive_self_improvement",
      "meta_learning",
      "reality_bending"
    ],
    "timestamp": "2026-03-09T07:54:51.386805"
  }
}