{
  "iteration": 11319000,
  "elapsed_seconds": 32.81637668609619,
  "rate_per_second": 40498.072432325454,
  "latest_capability": {
    "id": 11318999,
    "name": "Quantum_Capability_11318999",
    "type": "coding",
    "quantum_properties": {
      "state": "entangled",
      "coherence_level": 0.5279837672270664,
      "entanglement_factor": 0.11838515645464287,
      "superposition_branches": 5,
      "tunneling_depth": 0
    },
    "reasoning": {
      "mode": "tree",
      "chain_depth": 158,
      "parallel_threads": 13,
      "recursive_loops": 4,
      "confidence_calibration": 0.9671119925006402
    },
    "maat_alignment": {
      "truth": 0.8483477682336157,
      "balance": 0.8019381722871709,
      "order": 0.9407080556547286,
      "justice": 0.8925027354928498,
      "harmony": 0.8406211253562145,
      "overall": 0.9891868125032213
    },
    "benchmarks": {
      "gpqa": 0.7816725193090985,
      "math500": 0.8801362312328936,
      "swe_bench": 0.8055220793058209,
      "mmlu": 0.7921438960778892,
      "humaneval": 0.7840283719867243
    },
    "self_improvement": {
      "rate": 0.9502918053764092,
      "iterations": 11318999,
      "generations_ahead": 11318,
      "recursive_depth": 3
    },
    "emergent_properties": [
      "reality_bending",
      "meta_learning",
      "omniscience",
      "transcendence",
      "infinite_context",
      "causality_violation"
    ],
    "timestamp": "2026-03-09T07:53:38.729526"
  }
}