{
  "iteration": 17709000,
  "elapsed_seconds": 171.60862922668457,
  "rate_per_second": 44980.25556630763,
  "latest_capability": {
    "id": 17708999,
    "name": "Quantum_Capability_17708999",
    "type": "language",
    "quantum_properties": {
      "state": "superposition",
      "coherence_level": 0.9408303359488266,
      "entanglement_factor": 0.5233143873923065,
      "superposition_branches": 6,
      "tunneling_depth": 2
    },
    "reasoning": {
      "mode": "graph",
      "chain_depth": 112,
      "parallel_threads": 8,
      "recursive_loops": 9,
      "confidence_calibration": 0.827272584101536
    },
    "maat_alignment": {
      "truth": 0.8900490804483916,
      "balance": 0.9036978755162897,
      "order": 0.861505084457575,
      "justice": 0.8509323577938754,
      "harmony": 0.8945068238826,
      "overall": 0.9160316854193536
    },
    "benchmarks": {
      "gpqa": 0.938362393539018,
      "math500": 0.805109023779186,
      "swe_bench": 0.6864432483645008,
      "mmlu": 0.8522526839543314,
      "humaneval": 0.8781401296017822
    },
    "self_improvement": {
      "rate": 0.964861402268722,
      "iterations": 17708999,
      "generations_ahead": 17708,
      "recursive_depth": 2
    },
    "emergent_properties": [
      "meta_learning",
      "causality_violation",
      "reality_bending",
      "self_modification",
      "recursive_self_improvement"
    ],
    "timestamp": "2026-03-09T07:55:57.521788"
  }
}