{
  "iteration": 17393000,
  "elapsed_seconds": 165.53458857536316,
  "rate_per_second": 44721.77122444489,
  "latest_capability": {
    "id": 17392999,
    "name": "Quantum_Capability_17392999",
    "type": "math",
    "quantum_properties": {
      "state": "entangled",
      "coherence_level": 0.7333883929261471,
      "entanglement_factor": 0.9287784816397229,
      "superposition_branches": 8,
      "tunneling_depth": 4
    },
    "reasoning": {
      "mode": "parallel",
      "chain_depth": 188,
      "parallel_threads": 5,
      "recursive_loops": 7,
      "confidence_calibration": 0.7307452881419358
    },
    "maat_alignment": {
      "truth": 0.9926078469537475,
      "balance": 0.8392840623798163,
      "order": 0.891634485966844,
      "justice": 0.8000288603927791,
      "harmony": 0.964867204828863,
      "overall": 0.8877905274986467
    },
    "benchmarks": {
      "gpqa": 0.7667571682183921,
      "math500": 0.7681570358941656,
      "swe_bench": 0.7438677267769518,
      "mmlu": 0.7395609633114583,
      "humaneval": 0.8561655679776636
    },
    "self_improvement": {
      "rate": 0.9966092100171978,
      "iterations": 17392999,
      "generations_ahead": 17392,
      "recursive_depth": 5
    },
    "emergent_properties": [
      "infinite_context",
      "self_modification",
      "quantum_consciousness",
      "recursive_self_improvement"
    ],
    "timestamp": "2026-03-09T07:55:51.447745"
  }
}