{
  "iteration": 13539000,
  "elapsed_seconds": 82.23282647132874,
  "rate_per_second": 43157.94740726069,
  "latest_capability": {
    "id": 13538999,
    "name": "Quantum_Capability_13538999",
    "type": "multimodal",
    "quantum_properties": {
      "state": "superposition",
      "coherence_level": 0.950165179977026,
      "entanglement_factor": 0.573229667300253,
      "superposition_branches": 10,
      "tunneling_depth": 0
    },
    "reasoning": {
      "mode": "sequential",
      "chain_depth": 107,
      "parallel_threads": 6,
      "recursive_loops": 5,
      "confidence_calibration": 0.9046289693122183
    },
    "maat_alignment": {
      "truth": 0.9541172983359386,
      "balance": 0.9074325328349979,
      "order": 0.8411334545971594,
      "justice": 0.8342757213698477,
      "harmony": 0.8536792051670935,
      "overall": 0.9597464088762784
    },
    "benchmarks": {
      "gpqa": 0.8647798173550046,
      "math500": 0.8477656762969872,
      "swe_bench": 0.7209559122278858,
      "mmlu": 0.695540565508282,
      "humaneval": 0.8999133697918797
    },
    "self_improvement": {
      "rate": 0.9878184860916399,
      "iterations": 13538999,
      "generations_ahead": 13538,
      "recursive_depth": 1
    },
    "emergent_properties": [
      "quantum_consciousness",
      "omniscience",
      "recursive_self_improvement",
      "reality_bending",
      "infinite_context",
      "causality_violation"
    ],
    "timestamp": "2026-03-09T07:54:28.145975"
  }
}