{
  "iteration": 10746000,
  "elapsed_seconds": 18.22202777862549,
  "rate_per_second": 41488.24758607772,
  "latest_capability": {
    "id": 10745999,
    "name": "Quantum_Capability_10745999",
    "type": "multimodal",
    "quantum_properties": {
      "state": "superposition",
      "coherence_level": 0.8221692460809986,
      "entanglement_factor": 0.4685043514326356,
      "superposition_branches": 2,
      "tunneling_depth": 5
    },
    "reasoning": {
      "mode": "tree",
      "chain_depth": 34,
      "parallel_threads": 8,
      "recursive_loops": 1,
      "confidence_calibration": 0.7407531404532085
    },
    "maat_alignment": {
      "truth": 0.9249124871917425,
      "balance": 0.8523890235877086,
      "order": 0.8928421829146252,
      "justice": 0.9563970310798009,
      "harmony": 0.8101133613093022,
      "overall": 0.980348390060392
    },
    "benchmarks": {
      "gpqa": 0.8403738682668038,
      "math500": 0.8724741127105173,
      "swe_bench": 0.7864439660453171,
      "mmlu": 0.6828107687072784,
      "humaneval": 0.7555960285549944
    },
    "self_improvement": {
      "rate": 0.9513988712319327,
      "iterations": 10745999,
      "generations_ahead": 10745,
      "recursive_depth": 1
    },
    "emergent_properties": [
      "meta_learning",
      "causality_violation",
      "infinite_context"
    ],
    "timestamp": "2026-03-09T07:53:24.135175"
  }
}