{
  "iteration": 10122000,
  "elapsed_seconds": 2.6314079761505127,
  "rate_per_second": 50163.25905992838,
  "latest_capability": {
    "id": 10121999,
    "name": "Quantum_Capability_10121999",
    "type": "language",
    "quantum_properties": {
      "state": "entangled",
      "coherence_level": 0.6391603036377893,
      "entanglement_factor": 0.11237661339950167,
      "superposition_branches": 3,
      "tunneling_depth": 2
    },
    "reasoning": {
      "mode": "sequential",
      "chain_depth": 128,
      "parallel_threads": 4,
      "recursive_loops": 8,
      "confidence_calibration": 0.787039236073338
    },
    "maat_alignment": {
      "truth": 0.8943449457093469,
      "balance": 0.8603874004401594,
      "order": 0.9975302305533444,
      "justice": 0.9823326216095466,
      "harmony": 0.864289802703757,
      "overall": 0.9345284781034859
    },
    "benchmarks": {
      "gpqa": 0.8123446565921368,
      "math500": 0.8145530012548274,
      "swe_bench": 0.6747022805124019,
      "mmlu": 0.6600600664792565,
      "humaneval": 0.7871680987403251
    },
    "self_improvement": {
      "rate": 0.9715342928257983,
      "iterations": 10121999,
      "generations_ahead": 10121,
      "recursive_depth": 3
    },
    "emergent_properties": [
      "meta_learning",
      "infinite_context",
      "reality_bending",
      "transcendence",
      "omniscience"
    ],
    "timestamp": "2026-03-09T07:53:08.544556"
  }
}