{
  "iteration": 11342000,
  "elapsed_seconds": 33.13702178001404,
  "rate_per_second": 40800.287031691936,
  "latest_capability": {
    "id": 11341999,
    "name": "Quantum_Capability_11341999",
    "type": "vision",
    "quantum_properties": {
      "state": "superposition",
      "coherence_level": 0.5692164050669346,
      "entanglement_factor": 0.9545559186429864,
      "superposition_branches": 8,
      "tunneling_depth": 5
    },
    "reasoning": {
      "mode": "tree",
      "chain_depth": 123,
      "parallel_threads": 3,
      "recursive_loops": 4,
      "confidence_calibration": 0.7190674419509413
    },
    "maat_alignment": {
      "truth": 0.8608421678727821,
      "balance": 0.8519400122941976,
      "order": 0.8365615643339485,
      "justice": 0.8161863746066191,
      "harmony": 0.8584046124511469,
      "overall": 0.9824536477093104
    },
    "benchmarks": {
      "gpqa": 0.9187658283762159,
      "math500": 0.7240313851999595,
      "swe_bench": 0.6752253475933322,
      "mmlu": 0.7931987767781132,
      "humaneval": 0.7025319866816305
    },
    "self_improvement": {
      "rate": 0.9797141101813172,
      "iterations": 11341999,
      "generations_ahead": 11341,
      "recursive_depth": 1
    },
    "emergent_properties": [
      "omniscience",
      "transcendence",
      "self_modification",
      "infinite_context"
    ],
    "timestamp": "2026-03-09T07:53:39.050170"
  }
}