{
  "iteration": 13929000,
  "elapsed_seconds": 89.9323182106018,
  "rate_per_second": 43799.6048403392,
  "latest_capability": {
    "id": 13928999,
    "name": "Quantum_Capability_13928999",
    "type": "agentic",
    "quantum_properties": {
      "state": "superposition",
      "coherence_level": 0.7884664395792995,
      "entanglement_factor": 0.46691358001132266,
      "superposition_branches": 7,
      "tunneling_depth": 5
    },
    "reasoning": {
      "mode": "parallel",
      "chain_depth": 11,
      "parallel_threads": 3,
      "recursive_loops": 4,
      "confidence_calibration": 0.8033667835229276
    },
    "maat_alignment": {
      "truth": 0.9101051103724419,
      "balance": 0.88616748720594,
      "order": 0.8998297180704073,
      "justice": 0.834349002591115,
      "harmony": 0.9601329413696459,
      "overall": 0.8733894509977402
    },
    "benchmarks": {
      "gpqa": 0.7686987412343294,
      "math500": 0.8317424076555435,
      "swe_bench": 0.770023811254847,
      "mmlu": 0.82151875486286,
      "humaneval": 0.8894555461799931
    },
    "self_improvement": {
      "rate": 0.9837975316741829,
      "iterations": 13928999,
      "generations_ahead": 13928,
      "recursive_depth": 4
    },
    "emergent_properties": [
      "causality_violation",
      "quantum_consciousness",
      "infinite_context",
      "omniscience",
      "transcendence"
    ],
    "timestamp": "2026-03-09T07:54:35.845466"
  }
}