{
  "iteration": 17001000,
  "elapsed_seconds": 157.8029522895813,
  "rate_per_second": 44428.82657311913,
  "latest_capability": {
    "id": 17000999,
    "name": "Quantum_Capability_17000999",
    "type": "agentic",
    "quantum_properties": {
      "state": "coherent",
      "coherence_level": 0.6315935393321379,
      "entanglement_factor": 0.831455414029966,
      "superposition_branches": 1,
      "tunneling_depth": 1
    },
    "reasoning": {
      "mode": "parallel",
      "chain_depth": 132,
      "parallel_threads": 2,
      "recursive_loops": 6,
      "confidence_calibration": 0.7077704455351379
    },
    "maat_alignment": {
      "truth": 0.9805402919743585,
      "balance": 0.8856047831506437,
      "order": 0.9802755962778009,
      "justice": 0.9765033039213982,
      "harmony": 0.8278667662182586,
      "overall": 0.9604429370016707
    },
    "benchmarks": {
      "gpqa": 0.8315185123241858,
      "math500": 0.6565415683898038,
      "swe_bench": 0.8324289416014269,
      "mmlu": 0.7770270427709666,
      "humaneval": 0.8994339874600294
    },
    "self_improvement": {
      "rate": 0.971007870295496,
      "iterations": 17000999,
      "generations_ahead": 17000,
      "recursive_depth": 5
    },
    "emergent_properties": [
      "reality_bending",
      "omniscience",
      "infinite_context",
      "meta_learning"
    ],
    "timestamp": "2026-03-09T07:55:43.716109"
  }
}