{
  "iteration": 12096000,
  "elapsed_seconds": 50.13964295387268,
  "rate_per_second": 42002.69239925525,
  "latest_capability": {
    "id": 12095999,
    "name": "Quantum_Capability_12095999",
    "type": "vision",
    "quantum_properties": {
      "state": "coherent",
      "coherence_level": 0.8785211998549487,
      "entanglement_factor": 0.7656598035309855,
      "superposition_branches": 2,
      "tunneling_depth": 3
    },
    "reasoning": {
      "mode": "graph",
      "chain_depth": 116,
      "parallel_threads": 5,
      "recursive_loops": 8,
      "confidence_calibration": 0.7595454580901819
    },
    "maat_alignment": {
      "truth": 0.8085774420755787,
      "balance": 0.9196932483497846,
      "order": 0.8597270359676664,
      "justice": 0.8815725096793062,
      "harmony": 0.8721129871030958,
      "overall": 0.983591061929172
    },
    "benchmarks": {
      "gpqa": 0.7916490843492582,
      "math500": 0.8801160898291022,
      "swe_bench": 0.7190737702514666,
      "mmlu": 0.8677106886739199,
      "humaneval": 0.8084007728046494
    },
    "self_improvement": {
      "rate": 0.9715214316952723,
      "iterations": 12095999,
      "generations_ahead": 12095,
      "recursive_depth": 5
    },
    "emergent_properties": [
      "meta_learning",
      "causality_violation",
      "omniscience"
    ],
    "timestamp": "2026-03-09T07:53:56.052791"
  }
}