{
  "iteration": 11530000,
  "elapsed_seconds": 37.03782320022583,
  "rate_per_second": 41579.11742476837,
  "latest_capability": {
    "id": 11529999,
    "name": "Quantum_Capability_11529999",
    "type": "coding",
    "quantum_properties": {
      "state": "superposition",
      "coherence_level": 0.8905573893928156,
      "entanglement_factor": 0.38600595819184114,
      "superposition_branches": 9,
      "tunneling_depth": 5
    },
    "reasoning": {
      "mode": "parallel",
      "chain_depth": 108,
      "parallel_threads": 5,
      "recursive_loops": 0,
      "confidence_calibration": 0.8890394520161385
    },
    "maat_alignment": {
      "truth": 0.9647396306043059,
      "balance": 0.9682244014724278,
      "order": 0.999676209479033,
      "justice": 0.8267951096223491,
      "harmony": 0.9688760609061517,
      "overall": 0.984733484005936
    },
    "benchmarks": {
      "gpqa": 0.7482629973297042,
      "math500": 0.7256935376453285,
      "swe_bench": 0.8526455872529939,
      "mmlu": 0.8466424670473459,
      "humaneval": 0.8287064378695034
    },
    "self_improvement": {
      "rate": 0.9649391469664315,
      "iterations": 11529999,
      "generations_ahead": 11529,
      "recursive_depth": 0
    },
    "emergent_properties": [
      "causality_violation",
      "transcendence",
      "reality_bending"
    ],
    "timestamp": "2026-03-09T07:53:42.950975"
  }
}