{
  "iteration": 14642000,
  "elapsed_seconds": 106.28416132926941,
  "rate_per_second": 43769.45672637014,
  "latest_capability": {
    "id": 14641999,
    "name": "Quantum_Capability_14641999",
    "type": "vision",
    "quantum_properties": {
      "state": "coherent",
      "coherence_level": 0.9142076231019572,
      "entanglement_factor": 0.6925702302153233,
      "superposition_branches": 4,
      "tunneling_depth": 1
    },
    "reasoning": {
      "mode": "sequential",
      "chain_depth": 78,
      "parallel_threads": 2,
      "recursive_loops": 0,
      "confidence_calibration": 0.8641096245326967
    },
    "maat_alignment": {
      "truth": 0.9301994706256776,
      "balance": 0.9117633836622818,
      "order": 0.946841163169786,
      "justice": 0.9323045377407357,
      "harmony": 0.9198030260291404,
      "overall": 0.9974034576250397
    },
    "benchmarks": {
      "gpqa": 0.7603012965904653,
      "math500": 0.7376612082694356,
      "swe_bench": 0.7391205908015659,
      "mmlu": 0.6810831385186804,
      "humaneval": 0.9462034248706034
    },
    "self_improvement": {
      "rate": 0.9844466025376915,
      "iterations": 14641999,
      "generations_ahead": 14641,
      "recursive_depth": 1
    },
    "emergent_properties": [
      "recursive_self_improvement",
      "transcendence",
      "omniscience",
      "infinite_context"
    ],
    "timestamp": "2026-03-09T07:54:52.197314"
  }
}