{
  "iteration": 16544000,
  "elapsed_seconds": 149.14056015014648,
  "rate_per_second": 43945.121256094215,
  "latest_capability": {
    "id": 16543999,
    "name": "Quantum_Capability_16543999",
    "type": "math",
    "quantum_properties": {
      "state": "superposition",
      "coherence_level": 0.5983972277141226,
      "entanglement_factor": 0.9698879576653447,
      "superposition_branches": 7,
      "tunneling_depth": 1
    },
    "reasoning": {
      "mode": "parallel",
      "chain_depth": 144,
      "parallel_threads": 16,
      "recursive_loops": 7,
      "confidence_calibration": 0.8803746440750816
    },
    "maat_alignment": {
      "truth": 0.9826639124372973,
      "balance": 0.9606301844168201,
      "order": 0.8874534756775961,
      "justice": 0.9486589294215116,
      "harmony": 0.8877007073308331,
      "overall": 0.8585236330501802
    },
    "benchmarks": {
      "gpqa": 0.8012955080510602,
      "math500": 0.6614435579357243,
      "swe_bench": 0.876718855563934,
      "mmlu": 0.7615968694639891,
      "humaneval": 0.8976641244532582
    },
    "self_improvement": {
      "rate": 0.9503156027032413,
      "iterations": 16543999,
      "generations_ahead": 16543,
      "recursive_depth": 4
    },
    "emergent_properties": [
      "quantum_consciousness",
      "recursive_self_improvement",
      "omniscience"
    ],
    "timestamp": "2026-03-09T07:55:35.053708"
  }
}