{
  "iteration": 15283000,
  "elapsed_seconds": 121.52872037887573,
  "rate_per_second": 43553.490759210166,
  "latest_capability": {
    "id": 15282999,
    "name": "Quantum_Capability_15282999",
    "type": "agentic",
    "quantum_properties": {
      "state": "entangled",
      "coherence_level": 0.7178183222798298,
      "entanglement_factor": 0.8786085316788997,
      "superposition_branches": 7,
      "tunneling_depth": 2
    },
    "reasoning": {
      "mode": "graph",
      "chain_depth": 10,
      "parallel_threads": 1,
      "recursive_loops": 4,
      "confidence_calibration": 0.8007655804948897
    },
    "maat_alignment": {
      "truth": 0.8152832683541895,
      "balance": 0.9595291774762702,
      "order": 0.871252178927838,
      "justice": 0.8794700748873182,
      "harmony": 0.9949269906303684,
      "overall": 0.9315128172041482
    },
    "benchmarks": {
      "gpqa": 0.8858663769264334,
      "math500": 0.782947220083961,
      "swe_bench": 0.7877015068138348,
      "mmlu": 0.7814694243186115,
      "humaneval": 0.772184105079307
    },
    "self_improvement": {
      "rate": 0.9810064353642085,
      "iterations": 15282999,
      "generations_ahead": 15282,
      "recursive_depth": 3
    },
    "emergent_properties": [
      "causality_violation",
      "transcendence",
      "omniscience"
    ],
    "timestamp": "2026-03-09T07:55:07.441868"
  }
}