{
  "iteration": 10486000,
  "elapsed_seconds": 12.197956323623657,
  "rate_per_second": 40662.549269782336,
  "latest_capability": {
    "id": 10485999,
    "name": "Quantum_Capability_10485999",
    "type": "coding",
    "quantum_properties": {
      "state": "coherent",
      "coherence_level": 0.5742281070813414,
      "entanglement_factor": 0.6653713326057709,
      "superposition_branches": 3,
      "tunneling_depth": 5
    },
    "reasoning": {
      "mode": "tree",
      "chain_depth": 152,
      "parallel_threads": 2,
      "recursive_loops": 8,
      "confidence_calibration": 0.8594524447916927
    },
    "maat_alignment": {
      "truth": 0.9411146749369109,
      "balance": 0.9032309813614935,
      "order": 0.9620916700598922,
      "justice": 0.874721417849542,
      "harmony": 0.910207074294359,
      "overall": 0.8666539583627539
    },
    "benchmarks": {
      "gpqa": 0.7870693674597349,
      "math500": 0.7240558026353465,
      "swe_bench": 0.881188526314963,
      "mmlu": 0.7587753644779245,
      "humaneval": 0.7565186644008721
    },
    "self_improvement": {
      "rate": 0.9670449419636999,
      "iterations": 10485999,
      "generations_ahead": 10485,
      "recursive_depth": 4
    },
    "emergent_properties": [
      "reality_bending",
      "meta_learning",
      "self_modification",
      "quantum_consciousness"
    ],
    "timestamp": "2026-03-09T07:53:18.111104"
  }
}