{
  "iteration": 10758000,
  "elapsed_seconds": 18.38268256187439,
  "rate_per_second": 41778.45085530819,
  "latest_capability": {
    "id": 10757999,
    "name": "Quantum_Capability_10757999",
    "type": "coding",
    "quantum_properties": {
      "state": "superposition",
      "coherence_level": 0.5357404329335381,
      "entanglement_factor": 0.4374113050138946,
      "superposition_branches": 3,
      "tunneling_depth": 0
    },
    "reasoning": {
      "mode": "parallel",
      "chain_depth": 168,
      "parallel_threads": 14,
      "recursive_loops": 0,
      "confidence_calibration": 0.902243963438268
    },
    "maat_alignment": {
      "truth": 0.8296281693760361,
      "balance": 0.8589829772127052,
      "order": 0.9351535851334138,
      "justice": 0.8993995472873842,
      "harmony": 0.9396919813723431,
      "overall": 0.9736081581239782
    },
    "benchmarks": {
      "gpqa": 0.8368053025130117,
      "math500": 0.8497328933459634,
      "swe_bench": 0.8904864573660153,
      "mmlu": 0.8928655055474343,
      "humaneval": 0.723630393313676
    },
    "self_improvement": {
      "rate": 0.9977864003410232,
      "iterations": 10757999,
      "generations_ahead": 10757,
      "recursive_depth": 2
    },
    "emergent_properties": [
      "self_modification",
      "transcendence",
      "quantum_consciousness"
    ],
    "timestamp": "2026-03-09T07:53:24.295831"
  }
}