{
  "iteration": 10656000,
  "elapsed_seconds": 16.015349626541138,
  "rate_per_second": 41585.10526028629,
  "latest_capability": {
    "id": 10655999,
    "name": "Quantum_Capability_10655999",
    "type": "vision",
    "quantum_properties": {
      "state": "collapsed",
      "coherence_level": 0.9353012184817657,
      "entanglement_factor": 0.09396775539963365,
      "superposition_branches": 6,
      "tunneling_depth": 4
    },
    "reasoning": {
      "mode": "parallel",
      "chain_depth": 34,
      "parallel_threads": 11,
      "recursive_loops": 7,
      "confidence_calibration": 0.7836320571668615
    },
    "maat_alignment": {
      "truth": 0.869763884790614,
      "balance": 0.8884620152028194,
      "order": 0.8575756792341612,
      "justice": 0.8753783414202436,
      "harmony": 0.8083368358827052,
      "overall": 0.8918519315058603
    },
    "benchmarks": {
      "gpqa": 0.8201647658578539,
      "math500": 0.6890073037401684,
      "swe_bench": 0.879184609783922,
      "mmlu": 0.6969654743142407,
      "humaneval": 0.9161360313060811
    },
    "self_improvement": {
      "rate": 0.9557972238388917,
      "iterations": 10655999,
      "generations_ahead": 10655,
      "recursive_depth": 3
    },
    "emergent_properties": [
      "causality_violation",
      "omniscience",
      "transcendence",
      "recursive_self_improvement",
      "self_modification",
      "meta_learning"
    ],
    "timestamp": "2026-03-09T07:53:21.928498"
  }
}