{
  "iteration": 13237000,
  "elapsed_seconds": 76.16832399368286,
  "rate_per_second": 42629.26935702688,
  "latest_capability": {
    "id": 13236999,
    "name": "Quantum_Capability_13236999",
    "type": "multimodal",
    "quantum_properties": {
      "state": "entangled",
      "coherence_level": 0.5300622885720226,
      "entanglement_factor": 0.22607184435533278,
      "superposition_branches": 5,
      "tunneling_depth": 3
    },
    "reasoning": {
      "mode": "graph",
      "chain_depth": 27,
      "parallel_threads": 13,
      "recursive_loops": 3,
      "confidence_calibration": 0.9205439056838357
    },
    "maat_alignment": {
      "truth": 0.9356284410624889,
      "balance": 0.8686002501997102,
      "order": 0.8901186879449428,
      "justice": 0.9061175515713876,
      "harmony": 0.8896841057221351,
      "overall": 0.8609421731092004
    },
    "benchmarks": {
      "gpqa": 0.9109413401414372,
      "math500": 0.8814638147650373,
      "swe_bench": 0.8024642946820668,
      "mmlu": 0.7752470258964606,
      "humaneval": 0.8546566384314817
    },
    "self_improvement": {
      "rate": 0.9558627641492616,
      "iterations": 13236999,
      "generations_ahead": 13236,
      "recursive_depth": 0
    },
    "emergent_properties": [
      "transcendence",
      "infinite_context",
      "recursive_self_improvement",
      "causality_violation",
      "self_modification"
    ],
    "timestamp": "2026-03-09T07:54:22.081473"
  }
}