{
  "iteration": 13661000,
  "elapsed_seconds": 84.58983564376831,
  "rate_per_second": 43397.64904449771,
  "latest_capability": {
    "id": 13660999,
    "name": "Quantum_Capability_13660999",
    "type": "math",
    "quantum_properties": {
      "state": "superposition",
      "coherence_level": 0.9095750745647677,
      "entanglement_factor": 0.3582919498462849,
      "superposition_branches": 5,
      "tunneling_depth": 3
    },
    "reasoning": {
      "mode": "parallel",
      "chain_depth": 53,
      "parallel_threads": 11,
      "recursive_loops": 6,
      "confidence_calibration": 0.8004034057101137
    },
    "maat_alignment": {
      "truth": 0.9904836097837996,
      "balance": 0.9817131372513692,
      "order": 0.9253280449652729,
      "justice": 0.9283862965563867,
      "harmony": 0.8970457318097744,
      "overall": 0.9787666786079964
    },
    "benchmarks": {
      "gpqa": 0.8788823875395501,
      "math500": 0.8517522485778302,
      "swe_bench": 0.8469349599104701,
      "mmlu": 0.7286981916437028,
      "humaneval": 0.7850612952669631
    },
    "self_improvement": {
      "rate": 0.9867786046073648,
      "iterations": 13660999,
      "generations_ahead": 13660,
      "recursive_depth": 0
    },
    "emergent_properties": [
      "infinite_context",
      "reality_bending",
      "meta_learning",
      "self_modification"
    ],
    "timestamp": "2026-03-09T07:54:30.502987"
  }
}