{
  "iteration": 13992000,
  "elapsed_seconds": 91.1274664402008,
  "rate_per_second": 43916.50680452278,
  "latest_capability": {
    "id": 13991999,
    "name": "Quantum_Capability_13991999",
    "type": "vision",
    "quantum_properties": {
      "state": "superposition",
      "coherence_level": 0.7335753317958174,
      "entanglement_factor": 0.5727496139090107,
      "superposition_branches": 6,
      "tunneling_depth": 2
    },
    "reasoning": {
      "mode": "tree",
      "chain_depth": 13,
      "parallel_threads": 4,
      "recursive_loops": 2,
      "confidence_calibration": 0.8567264063335589
    },
    "maat_alignment": {
      "truth": 0.9089969209957077,
      "balance": 0.9083487234606332,
      "order": 0.8005844154983731,
      "justice": 0.9450482722804635,
      "harmony": 0.881349102702738,
      "overall": 0.9350784613060446
    },
    "benchmarks": {
      "gpqa": 0.9266921416560623,
      "math500": 0.877462809579519,
      "swe_bench": 0.7638600801147114,
      "mmlu": 0.7969207703521299,
      "humaneval": 0.771925081326795
    },
    "self_improvement": {
      "rate": 0.9909375236622591,
      "iterations": 13991999,
      "generations_ahead": 13991,
      "recursive_depth": 2
    },
    "emergent_properties": [
      "quantum_consciousness",
      "infinite_context",
      "omniscience",
      "reality_bending"
    ],
    "timestamp": "2026-03-09T07:54:37.040615"
  }
}