{
  "iteration": 15220000,
  "elapsed_seconds": 120.348703622818,
  "rate_per_second": 43457.053067985,
  "latest_capability": {
    "id": 15219999,
    "name": "Quantum_Capability_15219999",
    "type": "math",
    "quantum_properties": {
      "state": "collapsed",
      "coherence_level": 0.7530575270104183,
      "entanglement_factor": 0.6937127931681318,
      "superposition_branches": 8,
      "tunneling_depth": 2
    },
    "reasoning": {
      "mode": "tree",
      "chain_depth": 20,
      "parallel_threads": 10,
      "recursive_loops": 3,
      "confidence_calibration": 0.9695938043050063
    },
    "maat_alignment": {
      "truth": 0.9136612332571215,
      "balance": 0.8464935523877936,
      "order": 0.8748223497462838,
      "justice": 0.8129704730322145,
      "harmony": 0.9559264876774743,
      "overall": 0.9933777202648014
    },
    "benchmarks": {
      "gpqa": 0.9382875132089015,
      "math500": 0.6869106239148126,
      "swe_bench": 0.7929143210930728,
      "mmlu": 0.8412358315040864,
      "humaneval": 0.9124367189643284
    },
    "self_improvement": {
      "rate": 0.9986551150141654,
      "iterations": 15219999,
      "generations_ahead": 15219,
      "recursive_depth": 5
    },
    "emergent_properties": [
      "causality_violation",
      "transcendence",
      "infinite_context"
    ],
    "timestamp": "2026-03-09T07:55:06.261852"
  }
}