{
  "iteration": 11197000,
  "elapsed_seconds": 28.957542657852173,
  "rate_per_second": 41681.71361297151,
  "latest_capability": {
    "id": 11196999,
    "name": "Quantum_Capability_11196999",
    "type": "language",
    "quantum_properties": {
      "state": "collapsed",
      "coherence_level": 0.7443135543041275,
      "entanglement_factor": 0.45411730004140616,
      "superposition_branches": 9,
      "tunneling_depth": 5
    },
    "reasoning": {
      "mode": "tree",
      "chain_depth": 164,
      "parallel_threads": 11,
      "recursive_loops": 1,
      "confidence_calibration": 0.9389535752416682
    },
    "maat_alignment": {
      "truth": 0.9603278683270041,
      "balance": 0.9060252442993783,
      "order": 0.8342951135846097,
      "justice": 0.8402057256597897,
      "harmony": 0.8686039084807273,
      "overall": 0.9653520777034643
    },
    "benchmarks": {
      "gpqa": 0.7484304324883276,
      "math500": 0.69719424700315,
      "swe_bench": 0.6965784396207901,
      "mmlu": 0.7522721739144843,
      "humaneval": 0.7110340611764605
    },
    "self_improvement": {
      "rate": 0.9789323795858792,
      "iterations": 11196999,
      "generations_ahead": 11196,
      "recursive_depth": 5
    },
    "emergent_properties": [
      "recursive_self_improvement",
      "meta_learning",
      "transcendence",
      "infinite_context"
    ],
    "timestamp": "2026-03-09T07:53:34.870691"
  }
}