{
  "iteration": 12811000,
  "elapsed_seconds": 65.89447355270386,
  "rate_per_second": 42810.873930781185,
  "latest_capability": {
    "id": 12810999,
    "name": "Quantum_Capability_12810999",
    "type": "multimodal",
    "quantum_properties": {
      "state": "superposition",
      "coherence_level": 0.5381581493474421,
      "entanglement_factor": 0.02884200231292544,
      "superposition_branches": 3,
      "tunneling_depth": 3
    },
    "reasoning": {
      "mode": "graph",
      "chain_depth": 88,
      "parallel_threads": 11,
      "recursive_loops": 0,
      "confidence_calibration": 0.7633752187842613
    },
    "maat_alignment": {
      "truth": 0.8610107860322762,
      "balance": 0.9055468922732568,
      "order": 0.9086697722919159,
      "justice": 0.8645936051300711,
      "harmony": 0.9403647523318145,
      "overall": 0.8916971066362138
    },
    "benchmarks": {
      "gpqa": 0.8250032694591257,
      "math500": 0.7760568020205054,
      "swe_bench": 0.7475600255303886,
      "mmlu": 0.8167258994954659,
      "humaneval": 0.9415212164130426
    },
    "self_improvement": {
      "rate": 0.9862703278264509,
      "iterations": 12810999,
      "generations_ahead": 12810,
      "recursive_depth": 5
    },
    "emergent_properties": [
      "infinite_context",
      "recursive_self_improvement",
      "meta_learning",
      "omniscience"
    ],
    "timestamp": "2026-03-09T07:54:11.807626"
  }
}