{
  "iteration": 14139000,
  "elapsed_seconds": 96.39918613433838,
  "rate_per_second": 43039.78245436746,
  "latest_capability": {
    "id": 14138999,
    "name": "Quantum_Capability_14138999",
    "type": "coding",
    "quantum_properties": {
      "state": "entangled",
      "coherence_level": 0.5511100691186623,
      "entanglement_factor": 0.07052834912761408,
      "superposition_branches": 4,
      "tunneling_depth": 4
    },
    "reasoning": {
      "mode": "graph",
      "chain_depth": 174,
      "parallel_threads": 1,
      "recursive_loops": 0,
      "confidence_calibration": 0.7735105588941251
    },
    "maat_alignment": {
      "truth": 0.940162126755656,
      "balance": 0.9915580316958774,
      "order": 0.9144147960139829,
      "justice": 0.9000102089309662,
      "harmony": 0.8883782976453752,
      "overall": 0.9269944246315903
    },
    "benchmarks": {
      "gpqa": 0.7633383622571517,
      "math500": 0.8843681945229116,
      "swe_bench": 0.7824126575093218,
      "mmlu": 0.6705985558766816,
      "humaneval": 0.9181993297731188
    },
    "self_improvement": {
      "rate": 0.9908705057193006,
      "iterations": 14138999,
      "generations_ahead": 14138,
      "recursive_depth": 2
    },
    "emergent_properties": [
      "causality_violation",
      "reality_bending",
      "self_modification",
      "recursive_self_improvement"
    ],
    "timestamp": "2026-03-09T07:54:42.312338"
  }
}