{
  "iteration": 11287000,
  "elapsed_seconds": 30.83158302307129,
  "rate_per_second": 42067.252889008465,
  "latest_capability": {
    "id": 11286999,
    "name": "Quantum_Capability_11286999",
    "type": "coding",
    "quantum_properties": {
      "state": "coherent",
      "coherence_level": 0.6824133696706298,
      "entanglement_factor": 0.4489630530637684,
      "superposition_branches": 3,
      "tunneling_depth": 5
    },
    "reasoning": {
      "mode": "parallel",
      "chain_depth": 33,
      "parallel_threads": 3,
      "recursive_loops": 4,
      "confidence_calibration": 0.9582050098085901
    },
    "maat_alignment": {
      "truth": 0.8426107438910004,
      "balance": 0.8334016230046607,
      "order": 0.8297025472408542,
      "justice": 0.9338022347728223,
      "harmony": 0.8392562220714874,
      "overall": 0.8752602530508627
    },
    "benchmarks": {
      "gpqa": 0.7715294096212103,
      "math500": 0.6919972258698066,
      "swe_bench": 0.7212419874073475,
      "mmlu": 0.8268511588274949,
      "humaneval": 0.779081958712659
    },
    "self_improvement": {
      "rate": 0.9562670134573608,
      "iterations": 11286999,
      "generations_ahead": 11286,
      "recursive_depth": 1
    },
    "emergent_properties": [
      "causality_violation",
      "transcendence",
      "reality_bending",
      "recursive_self_improvement",
      "infinite_context",
      "omniscience"
    ],
    "timestamp": "2026-03-09T07:53:36.744732"
  }
}