{
  "iteration": 14425000,
  "elapsed_seconds": 101.95701169967651,
  "rate_per_second": 43498.72486517836,
  "latest_capability": {
    "id": 14424999,
    "name": "Quantum_Capability_14424999",
    "type": "agentic",
    "quantum_properties": {
      "state": "coherent",
      "coherence_level": 0.8388883309489616,
      "entanglement_factor": 0.12956362700150115,
      "superposition_branches": 7,
      "tunneling_depth": 1
    },
    "reasoning": {
      "mode": "graph",
      "chain_depth": 135,
      "parallel_threads": 14,
      "recursive_loops": 10,
      "confidence_calibration": 0.9173519150613163
    },
    "maat_alignment": {
      "truth": 0.9498637913347285,
      "balance": 0.9970529044709304,
      "order": 0.8963597993203964,
      "justice": 0.9217318037750333,
      "harmony": 0.8004672108640479,
      "overall": 0.9471142271823539
    },
    "benchmarks": {
      "gpqa": 0.778296039228568,
      "math500": 0.8936438806606102,
      "swe_bench": 0.7130851479182342,
      "mmlu": 0.8133987335129885,
      "humaneval": 0.8537631948038525
    },
    "self_improvement": {
      "rate": 0.9533859300445723,
      "iterations": 14424999,
      "generations_ahead": 14424,
      "recursive_depth": 0
    },
    "emergent_properties": [
      "meta_learning",
      "causality_violation",
      "quantum_consciousness",
      "reality_bending",
      "infinite_context"
    ],
    "timestamp": "2026-03-09T07:54:47.870164"
  }
}