{
  "iteration": 13646000,
  "elapsed_seconds": 84.37967371940613,
  "rate_per_second": 43327.97033747207,
  "latest_capability": {
    "id": 13645999,
    "name": "Quantum_Capability_13645999",
    "type": "vision",
    "quantum_properties": {
      "state": "entangled",
      "coherence_level": 0.8127511904731641,
      "entanglement_factor": 0.42936258161284235,
      "superposition_branches": 4,
      "tunneling_depth": 4
    },
    "reasoning": {
      "mode": "tree",
      "chain_depth": 32,
      "parallel_threads": 7,
      "recursive_loops": 7,
      "confidence_calibration": 0.7636077234898898
    },
    "maat_alignment": {
      "truth": 0.8616469414503025,
      "balance": 0.9202863529283981,
      "order": 0.9851650932277404,
      "justice": 0.8928861978752157,
      "harmony": 0.9085495430763226,
      "overall": 0.8821863627768249
    },
    "benchmarks": {
      "gpqa": 0.9325014179265527,
      "math500": 0.8051472797758223,
      "swe_bench": 0.6803950822765885,
      "mmlu": 0.8079218513330001,
      "humaneval": 0.7972780387725139
    },
    "self_improvement": {
      "rate": 0.9514833624508727,
      "iterations": 13645999,
      "generations_ahead": 13645,
      "recursive_depth": 0
    },
    "emergent_properties": [
      "omniscience",
      "self_modification",
      "quantum_consciousness",
      "causality_violation"
    ],
    "timestamp": "2026-03-09T07:54:30.292822"
  }
}