{
  "iteration": 14688000,
  "elapsed_seconds": 106.927166223526,
  "rate_per_second": 43936.44913565802,
  "latest_capability": {
    "id": 14687999,
    "name": "Quantum_Capability_14687999",
    "type": "math",
    "quantum_properties": {
      "state": "superposition",
      "coherence_level": 0.8176924505054302,
      "entanglement_factor": 0.4721716601554994,
      "superposition_branches": 7,
      "tunneling_depth": 4
    },
    "reasoning": {
      "mode": "tree",
      "chain_depth": 148,
      "parallel_threads": 1,
      "recursive_loops": 3,
      "confidence_calibration": 0.9217004474348631
    },
    "maat_alignment": {
      "truth": 0.9634126208579533,
      "balance": 0.9556178730055224,
      "order": 0.9047317898041026,
      "justice": 0.9158732774474134,
      "harmony": 0.9331564443210898,
      "overall": 0.8829176791894019
    },
    "benchmarks": {
      "gpqa": 0.7013737098507299,
      "math500": 0.8032871427385256,
      "swe_bench": 0.8578173097215527,
      "mmlu": 0.8497083468076851,
      "humaneval": 0.9127909842050711
    },
    "self_improvement": {
      "rate": 0.9511673096226055,
      "iterations": 14687999,
      "generations_ahead": 14687,
      "recursive_depth": 0
    },
    "emergent_properties": [
      "self_modification",
      "reality_bending",
      "causality_violation",
      "transcendence"
    ],
    "timestamp": "2026-03-09T07:54:52.840322"
  }
}