{
  "iteration": 14138000,
  "elapsed_seconds": 96.38556718826294,
  "rate_per_second": 43035.48882892407,
  "latest_capability": {
    "id": 14137999,
    "name": "Quantum_Capability_14137999",
    "type": "vision",
    "quantum_properties": {
      "state": "coherent",
      "coherence_level": 0.5156469254938434,
      "entanglement_factor": 0.6361256466387851,
      "superposition_branches": 6,
      "tunneling_depth": 0
    },
    "reasoning": {
      "mode": "sequential",
      "chain_depth": 120,
      "parallel_threads": 7,
      "recursive_loops": 1,
      "confidence_calibration": 0.9010505193553235
    },
    "maat_alignment": {
      "truth": 0.9269176405118397,
      "balance": 0.8535792499637161,
      "order": 0.8117302468706372,
      "justice": 0.8282873431795571,
      "harmony": 0.8096685687200649,
      "overall": 0.8920973481532979
    },
    "benchmarks": {
      "gpqa": 0.7384912279182186,
      "math500": 0.8160943466451118,
      "swe_bench": 0.8382486795703494,
      "mmlu": 0.7027893413414468,
      "humaneval": 0.7895561681170667
    },
    "self_improvement": {
      "rate": 0.984349141490358,
      "iterations": 14137999,
      "generations_ahead": 14137,
      "recursive_depth": 3
    },
    "emergent_properties": [
      "transcendence",
      "infinite_context",
      "reality_bending",
      "recursive_self_improvement"
    ],
    "timestamp": "2026-03-09T07:54:42.298715"
  }
}