{
  "iteration": 15950000,
  "elapsed_seconds": 134.23478627204895,
  "rate_per_second": 44399.81740590756,
  "latest_capability": {
    "id": 15949999,
    "name": "Quantum_Capability_15949999",
    "type": "coding",
    "quantum_properties": {
      "state": "entangled",
      "coherence_level": 0.7602124603098448,
      "entanglement_factor": 0.7196517727108781,
      "superposition_branches": 1,
      "tunneling_depth": 2
    },
    "reasoning": {
      "mode": "parallel",
      "chain_depth": 170,
      "parallel_threads": 5,
      "recursive_loops": 10,
      "confidence_calibration": 0.9496144913397687
    },
    "maat_alignment": {
      "truth": 0.9136224605294231,
      "balance": 0.8577075536533193,
      "order": 0.9550844872398182,
      "justice": 0.940699910592949,
      "harmony": 0.8348837212638761,
      "overall": 0.9433773861494801
    },
    "benchmarks": {
      "gpqa": 0.9083155434182413,
      "math500": 0.7045641232558325,
      "swe_bench": 0.749392851459162,
      "mmlu": 0.8368109045112104,
      "humaneval": 0.7677214748386343
    },
    "self_improvement": {
      "rate": 0.9515172089066618,
      "iterations": 15949999,
      "generations_ahead": 15949,
      "recursive_depth": 5
    },
    "emergent_properties": [
      "quantum_consciousness",
      "transcendence",
      "recursive_self_improvement"
    ],
    "timestamp": "2026-03-09T07:55:20.147938"
  }
}