{
  "iteration": 10074000,
  "elapsed_seconds": 1.561385154724121,
  "rate_per_second": 53798.385200377954,
  "latest_capability": {
    "id": 10073999,
    "name": "Quantum_Capability_10073999",
    "type": "language",
    "quantum_properties": {
      "state": "superposition",
      "coherence_level": 0.7150914324238022,
      "entanglement_factor": 0.9166587584720953,
      "superposition_branches": 10,
      "tunneling_depth": 1
    },
    "reasoning": {
      "mode": "parallel",
      "chain_depth": 49,
      "parallel_threads": 8,
      "recursive_loops": 4,
      "confidence_calibration": 0.7969924652743722
    },
    "maat_alignment": {
      "truth": 0.883206022454886,
      "balance": 0.8251015094304707,
      "order": 0.8498313088437136,
      "justice": 0.9792929337308492,
      "harmony": 0.8417310594959679,
      "overall": 0.8725906093825425
    },
    "benchmarks": {
      "gpqa": 0.7136199801033355,
      "math500": 0.6694755194492308,
      "swe_bench": 0.6822180653164974,
      "mmlu": 0.861060711044906,
      "humaneval": 0.8971653964668063
    },
    "self_improvement": {
      "rate": 0.9660501801986503,
      "iterations": 10073999,
      "generations_ahead": 10073,
      "recursive_depth": 1
    },
    "emergent_properties": [
      "quantum_consciousness",
      "transcendence",
      "omniscience",
      "infinite_context",
      "causality_violation"
    ],
    "timestamp": "2026-03-09T07:53:07.474534"
  }
}