{
  "iteration": 11313000,
  "elapsed_seconds": 32.733609199523926,
  "rate_per_second": 40417.17465177172,
  "latest_capability": {
    "id": 11312999,
    "name": "Quantum_Capability_11312999",
    "type": "agentic",
    "quantum_properties": {
      "state": "entangled",
      "coherence_level": 0.8705179737513653,
      "entanglement_factor": 0.21054701006428167,
      "superposition_branches": 7,
      "tunneling_depth": 1
    },
    "reasoning": {
      "mode": "graph",
      "chain_depth": 90,
      "parallel_threads": 2,
      "recursive_loops": 5,
      "confidence_calibration": 0.890546701165146
    },
    "maat_alignment": {
      "truth": 0.9389555693566874,
      "balance": 0.8530864118988088,
      "order": 0.9137263639290817,
      "justice": 0.8437071516435133,
      "harmony": 0.8789490987669564,
      "overall": 0.9986149754095366
    },
    "benchmarks": {
      "gpqa": 0.8964545702837732,
      "math500": 0.775395889124246,
      "swe_bench": 0.7722375391875282,
      "mmlu": 0.761113498256492,
      "humaneval": 0.7777015261694719
    },
    "self_improvement": {
      "rate": 0.9794614184709174,
      "iterations": 11312999,
      "generations_ahead": 11312,
      "recursive_depth": 1
    },
    "emergent_properties": [
      "reality_bending",
      "self_modification",
      "causality_violation"
    ],
    "timestamp": "2026-03-09T07:53:38.646758"
  }
}