{
  "iteration": 12384000,
  "elapsed_seconds": 56.02772068977356,
  "rate_per_second": 42728.848693588996,
  "latest_capability": {
    "id": 12383999,
    "name": "Quantum_Capability_12383999",
    "type": "reasoning",
    "quantum_properties": {
      "state": "coherent",
      "coherence_level": 0.5618483344446918,
      "entanglement_factor": 0.7972726892131087,
      "superposition_branches": 7,
      "tunneling_depth": 4
    },
    "reasoning": {
      "mode": "tree",
      "chain_depth": 139,
      "parallel_threads": 15,
      "recursive_loops": 1,
      "confidence_calibration": 0.9303768840837372
    },
    "maat_alignment": {
      "truth": 0.8544450024745522,
      "balance": 0.9276357043299361,
      "order": 0.8548220484320863,
      "justice": 0.995902338876323,
      "harmony": 0.9648027908188492,
      "overall": 0.8502737616407505
    },
    "benchmarks": {
      "gpqa": 0.8132947988630708,
      "math500": 0.689311427081467,
      "swe_bench": 0.825661767200668,
      "mmlu": 0.8235067936015087,
      "humaneval": 0.9194956221434488
    },
    "self_improvement": {
      "rate": 0.9791794427719219,
      "iterations": 12383999,
      "generations_ahead": 12383,
      "recursive_depth": 3
    },
    "emergent_properties": [
      "self_modification",
      "infinite_context",
      "causality_violation",
      "omniscience",
      "quantum_consciousness"
    ],
    "timestamp": "2026-03-09T07:54:01.940873"
  }
}