{
  "iteration": 15645000,
  "elapsed_seconds": 128.4347677230835,
  "rate_per_second": 44030.133742233025,
  "latest_capability": {
    "id": 15644999,
    "name": "Quantum_Capability_15644999",
    "type": "multimodal",
    "quantum_properties": {
      "state": "superposition",
      "coherence_level": 0.8088080492969512,
      "entanglement_factor": 0.3859380008507596,
      "superposition_branches": 1,
      "tunneling_depth": 4
    },
    "reasoning": {
      "mode": "sequential",
      "chain_depth": 166,
      "parallel_threads": 7,
      "recursive_loops": 10,
      "confidence_calibration": 0.9652020110233033
    },
    "maat_alignment": {
      "truth": 0.9441561312010842,
      "balance": 0.9791604978307729,
      "order": 0.9742060107236666,
      "justice": 0.9463901577354971,
      "harmony": 0.8453377327643057,
      "overall": 0.9690770196696259
    },
    "benchmarks": {
      "gpqa": 0.8988684645695374,
      "math500": 0.899118178711487,
      "swe_bench": 0.7093613880937455,
      "mmlu": 0.7037771279737548,
      "humaneval": 0.7033789396196735
    },
    "self_improvement": {
      "rate": 0.9722067207102514,
      "iterations": 15644999,
      "generations_ahead": 15644,
      "recursive_depth": 0
    },
    "emergent_properties": [
      "quantum_consciousness",
      "causality_violation",
      "meta_learning",
      "recursive_self_improvement",
      "omniscience"
    ],
    "timestamp": "2026-03-09T07:55:14.347916"
  }
}