{
  "iteration": 14772000,
  "elapsed_seconds": 108.76877522468567,
  "rate_per_second": 43964.823453438126,
  "latest_capability": {
    "id": 14771999,
    "name": "Quantum_Capability_14771999",
    "type": "math",
    "quantum_properties": {
      "state": "coherent",
      "coherence_level": 0.9654732931601808,
      "entanglement_factor": 0.2212895351678753,
      "superposition_branches": 2,
      "tunneling_depth": 5
    },
    "reasoning": {
      "mode": "sequential",
      "chain_depth": 14,
      "parallel_threads": 10,
      "recursive_loops": 10,
      "confidence_calibration": 0.9498075079914756
    },
    "maat_alignment": {
      "truth": 0.8489958237078945,
      "balance": 0.8415267481650461,
      "order": 0.9450456670830399,
      "justice": 0.9957323196647183,
      "harmony": 0.9198825041016232,
      "overall": 0.8704907676172519
    },
    "benchmarks": {
      "gpqa": 0.7722555759868153,
      "math500": 0.7050334951350634,
      "swe_bench": 0.7027315461800829,
      "mmlu": 0.6910067437519549,
      "humaneval": 0.7790269308529368
    },
    "self_improvement": {
      "rate": 0.9905201952799442,
      "iterations": 14771999,
      "generations_ahead": 14771,
      "recursive_depth": 4
    },
    "emergent_properties": [
      "quantum_consciousness",
      "meta_learning",
      "omniscience",
      "transcendence"
    ],
    "timestamp": "2026-03-09T07:54:54.681923"
  }
}