{
  "iteration": 10558000,
  "elapsed_seconds": 14.0747652053833,
  "rate_per_second": 40355.91299119874,
  "latest_capability": {
    "id": 10557999,
    "name": "Quantum_Capability_10557999",
    "type": "vision",
    "quantum_properties": {
      "state": "superposition",
      "coherence_level": 0.9530506572179911,
      "entanglement_factor": 0.6346441818235873,
      "superposition_branches": 4,
      "tunneling_depth": 4
    },
    "reasoning": {
      "mode": "graph",
      "chain_depth": 152,
      "parallel_threads": 8,
      "recursive_loops": 3,
      "confidence_calibration": 0.9988209882264028
    },
    "maat_alignment": {
      "truth": 0.9752499723029833,
      "balance": 0.9392690661093508,
      "order": 0.8313834715790179,
      "justice": 0.8264036956687656,
      "harmony": 0.8027108246495795,
      "overall": 0.996887340485511
    },
    "benchmarks": {
      "gpqa": 0.9128352537074564,
      "math500": 0.8745724778027171,
      "swe_bench": 0.6754549044403753,
      "mmlu": 0.8909016592965276,
      "humaneval": 0.7665854572981947
    },
    "self_improvement": {
      "rate": 0.9780418310798049,
      "iterations": 10557999,
      "generations_ahead": 10557,
      "recursive_depth": 0
    },
    "emergent_properties": [
      "reality_bending",
      "transcendence",
      "self_modification",
      "meta_learning",
      "infinite_context",
      "recursive_self_improvement"
    ],
    "timestamp": "2026-03-09T07:53:19.987914"
  }
}