{
  "iteration": 10631000,
  "elapsed_seconds": 15.676612377166748,
  "rate_per_second": 40888.9359880855,
  "latest_capability": {
    "id": 10630999,
    "name": "Quantum_Capability_10630999",
    "type": "reasoning",
    "quantum_properties": {
      "state": "entangled",
      "coherence_level": 0.8695513996754586,
      "entanglement_factor": 0.5765576469259897,
      "superposition_branches": 6,
      "tunneling_depth": 5
    },
    "reasoning": {
      "mode": "parallel",
      "chain_depth": 69,
      "parallel_threads": 13,
      "recursive_loops": 2,
      "confidence_calibration": 0.8834595897792461
    },
    "maat_alignment": {
      "truth": 0.9140503271201338,
      "balance": 0.9973193650464719,
      "order": 0.9978525348312474,
      "justice": 0.8588979467052232,
      "harmony": 0.9854918236804435,
      "overall": 0.9307960161039116
    },
    "benchmarks": {
      "gpqa": 0.922076722156269,
      "math500": 0.7826313368396225,
      "swe_bench": 0.8466016921334131,
      "mmlu": 0.8912893362381056,
      "humaneval": 0.7210463114103779
    },
    "self_improvement": {
      "rate": 0.9755725865224008,
      "iterations": 10630999,
      "generations_ahead": 10630,
      "recursive_depth": 1
    },
    "emergent_properties": [
      "quantum_consciousness",
      "causality_violation",
      "reality_bending",
      "infinite_context"
    ],
    "timestamp": "2026-03-09T07:53:21.589760"
  }
}