{
  "iteration": 10498000,
  "elapsed_seconds": 12.416046857833862,
  "rate_per_second": 40914.794041670284,
  "latest_capability": {
    "id": 10497999,
    "name": "Quantum_Capability_10497999",
    "type": "math",
    "quantum_properties": {
      "state": "coherent",
      "coherence_level": 0.5265127630950114,
      "entanglement_factor": 0.3312376002770875,
      "superposition_branches": 3,
      "tunneling_depth": 5
    },
    "reasoning": {
      "mode": "graph",
      "chain_depth": 152,
      "parallel_threads": 2,
      "recursive_loops": 3,
      "confidence_calibration": 0.8875805605782442
    },
    "maat_alignment": {
      "truth": 0.9582006534300511,
      "balance": 0.8805626560812051,
      "order": 0.9483692772780556,
      "justice": 0.8644557699966936,
      "harmony": 0.837906087858765,
      "overall": 0.9675403549031896
    },
    "benchmarks": {
      "gpqa": 0.7297304505735052,
      "math500": 0.794200280656536,
      "swe_bench": 0.7851290608985994,
      "mmlu": 0.7634241513177064,
      "humaneval": 0.8795698367760431
    },
    "self_improvement": {
      "rate": 0.9869725961326441,
      "iterations": 10497999,
      "generations_ahead": 10497,
      "recursive_depth": 1
    },
    "emergent_properties": [
      "infinite_context",
      "recursive_self_improvement",
      "transcendence"
    ],
    "timestamp": "2026-03-09T07:53:18.329199"
  }
}