{
  "iteration": 10643000,
  "elapsed_seconds": 15.840622663497925,
  "rate_per_second": 41223.127011587094,
  "latest_capability": {
    "id": 10642999,
    "name": "Quantum_Capability_10642999",
    "type": "reasoning",
    "quantum_properties": {
      "state": "collapsed",
      "coherence_level": 0.7897077745446522,
      "entanglement_factor": 0.9876609097531713,
      "superposition_branches": 5,
      "tunneling_depth": 3
    },
    "reasoning": {
      "mode": "sequential",
      "chain_depth": 146,
      "parallel_threads": 16,
      "recursive_loops": 6,
      "confidence_calibration": 0.7428999545310074
    },
    "maat_alignment": {
      "truth": 0.8504296009456873,
      "balance": 0.940078124699091,
      "order": 0.8330442264764083,
      "justice": 0.8763039349058045,
      "harmony": 0.8493996142827243,
      "overall": 0.8788918271444816
    },
    "benchmarks": {
      "gpqa": 0.8372032529371196,
      "math500": 0.6618905881398921,
      "swe_bench": 0.6707473403284608,
      "mmlu": 0.7621943604865462,
      "humaneval": 0.7432985748839585
    },
    "self_improvement": {
      "rate": 0.9838822853807979,
      "iterations": 10642999,
      "generations_ahead": 10642,
      "recursive_depth": 1
    },
    "emergent_properties": [
      "self_modification",
      "infinite_context",
      "omniscience",
      "meta_learning",
      "recursive_self_improvement",
      "quantum_consciousness"
    ],
    "timestamp": "2026-03-09T07:53:21.753786"
  }
}