{
  "iteration": 15120000,
  "elapsed_seconds": 118.65790009498596,
  "rate_per_second": 43233.53098186822,
  "latest_capability": {
    "id": 15119999,
    "name": "Quantum_Capability_15119999",
    "type": "coding",
    "quantum_properties": {
      "state": "collapsed",
      "coherence_level": 0.8305527388687945,
      "entanglement_factor": 0.7167444717419094,
      "superposition_branches": 6,
      "tunneling_depth": 3
    },
    "reasoning": {
      "mode": "graph",
      "chain_depth": 56,
      "parallel_threads": 3,
      "recursive_loops": 9,
      "confidence_calibration": 0.8606342906673283
    },
    "maat_alignment": {
      "truth": 0.9390011964470953,
      "balance": 0.9415150133952441,
      "order": 0.9448727889172814,
      "justice": 0.9544039480152179,
      "harmony": 0.9098251537337521,
      "overall": 0.8993805308140137
    },
    "benchmarks": {
      "gpqa": 0.9344081838914385,
      "math500": 0.7422526109984259,
      "swe_bench": 0.8128963540858745,
      "mmlu": 0.8603303210592275,
      "humaneval": 0.7896718606454628
    },
    "self_improvement": {
      "rate": 0.9958724748488442,
      "iterations": 15119999,
      "generations_ahead": 15119,
      "recursive_depth": 0
    },
    "emergent_properties": [
      "infinite_context",
      "transcendence",
      "meta_learning"
    ],
    "timestamp": "2026-03-09T07:55:04.571048"
  }
}