{
  "iteration": 12562000,
  "elapsed_seconds": 61.22571563720703,
  "rate_per_second": 42008.492236177124,
  "latest_capability": {
    "id": 12561999,
    "name": "Quantum_Capability_12561999",
    "type": "agentic",
    "quantum_properties": {
      "state": "entangled",
      "coherence_level": 0.9284243470122981,
      "entanglement_factor": 0.3331694767380521,
      "superposition_branches": 4,
      "tunneling_depth": 0
    },
    "reasoning": {
      "mode": "sequential",
      "chain_depth": 162,
      "parallel_threads": 16,
      "recursive_loops": 8,
      "confidence_calibration": 0.7116394090668108
    },
    "maat_alignment": {
      "truth": 0.9041953621100144,
      "balance": 0.8807442066213822,
      "order": 0.9733988195783823,
      "justice": 0.937369602255233,
      "harmony": 0.8875593269375296,
      "overall": 0.8625554513709994
    },
    "benchmarks": {
      "gpqa": 0.948761821111317,
      "math500": 0.8804997408742548,
      "swe_bench": 0.8141033916480059,
      "mmlu": 0.8226260333572872,
      "humaneval": 0.8088906933878208
    },
    "self_improvement": {
      "rate": 0.9886592115541945,
      "iterations": 12561999,
      "generations_ahead": 12561,
      "recursive_depth": 0
    },
    "emergent_properties": [
      "causality_violation",
      "transcendence",
      "omniscience",
      "meta_learning",
      "self_modification",
      "quantum_consciousness"
    ],
    "timestamp": "2026-03-09T07:54:07.138864"
  }
}