{
  "iteration": 13021000,
  "elapsed_seconds": 70.06036615371704,
  "rate_per_second": 43262.691396013935,
  "latest_capability": {
    "id": 13020999,
    "name": "Quantum_Capability_13020999",
    "type": "coding",
    "quantum_properties": {
      "state": "coherent",
      "coherence_level": 0.7109074305529625,
      "entanglement_factor": 0.9501443047819054,
      "superposition_branches": 6,
      "tunneling_depth": 1
    },
    "reasoning": {
      "mode": "graph",
      "chain_depth": 194,
      "parallel_threads": 16,
      "recursive_loops": 9,
      "confidence_calibration": 0.8782468544439563
    },
    "maat_alignment": {
      "truth": 0.8563426034840317,
      "balance": 0.9412958893338996,
      "order": 0.8278343119691721,
      "justice": 0.9821246169353285,
      "harmony": 0.9489852455958809,
      "overall": 0.930088599889888
    },
    "benchmarks": {
      "gpqa": 0.8000251003816881,
      "math500": 0.8633403056801993,
      "swe_bench": 0.6647476912513445,
      "mmlu": 0.6746027211050007,
      "humaneval": 0.7635339814063834
    },
    "self_improvement": {
      "rate": 0.9883873028090865,
      "iterations": 13020999,
      "generations_ahead": 13020,
      "recursive_depth": 4
    },
    "emergent_properties": [
      "reality_bending",
      "meta_learning",
      "self_modification",
      "omniscience"
    ],
    "timestamp": "2026-03-09T07:54:15.973514"
  }
}