{
  "iteration": 14021000,
  "elapsed_seconds": 94.16393303871155,
  "rate_per_second": 42808.32235780576,
  "latest_capability": {
    "id": 14020999,
    "name": "Quantum_Capability_14020999",
    "type": "math",
    "quantum_properties": {
      "state": "superposition",
      "coherence_level": 0.7166216872190381,
      "entanglement_factor": 0.6794762110623682,
      "superposition_branches": 10,
      "tunneling_depth": 4
    },
    "reasoning": {
      "mode": "graph",
      "chain_depth": 174,
      "parallel_threads": 10,
      "recursive_loops": 1,
      "confidence_calibration": 0.7284660609313038
    },
    "maat_alignment": {
      "truth": 0.8381839240651549,
      "balance": 0.845712473022847,
      "order": 0.903951423035901,
      "justice": 0.9085802620372757,
      "harmony": 0.9716152315150218,
      "overall": 0.9361816228670956
    },
    "benchmarks": {
      "gpqa": 0.8672151710206579,
      "math500": 0.8907928106371865,
      "swe_bench": 0.6850661286565742,
      "mmlu": 0.7439265409749308,
      "humaneval": 0.756692513291826
    },
    "self_improvement": {
      "rate": 0.964399848793456,
      "iterations": 14020999,
      "generations_ahead": 14020,
      "recursive_depth": 2
    },
    "emergent_properties": [
      "meta_learning",
      "reality_bending",
      "infinite_context",
      "self_modification",
      "transcendence"
    ],
    "timestamp": "2026-03-09T07:54:40.077082"
  }
}