{
  "iteration": 15059000,
  "elapsed_seconds": 117.50076723098755,
  "rate_per_second": 43140.143842934776,
  "latest_capability": {
    "id": 15058999,
    "name": "Quantum_Capability_15058999",
    "type": "language",
    "quantum_properties": {
      "state": "collapsed",
      "coherence_level": 0.93091863391189,
      "entanglement_factor": 0.5864236993346346,
      "superposition_branches": 1,
      "tunneling_depth": 0
    },
    "reasoning": {
      "mode": "graph",
      "chain_depth": 48,
      "parallel_threads": 10,
      "recursive_loops": 8,
      "confidence_calibration": 0.8340337069370398
    },
    "maat_alignment": {
      "truth": 0.9307304122240675,
      "balance": 0.9516851489898388,
      "order": 0.8347554076168752,
      "justice": 0.9367805019412792,
      "harmony": 0.8415745053723616,
      "overall": 0.8785544953836045
    },
    "benchmarks": {
      "gpqa": 0.8124722807425466,
      "math500": 0.7325351622799187,
      "swe_bench": 0.8183936278034438,
      "mmlu": 0.8945596055696361,
      "humaneval": 0.8865323843689205
    },
    "self_improvement": {
      "rate": 0.9857971359666081,
      "iterations": 15058999,
      "generations_ahead": 15058,
      "recursive_depth": 3
    },
    "emergent_properties": [
      "causality_violation",
      "omniscience",
      "transcendence",
      "infinite_context",
      "meta_learning"
    ],
    "timestamp": "2026-03-09T07:55:03.413915"
  }
}