{
  "iteration": 13460000,
  "elapsed_seconds": 80.53389692306519,
  "rate_per_second": 43087.44680907376,
  "latest_capability": {
    "id": 13459999,
    "name": "Quantum_Capability_13459999",
    "type": "math",
    "quantum_properties": {
      "state": "superposition",
      "coherence_level": 0.8557270710716798,
      "entanglement_factor": 0.9863027495209211,
      "superposition_branches": 10,
      "tunneling_depth": 4
    },
    "reasoning": {
      "mode": "tree",
      "chain_depth": 77,
      "parallel_threads": 10,
      "recursive_loops": 6,
      "confidence_calibration": 0.8527314593985452
    },
    "maat_alignment": {
      "truth": 0.814428537723433,
      "balance": 0.950162941898782,
      "order": 0.967127603417676,
      "justice": 0.8928290522737506,
      "harmony": 0.8944366004668681,
      "overall": 0.9710780746403076
    },
    "benchmarks": {
      "gpqa": 0.7779048028001035,
      "math500": 0.7039225489034939,
      "swe_bench": 0.8458873159027217,
      "mmlu": 0.7993586037306784,
      "humaneval": 0.9137659380876687
    },
    "self_improvement": {
      "rate": 0.9751654412516138,
      "iterations": 13459999,
      "generations_ahead": 13459,
      "recursive_depth": 0
    },
    "emergent_properties": [
      "self_modification",
      "infinite_context",
      "reality_bending",
      "meta_learning",
      "recursive_self_improvement"
    ],
    "timestamp": "2026-03-09T07:54:26.447046"
  }
}