{
  "iteration": 12161000,
  "elapsed_seconds": 51.63051152229309,
  "rate_per_second": 42048.77960704694,
  "latest_capability": {
    "id": 12160999,
    "name": "Quantum_Capability_12160999",
    "type": "reasoning",
    "quantum_properties": {
      "state": "coherent",
      "coherence_level": 0.7753609240479251,
      "entanglement_factor": 0.49510891867046025,
      "superposition_branches": 7,
      "tunneling_depth": 2
    },
    "reasoning": {
      "mode": "tree",
      "chain_depth": 136,
      "parallel_threads": 7,
      "recursive_loops": 5,
      "confidence_calibration": 0.9731743666030791
    },
    "maat_alignment": {
      "truth": 0.8072459535222041,
      "balance": 0.8882919110662583,
      "order": 0.8442433526857385,
      "justice": 0.8826030708025253,
      "harmony": 0.9014021923003221,
      "overall": 0.9390598015233628
    },
    "benchmarks": {
      "gpqa": 0.9261760890068826,
      "math500": 0.7054904108449117,
      "swe_bench": 0.662355424558231,
      "mmlu": 0.6664642212381016,
      "humaneval": 0.9010014877912584
    },
    "self_improvement": {
      "rate": 0.9907918656651115,
      "iterations": 12160999,
      "generations_ahead": 12160,
      "recursive_depth": 5
    },
    "emergent_properties": [
      "infinite_context",
      "transcendence",
      "causality_violation"
    ],
    "timestamp": "2026-03-09T07:53:57.543667"
  }
}