{
  "iteration": 13432000,
  "elapsed_seconds": 80.15032005310059,
  "rate_per_second": 42944.307617482154,
  "latest_capability": {
    "id": 13431999,
    "name": "Quantum_Capability_13431999",
    "type": "math",
    "quantum_properties": {
      "state": "coherent",
      "coherence_level": 0.6773149827551823,
      "entanglement_factor": 0.732058212182258,
      "superposition_branches": 4,
      "tunneling_depth": 5
    },
    "reasoning": {
      "mode": "parallel",
      "chain_depth": 175,
      "parallel_threads": 14,
      "recursive_loops": 10,
      "confidence_calibration": 0.8753588200853383
    },
    "maat_alignment": {
      "truth": 0.8819257206508091,
      "balance": 0.8518698712180425,
      "order": 0.8396521404071771,
      "justice": 0.8417620671648165,
      "harmony": 0.895041691071379,
      "overall": 0.9385595542798704
    },
    "benchmarks": {
      "gpqa": 0.9417098878165842,
      "math500": 0.8785940616740531,
      "swe_bench": 0.8068082294321979,
      "mmlu": 0.800946709543742,
      "humaneval": 0.850696423105866
    },
    "self_improvement": {
      "rate": 0.9707026741382987,
      "iterations": 13431999,
      "generations_ahead": 13431,
      "recursive_depth": 3
    },
    "emergent_properties": [
      "quantum_consciousness",
      "transcendence",
      "causality_violation",
      "reality_bending",
      "omniscience"
    ],
    "timestamp": "2026-03-09T07:54:26.063477"
  }
}