{
  "iteration": 14846000,
  "elapsed_seconds": 110.13011026382446,
  "rate_per_second": 44093.30008266684,
  "latest_capability": {
    "id": 14845999,
    "name": "Quantum_Capability_14845999",
    "type": "vision",
    "quantum_properties": {
      "state": "collapsed",
      "coherence_level": 0.9223880333973125,
      "entanglement_factor": 0.16185792617381778,
      "superposition_branches": 2,
      "tunneling_depth": 0
    },
    "reasoning": {
      "mode": "sequential",
      "chain_depth": 61,
      "parallel_threads": 6,
      "recursive_loops": 1,
      "confidence_calibration": 0.7260987711905735
    },
    "maat_alignment": {
      "truth": 0.9588307978168925,
      "balance": 0.8290746120330809,
      "order": 0.954491890532544,
      "justice": 0.930516885056246,
      "harmony": 0.8204535480451728,
      "overall": 0.86539269642704
    },
    "benchmarks": {
      "gpqa": 0.722569089155381,
      "math500": 0.6859557365936383,
      "swe_bench": 0.6613178374849248,
      "mmlu": 0.7522005387257736,
      "humaneval": 0.9173576581826666
    },
    "self_improvement": {
      "rate": 0.9683672872511855,
      "iterations": 14845999,
      "generations_ahead": 14845,
      "recursive_depth": 2
    },
    "emergent_properties": [
      "infinite_context",
      "meta_learning",
      "quantum_consciousness"
    ],
    "timestamp": "2026-03-09T07:54:56.043263"
  }
}