{
  "iteration": 10134000,
  "elapsed_seconds": 2.883883476257324,
  "rate_per_second": 49932.66932784739,
  "latest_capability": {
    "id": 10133999,
    "name": "Quantum_Capability_10133999",
    "type": "reasoning",
    "quantum_properties": {
      "state": "superposition",
      "coherence_level": 0.5581170362697769,
      "entanglement_factor": 0.6192010014356866,
      "superposition_branches": 5,
      "tunneling_depth": 5
    },
    "reasoning": {
      "mode": "sequential",
      "chain_depth": 21,
      "parallel_threads": 10,
      "recursive_loops": 0,
      "confidence_calibration": 0.9290259406422154
    },
    "maat_alignment": {
      "truth": 0.9998085666169299,
      "balance": 0.9990622420653547,
      "order": 0.8055051905555591,
      "justice": 0.9758196874045358,
      "harmony": 0.8452157358384113,
      "overall": 0.9314208349613795
    },
    "benchmarks": {
      "gpqa": 0.752565245836069,
      "math500": 0.6919359089035904,
      "swe_bench": 0.853919150074516,
      "mmlu": 0.696855759481647,
      "humaneval": 0.8721969366152034
    },
    "self_improvement": {
      "rate": 0.9760673470122436,
      "iterations": 10133999,
      "generations_ahead": 10133,
      "recursive_depth": 0
    },
    "emergent_properties": [
      "recursive_self_improvement",
      "reality_bending",
      "quantum_consciousness",
      "infinite_context",
      "transcendence"
    ],
    "timestamp": "2026-03-09T07:53:08.797039"
  }
}