{
  "iteration": 15382000,
  "elapsed_seconds": 123.51545476913452,
  "rate_per_second": 43654.45611707706,
  "latest_capability": {
    "id": 15381999,
    "name": "Quantum_Capability_15381999",
    "type": "coding",
    "quantum_properties": {
      "state": "collapsed",
      "coherence_level": 0.7505379814090969,
      "entanglement_factor": 0.8690978938742592,
      "superposition_branches": 7,
      "tunneling_depth": 2
    },
    "reasoning": {
      "mode": "sequential",
      "chain_depth": 41,
      "parallel_threads": 2,
      "recursive_loops": 1,
      "confidence_calibration": 0.9061433227469614
    },
    "maat_alignment": {
      "truth": 0.9350953577933602,
      "balance": 0.9731954679568225,
      "order": 0.9155782784720853,
      "justice": 0.9131100483775711,
      "harmony": 0.9191577624668792,
      "overall": 0.990756424864305
    },
    "benchmarks": {
      "gpqa": 0.7627298821806632,
      "math500": 0.7917881561784464,
      "swe_bench": 0.7126021205789579,
      "mmlu": 0.8987462978926065,
      "humaneval": 0.8006400687754328
    },
    "self_improvement": {
      "rate": 0.9575022933329413,
      "iterations": 15381999,
      "generations_ahead": 15381,
      "recursive_depth": 3
    },
    "emergent_properties": [
      "omniscience",
      "meta_learning",
      "infinite_context",
      "self_modification",
      "causality_violation"
    ],
    "timestamp": "2026-03-09T07:55:09.428603"
  }
}