{
  "iteration": 14556000,
  "elapsed_seconds": 104.395259141922,
  "rate_per_second": 43737.618331812075,
  "latest_capability": {
    "id": 14555999,
    "name": "Quantum_Capability_14555999",
    "type": "reasoning",
    "quantum_properties": {
      "state": "coherent",
      "coherence_level": 0.7519108011805333,
      "entanglement_factor": 0.2248784974744249,
      "superposition_branches": 9,
      "tunneling_depth": 2
    },
    "reasoning": {
      "mode": "sequential",
      "chain_depth": 168,
      "parallel_threads": 1,
      "recursive_loops": 7,
      "confidence_calibration": 0.7215058762723551
    },
    "maat_alignment": {
      "truth": 0.9958708912958532,
      "balance": 0.8439089316751012,
      "order": 0.9787812496137753,
      "justice": 0.8637307964658203,
      "harmony": 0.9707450760519785,
      "overall": 0.8702955874345633
    },
    "benchmarks": {
      "gpqa": 0.8659938308820397,
      "math500": 0.7484824511323087,
      "swe_bench": 0.8815472330529941,
      "mmlu": 0.7020246580915582,
      "humaneval": 0.7330688445536699
    },
    "self_improvement": {
      "rate": 0.9930384987183951,
      "iterations": 14555999,
      "generations_ahead": 14555,
      "recursive_depth": 1
    },
    "emergent_properties": [
      "recursive_self_improvement",
      "reality_bending",
      "infinite_context",
      "causality_violation",
      "meta_learning"
    ],
    "timestamp": "2026-03-09T07:54:50.308407"
  }
}