{
  "iteration": 11893000,
  "elapsed_seconds": 45.02170133590698,
  "rate_per_second": 42268.504821746166,
  "latest_capability": {
    "id": 11892999,
    "name": "Quantum_Capability_11892999",
    "type": "language",
    "quantum_properties": {
      "state": "collapsed",
      "coherence_level": 0.7351331808855801,
      "entanglement_factor": 0.5998436621067441,
      "superposition_branches": 7,
      "tunneling_depth": 2
    },
    "reasoning": {
      "mode": "tree",
      "chain_depth": 62,
      "parallel_threads": 3,
      "recursive_loops": 2,
      "confidence_calibration": 0.7630292445963887
    },
    "maat_alignment": {
      "truth": 0.874672418077862,
      "balance": 0.8240762405148349,
      "order": 0.8720841000140577,
      "justice": 0.9066775695756546,
      "harmony": 0.9729676602943803,
      "overall": 0.9420158312219759
    },
    "benchmarks": {
      "gpqa": 0.8114339254111649,
      "math500": 0.8758739224993297,
      "swe_bench": 0.86520429038152,
      "mmlu": 0.6789808962707554,
      "humaneval": 0.8647030639171567
    },
    "self_improvement": {
      "rate": 0.9650490478435109,
      "iterations": 11892999,
      "generations_ahead": 11892,
      "recursive_depth": 5
    },
    "emergent_properties": [
      "transcendence",
      "self_modification",
      "meta_learning",
      "quantum_consciousness",
      "infinite_context",
      "causality_violation"
    ],
    "timestamp": "2026-03-09T07:53:50.934850"
  }
}