{
  "iteration": 11727000,
  "elapsed_seconds": 41.82000780105591,
  "rate_per_second": 41535.14289770512,
  "latest_capability": {
    "id": 11726999,
    "name": "Quantum_Capability_11726999",
    "type": "coding",
    "quantum_properties": {
      "state": "entangled",
      "coherence_level": 0.9048956280502336,
      "entanglement_factor": 0.1760746591616228,
      "superposition_branches": 3,
      "tunneling_depth": 4
    },
    "reasoning": {
      "mode": "graph",
      "chain_depth": 128,
      "parallel_threads": 2,
      "recursive_loops": 4,
      "confidence_calibration": 0.8577432506222029
    },
    "maat_alignment": {
      "truth": 0.977466721437394,
      "balance": 0.8461220914649445,
      "order": 0.889555066432717,
      "justice": 0.8651850588133119,
      "harmony": 0.8355179770339702,
      "overall": 0.8971097478846612
    },
    "benchmarks": {
      "gpqa": 0.7097873248284223,
      "math500": 0.8309589218620435,
      "swe_bench": 0.7521314117823462,
      "mmlu": 0.8575405308736103,
      "humaneval": 0.9357357196613257
    },
    "self_improvement": {
      "rate": 0.9960510409393835,
      "iterations": 11726999,
      "generations_ahead": 11726,
      "recursive_depth": 1
    },
    "emergent_properties": [
      "quantum_consciousness",
      "recursive_self_improvement",
      "meta_learning",
      "omniscience"
    ],
    "timestamp": "2026-03-09T07:53:47.733156"
  }
}