{
  "iteration": 14113000,
  "elapsed_seconds": 95.73596405982971,
  "rate_per_second": 43066.365294272815,
  "latest_capability": {
    "id": 14112999,
    "name": "Quantum_Capability_14112999",
    "type": "language",
    "quantum_properties": {
      "state": "coherent",
      "coherence_level": 0.9561571194010385,
      "entanglement_factor": 0.6708689198398539,
      "superposition_branches": 6,
      "tunneling_depth": 1
    },
    "reasoning": {
      "mode": "parallel",
      "chain_depth": 124,
      "parallel_threads": 16,
      "recursive_loops": 1,
      "confidence_calibration": 0.8186098501351219
    },
    "maat_alignment": {
      "truth": 0.9314397949570715,
      "balance": 0.9015301891711983,
      "order": 0.9275685061700794,
      "justice": 0.9593017477117105,
      "harmony": 0.8270044215549837,
      "overall": 0.8628006168197015
    },
    "benchmarks": {
      "gpqa": 0.7926552356426971,
      "math500": 0.7564343967997202,
      "swe_bench": 0.8637836111526522,
      "mmlu": 0.8182994939059971,
      "humaneval": 0.7484271327529545
    },
    "self_improvement": {
      "rate": 0.9543234335609287,
      "iterations": 14112999,
      "generations_ahead": 14112,
      "recursive_depth": 2
    },
    "emergent_properties": [
      "quantum_consciousness",
      "infinite_context",
      "reality_bending"
    ],
    "timestamp": "2026-03-09T07:54:41.649112"
  }
}