{
  "iteration": 17799000,
  "elapsed_seconds": 173.1895616054535,
  "rate_per_second": 45089.32251811939,
  "latest_capability": {
    "id": 17798999,
    "name": "Quantum_Capability_17798999",
    "type": "language",
    "quantum_properties": {
      "state": "coherent",
      "coherence_level": 0.6012165530861637,
      "entanglement_factor": 0.35294364444252824,
      "superposition_branches": 10,
      "tunneling_depth": 1
    },
    "reasoning": {
      "mode": "sequential",
      "chain_depth": 71,
      "parallel_threads": 7,
      "recursive_loops": 1,
      "confidence_calibration": 0.7794593168600695
    },
    "maat_alignment": {
      "truth": 0.917084616113439,
      "balance": 0.9775941549495455,
      "order": 0.9740188157724652,
      "justice": 0.9815554302453825,
      "harmony": 0.8127543344308064,
      "overall": 0.9610133313343137
    },
    "benchmarks": {
      "gpqa": 0.9295727923727725,
      "math500": 0.8581600150866111,
      "swe_bench": 0.7006695902989329,
      "mmlu": 0.7531007559121087,
      "humaneval": 0.7659160170511992
    },
    "self_improvement": {
      "rate": 0.9687090662480492,
      "iterations": 17798999,
      "generations_ahead": 17798,
      "recursive_depth": 2
    },
    "emergent_properties": [
      "infinite_context",
      "meta_learning",
      "self_modification"
    ],
    "timestamp": "2026-03-09T07:55:59.102710"
  }
}