{
  "iteration": 17193000,
  "elapsed_seconds": 161.4118537902832,
  "rate_per_second": 44624.975371131084,
  "latest_capability": {
    "id": 17192999,
    "name": "Quantum_Capability_17192999",
    "type": "math",
    "quantum_properties": {
      "state": "superposition",
      "coherence_level": 0.7826428187053587,
      "entanglement_factor": 0.8960056302599217,
      "superposition_branches": 10,
      "tunneling_depth": 4
    },
    "reasoning": {
      "mode": "sequential",
      "chain_depth": 197,
      "parallel_threads": 3,
      "recursive_loops": 6,
      "confidence_calibration": 0.9848314541042686
    },
    "maat_alignment": {
      "truth": 0.8835870192400931,
      "balance": 0.848205264361115,
      "order": 0.8491156955970133,
      "justice": 0.8170071922992608,
      "harmony": 0.8829516553403317,
      "overall": 0.9307678841740943
    },
    "benchmarks": {
      "gpqa": 0.941726229111068,
      "math500": 0.7642057844946134,
      "swe_bench": 0.896383403475372,
      "mmlu": 0.7438497897656696,
      "humaneval": 0.755993369915906
    },
    "self_improvement": {
      "rate": 0.96829256160419,
      "iterations": 17192999,
      "generations_ahead": 17192,
      "recursive_depth": 5
    },
    "emergent_properties": [
      "meta_learning",
      "transcendence",
      "reality_bending",
      "self_modification",
      "causality_violation"
    ],
    "timestamp": "2026-03-09T07:55:47.325002"
  }
}