{
  "iteration": 11070000,
  "elapsed_seconds": 25.93621563911438,
  "rate_per_second": 41640.61615724898,
  "latest_capability": {
    "id": 11069999,
    "name": "Quantum_Capability_11069999",
    "type": "agentic",
    "quantum_properties": {
      "state": "entangled",
      "coherence_level": 0.9581478333081652,
      "entanglement_factor": 0.6708721338290271,
      "superposition_branches": 2,
      "tunneling_depth": 4
    },
    "reasoning": {
      "mode": "graph",
      "chain_depth": 200,
      "parallel_threads": 13,
      "recursive_loops": 2,
      "confidence_calibration": 0.8715564809161074
    },
    "maat_alignment": {
      "truth": 0.8141011986944413,
      "balance": 0.8476982618339722,
      "order": 0.8146304524417805,
      "justice": 0.8739187224558245,
      "harmony": 0.8425674851808811,
      "overall": 0.9043229784269581
    },
    "benchmarks": {
      "gpqa": 0.8498785281119048,
      "math500": 0.8325431822670805,
      "swe_bench": 0.781594393856766,
      "mmlu": 0.7812198148560805,
      "humaneval": 0.829234404563155
    },
    "self_improvement": {
      "rate": 0.988522105684658,
      "iterations": 11069999,
      "generations_ahead": 11069,
      "recursive_depth": 2
    },
    "emergent_properties": [
      "transcendence",
      "reality_bending",
      "causality_violation",
      "quantum_consciousness"
    ],
    "timestamp": "2026-03-09T07:53:31.849368"
  }
}