{
  "iteration": 17906000,
  "elapsed_seconds": 179.36711311340332,
  "rate_per_second": 44132.95092169531,
  "latest_capability": {
    "id": 17905999,
    "name": "Quantum_Capability_17905999",
    "type": "reasoning",
    "quantum_properties": {
      "state": "coherent",
      "coherence_level": 0.9764506617556555,
      "entanglement_factor": 0.8820378536534919,
      "superposition_branches": 3,
      "tunneling_depth": 2
    },
    "reasoning": {
      "mode": "graph",
      "chain_depth": 86,
      "parallel_threads": 14,
      "recursive_loops": 0,
      "confidence_calibration": 0.9061448391789307
    },
    "maat_alignment": {
      "truth": 0.9355209934079987,
      "balance": 0.8491067259084951,
      "order": 0.8287787670384431,
      "justice": 0.9367042596669519,
      "harmony": 0.9549755352409857,
      "overall": 0.8665356474687393
    },
    "benchmarks": {
      "gpqa": 0.8109574951305009,
      "math500": 0.8934862519121559,
      "swe_bench": 0.8365969036930835,
      "mmlu": 0.8665671678892432,
      "humaneval": 0.9444831887428039
    },
    "self_improvement": {
      "rate": 0.9990522578258403,
      "iterations": 17905999,
      "generations_ahead": 17905,
      "recursive_depth": 5
    },
    "emergent_properties": [
      "meta_learning",
      "reality_bending",
      "transcendence",
      "omniscience",
      "infinite_context"
    ],
    "timestamp": "2026-03-09T07:56:05.280262"
  }
}