{
  "iteration": 12849000,
  "elapsed_seconds": 66.71046423912048,
  "rate_per_second": 42856.84461364338,
  "latest_capability": {
    "id": 12848999,
    "name": "Quantum_Capability_12848999",
    "type": "math",
    "quantum_properties": {
      "state": "coherent",
      "coherence_level": 0.9121442566986357,
      "entanglement_factor": 0.22539510152814246,
      "superposition_branches": 10,
      "tunneling_depth": 1
    },
    "reasoning": {
      "mode": "graph",
      "chain_depth": 77,
      "parallel_threads": 16,
      "recursive_loops": 4,
      "confidence_calibration": 0.8289866939213644
    },
    "maat_alignment": {
      "truth": 0.8586373390888375,
      "balance": 0.9335396721667193,
      "order": 0.9292563543459919,
      "justice": 0.9240187162005696,
      "harmony": 0.9987499607655048,
      "overall": 0.9372552744165971
    },
    "benchmarks": {
      "gpqa": 0.8847390096489337,
      "math500": 0.8511814137825486,
      "swe_bench": 0.7267259662142513,
      "mmlu": 0.7585782595319468,
      "humaneval": 0.9075729887794535
    },
    "self_improvement": {
      "rate": 0.9913030087538792,
      "iterations": 12848999,
      "generations_ahead": 12848,
      "recursive_depth": 5
    },
    "emergent_properties": [
      "meta_learning",
      "omniscience",
      "recursive_self_improvement",
      "quantum_consciousness",
      "self_modification"
    ],
    "timestamp": "2026-03-09T07:54:12.623617"
  }
}