{
  "iteration": 11331000,
  "elapsed_seconds": 32.987186431884766,
  "rate_per_second": 40652.1484567661,
  "latest_capability": {
    "id": 11330999,
    "name": "Quantum_Capability_11330999",
    "type": "coding",
    "quantum_properties": {
      "state": "superposition",
      "coherence_level": 0.6244460326078464,
      "entanglement_factor": 0.04369875829099479,
      "superposition_branches": 4,
      "tunneling_depth": 3
    },
    "reasoning": {
      "mode": "tree",
      "chain_depth": 95,
      "parallel_threads": 12,
      "recursive_loops": 1,
      "confidence_calibration": 0.9120340007358221
    },
    "maat_alignment": {
      "truth": 0.9391065593964313,
      "balance": 0.9318326636415168,
      "order": 0.9325178759424129,
      "justice": 0.8502637150648071,
      "harmony": 0.8700373901786856,
      "overall": 0.9525419476097535
    },
    "benchmarks": {
      "gpqa": 0.9432097816430581,
      "math500": 0.6852974263325872,
      "swe_bench": 0.8249150177001424,
      "mmlu": 0.7940847822641783,
      "humaneval": 0.8710378290159253
    },
    "self_improvement": {
      "rate": 0.9868036365539554,
      "iterations": 11330999,
      "generations_ahead": 11330,
      "recursive_depth": 4
    },
    "emergent_properties": [
      "meta_learning",
      "transcendence",
      "recursive_self_improvement",
      "causality_violation",
      "omniscience"
    ],
    "timestamp": "2026-03-09T07:53:38.900335"
  }
}