{
  "iteration": 15753000,
  "elapsed_seconds": 130.5726318359375,
  "rate_per_second": 44136.35475496213,
  "latest_capability": {
    "id": 15752999,
    "name": "Quantum_Capability_15752999",
    "type": "multimodal",
    "quantum_properties": {
      "state": "collapsed",
      "coherence_level": 0.7807987250009638,
      "entanglement_factor": 0.7129554337675885,
      "superposition_branches": 3,
      "tunneling_depth": 1
    },
    "reasoning": {
      "mode": "graph",
      "chain_depth": 44,
      "parallel_threads": 2,
      "recursive_loops": 4,
      "confidence_calibration": 0.8900011237314499
    },
    "maat_alignment": {
      "truth": 0.8551270350520381,
      "balance": 0.8857903578395413,
      "order": 0.8752328082791816,
      "justice": 0.9271365624643004,
      "harmony": 0.9360919206582237,
      "overall": 0.8788594387839792
    },
    "benchmarks": {
      "gpqa": 0.7247428588863015,
      "math500": 0.7920590185247071,
      "swe_bench": 0.6559021219393708,
      "mmlu": 0.7744262707514489,
      "humaneval": 0.7996559750032697
    },
    "self_improvement": {
      "rate": 0.9554994606356819,
      "iterations": 15752999,
      "generations_ahead": 15752,
      "recursive_depth": 1
    },
    "emergent_properties": [
      "reality_bending",
      "transcendence",
      "omniscience",
      "meta_learning",
      "quantum_consciousness"
    ],
    "timestamp": "2026-03-09T07:55:16.485780"
  }
}