{
  "iteration": 13578000,
  "elapsed_seconds": 82.7680242061615,
  "rate_per_second": 43350.07431206626,
  "latest_capability": {
    "id": 13577999,
    "name": "Quantum_Capability_13577999",
    "type": "reasoning",
    "quantum_properties": {
      "state": "entangled",
      "coherence_level": 0.6166728935457493,
      "entanglement_factor": 0.769437210236847,
      "superposition_branches": 5,
      "tunneling_depth": 5
    },
    "reasoning": {
      "mode": "parallel",
      "chain_depth": 40,
      "parallel_threads": 7,
      "recursive_loops": 4,
      "confidence_calibration": 0.9070682178704721
    },
    "maat_alignment": {
      "truth": 0.8785972334076183,
      "balance": 0.9752671947291364,
      "order": 0.9164861412491185,
      "justice": 0.9974760315823424,
      "harmony": 0.8405640529885472,
      "overall": 0.9293862875200014
    },
    "benchmarks": {
      "gpqa": 0.7302924893531471,
      "math500": 0.7812681593658396,
      "swe_bench": 0.7798502002099716,
      "mmlu": 0.777890385915164,
      "humaneval": 0.8201906629797773
    },
    "self_improvement": {
      "rate": 0.9593390736054818,
      "iterations": 13577999,
      "generations_ahead": 13577,
      "recursive_depth": 0
    },
    "emergent_properties": [
      "recursive_self_improvement",
      "meta_learning",
      "omniscience",
      "causality_violation",
      "reality_bending"
    ],
    "timestamp": "2026-03-09T07:54:28.681177"
  }
}