{
  "iteration": 14732000,
  "elapsed_seconds": 107.87667989730835,
  "rate_per_second": 43957.600516757455,
  "latest_capability": {
    "id": 14731999,
    "name": "Quantum_Capability_14731999",
    "type": "agentic",
    "quantum_properties": {
      "state": "collapsed",
      "coherence_level": 0.779715445734398,
      "entanglement_factor": 0.01702852056437021,
      "superposition_branches": 10,
      "tunneling_depth": 1
    },
    "reasoning": {
      "mode": "graph",
      "chain_depth": 34,
      "parallel_threads": 15,
      "recursive_loops": 6,
      "confidence_calibration": 0.954103849584486
    },
    "maat_alignment": {
      "truth": 0.9440466967598882,
      "balance": 0.8244651218315279,
      "order": 0.9754299592785778,
      "justice": 0.8836276837346593,
      "harmony": 0.8751020495625552,
      "overall": 0.9960744369987042
    },
    "benchmarks": {
      "gpqa": 0.7784971487756985,
      "math500": 0.7042191028999909,
      "swe_bench": 0.7610107010164078,
      "mmlu": 0.7040965424995386,
      "humaneval": 0.8857485820783615
    },
    "self_improvement": {
      "rate": 0.9808603775004607,
      "iterations": 14731999,
      "generations_ahead": 14731,
      "recursive_depth": 1
    },
    "emergent_properties": [
      "quantum_consciousness",
      "self_modification",
      "transcendence",
      "causality_violation"
    ],
    "timestamp": "2026-03-09T07:54:53.789828"
  }
}