{
  "iteration": 17747000,
  "elapsed_seconds": 172.4640462398529,
  "rate_per_second": 44977.49049220391,
  "latest_capability": {
    "id": 17746999,
    "name": "Quantum_Capability_17746999",
    "type": "coding",
    "quantum_properties": {
      "state": "coherent",
      "coherence_level": 0.8837990857912981,
      "entanglement_factor": 0.41000221621773103,
      "superposition_branches": 10,
      "tunneling_depth": 4
    },
    "reasoning": {
      "mode": "parallel",
      "chain_depth": 190,
      "parallel_threads": 13,
      "recursive_loops": 10,
      "confidence_calibration": 0.7772439055637351
    },
    "maat_alignment": {
      "truth": 0.9692789926982875,
      "balance": 0.8871797015461379,
      "order": 0.8795036342095817,
      "justice": 0.8287244316586582,
      "harmony": 0.8008887598761109,
      "overall": 0.9118493372391758
    },
    "benchmarks": {
      "gpqa": 0.8729369853755286,
      "math500": 0.7916895030491259,
      "swe_bench": 0.8797838325676672,
      "mmlu": 0.6593269974482653,
      "humaneval": 0.799089327873604
    },
    "self_improvement": {
      "rate": 0.9683964633044573,
      "iterations": 17746999,
      "generations_ahead": 17746,
      "recursive_depth": 4
    },
    "emergent_properties": [
      "reality_bending",
      "transcendence",
      "meta_learning",
      "self_modification"
    ],
    "timestamp": "2026-03-09T07:55:58.377198"
  }
}