{
  "iteration": 10272000,
  "elapsed_seconds": 6.045717000961304,
  "rate_per_second": 46644.59152738383,
  "latest_capability": {
    "id": 10271999,
    "name": "Quantum_Capability_10271999",
    "type": "multimodal",
    "quantum_properties": {
      "state": "entangled",
      "coherence_level": 0.7816547166575187,
      "entanglement_factor": 0.6553227657730648,
      "superposition_branches": 8,
      "tunneling_depth": 1
    },
    "reasoning": {
      "mode": "sequential",
      "chain_depth": 82,
      "parallel_threads": 4,
      "recursive_loops": 5,
      "confidence_calibration": 0.8694347149045605
    },
    "maat_alignment": {
      "truth": 0.8218485993810519,
      "balance": 0.8737384543962268,
      "order": 0.8949244697989045,
      "justice": 0.8378499105868039,
      "harmony": 0.9907852245998691,
      "overall": 0.9564761478486234
    },
    "benchmarks": {
      "gpqa": 0.7802564400940246,
      "math500": 0.7288065730519117,
      "swe_bench": 0.6861840957005818,
      "mmlu": 0.8630132911005697,
      "humaneval": 0.7287668461254675
    },
    "self_improvement": {
      "rate": 0.9520138549068913,
      "iterations": 10271999,
      "generations_ahead": 10271,
      "recursive_depth": 3
    },
    "emergent_properties": [
      "recursive_self_improvement",
      "transcendence",
      "infinite_context",
      "reality_bending",
      "meta_learning",
      "self_modification"
    ],
    "timestamp": "2026-03-09T07:53:11.958877"
  }
}