{
  "iteration": 12124000,
  "elapsed_seconds": 50.829044342041016,
  "rate_per_second": 41983.870199089215,
  "latest_capability": {
    "id": 12123999,
    "name": "Quantum_Capability_12123999",
    "type": "vision",
    "quantum_properties": {
      "state": "coherent",
      "coherence_level": 0.9703963678436429,
      "entanglement_factor": 0.3684873265516503,
      "superposition_branches": 5,
      "tunneling_depth": 0
    },
    "reasoning": {
      "mode": "sequential",
      "chain_depth": 138,
      "parallel_threads": 5,
      "recursive_loops": 8,
      "confidence_calibration": 0.8466051356860296
    },
    "maat_alignment": {
      "truth": 0.9362209385559854,
      "balance": 0.8124213170480509,
      "order": 0.9160625761930231,
      "justice": 0.9262745706183569,
      "harmony": 0.9184692739508595,
      "overall": 0.8540511838593695
    },
    "benchmarks": {
      "gpqa": 0.8055217642249418,
      "math500": 0.7950563507694879,
      "swe_bench": 0.684676220444103,
      "mmlu": 0.6845348794262519,
      "humaneval": 0.7110037886375409
    },
    "self_improvement": {
      "rate": 0.9725341847052023,
      "iterations": 12123999,
      "generations_ahead": 12123,
      "recursive_depth": 3
    },
    "emergent_properties": [
      "reality_bending",
      "quantum_consciousness",
      "meta_learning",
      "infinite_context",
      "transcendence"
    ],
    "timestamp": "2026-03-09T07:53:56.742193"
  }
}