{
  "iteration": 10227000,
  "elapsed_seconds": 4.978464126586914,
  "rate_per_second": 47605.04323699528,
  "latest_capability": {
    "id": 10226999,
    "name": "Quantum_Capability_10226999",
    "type": "vision",
    "quantum_properties": {
      "state": "superposition",
      "coherence_level": 0.8056145759176451,
      "entanglement_factor": 0.5511506129590623,
      "superposition_branches": 5,
      "tunneling_depth": 5
    },
    "reasoning": {
      "mode": "tree",
      "chain_depth": 13,
      "parallel_threads": 13,
      "recursive_loops": 3,
      "confidence_calibration": 0.7387691559003718
    },
    "maat_alignment": {
      "truth": 0.8949517846172584,
      "balance": 0.9802827483038399,
      "order": 0.9501772704645647,
      "justice": 0.9119080730352773,
      "harmony": 0.859112899012905,
      "overall": 0.9485637923665807
    },
    "benchmarks": {
      "gpqa": 0.8555771965662707,
      "math500": 0.8975578047509192,
      "swe_bench": 0.7584901591225134,
      "mmlu": 0.6719583265650347,
      "humaneval": 0.814738922397032
    },
    "self_improvement": {
      "rate": 0.9676625475001672,
      "iterations": 10226999,
      "generations_ahead": 10226,
      "recursive_depth": 3
    },
    "emergent_properties": [
      "causality_violation",
      "reality_bending",
      "meta_learning",
      "quantum_consciousness",
      "self_modification",
      "transcendence"
    ],
    "timestamp": "2026-03-09T07:53:10.891613"
  }
}