{
  "iteration": 16009000,
  "elapsed_seconds": 135.3612141609192,
  "rate_per_second": 44466.20870912501,
  "latest_capability": {
    "id": 16008999,
    "name": "Quantum_Capability_16008999",
    "type": "language",
    "quantum_properties": {
      "state": "coherent",
      "coherence_level": 0.9835090382358753,
      "entanglement_factor": 0.013309487167586509,
      "superposition_branches": 10,
      "tunneling_depth": 1
    },
    "reasoning": {
      "mode": "graph",
      "chain_depth": 99,
      "parallel_threads": 13,
      "recursive_loops": 2,
      "confidence_calibration": 0.7771404491914756
    },
    "maat_alignment": {
      "truth": 0.859918784957465,
      "balance": 0.8768631030942293,
      "order": 0.9889187128944222,
      "justice": 0.9455674537655343,
      "harmony": 0.8140496490143655,
      "overall": 0.9293685424923404
    },
    "benchmarks": {
      "gpqa": 0.7517628547196821,
      "math500": 0.7935461626673244,
      "swe_bench": 0.6643775610321395,
      "mmlu": 0.8635755745811518,
      "humaneval": 0.892535200310396
    },
    "self_improvement": {
      "rate": 0.9929593137072765,
      "iterations": 16008999,
      "generations_ahead": 16008,
      "recursive_depth": 2
    },
    "emergent_properties": [
      "reality_bending",
      "self_modification",
      "omniscience",
      "recursive_self_improvement",
      "meta_learning"
    ],
    "timestamp": "2026-03-09T07:55:21.274367"
  }
}