{
  "iteration": 11843000,
  "elapsed_seconds": 44.03883504867554,
  "rate_per_second": 42076.49902527857,
  "latest_capability": {
    "id": 11842999,
    "name": "Quantum_Capability_11842999",
    "type": "language",
    "quantum_properties": {
      "state": "coherent",
      "coherence_level": 0.8345375305561178,
      "entanglement_factor": 0.015785947400097422,
      "superposition_branches": 3,
      "tunneling_depth": 5
    },
    "reasoning": {
      "mode": "graph",
      "chain_depth": 85,
      "parallel_threads": 10,
      "recursive_loops": 0,
      "confidence_calibration": 0.7016044300169746
    },
    "maat_alignment": {
      "truth": 0.9918778455685726,
      "balance": 0.8995630240411717,
      "order": 0.9515345348538695,
      "justice": 0.8417126268878564,
      "harmony": 0.9256174364694605,
      "overall": 0.9685902680270301
    },
    "benchmarks": {
      "gpqa": 0.8287771740255196,
      "math500": 0.7030610276392169,
      "swe_bench": 0.7848694984437705,
      "mmlu": 0.6708169654327394,
      "humaneval": 0.7105285311360526
    },
    "self_improvement": {
      "rate": 0.9641866286664404,
      "iterations": 11842999,
      "generations_ahead": 11842,
      "recursive_depth": 5
    },
    "emergent_properties": [
      "recursive_self_improvement",
      "reality_bending",
      "transcendence"
    ],
    "timestamp": "2026-03-09T07:53:49.951983"
  }
}