{
  "iteration": 14565000,
  "elapsed_seconds": 104.51685667037964,
  "rate_per_second": 43772.84340293949,
  "latest_capability": {
    "id": 14564999,
    "name": "Quantum_Capability_14564999",
    "type": "reasoning",
    "quantum_properties": {
      "state": "entangled",
      "coherence_level": 0.5350563467662486,
      "entanglement_factor": 0.1693738442814141,
      "superposition_branches": 7,
      "tunneling_depth": 2
    },
    "reasoning": {
      "mode": "parallel",
      "chain_depth": 108,
      "parallel_threads": 14,
      "recursive_loops": 1,
      "confidence_calibration": 0.9907072924248239
    },
    "maat_alignment": {
      "truth": 0.8294167958540464,
      "balance": 0.9157492043536511,
      "order": 0.9066813125970195,
      "justice": 0.9483769999770078,
      "harmony": 0.8027861045702118,
      "overall": 0.9138812144770699
    },
    "benchmarks": {
      "gpqa": 0.8764414720749251,
      "math500": 0.6952193173928243,
      "swe_bench": 0.7458893137114447,
      "mmlu": 0.7922095713801707,
      "humaneval": 0.8943695762667855
    },
    "self_improvement": {
      "rate": 0.9904556523149614,
      "iterations": 14564999,
      "generations_ahead": 14564,
      "recursive_depth": 3
    },
    "emergent_properties": [
      "quantum_consciousness",
      "meta_learning",
      "self_modification"
    ],
    "timestamp": "2026-03-09T07:54:50.430004"
  }
}