{
  "iteration": 11206000,
  "elapsed_seconds": 29.078768491744995,
  "rate_per_second": 41817.45180664041,
  "latest_capability": {
    "id": 11205999,
    "name": "Quantum_Capability_11205999",
    "type": "math",
    "quantum_properties": {
      "state": "superposition",
      "coherence_level": 0.8455247797862041,
      "entanglement_factor": 0.19361737266589119,
      "superposition_branches": 5,
      "tunneling_depth": 1
    },
    "reasoning": {
      "mode": "parallel",
      "chain_depth": 120,
      "parallel_threads": 16,
      "recursive_loops": 9,
      "confidence_calibration": 0.8019254150459346
    },
    "maat_alignment": {
      "truth": 0.8751952808842169,
      "balance": 0.9223969276498589,
      "order": 0.883355379688644,
      "justice": 0.9742886108740371,
      "harmony": 0.8329059439461783,
      "overall": 0.9299750763229457
    },
    "benchmarks": {
      "gpqa": 0.7221900226702043,
      "math500": 0.8290990878150993,
      "swe_bench": 0.8829136467056992,
      "mmlu": 0.8603544912110014,
      "humaneval": 0.8275958024409987
    },
    "self_improvement": {
      "rate": 0.9507515589257506,
      "iterations": 11205999,
      "generations_ahead": 11205,
      "recursive_depth": 2
    },
    "emergent_properties": [
      "reality_bending",
      "infinite_context",
      "quantum_consciousness",
      "causality_violation",
      "recursive_self_improvement",
      "omniscience"
    ],
    "timestamp": "2026-03-09T07:53:34.991925"
  }
}