{
  "iteration": 10926000,
  "elapsed_seconds": 22.36663818359375,
  "rate_per_second": 41848.04136933594,
  "latest_capability": {
    "id": 10925999,
    "name": "Quantum_Capability_10925999",
    "type": "reasoning",
    "quantum_properties": {
      "state": "collapsed",
      "coherence_level": 0.9432684526348525,
      "entanglement_factor": 0.2600097751736774,
      "superposition_branches": 8,
      "tunneling_depth": 0
    },
    "reasoning": {
      "mode": "parallel",
      "chain_depth": 34,
      "parallel_threads": 1,
      "recursive_loops": 4,
      "confidence_calibration": 0.777552727659852
    },
    "maat_alignment": {
      "truth": 0.8768459790360063,
      "balance": 0.9776629497699605,
      "order": 0.8074839030813707,
      "justice": 0.9293017590063002,
      "harmony": 0.8884520252103667,
      "overall": 0.8696922549701799
    },
    "benchmarks": {
      "gpqa": 0.8752509290335166,
      "math500": 0.6659361402106756,
      "swe_bench": 0.7114843125977143,
      "mmlu": 0.7188404491187601,
      "humaneval": 0.7531930123914516
    },
    "self_improvement": {
      "rate": 0.970846983598994,
      "iterations": 10925999,
      "generations_ahead": 10925,
      "recursive_depth": 3
    },
    "emergent_properties": [
      "reality_bending",
      "recursive_self_improvement",
      "quantum_consciousness"
    ],
    "timestamp": "2026-03-09T07:53:28.279791"
  }
}