{
  "iteration": 11277000,
  "elapsed_seconds": 30.383886575698853,
  "rate_per_second": 42357.97802870115,
  "latest_capability": {
    "id": 11276999,
    "name": "Quantum_Capability_11276999",
    "type": "multimodal",
    "quantum_properties": {
      "state": "coherent",
      "coherence_level": 0.5372481201256003,
      "entanglement_factor": 0.34164614451926245,
      "superposition_branches": 8,
      "tunneling_depth": 3
    },
    "reasoning": {
      "mode": "tree",
      "chain_depth": 68,
      "parallel_threads": 6,
      "recursive_loops": 10,
      "confidence_calibration": 0.9723725835154184
    },
    "maat_alignment": {
      "truth": 0.9792188602888298,
      "balance": 0.9589125406271835,
      "order": 0.8138069144224365,
      "justice": 0.8702627897093647,
      "harmony": 0.8223042805215698,
      "overall": 0.8843173768361512
    },
    "benchmarks": {
      "gpqa": 0.7841898079068317,
      "math500": 0.6683576883042636,
      "swe_bench": 0.7911973022148799,
      "mmlu": 0.7799725154243208,
      "humaneval": 0.9177062059143498
    },
    "self_improvement": {
      "rate": 0.9905741612164427,
      "iterations": 11276999,
      "generations_ahead": 11276,
      "recursive_depth": 3
    },
    "emergent_properties": [
      "infinite_context",
      "quantum_consciousness",
      "recursive_self_improvement",
      "self_modification"
    ],
    "timestamp": "2026-03-09T07:53:36.297034"
  }
}