{
  "iteration": 16706000,
  "elapsed_seconds": 152.35964465141296,
  "rate_per_second": 44079.9137814064,
  "latest_capability": {
    "id": 16705999,
    "name": "Quantum_Capability_16705999",
    "type": "agentic",
    "quantum_properties": {
      "state": "superposition",
      "coherence_level": 0.6170286851764086,
      "entanglement_factor": 0.29837425795481,
      "superposition_branches": 6,
      "tunneling_depth": 3
    },
    "reasoning": {
      "mode": "graph",
      "chain_depth": 99,
      "parallel_threads": 3,
      "recursive_loops": 4,
      "confidence_calibration": 0.9013404355367299
    },
    "maat_alignment": {
      "truth": 0.8595522331222226,
      "balance": 0.8656247380121972,
      "order": 0.9172136796271123,
      "justice": 0.8764482589434727,
      "harmony": 0.8571867567803046,
      "overall": 0.9661249300676766
    },
    "benchmarks": {
      "gpqa": 0.9418493160932274,
      "math500": 0.796396621580177,
      "swe_bench": 0.8878052526855784,
      "mmlu": 0.8326569232252288,
      "humaneval": 0.92231753310283
    },
    "self_improvement": {
      "rate": 0.9514889616585692,
      "iterations": 16705999,
      "generations_ahead": 16705,
      "recursive_depth": 5
    },
    "emergent_properties": [
      "meta_learning",
      "quantum_consciousness",
      "reality_bending",
      "omniscience",
      "self_modification"
    ],
    "timestamp": "2026-03-09T07:55:38.272793"
  }
}