{
  "iteration": 11334000,
  "elapsed_seconds": 33.029290199279785,
  "rate_per_second": 40691.15599793623,
  "latest_capability": {
    "id": 11333999,
    "name": "Quantum_Capability_11333999",
    "type": "reasoning",
    "quantum_properties": {
      "state": "collapsed",
      "coherence_level": 0.7095672036925547,
      "entanglement_factor": 0.12892993011936837,
      "superposition_branches": 3,
      "tunneling_depth": 5
    },
    "reasoning": {
      "mode": "graph",
      "chain_depth": 172,
      "parallel_threads": 10,
      "recursive_loops": 6,
      "confidence_calibration": 0.7199337340058757
    },
    "maat_alignment": {
      "truth": 0.9368125528535185,
      "balance": 0.9580635404124779,
      "order": 0.8016027207971852,
      "justice": 0.9806433405625941,
      "harmony": 0.9574387200839142,
      "overall": 0.8578513719496679
    },
    "benchmarks": {
      "gpqa": 0.7141184148705243,
      "math500": 0.7682886875539405,
      "swe_bench": 0.775448997087719,
      "mmlu": 0.8119279503051302,
      "humaneval": 0.8955181103472033
    },
    "self_improvement": {
      "rate": 0.9959220956864122,
      "iterations": 11333999,
      "generations_ahead": 11333,
      "recursive_depth": 1
    },
    "emergent_properties": [
      "meta_learning",
      "causality_violation",
      "quantum_consciousness",
      "recursive_self_improvement",
      "self_modification"
    ],
    "timestamp": "2026-03-09T07:53:38.942442"
  }
}