{
  "iteration": 14780000,
  "elapsed_seconds": 108.88318586349487,
  "rate_per_second": 43992.09999241892,
  "latest_capability": {
    "id": 14779999,
    "name": "Quantum_Capability_14779999",
    "type": "agentic",
    "quantum_properties": {
      "state": "superposition",
      "coherence_level": 0.8040697543934454,
      "entanglement_factor": 0.4635064357546591,
      "superposition_branches": 1,
      "tunneling_depth": 1
    },
    "reasoning": {
      "mode": "sequential",
      "chain_depth": 102,
      "parallel_threads": 2,
      "recursive_loops": 6,
      "confidence_calibration": 0.9416157375230048
    },
    "maat_alignment": {
      "truth": 0.8096276728095647,
      "balance": 0.8265278631109391,
      "order": 0.8817792416695377,
      "justice": 0.8415450572449095,
      "harmony": 0.921645940568959,
      "overall": 0.9477740600900605
    },
    "benchmarks": {
      "gpqa": 0.7827095537285153,
      "math500": 0.6651578084607918,
      "swe_bench": 0.8933742749634375,
      "mmlu": 0.7067914922814496,
      "humaneval": 0.8789195088150972
    },
    "self_improvement": {
      "rate": 0.9647595701805474,
      "iterations": 14779999,
      "generations_ahead": 14779,
      "recursive_depth": 3
    },
    "emergent_properties": [
      "omniscience",
      "causality_violation",
      "recursive_self_improvement"
    ],
    "timestamp": "2026-03-09T07:54:54.796345"
  }
}