{
  "iteration": 15383000,
  "elapsed_seconds": 123.52885150909424,
  "rate_per_second": 43657.817053394734,
  "latest_capability": {
    "id": 15382999,
    "name": "Quantum_Capability_15382999",
    "type": "agentic",
    "quantum_properties": {
      "state": "coherent",
      "coherence_level": 0.5182206209919593,
      "entanglement_factor": 0.9965425269201271,
      "superposition_branches": 4,
      "tunneling_depth": 0
    },
    "reasoning": {
      "mode": "sequential",
      "chain_depth": 83,
      "parallel_threads": 5,
      "recursive_loops": 6,
      "confidence_calibration": 0.9718719127074725
    },
    "maat_alignment": {
      "truth": 0.8843549682878271,
      "balance": 0.9423305051258197,
      "order": 0.8464146482543343,
      "justice": 0.8209757813714085,
      "harmony": 0.9419623063098577,
      "overall": 0.8826839685024699
    },
    "benchmarks": {
      "gpqa": 0.8251253057075228,
      "math500": 0.849171991013264,
      "swe_bench": 0.7806118984575298,
      "mmlu": 0.6871087331357264,
      "humaneval": 0.7378080168069734
    },
    "self_improvement": {
      "rate": 0.9685373890366651,
      "iterations": 15382999,
      "generations_ahead": 15382,
      "recursive_depth": 3
    },
    "emergent_properties": [
      "meta_learning",
      "self_modification",
      "infinite_context",
      "omniscience",
      "causality_violation"
    ],
    "timestamp": "2026-03-09T07:55:09.442004"
  }
}