{
  "iteration": 14146000,
  "elapsed_seconds": 96.49327182769775,
  "rate_per_second": 43070.36046431424,
  "latest_capability": {
    "id": 14145999,
    "name": "Quantum_Capability_14145999",
    "type": "vision",
    "quantum_properties": {
      "state": "collapsed",
      "coherence_level": 0.7006920230647009,
      "entanglement_factor": 0.23728687606489673,
      "superposition_branches": 7,
      "tunneling_depth": 1
    },
    "reasoning": {
      "mode": "sequential",
      "chain_depth": 119,
      "parallel_threads": 14,
      "recursive_loops": 6,
      "confidence_calibration": 0.9575744908820589
    },
    "maat_alignment": {
      "truth": 0.9194895567404335,
      "balance": 0.9911674172812734,
      "order": 0.8126376353454037,
      "justice": 0.9004755206061437,
      "harmony": 0.9506831062818317,
      "overall": 0.8828167580126175
    },
    "benchmarks": {
      "gpqa": 0.796229441862021,
      "math500": 0.7659464505455127,
      "swe_bench": 0.8478799678400181,
      "mmlu": 0.8773739043069453,
      "humaneval": 0.7863883139366152
    },
    "self_improvement": {
      "rate": 0.9593082842763379,
      "iterations": 14145999,
      "generations_ahead": 14145,
      "recursive_depth": 5
    },
    "emergent_properties": [
      "transcendence",
      "recursive_self_improvement",
      "omniscience",
      "self_modification",
      "causality_violation",
      "infinite_context"
    ],
    "timestamp": "2026-03-09T07:54:42.406424"
  }
}