{
  "iteration": 16082000,
  "elapsed_seconds": 137.00396609306335,
  "rate_per_second": 44465.8660163302,
  "latest_capability": {
    "id": 16081999,
    "name": "Quantum_Capability_16081999",
    "type": "multimodal",
    "quantum_properties": {
      "state": "coherent",
      "coherence_level": 0.525143183194803,
      "entanglement_factor": 0.3432297185598525,
      "superposition_branches": 7,
      "tunneling_depth": 1
    },
    "reasoning": {
      "mode": "graph",
      "chain_depth": 131,
      "parallel_threads": 16,
      "recursive_loops": 1,
      "confidence_calibration": 0.830154051118218
    },
    "maat_alignment": {
      "truth": 0.811368371458469,
      "balance": 0.9252527940513613,
      "order": 0.9280746858562834,
      "justice": 0.8476844864477179,
      "harmony": 0.9110348058159924,
      "overall": 0.9357076450579885
    },
    "benchmarks": {
      "gpqa": 0.8037713617926591,
      "math500": 0.6787050263210928,
      "swe_bench": 0.8431975820729006,
      "mmlu": 0.8543950811995357,
      "humaneval": 0.7610488240830484
    },
    "self_improvement": {
      "rate": 0.9810938126883203,
      "iterations": 16081999,
      "generations_ahead": 16081,
      "recursive_depth": 4
    },
    "emergent_properties": [
      "reality_bending",
      "transcendence",
      "causality_violation",
      "quantum_consciousness"
    ],
    "timestamp": "2026-03-09T07:55:22.917119"
  }
}