{
  "iteration": 12729000,
  "elapsed_seconds": 64.45463705062866,
  "rate_per_second": 42495.00308020561,
  "latest_capability": {
    "id": 12728999,
    "name": "Quantum_Capability_12728999",
    "type": "reasoning",
    "quantum_properties": {
      "state": "collapsed",
      "coherence_level": 0.6196309147493646,
      "entanglement_factor": 0.18638888787384722,
      "superposition_branches": 2,
      "tunneling_depth": 5
    },
    "reasoning": {
      "mode": "tree",
      "chain_depth": 172,
      "parallel_threads": 3,
      "recursive_loops": 5,
      "confidence_calibration": 0.8278389436403825
    },
    "maat_alignment": {
      "truth": 0.9182922641587483,
      "balance": 0.9276058183696204,
      "order": 0.9306696972399608,
      "justice": 0.8175842131218669,
      "harmony": 0.8161585826906798,
      "overall": 0.9870106635609553
    },
    "benchmarks": {
      "gpqa": 0.7137595955381983,
      "math500": 0.6598102658177166,
      "swe_bench": 0.850132922831587,
      "mmlu": 0.7196426085195718,
      "humaneval": 0.9350728201341298
    },
    "self_improvement": {
      "rate": 0.951490162260145,
      "iterations": 12728999,
      "generations_ahead": 12728,
      "recursive_depth": 0
    },
    "emergent_properties": [
      "quantum_consciousness",
      "omniscience",
      "causality_violation",
      "infinite_context"
    ],
    "timestamp": "2026-03-09T07:54:10.367785"
  }
}