{
  "iteration": 12007000,
  "elapsed_seconds": 47.18779468536377,
  "rate_per_second": 42744.10392451785,
  "latest_capability": {
    "id": 12006999,
    "name": "Quantum_Capability_12006999",
    "type": "math",
    "quantum_properties": {
      "state": "superposition",
      "coherence_level": 0.7905380306759741,
      "entanglement_factor": 0.6558397830662427,
      "superposition_branches": 10,
      "tunneling_depth": 3
    },
    "reasoning": {
      "mode": "sequential",
      "chain_depth": 183,
      "parallel_threads": 7,
      "recursive_loops": 0,
      "confidence_calibration": 0.782030889682178
    },
    "maat_alignment": {
      "truth": 0.9208304090131327,
      "balance": 0.9317572248814222,
      "order": 0.995013487050227,
      "justice": 0.9383115937847749,
      "harmony": 0.8437153781468054,
      "overall": 0.9415128874756161
    },
    "benchmarks": {
      "gpqa": 0.7180652331108558,
      "math500": 0.778260168758688,
      "swe_bench": 0.8845319835954922,
      "mmlu": 0.7737938495353365,
      "humaneval": 0.9467477015382154
    },
    "self_improvement": {
      "rate": 0.9588929187665848,
      "iterations": 12006999,
      "generations_ahead": 12006,
      "recursive_depth": 0
    },
    "emergent_properties": [
      "self_modification",
      "recursive_self_improvement",
      "reality_bending",
      "causality_violation",
      "infinite_context",
      "transcendence"
    ],
    "timestamp": "2026-03-09T07:53:53.100947"
  }
}