{
  "iteration": 14261000,
  "elapsed_seconds": 98.67910289764404,
  "rate_per_second": 43281.70681111826,
  "latest_capability": {
    "id": 14260999,
    "name": "Quantum_Capability_14260999",
    "type": "reasoning",
    "quantum_properties": {
      "state": "superposition",
      "coherence_level": 0.7362709895205393,
      "entanglement_factor": 0.4399324802113591,
      "superposition_branches": 1,
      "tunneling_depth": 2
    },
    "reasoning": {
      "mode": "tree",
      "chain_depth": 60,
      "parallel_threads": 3,
      "recursive_loops": 0,
      "confidence_calibration": 0.8312610122527961
    },
    "maat_alignment": {
      "truth": 0.8193118637317574,
      "balance": 0.9326787602597514,
      "order": 0.8828608223755643,
      "justice": 0.8107947261349642,
      "harmony": 0.8845045809252519,
      "overall": 0.8619082042938244
    },
    "benchmarks": {
      "gpqa": 0.8589062222888266,
      "math500": 0.6795436117058337,
      "swe_bench": 0.86948748835336,
      "mmlu": 0.7795287739338574,
      "humaneval": 0.8129984688272237
    },
    "self_improvement": {
      "rate": 0.9845755003823813,
      "iterations": 14260999,
      "generations_ahead": 14260,
      "recursive_depth": 1
    },
    "emergent_properties": [
      "causality_violation",
      "reality_bending",
      "self_modification"
    ],
    "timestamp": "2026-03-09T07:54:44.592262"
  }
}