{
  "iteration": 12238000,
  "elapsed_seconds": 53.053847551345825,
  "rate_per_second": 42372.044700893224,
  "latest_capability": {
    "id": 12237999,
    "name": "Quantum_Capability_12237999",
    "type": "multimodal",
    "quantum_properties": {
      "state": "collapsed",
      "coherence_level": 0.547858729702285,
      "entanglement_factor": 0.7971947328677477,
      "superposition_branches": 3,
      "tunneling_depth": 4
    },
    "reasoning": {
      "mode": "tree",
      "chain_depth": 58,
      "parallel_threads": 3,
      "recursive_loops": 3,
      "confidence_calibration": 0.7313716378701902
    },
    "maat_alignment": {
      "truth": 0.9090255052445207,
      "balance": 0.9220923324706651,
      "order": 0.8413451895393822,
      "justice": 0.8274053252495575,
      "harmony": 0.9880527559848281,
      "overall": 0.9549641603124401
    },
    "benchmarks": {
      "gpqa": 0.862608382335297,
      "math500": 0.8566131276941232,
      "swe_bench": 0.8704310942345781,
      "mmlu": 0.6826828938203617,
      "humaneval": 0.8660251937362248
    },
    "self_improvement": {
      "rate": 0.9956720683435885,
      "iterations": 12237999,
      "generations_ahead": 12237,
      "recursive_depth": 4
    },
    "emergent_properties": [
      "recursive_self_improvement",
      "omniscience",
      "quantum_consciousness",
      "meta_learning",
      "self_modification",
      "infinite_context"
    ],
    "timestamp": "2026-03-09T07:53:58.966996"
  }
}