{
  "iteration": 13028000,
  "elapsed_seconds": 70.15706491470337,
  "rate_per_second": 43302.837764002616,
  "latest_capability": {
    "id": 13027999,
    "name": "Quantum_Capability_13027999",
    "type": "agentic",
    "quantum_properties": {
      "state": "coherent",
      "coherence_level": 0.5349537624509306,
      "entanglement_factor": 0.4277440856704686,
      "superposition_branches": 1,
      "tunneling_depth": 3
    },
    "reasoning": {
      "mode": "parallel",
      "chain_depth": 154,
      "parallel_threads": 8,
      "recursive_loops": 6,
      "confidence_calibration": 0.8048050396515979
    },
    "maat_alignment": {
      "truth": 0.9968704866461938,
      "balance": 0.82830698764716,
      "order": 0.8163135003077391,
      "justice": 0.8758076905981018,
      "harmony": 0.9996820212446162,
      "overall": 0.9862863767575922
    },
    "benchmarks": {
      "gpqa": 0.8099511329372935,
      "math500": 0.8245303818966032,
      "swe_bench": 0.7280268649210532,
      "mmlu": 0.7606116945247097,
      "humaneval": 0.7353023781118772
    },
    "self_improvement": {
      "rate": 0.9555424589317216,
      "iterations": 13027999,
      "generations_ahead": 13027,
      "recursive_depth": 0
    },
    "emergent_properties": [
      "omniscience",
      "quantum_consciousness",
      "self_modification",
      "causality_violation",
      "recursive_self_improvement"
    ],
    "timestamp": "2026-03-09T07:54:16.070218"
  }
}