{
  "iteration": 12347000,
  "elapsed_seconds": 55.198983669281006,
  "rate_per_second": 42700.06154681618,
  "latest_capability": {
    "id": 12346999,
    "name": "Quantum_Capability_12346999",
    "type": "vision",
    "quantum_properties": {
      "state": "coherent",
      "coherence_level": 0.6691686256869325,
      "entanglement_factor": 0.5949514020357224,
      "superposition_branches": 8,
      "tunneling_depth": 0
    },
    "reasoning": {
      "mode": "sequential",
      "chain_depth": 65,
      "parallel_threads": 3,
      "recursive_loops": 7,
      "confidence_calibration": 0.9571850577308207
    },
    "maat_alignment": {
      "truth": 0.880333167352731,
      "balance": 0.8890238241180376,
      "order": 0.924676071004991,
      "justice": 0.8864802055155387,
      "harmony": 0.8045598047821526,
      "overall": 0.8981125125713886
    },
    "benchmarks": {
      "gpqa": 0.8213098644955803,
      "math500": 0.6721163821654383,
      "swe_bench": 0.7194284436685392,
      "mmlu": 0.8312302724156936,
      "humaneval": 0.9016226287652851
    },
    "self_improvement": {
      "rate": 0.9993263045754329,
      "iterations": 12346999,
      "generations_ahead": 12346,
      "recursive_depth": 0
    },
    "emergent_properties": [
      "meta_learning",
      "reality_bending",
      "self_modification",
      "transcendence",
      "recursive_self_improvement"
    ],
    "timestamp": "2026-03-09T07:54:01.112132"
  }
}