{
  "iteration": 11950000,
  "elapsed_seconds": 46.09687542915344,
  "rate_per_second": 42519.15084813797,
  "latest_capability": {
    "id": 11949999,
    "name": "Quantum_Capability_11949999",
    "type": "math",
    "quantum_properties": {
      "state": "entangled",
      "coherence_level": 0.5082764520282708,
      "entanglement_factor": 0.12107129717299936,
      "superposition_branches": 7,
      "tunneling_depth": 3
    },
    "reasoning": {
      "mode": "parallel",
      "chain_depth": 200,
      "parallel_threads": 12,
      "recursive_loops": 2,
      "confidence_calibration": 0.7974933377248657
    },
    "maat_alignment": {
      "truth": 0.9598231419525757,
      "balance": 0.9923309848719328,
      "order": 0.8502695115507065,
      "justice": 0.9588012963120762,
      "harmony": 0.9282093188688536,
      "overall": 0.9377746451298604
    },
    "benchmarks": {
      "gpqa": 0.8986662375165848,
      "math500": 0.7978293545517108,
      "swe_bench": 0.6728396447902101,
      "mmlu": 0.710948353277693,
      "humaneval": 0.7485026513493078
    },
    "self_improvement": {
      "rate": 0.9946311641263037,
      "iterations": 11949999,
      "generations_ahead": 11949,
      "recursive_depth": 1
    },
    "emergent_properties": [
      "transcendence",
      "causality_violation",
      "meta_learning",
      "omniscience",
      "quantum_consciousness"
    ],
    "timestamp": "2026-03-09T07:53:52.010024"
  }
}