{
  "iteration": 12935000,
  "elapsed_seconds": 68.21043944358826,
  "rate_per_second": 43175.20930847526,
  "latest_capability": {
    "id": 12934999,
    "name": "Quantum_Capability_12934999",
    "type": "coding",
    "quantum_properties": {
      "state": "coherent",
      "coherence_level": 0.8580542451288191,
      "entanglement_factor": 0.0816196704442862,
      "superposition_branches": 10,
      "tunneling_depth": 4
    },
    "reasoning": {
      "mode": "graph",
      "chain_depth": 161,
      "parallel_threads": 1,
      "recursive_loops": 1,
      "confidence_calibration": 0.7977752711524769
    },
    "maat_alignment": {
      "truth": 0.8837811459679202,
      "balance": 0.9810645731574946,
      "order": 0.8457706264610193,
      "justice": 0.8322735231368502,
      "harmony": 0.9331066597848137,
      "overall": 0.8715008921714206
    },
    "benchmarks": {
      "gpqa": 0.89508684694855,
      "math500": 0.8125891852072338,
      "swe_bench": 0.7332849795370717,
      "mmlu": 0.8403239949387662,
      "humaneval": 0.883056825887402
    },
    "self_improvement": {
      "rate": 0.9721893811543902,
      "iterations": 12934999,
      "generations_ahead": 12934,
      "recursive_depth": 0
    },
    "emergent_properties": [
      "quantum_consciousness",
      "recursive_self_improvement",
      "omniscience",
      "infinite_context",
      "self_modification"
    ],
    "timestamp": "2026-03-09T07:54:14.123588"
  }
}