{
  "iteration": 14725000,
  "elapsed_seconds": 107.77945637702942,
  "rate_per_second": 43932.305461220996,
  "latest_capability": {
    "id": 14724999,
    "name": "Quantum_Capability_14724999",
    "type": "multimodal",
    "quantum_properties": {
      "state": "coherent",
      "coherence_level": 0.622562246376472,
      "entanglement_factor": 0.16453666898639097,
      "superposition_branches": 10,
      "tunneling_depth": 2
    },
    "reasoning": {
      "mode": "parallel",
      "chain_depth": 163,
      "parallel_threads": 13,
      "recursive_loops": 10,
      "confidence_calibration": 0.7785545216830202
    },
    "maat_alignment": {
      "truth": 0.8975840608674837,
      "balance": 0.9343122520054031,
      "order": 0.8061420852617385,
      "justice": 0.8043105181868234,
      "harmony": 0.986805447988393,
      "overall": 0.91368647278311
    },
    "benchmarks": {
      "gpqa": 0.7888204262797368,
      "math500": 0.753143080486542,
      "swe_bench": 0.7155220226347871,
      "mmlu": 0.6954136850713348,
      "humaneval": 0.9120116427464687
    },
    "self_improvement": {
      "rate": 0.9625210277879052,
      "iterations": 14724999,
      "generations_ahead": 14724,
      "recursive_depth": 2
    },
    "emergent_properties": [
      "self_modification",
      "infinite_context",
      "meta_learning",
      "causality_violation"
    ],
    "timestamp": "2026-03-09T07:54:53.692604"
  }
}