{
  "iteration": 12534000,
  "elapsed_seconds": 58.760157346725464,
  "rate_per_second": 43294.64240520401,
  "latest_capability": {
    "id": 12533999,
    "name": "Quantum_Capability_12533999",
    "type": "coding",
    "quantum_properties": {
      "state": "collapsed",
      "coherence_level": 0.9288560248077624,
      "entanglement_factor": 0.7547685568797895,
      "superposition_branches": 5,
      "tunneling_depth": 4
    },
    "reasoning": {
      "mode": "tree",
      "chain_depth": 156,
      "parallel_threads": 14,
      "recursive_loops": 1,
      "confidence_calibration": 0.7369590853314435
    },
    "maat_alignment": {
      "truth": 0.9283640539493512,
      "balance": 0.8290737679832406,
      "order": 0.8569659329317729,
      "justice": 0.8155258488706439,
      "harmony": 0.9365961561082058,
      "overall": 0.902030570758747
    },
    "benchmarks": {
      "gpqa": 0.773683161862319,
      "math500": 0.6788505817299133,
      "swe_bench": 0.7249019621794792,
      "mmlu": 0.8310166504050469,
      "humaneval": 0.8453313742439965
    },
    "self_improvement": {
      "rate": 0.9743140473714824,
      "iterations": 12533999,
      "generations_ahead": 12533,
      "recursive_depth": 3
    },
    "emergent_properties": [
      "infinite_context",
      "reality_bending",
      "causality_violation",
      "meta_learning"
    ],
    "timestamp": "2026-03-09T07:54:04.673309"
  }
}