{
  "iteration": 15125000,
  "elapsed_seconds": 118.72706604003906,
  "rate_per_second": 43250.45814126572,
  "latest_capability": {
    "id": 15124999,
    "name": "Quantum_Capability_15124999",
    "type": "multimodal",
    "quantum_properties": {
      "state": "entangled",
      "coherence_level": 0.7696235306481455,
      "entanglement_factor": 0.837372097718286,
      "superposition_branches": 6,
      "tunneling_depth": 0
    },
    "reasoning": {
      "mode": "parallel",
      "chain_depth": 131,
      "parallel_threads": 7,
      "recursive_loops": 0,
      "confidence_calibration": 0.835445911731466
    },
    "maat_alignment": {
      "truth": 0.933146319701875,
      "balance": 0.9459200575161217,
      "order": 0.8850001027108286,
      "justice": 0.9190611072662127,
      "harmony": 0.9419604598134951,
      "overall": 0.9654632985572258
    },
    "benchmarks": {
      "gpqa": 0.8397843558309277,
      "math500": 0.80745849102368,
      "swe_bench": 0.7414181635514762,
      "mmlu": 0.7674931106445095,
      "humaneval": 0.896793722289104
    },
    "self_improvement": {
      "rate": 0.9595155365852808,
      "iterations": 15124999,
      "generations_ahead": 15124,
      "recursive_depth": 2
    },
    "emergent_properties": [
      "infinite_context",
      "causality_violation",
      "reality_bending"
    ],
    "timestamp": "2026-03-09T07:55:04.640214"
  }
}