{
  "iteration": 11076000,
  "elapsed_seconds": 26.017934799194336,
  "rate_per_second": 41740.43821624262,
  "latest_capability": {
    "id": 11075999,
    "name": "Quantum_Capability_11075999",
    "type": "language",
    "quantum_properties": {
      "state": "entangled",
      "coherence_level": 0.6831964366423557,
      "entanglement_factor": 0.8912119459057859,
      "superposition_branches": 4,
      "tunneling_depth": 3
    },
    "reasoning": {
      "mode": "parallel",
      "chain_depth": 63,
      "parallel_threads": 9,
      "recursive_loops": 0,
      "confidence_calibration": 0.8564665825568927
    },
    "maat_alignment": {
      "truth": 0.9067226706138979,
      "balance": 0.8129542898617316,
      "order": 0.9358311504196759,
      "justice": 0.8425087093245379,
      "harmony": 0.9775289211068544,
      "overall": 0.9109983907529853
    },
    "benchmarks": {
      "gpqa": 0.7860066134584793,
      "math500": 0.8060693126184737,
      "swe_bench": 0.7570688272807778,
      "mmlu": 0.7059770318657818,
      "humaneval": 0.7456522991668169
    },
    "self_improvement": {
      "rate": 0.9818963280220038,
      "iterations": 11075999,
      "generations_ahead": 11075,
      "recursive_depth": 1
    },
    "emergent_properties": [
      "meta_learning",
      "quantum_consciousness",
      "transcendence",
      "omniscience",
      "causality_violation",
      "self_modification"
    ],
    "timestamp": "2026-03-09T07:53:31.931088"
  }
}