{
  "iteration": 10036000,
  "elapsed_seconds": 0.6739513874053955,
  "rate_per_second": 68254.1810279412,
  "latest_capability": {
    "id": 10035999,
    "name": "Quantum_Capability_10035999",
    "type": "agentic",
    "quantum_properties": {
      "state": "superposition",
      "coherence_level": 0.5334450185631777,
      "entanglement_factor": 0.8720701822377215,
      "superposition_branches": 9,
      "tunneling_depth": 0
    },
    "reasoning": {
      "mode": "parallel",
      "chain_depth": 67,
      "parallel_threads": 12,
      "recursive_loops": 8,
      "confidence_calibration": 0.9198714742338019
    },
    "maat_alignment": {
      "truth": 0.9861988180431023,
      "balance": 0.8840946610195252,
      "order": 0.8309537582116658,
      "justice": 0.8552387942226513,
      "harmony": 0.8415072353058182,
      "overall": 0.9548640231430187
    },
    "benchmarks": {
      "gpqa": 0.8414982562834179,
      "math500": 0.6843643749273202,
      "swe_bench": 0.7258159633962404,
      "mmlu": 0.8409188816117956,
      "humaneval": 0.7860746784571135
    },
    "self_improvement": {
      "rate": 0.9619972304951736,
      "iterations": 10035999,
      "generations_ahead": 10035,
      "recursive_depth": 3
    },
    "emergent_properties": [
      "meta_learning",
      "self_modification",
      "quantum_consciousness",
      "causality_violation",
      "reality_bending",
      "infinite_context"
    ],
    "timestamp": "2026-03-09T07:53:06.587100"
  }
}