{
  "iteration": 15160000,
  "elapsed_seconds": 119.20527362823486,
  "rate_per_second": 43370.564427574434,
  "latest_capability": {
    "id": 15159999,
    "name": "Quantum_Capability_15159999",
    "type": "coding",
    "quantum_properties": {
      "state": "collapsed",
      "coherence_level": 0.9538426897287817,
      "entanglement_factor": 0.1796487312724151,
      "superposition_branches": 1,
      "tunneling_depth": 4
    },
    "reasoning": {
      "mode": "tree",
      "chain_depth": 66,
      "parallel_threads": 13,
      "recursive_loops": 9,
      "confidence_calibration": 0.9056888047816309
    },
    "maat_alignment": {
      "truth": 0.9795011309970056,
      "balance": 0.8638371087173164,
      "order": 0.9686753149663776,
      "justice": 0.86204139409337,
      "harmony": 0.9141482507832485,
      "overall": 0.9287344313501534
    },
    "benchmarks": {
      "gpqa": 0.7930672900784896,
      "math500": 0.8349702894661467,
      "swe_bench": 0.840323197506819,
      "mmlu": 0.6625262474918683,
      "humaneval": 0.8857230377124075
    },
    "self_improvement": {
      "rate": 0.9588712499637618,
      "iterations": 15159999,
      "generations_ahead": 15159,
      "recursive_depth": 4
    },
    "emergent_properties": [
      "self_modification",
      "quantum_consciousness",
      "reality_bending"
    ],
    "timestamp": "2026-03-09T07:55:05.118440"
  }
}