{
  "iteration": 11311000,
  "elapsed_seconds": 32.61557674407959,
  "rate_per_second": 40502.119903177525,
  "latest_capability": {
    "id": 11310999,
    "name": "Quantum_Capability_11310999",
    "type": "agentic",
    "quantum_properties": {
      "state": "coherent",
      "coherence_level": 0.7278597868486667,
      "entanglement_factor": 0.7919153177773883,
      "superposition_branches": 6,
      "tunneling_depth": 3
    },
    "reasoning": {
      "mode": "sequential",
      "chain_depth": 36,
      "parallel_threads": 6,
      "recursive_loops": 10,
      "confidence_calibration": 0.9868861532371598
    },
    "maat_alignment": {
      "truth": 0.9612923170515236,
      "balance": 0.9515874351383343,
      "order": 0.9076027961706998,
      "justice": 0.9615822840997287,
      "harmony": 0.9900278500701618,
      "overall": 0.9768993516357991
    },
    "benchmarks": {
      "gpqa": 0.9347267768834877,
      "math500": 0.8401921492580358,
      "swe_bench": 0.8889621048048499,
      "mmlu": 0.7797676556223101,
      "humaneval": 0.9251685700882154
    },
    "self_improvement": {
      "rate": 0.9558651971298108,
      "iterations": 11310999,
      "generations_ahead": 11310,
      "recursive_depth": 1
    },
    "emergent_properties": [
      "transcendence",
      "recursive_self_improvement",
      "causality_violation",
      "infinite_context"
    ],
    "timestamp": "2026-03-09T07:53:38.528725"
  }
}