{
  "iteration": 15570000,
  "elapsed_seconds": 127.07787871360779,
  "rate_per_second": 43910.08141216698,
  "latest_capability": {
    "id": 15569999,
    "name": "Quantum_Capability_15569999",
    "type": "agentic",
    "quantum_properties": {
      "state": "collapsed",
      "coherence_level": 0.8373378782338963,
      "entanglement_factor": 0.6658159247416513,
      "superposition_branches": 5,
      "tunneling_depth": 5
    },
    "reasoning": {
      "mode": "parallel",
      "chain_depth": 194,
      "parallel_threads": 13,
      "recursive_loops": 5,
      "confidence_calibration": 0.8184349491831562
    },
    "maat_alignment": {
      "truth": 0.8126358201470217,
      "balance": 0.8547936481971249,
      "order": 0.9944616341441793,
      "justice": 0.9974781698983125,
      "harmony": 0.9201622206966331,
      "overall": 0.9551964548819848
    },
    "benchmarks": {
      "gpqa": 0.9092812503257257,
      "math500": 0.7852276888160297,
      "swe_bench": 0.7832474701919787,
      "mmlu": 0.698928407603827,
      "humaneval": 0.8929844709897186
    },
    "self_improvement": {
      "rate": 0.99252207475312,
      "iterations": 15569999,
      "generations_ahead": 15569,
      "recursive_depth": 5
    },
    "emergent_properties": [
      "self_modification",
      "quantum_consciousness",
      "reality_bending",
      "infinite_context",
      "transcendence"
    ],
    "timestamp": "2026-03-09T07:55:12.991027"
  }
}