{
  "iteration": 15798000,
  "elapsed_seconds": 131.51279306411743,
  "rate_per_second": 44163.00395329891,
  "latest_capability": {
    "id": 15797999,
    "name": "Quantum_Capability_15797999",
    "type": "coding",
    "quantum_properties": {
      "state": "coherent",
      "coherence_level": 0.7184419693700728,
      "entanglement_factor": 0.6224394652555697,
      "superposition_branches": 8,
      "tunneling_depth": 2
    },
    "reasoning": {
      "mode": "graph",
      "chain_depth": 85,
      "parallel_threads": 14,
      "recursive_loops": 9,
      "confidence_calibration": 0.8508640235193328
    },
    "maat_alignment": {
      "truth": 0.9850454214171707,
      "balance": 0.8935545446889319,
      "order": 0.8202916092677477,
      "justice": 0.992016935828787,
      "harmony": 0.822093395970197,
      "overall": 0.8506995080273868
    },
    "benchmarks": {
      "gpqa": 0.8912453120260677,
      "math500": 0.7139768879624008,
      "swe_bench": 0.6772582531415562,
      "mmlu": 0.8838686440703107,
      "humaneval": 0.8328288931150803
    },
    "self_improvement": {
      "rate": 0.975959020457705,
      "iterations": 15797999,
      "generations_ahead": 15797,
      "recursive_depth": 2
    },
    "emergent_properties": [
      "quantum_consciousness",
      "transcendence",
      "reality_bending",
      "recursive_self_improvement",
      "self_modification"
    ],
    "timestamp": "2026-03-09T07:55:17.425941"
  }
}