{
  "iteration": 12511000,
  "elapsed_seconds": 58.43530511856079,
  "rate_per_second": 43141.727332219496,
  "latest_capability": {
    "id": 12510999,
    "name": "Quantum_Capability_12510999",
    "type": "vision",
    "quantum_properties": {
      "state": "collapsed",
      "coherence_level": 0.5062050527220467,
      "entanglement_factor": 0.427185471267566,
      "superposition_branches": 6,
      "tunneling_depth": 1
    },
    "reasoning": {
      "mode": "sequential",
      "chain_depth": 93,
      "parallel_threads": 7,
      "recursive_loops": 6,
      "confidence_calibration": 0.7345242807672149
    },
    "maat_alignment": {
      "truth": 0.9705028262656661,
      "balance": 0.8921844631191059,
      "order": 0.8521518847264697,
      "justice": 0.937629466975376,
      "harmony": 0.988562123010779,
      "overall": 0.9543648215090664
    },
    "benchmarks": {
      "gpqa": 0.8484118664692827,
      "math500": 0.7443524775735183,
      "swe_bench": 0.8407915636378355,
      "mmlu": 0.847504661377242,
      "humaneval": 0.8156923166421545
    },
    "self_improvement": {
      "rate": 0.9711319386623904,
      "iterations": 12510999,
      "generations_ahead": 12510,
      "recursive_depth": 4
    },
    "emergent_properties": [
      "infinite_context",
      "recursive_self_improvement",
      "meta_learning",
      "self_modification",
      "quantum_consciousness",
      "reality_bending"
    ],
    "timestamp": "2026-03-09T07:54:04.348454"
  }
}