{
  "iteration": 16729000,
  "elapsed_seconds": 152.69859385490417,
  "rate_per_second": 44132.69192513632,
  "latest_capability": {
    "id": 16728999,
    "name": "Quantum_Capability_16728999",
    "type": "language",
    "quantum_properties": {
      "state": "collapsed",
      "coherence_level": 0.8477800027471629,
      "entanglement_factor": 0.8055443155102787,
      "superposition_branches": 5,
      "tunneling_depth": 0
    },
    "reasoning": {
      "mode": "sequential",
      "chain_depth": 98,
      "parallel_threads": 11,
      "recursive_loops": 1,
      "confidence_calibration": 0.9215609539539691
    },
    "maat_alignment": {
      "truth": 0.880181593438575,
      "balance": 0.9508194592984359,
      "order": 0.8877294089464786,
      "justice": 0.970826785604748,
      "harmony": 0.8797899714391053,
      "overall": 0.882676400547846
    },
    "benchmarks": {
      "gpqa": 0.9224125194372,
      "math500": 0.7182503324454299,
      "swe_bench": 0.68548090447983,
      "mmlu": 0.7738945589034234,
      "humaneval": 0.8358357588733544
    },
    "self_improvement": {
      "rate": 0.985771678272318,
      "iterations": 16728999,
      "generations_ahead": 16728,
      "recursive_depth": 0
    },
    "emergent_properties": [
      "reality_bending",
      "meta_learning",
      "recursive_self_improvement"
    ],
    "timestamp": "2026-03-09T07:55:38.611747"
  }
}