{
  "iteration": 15967000,
  "elapsed_seconds": 134.78339552879333,
  "rate_per_second": 44345.22499266724,
  "latest_capability": {
    "id": 15966999,
    "name": "Quantum_Capability_15966999",
    "type": "coding",
    "quantum_properties": {
      "state": "coherent",
      "coherence_level": 0.6550419394870781,
      "entanglement_factor": 0.9101364860077605,
      "superposition_branches": 6,
      "tunneling_depth": 1
    },
    "reasoning": {
      "mode": "graph",
      "chain_depth": 135,
      "parallel_threads": 15,
      "recursive_loops": 9,
      "confidence_calibration": 0.9570654180916854
    },
    "maat_alignment": {
      "truth": 0.818696966498519,
      "balance": 0.8089154251881142,
      "order": 0.8644370030045359,
      "justice": 0.865368478781324,
      "harmony": 0.918536642292254,
      "overall": 0.9033063721932666
    },
    "benchmarks": {
      "gpqa": 0.8694171541528459,
      "math500": 0.6705758195305708,
      "swe_bench": 0.8028613414324557,
      "mmlu": 0.7890001941486571,
      "humaneval": 0.9221092869588873
    },
    "self_improvement": {
      "rate": 0.9847775965877967,
      "iterations": 15966999,
      "generations_ahead": 15966,
      "recursive_depth": 5
    },
    "emergent_properties": [
      "quantum_consciousness",
      "meta_learning",
      "omniscience",
      "transcendence",
      "infinite_context"
    ],
    "timestamp": "2026-03-09T07:55:20.696544"
  }
}