{
  "iteration": 13684000,
  "elapsed_seconds": 84.91409397125244,
  "rate_per_second": 43502.79002270929,
  "latest_capability": {
    "id": 13683999,
    "name": "Quantum_Capability_13683999",
    "type": "math",
    "quantum_properties": {
      "state": "entangled",
      "coherence_level": 0.5188949897443762,
      "entanglement_factor": 0.9213946830127459,
      "superposition_branches": 3,
      "tunneling_depth": 5
    },
    "reasoning": {
      "mode": "parallel",
      "chain_depth": 150,
      "parallel_threads": 8,
      "recursive_loops": 4,
      "confidence_calibration": 0.9792537140333863
    },
    "maat_alignment": {
      "truth": 0.99819297015071,
      "balance": 0.8414556966091643,
      "order": 0.8902168678800808,
      "justice": 0.9265674299847858,
      "harmony": 0.9521906330173961,
      "overall": 0.9719310252885424
    },
    "benchmarks": {
      "gpqa": 0.7619817736641001,
      "math500": 0.7879085663259915,
      "swe_bench": 0.6743274320181897,
      "mmlu": 0.8336993416329362,
      "humaneval": 0.7188883731875719
    },
    "self_improvement": {
      "rate": 0.9957795411451792,
      "iterations": 13683999,
      "generations_ahead": 13683,
      "recursive_depth": 3
    },
    "emergent_properties": [
      "infinite_context",
      "reality_bending",
      "transcendence"
    ],
    "timestamp": "2026-03-09T07:54:30.827242"
  }
}