{
  "iteration": 12579000,
  "elapsed_seconds": 61.45642805099487,
  "rate_per_second": 42127.407695281574,
  "latest_capability": {
    "id": 12578999,
    "name": "Quantum_Capability_12578999",
    "type": "vision",
    "quantum_properties": {
      "state": "entangled",
      "coherence_level": 0.884062961651801,
      "entanglement_factor": 0.44401213427742114,
      "superposition_branches": 9,
      "tunneling_depth": 5
    },
    "reasoning": {
      "mode": "parallel",
      "chain_depth": 62,
      "parallel_threads": 16,
      "recursive_loops": 3,
      "confidence_calibration": 0.8335983456277258
    },
    "maat_alignment": {
      "truth": 0.8518856997206207,
      "balance": 0.8497161596019531,
      "order": 0.8182474203486589,
      "justice": 0.9675923499133201,
      "harmony": 0.8362125519992641,
      "overall": 0.9756579786526696
    },
    "benchmarks": {
      "gpqa": 0.794351754721583,
      "math500": 0.7557181644295978,
      "swe_bench": 0.8412849858588015,
      "mmlu": 0.706706884340617,
      "humaneval": 0.8307461811350592
    },
    "self_improvement": {
      "rate": 0.9983183444625021,
      "iterations": 12578999,
      "generations_ahead": 12578,
      "recursive_depth": 3
    },
    "emergent_properties": [
      "infinite_context",
      "quantum_consciousness",
      "meta_learning",
      "transcendence"
    ],
    "timestamp": "2026-03-09T07:54:07.369576"
  }
}