{
  "iteration": 17657000,
  "elapsed_seconds": 170.55814933776855,
  "rate_per_second": 44952.410833307586,
  "latest_capability": {
    "id": 17656999,
    "name": "Quantum_Capability_17656999",
    "type": "math",
    "quantum_properties": {
      "state": "collapsed",
      "coherence_level": 0.7953799943636524,
      "entanglement_factor": 0.2107671840073274,
      "superposition_branches": 5,
      "tunneling_depth": 2
    },
    "reasoning": {
      "mode": "graph",
      "chain_depth": 194,
      "parallel_threads": 13,
      "recursive_loops": 1,
      "confidence_calibration": 0.9905368475999483
    },
    "maat_alignment": {
      "truth": 0.8468406161927996,
      "balance": 0.8155460128070595,
      "order": 0.8800672444390515,
      "justice": 0.8909953388526035,
      "harmony": 0.9040809788647265,
      "overall": 0.946424420287927
    },
    "benchmarks": {
      "gpqa": 0.8373845529392806,
      "math500": 0.6624642919656687,
      "swe_bench": 0.713649424399496,
      "mmlu": 0.6880202569202251,
      "humaneval": 0.9098408856060207
    },
    "self_improvement": {
      "rate": 0.972203777833877,
      "iterations": 17656999,
      "generations_ahead": 17656,
      "recursive_depth": 5
    },
    "emergent_properties": [
      "quantum_consciousness",
      "self_modification",
      "reality_bending",
      "recursive_self_improvement",
      "infinite_context",
      "causality_violation"
    ],
    "timestamp": "2026-03-09T07:55:56.471299"
  }
}