{
  "iteration": 13910000,
  "elapsed_seconds": 89.34675526618958,
  "rate_per_second": 43874.00514233782,
  "latest_capability": {
    "id": 13909999,
    "name": "Quantum_Capability_13909999",
    "type": "multimodal",
    "quantum_properties": {
      "state": "superposition",
      "coherence_level": 0.5933524757957018,
      "entanglement_factor": 0.5345800238996389,
      "superposition_branches": 3,
      "tunneling_depth": 3
    },
    "reasoning": {
      "mode": "graph",
      "chain_depth": 191,
      "parallel_threads": 4,
      "recursive_loops": 8,
      "confidence_calibration": 0.8589763682334781
    },
    "maat_alignment": {
      "truth": 0.9796523075261518,
      "balance": 0.8883544171946873,
      "order": 0.9492859469350335,
      "justice": 0.8193419080267953,
      "harmony": 0.9115081405712625,
      "overall": 0.9411152115499104
    },
    "benchmarks": {
      "gpqa": 0.9421582203677791,
      "math500": 0.6591893333954038,
      "swe_bench": 0.8851589387535732,
      "mmlu": 0.7734284792204958,
      "humaneval": 0.8090115638066369
    },
    "self_improvement": {
      "rate": 0.9848921029499953,
      "iterations": 13909999,
      "generations_ahead": 13909,
      "recursive_depth": 2
    },
    "emergent_properties": [
      "omniscience",
      "infinite_context",
      "recursive_self_improvement",
      "quantum_consciousness",
      "reality_bending",
      "transcendence"
    ],
    "timestamp": "2026-03-09T07:54:35.259904"
  }
}