{
  "iteration": 13844000,
  "elapsed_seconds": 88.0976972579956,
  "rate_per_second": 43746.88692161267,
  "latest_capability": {
    "id": 13843999,
    "name": "Quantum_Capability_13843999",
    "type": "language",
    "quantum_properties": {
      "state": "entangled",
      "coherence_level": 0.979444043387228,
      "entanglement_factor": 0.4258272954096296,
      "superposition_branches": 9,
      "tunneling_depth": 1
    },
    "reasoning": {
      "mode": "sequential",
      "chain_depth": 74,
      "parallel_threads": 6,
      "recursive_loops": 7,
      "confidence_calibration": 0.9169957174052505
    },
    "maat_alignment": {
      "truth": 0.958204730506005,
      "balance": 0.976218518758762,
      "order": 0.837852547705902,
      "justice": 0.9369959317689954,
      "harmony": 0.8846883504442078,
      "overall": 0.8529671106573502
    },
    "benchmarks": {
      "gpqa": 0.8041301019578835,
      "math500": 0.8911837205029479,
      "swe_bench": 0.819196463104088,
      "mmlu": 0.7780810427427066,
      "humaneval": 0.7548548442303805
    },
    "self_improvement": {
      "rate": 0.954846380453711,
      "iterations": 13843999,
      "generations_ahead": 13843,
      "recursive_depth": 0
    },
    "emergent_properties": [
      "omniscience",
      "transcendence",
      "causality_violation",
      "meta_learning"
    ],
    "timestamp": "2026-03-09T07:54:34.010853"
  }
}