{
  "iteration": 17244000,
  "elapsed_seconds": 162.44834327697754,
  "rate_per_second": 44654.1950115908,
  "latest_capability": {
    "id": 17243999,
    "name": "Quantum_Capability_17243999",
    "type": "agentic",
    "quantum_properties": {
      "state": "entangled",
      "coherence_level": 0.902723172071604,
      "entanglement_factor": 0.2585967679274137,
      "superposition_branches": 3,
      "tunneling_depth": 1
    },
    "reasoning": {
      "mode": "parallel",
      "chain_depth": 12,
      "parallel_threads": 11,
      "recursive_loops": 7,
      "confidence_calibration": 0.7180768371239845
    },
    "maat_alignment": {
      "truth": 0.989103723570492,
      "balance": 0.8045258015645897,
      "order": 0.8116529445965277,
      "justice": 0.828451093903237,
      "harmony": 0.9662139480517961,
      "overall": 0.9532767042965429
    },
    "benchmarks": {
      "gpqa": 0.8400019499429728,
      "math500": 0.8837923357673715,
      "swe_bench": 0.659372509875697,
      "mmlu": 0.7629481187927593,
      "humaneval": 0.7857099668910461
    },
    "self_improvement": {
      "rate": 0.9794862436803573,
      "iterations": 17243999,
      "generations_ahead": 17243,
      "recursive_depth": 4
    },
    "emergent_properties": [
      "reality_bending",
      "infinite_context",
      "quantum_consciousness"
    ],
    "timestamp": "2026-03-09T07:55:48.361496"
  }
}