{
  "iteration": 16118000,
  "elapsed_seconds": 137.49105882644653,
  "rate_per_second": 44570.170979156595,
  "latest_capability": {
    "id": 16117999,
    "name": "Quantum_Capability_16117999",
    "type": "reasoning",
    "quantum_properties": {
      "state": "collapsed",
      "coherence_level": 0.8142635256537368,
      "entanglement_factor": 0.03466438621669399,
      "superposition_branches": 7,
      "tunneling_depth": 1
    },
    "reasoning": {
      "mode": "graph",
      "chain_depth": 86,
      "parallel_threads": 7,
      "recursive_loops": 0,
      "confidence_calibration": 0.9160753731602881
    },
    "maat_alignment": {
      "truth": 0.8740959565382971,
      "balance": 0.9537891323264462,
      "order": 0.9841239431892437,
      "justice": 0.8217128467244043,
      "harmony": 0.9064652629587674,
      "overall": 0.87762899856059
    },
    "benchmarks": {
      "gpqa": 0.8690464782530102,
      "math500": 0.6625007034892159,
      "swe_bench": 0.8835927799464769,
      "mmlu": 0.7727560743956889,
      "humaneval": 0.8278245089072368
    },
    "self_improvement": {
      "rate": 0.9880168730427132,
      "iterations": 16117999,
      "generations_ahead": 16117,
      "recursive_depth": 1
    },
    "emergent_properties": [
      "omniscience",
      "self_modification",
      "transcendence"
    ],
    "timestamp": "2026-03-09T07:55:23.404211"
  }
}