{
  "iteration": 13247000,
  "elapsed_seconds": 76.30418372154236,
  "rate_per_second": 42684.42228391832,
  "latest_capability": {
    "id": 13246999,
    "name": "Quantum_Capability_13246999",
    "type": "coding",
    "quantum_properties": {
      "state": "coherent",
      "coherence_level": 0.5317514190503074,
      "entanglement_factor": 0.7011858248176345,
      "superposition_branches": 6,
      "tunneling_depth": 4
    },
    "reasoning": {
      "mode": "tree",
      "chain_depth": 78,
      "parallel_threads": 13,
      "recursive_loops": 7,
      "confidence_calibration": 0.825499905203401
    },
    "maat_alignment": {
      "truth": 0.9331325339112955,
      "balance": 0.8381024535278178,
      "order": 0.9903163880473012,
      "justice": 0.8518244757874506,
      "harmony": 0.8396146953175202,
      "overall": 0.9063808882778657
    },
    "benchmarks": {
      "gpqa": 0.7112094806539793,
      "math500": 0.8862585437399171,
      "swe_bench": 0.7541177619021886,
      "mmlu": 0.7874598845090239,
      "humaneval": 0.8375822316828679
    },
    "self_improvement": {
      "rate": 0.9589708456865546,
      "iterations": 13246999,
      "generations_ahead": 13246,
      "recursive_depth": 0
    },
    "emergent_properties": [
      "self_modification",
      "omniscience",
      "meta_learning",
      "causality_violation",
      "quantum_consciousness",
      "infinite_context"
    ],
    "timestamp": "2026-03-09T07:54:22.217346"
  }
}