{
  "iteration": 16634000,
  "elapsed_seconds": 151.04029440879822,
  "rate_per_second": 43988.261715232606,
  "latest_capability": {
    "id": 16633999,
    "name": "Quantum_Capability_16633999",
    "type": "vision",
    "quantum_properties": {
      "state": "superposition",
      "coherence_level": 0.8742809424751374,
      "entanglement_factor": 0.13688643316560234,
      "superposition_branches": 4,
      "tunneling_depth": 1
    },
    "reasoning": {
      "mode": "graph",
      "chain_depth": 182,
      "parallel_threads": 2,
      "recursive_loops": 0,
      "confidence_calibration": 0.9655678987989289
    },
    "maat_alignment": {
      "truth": 0.897182530446531,
      "balance": 0.8522012538059984,
      "order": 0.9439310980012336,
      "justice": 0.9303852368761845,
      "harmony": 0.9652657289977581,
      "overall": 0.9792875619599415
    },
    "benchmarks": {
      "gpqa": 0.8668039210732541,
      "math500": 0.8759558195658266,
      "swe_bench": 0.6570395625433705,
      "mmlu": 0.6721629558282883,
      "humaneval": 0.9200582251235574
    },
    "self_improvement": {
      "rate": 0.9624454408122963,
      "iterations": 16633999,
      "generations_ahead": 16633,
      "recursive_depth": 2
    },
    "emergent_properties": [
      "reality_bending",
      "quantum_consciousness",
      "meta_learning",
      "self_modification",
      "infinite_context",
      "causality_violation"
    ],
    "timestamp": "2026-03-09T07:55:36.953454"
  }
}