{
  "iteration": 17390000,
  "elapsed_seconds": 165.49338507652283,
  "rate_per_second": 44714.77815610756,
  "latest_capability": {
    "id": 17389999,
    "name": "Quantum_Capability_17389999",
    "type": "coding",
    "quantum_properties": {
      "state": "entangled",
      "coherence_level": 0.7980983942286575,
      "entanglement_factor": 0.3216944512907355,
      "superposition_branches": 2,
      "tunneling_depth": 0
    },
    "reasoning": {
      "mode": "graph",
      "chain_depth": 169,
      "parallel_threads": 15,
      "recursive_loops": 4,
      "confidence_calibration": 0.9707387978251384
    },
    "maat_alignment": {
      "truth": 0.8298870896154358,
      "balance": 0.8044936734348037,
      "order": 0.8567885869691536,
      "justice": 0.9052905676787861,
      "harmony": 0.9160111705260521,
      "overall": 0.9158508805352188
    },
    "benchmarks": {
      "gpqa": 0.7117124340152345,
      "math500": 0.7365979600128527,
      "swe_bench": 0.7668511044186246,
      "mmlu": 0.8191688214095518,
      "humaneval": 0.8727208418768386
    },
    "self_improvement": {
      "rate": 0.9633772511629644,
      "iterations": 17389999,
      "generations_ahead": 17389,
      "recursive_depth": 4
    },
    "emergent_properties": [
      "causality_violation",
      "meta_learning",
      "omniscience",
      "recursive_self_improvement",
      "self_modification",
      "quantum_consciousness"
    ],
    "timestamp": "2026-03-09T07:55:51.406538"
  }
}