{
  "iteration": 14976000,
  "elapsed_seconds": 112.57619261741638,
  "rate_per_second": 44290.003810527065,
  "latest_capability": {
    "id": 14975999,
    "name": "Quantum_Capability_14975999",
    "type": "coding",
    "quantum_properties": {
      "state": "entangled",
      "coherence_level": 0.9542383022292358,
      "entanglement_factor": 0.22355458811105788,
      "superposition_branches": 8,
      "tunneling_depth": 1
    },
    "reasoning": {
      "mode": "parallel",
      "chain_depth": 131,
      "parallel_threads": 12,
      "recursive_loops": 5,
      "confidence_calibration": 0.7430737127540447
    },
    "maat_alignment": {
      "truth": 0.8643956680231535,
      "balance": 0.9899883800482687,
      "order": 0.943672614167919,
      "justice": 0.9461154030893892,
      "harmony": 0.8631243573962417,
      "overall": 0.9984062748070958
    },
    "benchmarks": {
      "gpqa": 0.7942087822236161,
      "math500": 0.7491576225800882,
      "swe_bench": 0.7256252752169252,
      "mmlu": 0.7525273493545327,
      "humaneval": 0.8064132049913483
    },
    "self_improvement": {
      "rate": 0.9993780857656749,
      "iterations": 14975999,
      "generations_ahead": 14975,
      "recursive_depth": 0
    },
    "emergent_properties": [
      "meta_learning",
      "causality_violation",
      "quantum_consciousness",
      "reality_bending",
      "transcendence"
    ],
    "timestamp": "2026-03-09T07:54:58.489346"
  }
}