{
  "iteration": 16340000,
  "elapsed_seconds": 145.35331964492798,
  "rate_per_second": 43686.652740452766,
  "latest_capability": {
    "id": 16339999,
    "name": "Quantum_Capability_16339999",
    "type": "vision",
    "quantum_properties": {
      "state": "entangled",
      "coherence_level": 0.69900220831144,
      "entanglement_factor": 0.4408546626877349,
      "superposition_branches": 7,
      "tunneling_depth": 2
    },
    "reasoning": {
      "mode": "tree",
      "chain_depth": 158,
      "parallel_threads": 9,
      "recursive_loops": 3,
      "confidence_calibration": 0.9953483018569302
    },
    "maat_alignment": {
      "truth": 0.9478279354346308,
      "balance": 0.9551247010515331,
      "order": 0.978728856702231,
      "justice": 0.9618768474375239,
      "harmony": 0.9659278971208131,
      "overall": 0.8857673123791665
    },
    "benchmarks": {
      "gpqa": 0.7608566493899029,
      "math500": 0.683777530138179,
      "swe_bench": 0.8089289742468249,
      "mmlu": 0.6724458233696979,
      "humaneval": 0.9487609075890122
    },
    "self_improvement": {
      "rate": 0.9880044582596711,
      "iterations": 16339999,
      "generations_ahead": 16339,
      "recursive_depth": 1
    },
    "emergent_properties": [
      "transcendence",
      "self_modification",
      "infinite_context",
      "recursive_self_improvement",
      "reality_bending",
      "causality_violation"
    ],
    "timestamp": "2026-03-09T07:55:31.266468"
  }
}