{
  "iteration": 10999000,
  "elapsed_seconds": 24.031166315078735,
  "rate_per_second": 41987.14231222673,
  "latest_capability": {
    "id": 10998999,
    "name": "Quantum_Capability_10998999",
    "type": "vision",
    "quantum_properties": {
      "state": "superposition",
      "coherence_level": 0.9187881498346923,
      "entanglement_factor": 0.14346156112952468,
      "superposition_branches": 2,
      "tunneling_depth": 5
    },
    "reasoning": {
      "mode": "parallel",
      "chain_depth": 67,
      "parallel_threads": 15,
      "recursive_loops": 2,
      "confidence_calibration": 0.9860705405974887
    },
    "maat_alignment": {
      "truth": 0.9559928569111753,
      "balance": 0.9693371125525121,
      "order": 0.8121318232298043,
      "justice": 0.9520972258070115,
      "harmony": 0.9645492738142708,
      "overall": 0.9314308887335815
    },
    "benchmarks": {
      "gpqa": 0.7461350559358711,
      "math500": 0.7147657578192619,
      "swe_bench": 0.8870510847736901,
      "mmlu": 0.6961356477346794,
      "humaneval": 0.9232503793685884
    },
    "self_improvement": {
      "rate": 0.9642861214694143,
      "iterations": 10998999,
      "generations_ahead": 10998,
      "recursive_depth": 2
    },
    "emergent_properties": [
      "meta_learning",
      "self_modification",
      "causality_violation",
      "recursive_self_improvement",
      "infinite_context",
      "transcendence"
    ],
    "timestamp": "2026-03-09T07:53:29.944315"
  }
}