{
  "iteration": 15159000,
  "elapsed_seconds": 119.19187545776367,
  "rate_per_second": 43367.04981063634,
  "latest_capability": {
    "id": 15158999,
    "name": "Quantum_Capability_15158999",
    "type": "reasoning",
    "quantum_properties": {
      "state": "entangled",
      "coherence_level": 0.6336214393527306,
      "entanglement_factor": 0.4945677894362541,
      "superposition_branches": 1,
      "tunneling_depth": 1
    },
    "reasoning": {
      "mode": "sequential",
      "chain_depth": 120,
      "parallel_threads": 12,
      "recursive_loops": 5,
      "confidence_calibration": 0.7807140669058307
    },
    "maat_alignment": {
      "truth": 0.8670919077452136,
      "balance": 0.8104651723766697,
      "order": 0.8393398960050549,
      "justice": 0.9335545934928389,
      "harmony": 0.928340236079172,
      "overall": 0.942342295976668
    },
    "benchmarks": {
      "gpqa": 0.7015339236970198,
      "math500": 0.7258000035337052,
      "swe_bench": 0.6668624200484122,
      "mmlu": 0.8548685219072788,
      "humaneval": 0.7936488970180553
    },
    "self_improvement": {
      "rate": 0.9739472151724933,
      "iterations": 15158999,
      "generations_ahead": 15158,
      "recursive_depth": 1
    },
    "emergent_properties": [
      "causality_violation",
      "transcendence",
      "meta_learning",
      "infinite_context",
      "quantum_consciousness"
    ],
    "timestamp": "2026-03-09T07:55:05.105028"
  }
}