{
  "iteration": 12192000,
  "elapsed_seconds": 52.0594277381897,
  "rate_per_second": 42297.81416488102,
  "latest_capability": {
    "id": 12191999,
    "name": "Quantum_Capability_12191999",
    "type": "agentic",
    "quantum_properties": {
      "state": "entangled",
      "coherence_level": 0.8550059769313727,
      "entanglement_factor": 0.24648662702377366,
      "superposition_branches": 8,
      "tunneling_depth": 0
    },
    "reasoning": {
      "mode": "tree",
      "chain_depth": 192,
      "parallel_threads": 3,
      "recursive_loops": 1,
      "confidence_calibration": 0.9571870907703501
    },
    "maat_alignment": {
      "truth": 0.8126754179126185,
      "balance": 0.9640364627253022,
      "order": 0.8614605548520085,
      "justice": 0.8254790176650756,
      "harmony": 0.8190343738466058,
      "overall": 0.8527566813277087
    },
    "benchmarks": {
      "gpqa": 0.9464398879532259,
      "math500": 0.847679927662977,
      "swe_bench": 0.7175366478290397,
      "mmlu": 0.8012286218782314,
      "humaneval": 0.7881581201090969
    },
    "self_improvement": {
      "rate": 0.9994097035352268,
      "iterations": 12191999,
      "generations_ahead": 12191,
      "recursive_depth": 2
    },
    "emergent_properties": [
      "causality_violation",
      "transcendence",
      "recursive_self_improvement"
    ],
    "timestamp": "2026-03-09T07:53:57.972576"
  }
}