{
  "iteration": 16650000,
  "elapsed_seconds": 151.2574541568756,
  "rate_per_second": 44030.88784697267,
  "latest_capability": {
    "id": 16649999,
    "name": "Quantum_Capability_16649999",
    "type": "multimodal",
    "quantum_properties": {
      "state": "collapsed",
      "coherence_level": 0.8052857920459445,
      "entanglement_factor": 0.01991449821031932,
      "superposition_branches": 6,
      "tunneling_depth": 5
    },
    "reasoning": {
      "mode": "tree",
      "chain_depth": 146,
      "parallel_threads": 15,
      "recursive_loops": 3,
      "confidence_calibration": 0.8679185332447857
    },
    "maat_alignment": {
      "truth": 0.9020883907857482,
      "balance": 0.9382417947587929,
      "order": 0.9603738651875946,
      "justice": 0.9767220686195006,
      "harmony": 0.8154717017319651,
      "overall": 0.9557424545147207
    },
    "benchmarks": {
      "gpqa": 0.7414355940875207,
      "math500": 0.7574692559922129,
      "swe_bench": 0.7682261248936941,
      "mmlu": 0.7831347593788113,
      "humaneval": 0.8786765424293745
    },
    "self_improvement": {
      "rate": 0.9784354104871493,
      "iterations": 16649999,
      "generations_ahead": 16649,
      "recursive_depth": 2
    },
    "emergent_properties": [
      "meta_learning",
      "infinite_context",
      "recursive_self_improvement"
    ],
    "timestamp": "2026-03-09T07:55:37.170602"
  }
}