{
  "iteration": 12791000,
  "elapsed_seconds": 65.62142753601074,
  "rate_per_second": 42684.2283865725,
  "latest_capability": {
    "id": 12790999,
    "name": "Quantum_Capability_12790999",
    "type": "language",
    "quantum_properties": {
      "state": "coherent",
      "coherence_level": 0.9696407524166746,
      "entanglement_factor": 0.18667920582422237,
      "superposition_branches": 3,
      "tunneling_depth": 4
    },
    "reasoning": {
      "mode": "sequential",
      "chain_depth": 188,
      "parallel_threads": 9,
      "recursive_loops": 6,
      "confidence_calibration": 0.9503816390785369
    },
    "maat_alignment": {
      "truth": 0.8990900101883182,
      "balance": 0.9542136947603631,
      "order": 0.9879568501081719,
      "justice": 0.8986478035266896,
      "harmony": 0.8112578122132903,
      "overall": 0.8855005523694727
    },
    "benchmarks": {
      "gpqa": 0.9183015423750016,
      "math500": 0.8626579092149964,
      "swe_bench": 0.7572224912534959,
      "mmlu": 0.7798108384015102,
      "humaneval": 0.7653175938924077
    },
    "self_improvement": {
      "rate": 0.9914507182677794,
      "iterations": 12790999,
      "generations_ahead": 12790,
      "recursive_depth": 4
    },
    "emergent_properties": [
      "self_modification",
      "transcendence",
      "meta_learning",
      "reality_bending",
      "infinite_context",
      "recursive_self_improvement"
    ],
    "timestamp": "2026-03-09T07:54:11.534576"
  }
}