{
  "iteration": 14723000,
  "elapsed_seconds": 107.75191307067871,
  "rate_per_second": 43924.974184870756,
  "latest_capability": {
    "id": 14722999,
    "name": "Quantum_Capability_14722999",
    "type": "vision",
    "quantum_properties": {
      "state": "collapsed",
      "coherence_level": 0.5469847354921352,
      "entanglement_factor": 0.7345509919517035,
      "superposition_branches": 1,
      "tunneling_depth": 4
    },
    "reasoning": {
      "mode": "sequential",
      "chain_depth": 66,
      "parallel_threads": 6,
      "recursive_loops": 8,
      "confidence_calibration": 0.8159693011587662
    },
    "maat_alignment": {
      "truth": 0.8195939856570393,
      "balance": 0.853640131659101,
      "order": 0.9194022006477498,
      "justice": 0.869066479798235,
      "harmony": 0.9244989425235617,
      "overall": 0.8663663868969605
    },
    "benchmarks": {
      "gpqa": 0.9395743773892542,
      "math500": 0.7416219670443508,
      "swe_bench": 0.6920053642864299,
      "mmlu": 0.7639411047518282,
      "humaneval": 0.7939326343416852
    },
    "self_improvement": {
      "rate": 0.9948534304296384,
      "iterations": 14722999,
      "generations_ahead": 14722,
      "recursive_depth": 5
    },
    "emergent_properties": [
      "self_modification",
      "reality_bending",
      "causality_violation",
      "infinite_context",
      "quantum_consciousness",
      "recursive_self_improvement"
    ],
    "timestamp": "2026-03-09T07:54:53.665068"
  }
}