{
  "iteration": 17223000,
  "elapsed_seconds": 162.15884137153625,
  "rate_per_second": 44604.41341849405,
  "latest_capability": {
    "id": 17222999,
    "name": "Quantum_Capability_17222999",
    "type": "language",
    "quantum_properties": {
      "state": "collapsed",
      "coherence_level": 0.7089843270598799,
      "entanglement_factor": 0.8576184455101357,
      "superposition_branches": 4,
      "tunneling_depth": 2
    },
    "reasoning": {
      "mode": "graph",
      "chain_depth": 160,
      "parallel_threads": 1,
      "recursive_loops": 7,
      "confidence_calibration": 0.9162946049186415
    },
    "maat_alignment": {
      "truth": 0.9740065961834403,
      "balance": 0.8734333856666809,
      "order": 0.8449972542982273,
      "justice": 0.9145254180612922,
      "harmony": 0.8588133158598334,
      "overall": 0.8907655459153484
    },
    "benchmarks": {
      "gpqa": 0.8282538545505208,
      "math500": 0.8074038950700209,
      "swe_bench": 0.861325297339929,
      "mmlu": 0.663822515033023,
      "humaneval": 0.7683905917498832
    },
    "self_improvement": {
      "rate": 0.9964865004996911,
      "iterations": 17222999,
      "generations_ahead": 17222,
      "recursive_depth": 2
    },
    "emergent_properties": [
      "reality_bending",
      "self_modification",
      "transcendence",
      "infinite_context",
      "omniscience"
    ],
    "timestamp": "2026-03-09T07:55:48.071990"
  }
}