{
  "iteration": 15020000,
  "elapsed_seconds": 116.64822959899902,
  "rate_per_second": 43121.10022836697,
  "latest_capability": {
    "id": 15019999,
    "name": "Quantum_Capability_15019999",
    "type": "agentic",
    "quantum_properties": {
      "state": "coherent",
      "coherence_level": 0.9519393370340119,
      "entanglement_factor": 0.8588690649096753,
      "superposition_branches": 6,
      "tunneling_depth": 3
    },
    "reasoning": {
      "mode": "graph",
      "chain_depth": 85,
      "parallel_threads": 7,
      "recursive_loops": 2,
      "confidence_calibration": 0.8205417249008924
    },
    "maat_alignment": {
      "truth": 0.8697577322784711,
      "balance": 0.8640945752326551,
      "order": 0.9847097369865527,
      "justice": 0.8457929378403041,
      "harmony": 0.9854473018463741,
      "overall": 0.981817665221521
    },
    "benchmarks": {
      "gpqa": 0.8347571727115154,
      "math500": 0.7391492717327053,
      "swe_bench": 0.7813839705240153,
      "mmlu": 0.6851173785660909,
      "humaneval": 0.9327840620045069
    },
    "self_improvement": {
      "rate": 0.9814307104257115,
      "iterations": 15019999,
      "generations_ahead": 15019,
      "recursive_depth": 4
    },
    "emergent_properties": [
      "infinite_context",
      "causality_violation",
      "self_modification"
    ],
    "timestamp": "2026-03-09T07:55:02.561377"
  }
}