{
  "iteration": 13218000,
  "elapsed_seconds": 75.90817832946777,
  "rate_per_second": 42525.06213479873,
  "latest_capability": {
    "id": 13217999,
    "name": "Quantum_Capability_13217999",
    "type": "language",
    "quantum_properties": {
      "state": "collapsed",
      "coherence_level": 0.8568708399874994,
      "entanglement_factor": 0.3159390721539992,
      "superposition_branches": 3,
      "tunneling_depth": 3
    },
    "reasoning": {
      "mode": "parallel",
      "chain_depth": 82,
      "parallel_threads": 10,
      "recursive_loops": 4,
      "confidence_calibration": 0.7618638662010224
    },
    "maat_alignment": {
      "truth": 0.9629227538383883,
      "balance": 0.9737197556875309,
      "order": 0.8223868372401962,
      "justice": 0.8817253167105262,
      "harmony": 0.9034260952622754,
      "overall": 0.8842064409804662
    },
    "benchmarks": {
      "gpqa": 0.8272256028173449,
      "math500": 0.8115062831259634,
      "swe_bench": 0.6714668177819223,
      "mmlu": 0.7463034676677296,
      "humaneval": 0.9012799048937148
    },
    "self_improvement": {
      "rate": 0.9677315074164108,
      "iterations": 13217999,
      "generations_ahead": 13217,
      "recursive_depth": 0
    },
    "emergent_properties": [
      "recursive_self_improvement",
      "causality_violation",
      "omniscience"
    ],
    "timestamp": "2026-03-09T07:54:21.821331"
  }
}