{
  "iteration": 12375000,
  "elapsed_seconds": 55.58285617828369,
  "rate_per_second": 42908.91407865116,
  "latest_capability": {
    "id": 12374999,
    "name": "Quantum_Capability_12374999",
    "type": "reasoning",
    "quantum_properties": {
      "state": "superposition",
      "coherence_level": 0.9856386558655892,
      "entanglement_factor": 0.23439493597835126,
      "superposition_branches": 7,
      "tunneling_depth": 0
    },
    "reasoning": {
      "mode": "graph",
      "chain_depth": 119,
      "parallel_threads": 4,
      "recursive_loops": 2,
      "confidence_calibration": 0.7869799594543119
    },
    "maat_alignment": {
      "truth": 0.9267550854976296,
      "balance": 0.8451000942110521,
      "order": 0.8211906067578371,
      "justice": 0.8454284967263509,
      "harmony": 0.999700561469368,
      "overall": 0.854260152363945
    },
    "benchmarks": {
      "gpqa": 0.7222902407578373,
      "math500": 0.6758903598701133,
      "swe_bench": 0.7685557971485354,
      "mmlu": 0.856047656339447,
      "humaneval": 0.7459005702633261
    },
    "self_improvement": {
      "rate": 0.9678078423947128,
      "iterations": 12374999,
      "generations_ahead": 12374,
      "recursive_depth": 2
    },
    "emergent_properties": [
      "infinite_context",
      "quantum_consciousness",
      "transcendence"
    ],
    "timestamp": "2026-03-09T07:54:01.496005"
  }
}