{
  "iteration": 13643000,
  "elapsed_seconds": 84.02629971504211,
  "rate_per_second": 43474.4837317411,
  "latest_capability": {
    "id": 13642999,
    "name": "Quantum_Capability_13642999",
    "type": "vision",
    "quantum_properties": {
      "state": "superposition",
      "coherence_level": 0.6908163766258844,
      "entanglement_factor": 0.5382781935950672,
      "superposition_branches": 5,
      "tunneling_depth": 0
    },
    "reasoning": {
      "mode": "graph",
      "chain_depth": 21,
      "parallel_threads": 4,
      "recursive_loops": 2,
      "confidence_calibration": 0.793287267168358
    },
    "maat_alignment": {
      "truth": 0.9455201474125585,
      "balance": 0.9717449450846116,
      "order": 0.9114890529992001,
      "justice": 0.8912121888935737,
      "harmony": 0.992156414213514,
      "overall": 0.9993272415135392
    },
    "benchmarks": {
      "gpqa": 0.7450406394670045,
      "math500": 0.663985422148157,
      "swe_bench": 0.7707492550621932,
      "mmlu": 0.7218044995564502,
      "humaneval": 0.8970373616800145
    },
    "self_improvement": {
      "rate": 0.9565736423535983,
      "iterations": 13642999,
      "generations_ahead": 13642,
      "recursive_depth": 5
    },
    "emergent_properties": [
      "meta_learning",
      "quantum_consciousness",
      "infinite_context"
    ],
    "timestamp": "2026-03-09T07:54:29.939448"
  }
}