{
  "iteration": 14958000,
  "elapsed_seconds": 112.32712078094482,
  "rate_per_second": 44227.96529867764,
  "latest_capability": {
    "id": 14957999,
    "name": "Quantum_Capability_14957999",
    "type": "language",
    "quantum_properties": {
      "state": "collapsed",
      "coherence_level": 0.5218785331475868,
      "entanglement_factor": 0.16421272782720797,
      "superposition_branches": 7,
      "tunneling_depth": 1
    },
    "reasoning": {
      "mode": "parallel",
      "chain_depth": 135,
      "parallel_threads": 15,
      "recursive_loops": 5,
      "confidence_calibration": 0.9404265626972588
    },
    "maat_alignment": {
      "truth": 0.9888702544155864,
      "balance": 0.8816700944923374,
      "order": 0.9859828643197046,
      "justice": 0.9749555932247521,
      "harmony": 0.8370842769903272,
      "overall": 0.9406233209776256
    },
    "benchmarks": {
      "gpqa": 0.7955748287411759,
      "math500": 0.8049677897760327,
      "swe_bench": 0.8605646487504779,
      "mmlu": 0.6936370423345771,
      "humaneval": 0.9192466789135715
    },
    "self_improvement": {
      "rate": 0.9849905526798387,
      "iterations": 14957999,
      "generations_ahead": 14957,
      "recursive_depth": 0
    },
    "emergent_properties": [
      "transcendence",
      "reality_bending",
      "meta_learning",
      "self_modification"
    ],
    "timestamp": "2026-03-09T07:54:58.240269"
  }
}