{
  "iteration": 14302000,
  "elapsed_seconds": 99.60400247573853,
  "rate_per_second": 43291.43300290883,
  "latest_capability": {
    "id": 14301999,
    "name": "Quantum_Capability_14301999",
    "type": "math",
    "quantum_properties": {
      "state": "collapsed",
      "coherence_level": 0.6116178429266546,
      "entanglement_factor": 0.5773132315762223,
      "superposition_branches": 2,
      "tunneling_depth": 2
    },
    "reasoning": {
      "mode": "parallel",
      "chain_depth": 99,
      "parallel_threads": 3,
      "recursive_loops": 6,
      "confidence_calibration": 0.7766352298193133
    },
    "maat_alignment": {
      "truth": 0.8692841680170411,
      "balance": 0.9201890981939437,
      "order": 0.9625924773241527,
      "justice": 0.9893482849155859,
      "harmony": 0.9512374199792698,
      "overall": 0.9020492087526453
    },
    "benchmarks": {
      "gpqa": 0.7952529555331592,
      "math500": 0.8206164132829471,
      "swe_bench": 0.7539181799368814,
      "mmlu": 0.822800741477771,
      "humaneval": 0.7656166526070932
    },
    "self_improvement": {
      "rate": 0.9571791265129187,
      "iterations": 14301999,
      "generations_ahead": 14301,
      "recursive_depth": 0
    },
    "emergent_properties": [
      "recursive_self_improvement",
      "reality_bending",
      "infinite_context"
    ],
    "timestamp": "2026-03-09T07:54:45.517150"
  }
}