{
  "iteration": 16925000,
  "elapsed_seconds": 156.41964316368103,
  "rate_per_second": 44335.86383228774,
  "latest_capability": {
    "id": 16924999,
    "name": "Quantum_Capability_16924999",
    "type": "math",
    "quantum_properties": {
      "state": "coherent",
      "coherence_level": 0.968395483332793,
      "entanglement_factor": 0.9769309258473008,
      "superposition_branches": 1,
      "tunneling_depth": 2
    },
    "reasoning": {
      "mode": "tree",
      "chain_depth": 147,
      "parallel_threads": 1,
      "recursive_loops": 9,
      "confidence_calibration": 0.9568532209786691
    },
    "maat_alignment": {
      "truth": 0.824839004406411,
      "balance": 0.8201324534151345,
      "order": 0.9745010016080601,
      "justice": 0.8072901717037728,
      "harmony": 0.8786104817880929,
      "overall": 0.9377208436149123
    },
    "benchmarks": {
      "gpqa": 0.7438088479730013,
      "math500": 0.6550441474883528,
      "swe_bench": 0.7804059985945808,
      "mmlu": 0.8716186776251255,
      "humaneval": 0.7234299887389538
    },
    "self_improvement": {
      "rate": 0.9816378764630782,
      "iterations": 16924999,
      "generations_ahead": 16924,
      "recursive_depth": 0
    },
    "emergent_properties": [
      "reality_bending",
      "recursive_self_improvement",
      "meta_learning",
      "self_modification",
      "omniscience",
      "causality_violation"
    ],
    "timestamp": "2026-03-09T07:55:42.332792"
  }
}