{
  "iteration": 14506000,
  "elapsed_seconds": 103.39264369010925,
  "rate_per_second": 43678.15580318709,
  "latest_capability": {
    "id": 14505999,
    "name": "Quantum_Capability_14505999",
    "type": "math",
    "quantum_properties": {
      "state": "superposition",
      "coherence_level": 0.6986727561710793,
      "entanglement_factor": 0.752248875164089,
      "superposition_branches": 7,
      "tunneling_depth": 3
    },
    "reasoning": {
      "mode": "graph",
      "chain_depth": 35,
      "parallel_threads": 4,
      "recursive_loops": 1,
      "confidence_calibration": 0.7492615978404151
    },
    "maat_alignment": {
      "truth": 0.8960320915027136,
      "balance": 0.8618560379476066,
      "order": 0.9772480032834991,
      "justice": 0.9663090840895907,
      "harmony": 0.9475985211552409,
      "overall": 0.9525967027356588
    },
    "benchmarks": {
      "gpqa": 0.8205337725848769,
      "math500": 0.7394492545322089,
      "swe_bench": 0.7230275047926387,
      "mmlu": 0.8973118528477464,
      "humaneval": 0.7839449524033504
    },
    "self_improvement": {
      "rate": 0.9957595451437127,
      "iterations": 14505999,
      "generations_ahead": 14505,
      "recursive_depth": 0
    },
    "emergent_properties": [
      "omniscience",
      "transcendence",
      "meta_learning"
    ],
    "timestamp": "2026-03-09T07:54:49.305792"
  }
}