{
  "iteration": 11104000,
  "elapsed_seconds": 26.723070859909058,
  "rate_per_second": 41686.825808304246,
  "latest_capability": {
    "id": 11103999,
    "name": "Quantum_Capability_11103999",
    "type": "math",
    "quantum_properties": {
      "state": "coherent",
      "coherence_level": 0.7412780349856897,
      "entanglement_factor": 0.8473155974010328,
      "superposition_branches": 8,
      "tunneling_depth": 0
    },
    "reasoning": {
      "mode": "sequential",
      "chain_depth": 83,
      "parallel_threads": 6,
      "recursive_loops": 4,
      "confidence_calibration": 0.7358843405948624
    },
    "maat_alignment": {
      "truth": 0.8851145015085703,
      "balance": 0.8350640179834034,
      "order": 0.8712971372810805,
      "justice": 0.91426149442213,
      "harmony": 0.9386093662615207,
      "overall": 0.881295305474131
    },
    "benchmarks": {
      "gpqa": 0.8360664020295347,
      "math500": 0.859556910986262,
      "swe_bench": 0.7472194731682427,
      "mmlu": 0.8658224598063292,
      "humaneval": 0.9403988277720212
    },
    "self_improvement": {
      "rate": 0.9558502033746228,
      "iterations": 11103999,
      "generations_ahead": 11103,
      "recursive_depth": 5
    },
    "emergent_properties": [
      "recursive_self_improvement",
      "self_modification",
      "transcendence",
      "infinite_context"
    ],
    "timestamp": "2026-03-09T07:53:32.636219"
  }
}