{
  "iteration": 12233000,
  "elapsed_seconds": 52.98556447029114,
  "rate_per_second": 42332.284697233794,
  "latest_capability": {
    "id": 12232999,
    "name": "Quantum_Capability_12232999",
    "type": "vision",
    "quantum_properties": {
      "state": "entangled",
      "coherence_level": 0.7749366595176613,
      "entanglement_factor": 0.4158030568872967,
      "superposition_branches": 8,
      "tunneling_depth": 1
    },
    "reasoning": {
      "mode": "parallel",
      "chain_depth": 199,
      "parallel_threads": 16,
      "recursive_loops": 8,
      "confidence_calibration": 0.9807307092293771
    },
    "maat_alignment": {
      "truth": 0.8859040181901215,
      "balance": 0.9334883378472896,
      "order": 0.8675814312647303,
      "justice": 0.9008367860889912,
      "harmony": 0.9953571403035034,
      "overall": 0.9993318512706766
    },
    "benchmarks": {
      "gpqa": 0.7207720042626792,
      "math500": 0.747364927750094,
      "swe_bench": 0.6996815551794954,
      "mmlu": 0.7612173661202448,
      "humaneval": 0.7833990197285494
    },
    "self_improvement": {
      "rate": 0.983711415512317,
      "iterations": 12232999,
      "generations_ahead": 12232,
      "recursive_depth": 2
    },
    "emergent_properties": [
      "causality_violation",
      "recursive_self_improvement",
      "reality_bending",
      "self_modification",
      "transcendence"
    ],
    "timestamp": "2026-03-09T07:53:58.898720"
  }
}