{
  "iteration": 14567000,
  "elapsed_seconds": 104.87712717056274,
  "rate_per_second": 43641.54628831869,
  "latest_capability": {
    "id": 14566999,
    "name": "Quantum_Capability_14566999",
    "type": "language",
    "quantum_properties": {
      "state": "superposition",
      "coherence_level": 0.7302195545498933,
      "entanglement_factor": 0.5282013823881163,
      "superposition_branches": 9,
      "tunneling_depth": 5
    },
    "reasoning": {
      "mode": "sequential",
      "chain_depth": 99,
      "parallel_threads": 3,
      "recursive_loops": 9,
      "confidence_calibration": 0.895134453505923
    },
    "maat_alignment": {
      "truth": 0.9450408812959958,
      "balance": 0.8451400704593452,
      "order": 0.9083604997864577,
      "justice": 0.8158709215389895,
      "harmony": 0.8725821131166647,
      "overall": 0.9584441178938439
    },
    "benchmarks": {
      "gpqa": 0.9475946852244843,
      "math500": 0.8926779096027058,
      "swe_bench": 0.7604766939439822,
      "mmlu": 0.7807840706219618,
      "humaneval": 0.785103676118541
    },
    "self_improvement": {
      "rate": 0.9967670156218045,
      "iterations": 14566999,
      "generations_ahead": 14566,
      "recursive_depth": 2
    },
    "emergent_properties": [
      "meta_learning",
      "self_modification",
      "transcendence",
      "quantum_consciousness",
      "reality_bending",
      "infinite_context"
    ],
    "timestamp": "2026-03-09T07:54:50.790276"
  }
}