{
  "iteration": 15628000,
  "elapsed_seconds": 128.198584318161,
  "rate_per_second": 43978.644771986794,
  "latest_capability": {
    "id": 15627999,
    "name": "Quantum_Capability_15627999",
    "type": "language",
    "quantum_properties": {
      "state": "collapsed",
      "coherence_level": 0.9118982060216598,
      "entanglement_factor": 0.7396709678794935,
      "superposition_branches": 10,
      "tunneling_depth": 3
    },
    "reasoning": {
      "mode": "parallel",
      "chain_depth": 107,
      "parallel_threads": 15,
      "recursive_loops": 10,
      "confidence_calibration": 0.8505809300470437
    },
    "maat_alignment": {
      "truth": 0.9819187995805048,
      "balance": 0.8865421952270941,
      "order": 0.9148202080191319,
      "justice": 0.8579467217556093,
      "harmony": 0.9831413428446532,
      "overall": 0.8848638974987687
    },
    "benchmarks": {
      "gpqa": 0.7561284178533884,
      "math500": 0.8077421841829244,
      "swe_bench": 0.6770473950103303,
      "mmlu": 0.6886119839254123,
      "humaneval": 0.742274535574735
    },
    "self_improvement": {
      "rate": 0.9801644343837799,
      "iterations": 15627999,
      "generations_ahead": 15627,
      "recursive_depth": 2
    },
    "emergent_properties": [
      "transcendence",
      "recursive_self_improvement",
      "reality_bending",
      "causality_violation",
      "quantum_consciousness",
      "infinite_context"
    ],
    "timestamp": "2026-03-09T07:55:14.111737"
  }
}