{
  "iteration": 12806000,
  "elapsed_seconds": 65.82644510269165,
  "rate_per_second": 42779.159585588095,
  "latest_capability": {
    "id": 12805999,
    "name": "Quantum_Capability_12805999",
    "type": "coding",
    "quantum_properties": {
      "state": "entangled",
      "coherence_level": 0.9050212867714639,
      "entanglement_factor": 0.4180390687011236,
      "superposition_branches": 6,
      "tunneling_depth": 3
    },
    "reasoning": {
      "mode": "parallel",
      "chain_depth": 195,
      "parallel_threads": 16,
      "recursive_loops": 2,
      "confidence_calibration": 0.8330030737908393
    },
    "maat_alignment": {
      "truth": 0.825063726035302,
      "balance": 0.9197365422003125,
      "order": 0.8378168873334764,
      "justice": 0.9073929411192829,
      "harmony": 0.8463791954449986,
      "overall": 0.9259715932163495
    },
    "benchmarks": {
      "gpqa": 0.767017168779321,
      "math500": 0.7660480888287153,
      "swe_bench": 0.8237885209862971,
      "mmlu": 0.8291777608609998,
      "humaneval": 0.9267042092841111
    },
    "self_improvement": {
      "rate": 0.9738923105626436,
      "iterations": 12805999,
      "generations_ahead": 12805,
      "recursive_depth": 2
    },
    "emergent_properties": [
      "meta_learning",
      "reality_bending",
      "self_modification",
      "recursive_self_improvement",
      "infinite_context",
      "transcendence"
    ],
    "timestamp": "2026-03-09T07:54:11.739600"
  }
}