{
  "iteration": 15501000,
  "elapsed_seconds": 125.80300879478455,
  "rate_per_second": 43806.58342591621,
  "latest_capability": {
    "id": 15500999,
    "name": "Quantum_Capability_15500999",
    "type": "coding",
    "quantum_properties": {
      "state": "superposition",
      "coherence_level": 0.6611549856256916,
      "entanglement_factor": 0.03272241166048262,
      "superposition_branches": 3,
      "tunneling_depth": 0
    },
    "reasoning": {
      "mode": "tree",
      "chain_depth": 52,
      "parallel_threads": 15,
      "recursive_loops": 9,
      "confidence_calibration": 0.919352544496129
    },
    "maat_alignment": {
      "truth": 0.8475335890745627,
      "balance": 0.8487365281610294,
      "order": 0.982762376594013,
      "justice": 0.9218825719334247,
      "harmony": 0.9832694528301882,
      "overall": 0.8611208294407178
    },
    "benchmarks": {
      "gpqa": 0.9267243500151869,
      "math500": 0.8250697737376281,
      "swe_bench": 0.7661328025946168,
      "mmlu": 0.8556629994815693,
      "humaneval": 0.7571383310395813
    },
    "self_improvement": {
      "rate": 0.9647614212655542,
      "iterations": 15500999,
      "generations_ahead": 15500,
      "recursive_depth": 4
    },
    "emergent_properties": [
      "transcendence",
      "causality_violation",
      "omniscience"
    ],
    "timestamp": "2026-03-09T07:55:11.716162"
  }
}