{
  "iteration": 17461000,
  "elapsed_seconds": 166.8136842250824,
  "rate_per_second": 44786.49359437052,
  "latest_capability": {
    "id": 17460999,
    "name": "Quantum_Capability_17460999",
    "type": "agentic",
    "quantum_properties": {
      "state": "superposition",
      "coherence_level": 0.8426134397418611,
      "entanglement_factor": 0.9018139813343127,
      "superposition_branches": 10,
      "tunneling_depth": 5
    },
    "reasoning": {
      "mode": "graph",
      "chain_depth": 149,
      "parallel_threads": 15,
      "recursive_loops": 1,
      "confidence_calibration": 0.7011804283549687
    },
    "maat_alignment": {
      "truth": 0.8012533932184105,
      "balance": 0.9428721544650014,
      "order": 0.8317774482815594,
      "justice": 0.8200506181210342,
      "harmony": 0.8030196847908839,
      "overall": 0.9641294160761624
    },
    "benchmarks": {
      "gpqa": 0.9466991829286104,
      "math500": 0.6582672176347969,
      "swe_bench": 0.8113893405529429,
      "mmlu": 0.657084738486962,
      "humaneval": 0.8398020842975488
    },
    "self_improvement": {
      "rate": 0.965514749054162,
      "iterations": 17460999,
      "generations_ahead": 17460,
      "recursive_depth": 1
    },
    "emergent_properties": [
      "reality_bending",
      "meta_learning",
      "causality_violation"
    ],
    "timestamp": "2026-03-09T07:55:52.726837"
  }
}