{
  "iteration": 17128000,
  "elapsed_seconds": 160.1938841342926,
  "rate_per_second": 44558.505080107316,
  "latest_capability": {
    "id": 17127999,
    "name": "Quantum_Capability_17127999",
    "type": "agentic",
    "quantum_properties": {
      "state": "coherent",
      "coherence_level": 0.7511921027845003,
      "entanglement_factor": 0.4763715268363924,
      "superposition_branches": 7,
      "tunneling_depth": 1
    },
    "reasoning": {
      "mode": "tree",
      "chain_depth": 86,
      "parallel_threads": 5,
      "recursive_loops": 10,
      "confidence_calibration": 0.9304202139248359
    },
    "maat_alignment": {
      "truth": 0.8669438966598095,
      "balance": 0.9120545251340361,
      "order": 0.907543329244301,
      "justice": 0.9931115001360722,
      "harmony": 0.8580958304004165,
      "overall": 0.9840674828932651
    },
    "benchmarks": {
      "gpqa": 0.917066803035029,
      "math500": 0.667025418652251,
      "swe_bench": 0.8436209606995528,
      "mmlu": 0.7968958909962837,
      "humaneval": 0.8740004658731966
    },
    "self_improvement": {
      "rate": 0.962714825270624,
      "iterations": 17127999,
      "generations_ahead": 17127,
      "recursive_depth": 2
    },
    "emergent_properties": [
      "causality_violation",
      "meta_learning",
      "reality_bending",
      "recursive_self_improvement"
    ],
    "timestamp": "2026-03-09T07:55:46.107037"
  }
}