{
  "iteration": 11504000,
  "elapsed_seconds": 36.67393755912781,
  "rate_per_second": 41282.72284804551,
  "latest_capability": {
    "id": 11503999,
    "name": "Quantum_Capability_11503999",
    "type": "multimodal",
    "quantum_properties": {
      "state": "superposition",
      "coherence_level": 0.576897426073028,
      "entanglement_factor": 0.12832147590329335,
      "superposition_branches": 4,
      "tunneling_depth": 4
    },
    "reasoning": {
      "mode": "tree",
      "chain_depth": 107,
      "parallel_threads": 2,
      "recursive_loops": 7,
      "confidence_calibration": 0.8574476005634708
    },
    "maat_alignment": {
      "truth": 0.9091074299519931,
      "balance": 0.9988803055285169,
      "order": 0.9205024965107016,
      "justice": 0.8129002602392865,
      "harmony": 0.9330674905923511,
      "overall": 0.9904672668461467
    },
    "benchmarks": {
      "gpqa": 0.9395518927896642,
      "math500": 0.7624808648608259,
      "swe_bench": 0.7245914865913864,
      "mmlu": 0.8485058212466774,
      "humaneval": 0.7945490831073336
    },
    "self_improvement": {
      "rate": 0.9580659726525698,
      "iterations": 11503999,
      "generations_ahead": 11503,
      "recursive_depth": 4
    },
    "emergent_properties": [
      "recursive_self_improvement",
      "infinite_context",
      "self_modification",
      "reality_bending",
      "meta_learning"
    ],
    "timestamp": "2026-03-09T07:53:42.587087"
  }
}