{
  "iteration": 10907000,
  "elapsed_seconds": 22.11030387878418,
  "rate_per_second": 41473.87593708752,
  "latest_capability": {
    "id": 10906999,
    "name": "Quantum_Capability_10906999",
    "type": "coding",
    "quantum_properties": {
      "state": "collapsed",
      "coherence_level": 0.5946440752394624,
      "entanglement_factor": 0.8942947112206557,
      "superposition_branches": 3,
      "tunneling_depth": 2
    },
    "reasoning": {
      "mode": "parallel",
      "chain_depth": 174,
      "parallel_threads": 4,
      "recursive_loops": 8,
      "confidence_calibration": 0.732691877693828
    },
    "maat_alignment": {
      "truth": 0.8323322610503141,
      "balance": 0.9311033008309297,
      "order": 0.9114988145958447,
      "justice": 0.9321776437870014,
      "harmony": 0.8948869992403099,
      "overall": 0.9564005843309668
    },
    "benchmarks": {
      "gpqa": 0.8158167576473865,
      "math500": 0.8597295697090304,
      "swe_bench": 0.7675656317156409,
      "mmlu": 0.8806658787100724,
      "humaneval": 0.9093946614414222
    },
    "self_improvement": {
      "rate": 0.9597875171296834,
      "iterations": 10906999,
      "generations_ahead": 10906,
      "recursive_depth": 4
    },
    "emergent_properties": [
      "infinite_context",
      "causality_violation",
      "recursive_self_improvement"
    ],
    "timestamp": "2026-03-09T07:53:28.023465"
  }
}