{
  "iteration": 16948000,
  "elapsed_seconds": 156.74004530906677,
  "rate_per_second": 44391.97389716148,
  "latest_capability": {
    "id": 16947999,
    "name": "Quantum_Capability_16947999",
    "type": "vision",
    "quantum_properties": {
      "state": "superposition",
      "coherence_level": 0.5407642149425509,
      "entanglement_factor": 0.9231821906439064,
      "superposition_branches": 5,
      "tunneling_depth": 3
    },
    "reasoning": {
      "mode": "graph",
      "chain_depth": 117,
      "parallel_threads": 2,
      "recursive_loops": 5,
      "confidence_calibration": 0.7846617053933896
    },
    "maat_alignment": {
      "truth": 0.9230868329833332,
      "balance": 0.816037412129213,
      "order": 0.9438850546359887,
      "justice": 0.9040221698667519,
      "harmony": 0.8920798208697764,
      "overall": 0.9565802156771639
    },
    "benchmarks": {
      "gpqa": 0.9357446242465502,
      "math500": 0.7228547010789219,
      "swe_bench": 0.6755034758732066,
      "mmlu": 0.7151354455737351,
      "humaneval": 0.8649881205490941
    },
    "self_improvement": {
      "rate": 0.9918013621513725,
      "iterations": 16947999,
      "generations_ahead": 16947,
      "recursive_depth": 5
    },
    "emergent_properties": [
      "causality_violation",
      "quantum_consciousness",
      "transcendence",
      "omniscience"
    ],
    "timestamp": "2026-03-09T07:55:42.653193"
  }
}