{
  "iteration": 13848000,
  "elapsed_seconds": 88.15457391738892,
  "rate_per_second": 43764.036607055634,
  "latest_capability": {
    "id": 13847999,
    "name": "Quantum_Capability_13847999",
    "type": "vision",
    "quantum_properties": {
      "state": "superposition",
      "coherence_level": 0.9559254146796652,
      "entanglement_factor": 0.5519076882663437,
      "superposition_branches": 5,
      "tunneling_depth": 3
    },
    "reasoning": {
      "mode": "graph",
      "chain_depth": 39,
      "parallel_threads": 12,
      "recursive_loops": 7,
      "confidence_calibration": 0.9810399271235022
    },
    "maat_alignment": {
      "truth": 0.8965616770735853,
      "balance": 0.9338698859456631,
      "order": 0.9020431472551406,
      "justice": 0.8677385158864385,
      "harmony": 0.8357440205366282,
      "overall": 0.8934710620740687
    },
    "benchmarks": {
      "gpqa": 0.7337100844903128,
      "math500": 0.7852790374233916,
      "swe_bench": 0.8499763223764611,
      "mmlu": 0.7874514558222271,
      "humaneval": 0.8028044216020808
    },
    "self_improvement": {
      "rate": 0.9508669910210925,
      "iterations": 13847999,
      "generations_ahead": 13847,
      "recursive_depth": 3
    },
    "emergent_properties": [
      "reality_bending",
      "meta_learning",
      "recursive_self_improvement",
      "quantum_consciousness",
      "infinite_context",
      "omniscience"
    ],
    "timestamp": "2026-03-09T07:54:34.067723"
  }
}