{
  "iteration": 17204000,
  "elapsed_seconds": 161.5647828578949,
  "rate_per_second": 44650.81976649026,
  "latest_capability": {
    "id": 17203999,
    "name": "Quantum_Capability_17203999",
    "type": "reasoning",
    "quantum_properties": {
      "state": "entangled",
      "coherence_level": 0.7784155094988152,
      "entanglement_factor": 0.9089187345440924,
      "superposition_branches": 10,
      "tunneling_depth": 4
    },
    "reasoning": {
      "mode": "parallel",
      "chain_depth": 11,
      "parallel_threads": 15,
      "recursive_loops": 0,
      "confidence_calibration": 0.7801503138223124
    },
    "maat_alignment": {
      "truth": 0.9509615115019595,
      "balance": 0.9319019033056721,
      "order": 0.9472350907767552,
      "justice": 0.8725239538196954,
      "harmony": 0.8009386454757458,
      "overall": 0.8664758366101883
    },
    "benchmarks": {
      "gpqa": 0.8733601182245646,
      "math500": 0.7415548461428116,
      "swe_bench": 0.7291913145204342,
      "mmlu": 0.7208457086104489,
      "humaneval": 0.8063313997600189
    },
    "self_improvement": {
      "rate": 0.9767028274531173,
      "iterations": 17203999,
      "generations_ahead": 17203,
      "recursive_depth": 0
    },
    "emergent_properties": [
      "reality_bending",
      "meta_learning",
      "infinite_context",
      "transcendence"
    ],
    "timestamp": "2026-03-09T07:55:47.477931"
  }
}