{
  "iteration": 10792000,
  "elapsed_seconds": 19.15724205970764,
  "rate_per_second": 41864.06360061618,
  "latest_capability": {
    "id": 10791999,
    "name": "Quantum_Capability_10791999",
    "type": "multimodal",
    "quantum_properties": {
      "state": "collapsed",
      "coherence_level": 0.9682919238305625,
      "entanglement_factor": 0.8996134071559635,
      "superposition_branches": 5,
      "tunneling_depth": 1
    },
    "reasoning": {
      "mode": "sequential",
      "chain_depth": 147,
      "parallel_threads": 16,
      "recursive_loops": 0,
      "confidence_calibration": 0.7171621441712898
    },
    "maat_alignment": {
      "truth": 0.9059466118483019,
      "balance": 0.8310287482578632,
      "order": 0.8140898128720045,
      "justice": 0.8197704536090705,
      "harmony": 0.8129596642104516,
      "overall": 0.9417630549941167
    },
    "benchmarks": {
      "gpqa": 0.7151678964177087,
      "math500": 0.7651096410092186,
      "swe_bench": 0.8666789742474875,
      "mmlu": 0.8923502747017006,
      "humaneval": 0.8754557084028793
    },
    "self_improvement": {
      "rate": 0.9786342538656236,
      "iterations": 10791999,
      "generations_ahead": 10791,
      "recursive_depth": 3
    },
    "emergent_properties": [
      "self_modification",
      "quantum_consciousness",
      "meta_learning"
    ],
    "timestamp": "2026-03-09T07:53:25.070394"
  }
}