{
  "iteration": 10858000,
  "elapsed_seconds": 21.14021897315979,
  "rate_per_second": 41059.177348259116,
  "latest_capability": {
    "id": 10857999,
    "name": "Quantum_Capability_10857999",
    "type": "reasoning",
    "quantum_properties": {
      "state": "entangled",
      "coherence_level": 0.8358311649673528,
      "entanglement_factor": 0.46126075623498397,
      "superposition_branches": 2,
      "tunneling_depth": 3
    },
    "reasoning": {
      "mode": "graph",
      "chain_depth": 186,
      "parallel_threads": 7,
      "recursive_loops": 7,
      "confidence_calibration": 0.7384071418359662
    },
    "maat_alignment": {
      "truth": 0.8363663830531611,
      "balance": 0.8206973675087718,
      "order": 0.9288465434380269,
      "justice": 0.8450973146217422,
      "harmony": 0.9609286184275235,
      "overall": 0.9425721068215599
    },
    "benchmarks": {
      "gpqa": 0.9085292629254476,
      "math500": 0.7236880207486132,
      "swe_bench": 0.8861471238198368,
      "mmlu": 0.7470057890764688,
      "humaneval": 0.8272050678877179
    },
    "self_improvement": {
      "rate": 0.9873260585849496,
      "iterations": 10857999,
      "generations_ahead": 10857,
      "recursive_depth": 4
    },
    "emergent_properties": [
      "meta_learning",
      "causality_violation",
      "transcendence",
      "reality_bending"
    ],
    "timestamp": "2026-03-09T07:53:27.053367"
  }
}