{
  "iteration": 17655000,
  "elapsed_seconds": 170.53024005889893,
  "rate_per_second": 44948.03969872211,
  "latest_capability": {
    "id": 17654999,
    "name": "Quantum_Capability_17654999",
    "type": "reasoning",
    "quantum_properties": {
      "state": "collapsed",
      "coherence_level": 0.7049386953464198,
      "entanglement_factor": 0.6031454925995642,
      "superposition_branches": 1,
      "tunneling_depth": 4
    },
    "reasoning": {
      "mode": "tree",
      "chain_depth": 64,
      "parallel_threads": 11,
      "recursive_loops": 4,
      "confidence_calibration": 0.9057202879415971
    },
    "maat_alignment": {
      "truth": 0.811603879923137,
      "balance": 0.9472225437567285,
      "order": 0.8564631989674841,
      "justice": 0.9699965678784118,
      "harmony": 0.968166206510238,
      "overall": 0.8726409402520686
    },
    "benchmarks": {
      "gpqa": 0.7039668643955846,
      "math500": 0.8498491951634086,
      "swe_bench": 0.8207409393230497,
      "mmlu": 0.7456229784660933,
      "humaneval": 0.8375774205170291
    },
    "self_improvement": {
      "rate": 0.9867458327233416,
      "iterations": 17654999,
      "generations_ahead": 17654,
      "recursive_depth": 5
    },
    "emergent_properties": [
      "recursive_self_improvement",
      "causality_violation",
      "transcendence",
      "omniscience",
      "infinite_context"
    ],
    "timestamp": "2026-03-09T07:55:56.443388"
  }
}