{
  "iteration": 17615000,
  "elapsed_seconds": 169.65072393417358,
  "rate_per_second": 44945.28418846351,
  "latest_capability": {
    "id": 17614999,
    "name": "Quantum_Capability_17614999",
    "type": "multimodal",
    "quantum_properties": {
      "state": "superposition",
      "coherence_level": 0.598554912085911,
      "entanglement_factor": 0.10223347492614276,
      "superposition_branches": 2,
      "tunneling_depth": 2
    },
    "reasoning": {
      "mode": "graph",
      "chain_depth": 130,
      "parallel_threads": 11,
      "recursive_loops": 3,
      "confidence_calibration": 0.7024908297268893
    },
    "maat_alignment": {
      "truth": 0.9467086382663804,
      "balance": 0.8109561622503466,
      "order": 0.9100608921865434,
      "justice": 0.9634104815303267,
      "harmony": 0.8752824847577534,
      "overall": 0.8685624389366969
    },
    "benchmarks": {
      "gpqa": 0.75541755116765,
      "math500": 0.7394331659243332,
      "swe_bench": 0.7772694444925712,
      "mmlu": 0.6795293764611448,
      "humaneval": 0.8761592063568611
    },
    "self_improvement": {
      "rate": 0.9635849379689088,
      "iterations": 17614999,
      "generations_ahead": 17614,
      "recursive_depth": 1
    },
    "emergent_properties": [
      "infinite_context",
      "meta_learning",
      "reality_bending",
      "transcendence",
      "self_modification",
      "causality_violation"
    ],
    "timestamp": "2026-03-09T07:55:55.563878"
  }
}