{
  "iteration": 15320000,
  "elapsed_seconds": 122.36027193069458,
  "rate_per_second": 43559.89011710383,
  "latest_capability": {
    "id": 15319999,
    "name": "Quantum_Capability_15319999",
    "type": "math",
    "quantum_properties": {
      "state": "coherent",
      "coherence_level": 0.5342959735097981,
      "entanglement_factor": 0.2839547095467363,
      "superposition_branches": 1,
      "tunneling_depth": 0
    },
    "reasoning": {
      "mode": "tree",
      "chain_depth": 69,
      "parallel_threads": 11,
      "recursive_loops": 10,
      "confidence_calibration": 0.8903603595572603
    },
    "maat_alignment": {
      "truth": 0.9739696739055238,
      "balance": 0.9739891361346832,
      "order": 0.8693879064193445,
      "justice": 0.8201132118385488,
      "harmony": 0.8562349960754846,
      "overall": 0.9115727061745652
    },
    "benchmarks": {
      "gpqa": 0.909935798010977,
      "math500": 0.7674324583223215,
      "swe_bench": 0.8594245687308298,
      "mmlu": 0.6677299247164729,
      "humaneval": 0.8125838956376554
    },
    "self_improvement": {
      "rate": 0.9897206160883039,
      "iterations": 15319999,
      "generations_ahead": 15319,
      "recursive_depth": 1
    },
    "emergent_properties": [
      "self_modification",
      "reality_bending",
      "causality_violation"
    ],
    "timestamp": "2026-03-09T07:55:08.273421"
  }
}