{
  "iteration": 12201000,
  "elapsed_seconds": 52.18037128448486,
  "rate_per_second": 42372.25503716205,
  "latest_capability": {
    "id": 12200999,
    "name": "Quantum_Capability_12200999",
    "type": "agentic",
    "quantum_properties": {
      "state": "superposition",
      "coherence_level": 0.5504558298332122,
      "entanglement_factor": 0.6940093605538324,
      "superposition_branches": 4,
      "tunneling_depth": 0
    },
    "reasoning": {
      "mode": "graph",
      "chain_depth": 34,
      "parallel_threads": 14,
      "recursive_loops": 7,
      "confidence_calibration": 0.8851566406116007
    },
    "maat_alignment": {
      "truth": 0.8784290358776446,
      "balance": 0.8332492868629734,
      "order": 0.8972306513260692,
      "justice": 0.8513503465795418,
      "harmony": 0.9684014513934971,
      "overall": 0.8568076894943204
    },
    "benchmarks": {
      "gpqa": 0.7131263488525625,
      "math500": 0.8810016090512867,
      "swe_bench": 0.7166417364878137,
      "mmlu": 0.822719931220612,
      "humaneval": 0.8637264248076373
    },
    "self_improvement": {
      "rate": 0.9823227787536919,
      "iterations": 12200999,
      "generations_ahead": 12200,
      "recursive_depth": 0
    },
    "emergent_properties": [
      "transcendence",
      "omniscience",
      "meta_learning",
      "infinite_context",
      "quantum_consciousness",
      "causality_violation"
    ],
    "timestamp": "2026-03-09T07:53:58.093521"
  }
}