{
  "iteration": 16029000,
  "elapsed_seconds": 135.95816731452942,
  "rate_per_second": 44418.07446572304,
  "latest_capability": {
    "id": 16028999,
    "name": "Quantum_Capability_16028999",
    "type": "coding",
    "quantum_properties": {
      "state": "entangled",
      "coherence_level": 0.6403620583076219,
      "entanglement_factor": 0.09715930278468343,
      "superposition_branches": 9,
      "tunneling_depth": 4
    },
    "reasoning": {
      "mode": "sequential",
      "chain_depth": 83,
      "parallel_threads": 13,
      "recursive_loops": 8,
      "confidence_calibration": 0.9459949427076075
    },
    "maat_alignment": {
      "truth": 0.9400090380675097,
      "balance": 0.8912290448844574,
      "order": 0.8807529863469297,
      "justice": 0.8626028373449354,
      "harmony": 0.9455126590401274,
      "overall": 0.9989197244490909
    },
    "benchmarks": {
      "gpqa": 0.8664354927193894,
      "math500": 0.8809617088985633,
      "swe_bench": 0.8339049352558681,
      "mmlu": 0.8758570749710239,
      "humaneval": 0.9425956766302943
    },
    "self_improvement": {
      "rate": 0.9643383537853525,
      "iterations": 16028999,
      "generations_ahead": 16028,
      "recursive_depth": 5
    },
    "emergent_properties": [
      "reality_bending",
      "causality_violation",
      "quantum_consciousness",
      "recursive_self_improvement",
      "self_modification",
      "transcendence"
    ],
    "timestamp": "2026-03-09T07:55:21.871316"
  }
}