{
  "iteration": 11320000,
  "elapsed_seconds": 32.83082675933838,
  "rate_per_second": 40510.70689597227,
  "latest_capability": {
    "id": 11319999,
    "name": "Quantum_Capability_11319999",
    "type": "agentic",
    "quantum_properties": {
      "state": "coherent",
      "coherence_level": 0.7041232161184819,
      "entanglement_factor": 0.143963663867546,
      "superposition_branches": 3,
      "tunneling_depth": 3
    },
    "reasoning": {
      "mode": "sequential",
      "chain_depth": 80,
      "parallel_threads": 8,
      "recursive_loops": 6,
      "confidence_calibration": 0.7891770218835839
    },
    "maat_alignment": {
      "truth": 0.9123733074384763,
      "balance": 0.9913990874303926,
      "order": 0.8446619020862736,
      "justice": 0.847894126650757,
      "harmony": 0.9070875012617832,
      "overall": 0.9802056151422098
    },
    "benchmarks": {
      "gpqa": 0.8903743198406688,
      "math500": 0.8401235024259195,
      "swe_bench": 0.7694898178947996,
      "mmlu": 0.8752644039719466,
      "humaneval": 0.7838019082622626
    },
    "self_improvement": {
      "rate": 0.9960016292588794,
      "iterations": 11319999,
      "generations_ahead": 11319,
      "recursive_depth": 1
    },
    "emergent_properties": [
      "self_modification",
      "transcendence",
      "quantum_consciousness",
      "infinite_context",
      "meta_learning"
    ],
    "timestamp": "2026-03-09T07:53:38.743979"
  }
}