{
  "iteration": 11669000,
  "elapsed_seconds": 40.718586444854736,
  "rate_per_second": 41234.24083677053,
  "latest_capability": {
    "id": 11668999,
    "name": "Quantum_Capability_11668999",
    "type": "agentic",
    "quantum_properties": {
      "state": "superposition",
      "coherence_level": 0.9501281947411335,
      "entanglement_factor": 0.5600385484913891,
      "superposition_branches": 7,
      "tunneling_depth": 3
    },
    "reasoning": {
      "mode": "sequential",
      "chain_depth": 73,
      "parallel_threads": 9,
      "recursive_loops": 10,
      "confidence_calibration": 0.9423599380828281
    },
    "maat_alignment": {
      "truth": 0.8504487668464914,
      "balance": 0.8595747122477471,
      "order": 0.9087222374523324,
      "justice": 0.8836181838634676,
      "harmony": 0.851485330894314,
      "overall": 0.9220131495366717
    },
    "benchmarks": {
      "gpqa": 0.7004385337292005,
      "math500": 0.6543256329794533,
      "swe_bench": 0.6732352319373034,
      "mmlu": 0.6684747239141013,
      "humaneval": 0.8956813110315521
    },
    "self_improvement": {
      "rate": 0.9685420341673732,
      "iterations": 11668999,
      "generations_ahead": 11668,
      "recursive_depth": 5
    },
    "emergent_properties": [
      "self_modification",
      "transcendence",
      "omniscience",
      "recursive_self_improvement"
    ],
    "timestamp": "2026-03-09T07:53:46.631739"
  }
}