{
  "iteration": 10850000,
  "elapsed_seconds": 21.033353328704834,
  "rate_per_second": 40887.44132046376,
  "latest_capability": {
    "id": 10849999,
    "name": "Quantum_Capability_10849999",
    "type": "multimodal",
    "quantum_properties": {
      "state": "entangled",
      "coherence_level": 0.6030001615056806,
      "entanglement_factor": 0.8024475637687573,
      "superposition_branches": 8,
      "tunneling_depth": 5
    },
    "reasoning": {
      "mode": "parallel",
      "chain_depth": 46,
      "parallel_threads": 11,
      "recursive_loops": 6,
      "confidence_calibration": 0.8124082843756436
    },
    "maat_alignment": {
      "truth": 0.9445705864592502,
      "balance": 0.9780858547956126,
      "order": 0.9625383008983163,
      "justice": 0.931278206499782,
      "harmony": 0.9378468050085037,
      "overall": 0.8601616010243666
    },
    "benchmarks": {
      "gpqa": 0.9088407336503741,
      "math500": 0.7015343353272148,
      "swe_bench": 0.7117733324860064,
      "mmlu": 0.7323655584001885,
      "humaneval": 0.8517755019691177
    },
    "self_improvement": {
      "rate": 0.9554924231566777,
      "iterations": 10849999,
      "generations_ahead": 10849,
      "recursive_depth": 2
    },
    "emergent_properties": [
      "reality_bending",
      "causality_violation",
      "meta_learning"
    ],
    "timestamp": "2026-03-09T07:53:26.946501"
  }
}