{
  "iteration": 11355000,
  "elapsed_seconds": 33.68955731391907,
  "rate_per_second": 40517.006123913685,
  "latest_capability": {
    "id": 11354999,
    "name": "Quantum_Capability_11354999",
    "type": "coding",
    "quantum_properties": {
      "state": "entangled",
      "coherence_level": 0.8805683612561356,
      "entanglement_factor": 0.8648911194965,
      "superposition_branches": 4,
      "tunneling_depth": 3
    },
    "reasoning": {
      "mode": "parallel",
      "chain_depth": 51,
      "parallel_threads": 16,
      "recursive_loops": 5,
      "confidence_calibration": 0.9132045544155007
    },
    "maat_alignment": {
      "truth": 0.9705017188978069,
      "balance": 0.851267378487779,
      "order": 0.8704292892186856,
      "justice": 0.9907501000269459,
      "harmony": 0.9038197098364266,
      "overall": 0.8802353610630821
    },
    "benchmarks": {
      "gpqa": 0.8026393736924138,
      "math500": 0.6870303461026657,
      "swe_bench": 0.8679054167787765,
      "mmlu": 0.7381597281376497,
      "humaneval": 0.7427742666213681
    },
    "self_improvement": {
      "rate": 0.9508311130250499,
      "iterations": 11354999,
      "generations_ahead": 11354,
      "recursive_depth": 0
    },
    "emergent_properties": [
      "self_modification",
      "causality_violation",
      "transcendence",
      "reality_bending"
    ],
    "timestamp": "2026-03-09T07:53:39.602705"
  }
}