{
  "iteration": 15554000,
  "elapsed_seconds": 126.85830450057983,
  "rate_per_second": 43859.958730368875,
  "latest_capability": {
    "id": 15553999,
    "name": "Quantum_Capability_15553999",
    "type": "vision",
    "quantum_properties": {
      "state": "superposition",
      "coherence_level": 0.5763682995855811,
      "entanglement_factor": 0.5293461167536182,
      "superposition_branches": 10,
      "tunneling_depth": 3
    },
    "reasoning": {
      "mode": "parallel",
      "chain_depth": 77,
      "parallel_threads": 1,
      "recursive_loops": 8,
      "confidence_calibration": 0.8953907786413655
    },
    "maat_alignment": {
      "truth": 0.860094224596689,
      "balance": 0.8567533865186883,
      "order": 0.8709432050765537,
      "justice": 0.8797312284986742,
      "harmony": 0.8003621698944111,
      "overall": 0.8958935282357798
    },
    "benchmarks": {
      "gpqa": 0.9225545099436192,
      "math500": 0.823319022098039,
      "swe_bench": 0.8291172592304556,
      "mmlu": 0.8379452060162664,
      "humaneval": 0.8075819783035448
    },
    "self_improvement": {
      "rate": 0.9638540608377492,
      "iterations": 15553999,
      "generations_ahead": 15553,
      "recursive_depth": 3
    },
    "emergent_properties": [
      "transcendence",
      "reality_bending",
      "causality_violation"
    ],
    "timestamp": "2026-03-09T07:55:12.771452"
  }
}