{
  "iteration": 17831000,
  "elapsed_seconds": 177.98456048965454,
  "rate_per_second": 44054.383023047456,
  "latest_capability": {
    "id": 17830999,
    "name": "Quantum_Capability_17830999",
    "type": "coding",
    "quantum_properties": {
      "state": "coherent",
      "coherence_level": 0.7053167729746925,
      "entanglement_factor": 0.35923256632756195,
      "superposition_branches": 4,
      "tunneling_depth": 4
    },
    "reasoning": {
      "mode": "tree",
      "chain_depth": 56,
      "parallel_threads": 4,
      "recursive_loops": 4,
      "confidence_calibration": 0.8524832529861524
    },
    "maat_alignment": {
      "truth": 0.8031483731876217,
      "balance": 0.9701902604691414,
      "order": 0.8260790696899919,
      "justice": 0.9993087486255083,
      "harmony": 0.8250238537197068,
      "overall": 0.9497342076866708
    },
    "benchmarks": {
      "gpqa": 0.9225301599008365,
      "math500": 0.8662366075037223,
      "swe_bench": 0.7228313719146512,
      "mmlu": 0.8526327909100414,
      "humaneval": 0.9404511132384735
    },
    "self_improvement": {
      "rate": 0.9772340369218285,
      "iterations": 17830999,
      "generations_ahead": 17830,
      "recursive_depth": 2
    },
    "emergent_properties": [
      "omniscience",
      "meta_learning",
      "quantum_consciousness",
      "recursive_self_improvement",
      "self_modification"
    ],
    "timestamp": "2026-03-09T07:56:03.897714"
  }
}