{
  "iteration": 13610000,
  "elapsed_seconds": 83.5353946685791,
  "rate_per_second": 43334.924248123796,
  "latest_capability": {
    "id": 13609999,
    "name": "Quantum_Capability_13609999",
    "type": "agentic",
    "quantum_properties": {
      "state": "coherent",
      "coherence_level": 0.9737152321196176,
      "entanglement_factor": 0.18061367940944495,
      "superposition_branches": 6,
      "tunneling_depth": 2
    },
    "reasoning": {
      "mode": "parallel",
      "chain_depth": 174,
      "parallel_threads": 2,
      "recursive_loops": 1,
      "confidence_calibration": 0.8298964429563163
    },
    "maat_alignment": {
      "truth": 0.8657173719286024,
      "balance": 0.8948889566523884,
      "order": 0.809188747850399,
      "justice": 0.9565793646591481,
      "harmony": 0.9057505227259542,
      "overall": 0.8578362232669895
    },
    "benchmarks": {
      "gpqa": 0.780373950456442,
      "math500": 0.87163471212989,
      "swe_bench": 0.7946268953806225,
      "mmlu": 0.7784719485731618,
      "humaneval": 0.7728674724824204
    },
    "self_improvement": {
      "rate": 0.9731730744658712,
      "iterations": 13609999,
      "generations_ahead": 13609,
      "recursive_depth": 1
    },
    "emergent_properties": [
      "causality_violation",
      "meta_learning",
      "reality_bending",
      "quantum_consciousness"
    ],
    "timestamp": "2026-03-09T07:54:29.448546"
  }
}