{
  "iteration": 11956000,
  "elapsed_seconds": 46.177184104919434,
  "rate_per_second": 42575.13830927933,
  "latest_capability": {
    "id": 11955999,
    "name": "Quantum_Capability_11955999",
    "type": "multimodal",
    "quantum_properties": {
      "state": "superposition",
      "coherence_level": 0.5415536227360769,
      "entanglement_factor": 0.8988184136389757,
      "superposition_branches": 1,
      "tunneling_depth": 3
    },
    "reasoning": {
      "mode": "parallel",
      "chain_depth": 55,
      "parallel_threads": 10,
      "recursive_loops": 8,
      "confidence_calibration": 0.7335814398019217
    },
    "maat_alignment": {
      "truth": 0.8841638306780656,
      "balance": 0.9414433197158398,
      "order": 0.9817828866587389,
      "justice": 0.9945880344398907,
      "harmony": 0.9771406234386978,
      "overall": 0.9418557863377485
    },
    "benchmarks": {
      "gpqa": 0.8002023443624929,
      "math500": 0.7467460864935993,
      "swe_bench": 0.6752173291612078,
      "mmlu": 0.8746373443391275,
      "humaneval": 0.9454897369974207
    },
    "self_improvement": {
      "rate": 0.9743779398613714,
      "iterations": 11955999,
      "generations_ahead": 11955,
      "recursive_depth": 1
    },
    "emergent_properties": [
      "quantum_consciousness",
      "omniscience",
      "reality_bending"
    ],
    "timestamp": "2026-03-09T07:53:52.090332"
  }
}