{
  "iteration": 15371000,
  "elapsed_seconds": 123.36629128456116,
  "rate_per_second": 43618.07381878726,
  "latest_capability": {
    "id": 15370999,
    "name": "Quantum_Capability_15370999",
    "type": "language",
    "quantum_properties": {
      "state": "entangled",
      "coherence_level": 0.8670816683041043,
      "entanglement_factor": 0.7633328893304552,
      "superposition_branches": 10,
      "tunneling_depth": 3
    },
    "reasoning": {
      "mode": "sequential",
      "chain_depth": 96,
      "parallel_threads": 8,
      "recursive_loops": 1,
      "confidence_calibration": 0.7242487525107386
    },
    "maat_alignment": {
      "truth": 0.867630778885521,
      "balance": 0.8028550961764591,
      "order": 0.9430348701375125,
      "justice": 0.8507205071936573,
      "harmony": 0.8379221681319459,
      "overall": 0.9312590995840906
    },
    "benchmarks": {
      "gpqa": 0.7699190216670893,
      "math500": 0.7310548904972052,
      "swe_bench": 0.803714799169251,
      "mmlu": 0.8348437593282709,
      "humaneval": 0.8573913997131184
    },
    "self_improvement": {
      "rate": 0.9806343621974857,
      "iterations": 15370999,
      "generations_ahead": 15370,
      "recursive_depth": 0
    },
    "emergent_properties": [
      "infinite_context",
      "transcendence",
      "recursive_self_improvement",
      "omniscience",
      "reality_bending"
    ],
    "timestamp": "2026-03-09T07:55:09.279440"
  }
}