{
  "iteration": 13566000,
  "elapsed_seconds": 82.60066223144531,
  "rate_per_second": 43292.63111692886,
  "latest_capability": {
    "id": 13565999,
    "name": "Quantum_Capability_13565999",
    "type": "math",
    "quantum_properties": {
      "state": "collapsed",
      "coherence_level": 0.9407948824676748,
      "entanglement_factor": 0.6738229023615324,
      "superposition_branches": 8,
      "tunneling_depth": 1
    },
    "reasoning": {
      "mode": "tree",
      "chain_depth": 105,
      "parallel_threads": 6,
      "recursive_loops": 5,
      "confidence_calibration": 0.9600753213140825
    },
    "maat_alignment": {
      "truth": 0.8658675536364372,
      "balance": 0.8445281069846938,
      "order": 0.8233248287512935,
      "justice": 0.9718389051047461,
      "harmony": 0.9746303845088291,
      "overall": 0.9710761493523333
    },
    "benchmarks": {
      "gpqa": 0.9012511244079314,
      "math500": 0.8070436364475067,
      "swe_bench": 0.7520668822186987,
      "mmlu": 0.7503214023442037,
      "humaneval": 0.8843816548412958
    },
    "self_improvement": {
      "rate": 0.9832832707969564,
      "iterations": 13565999,
      "generations_ahead": 13565,
      "recursive_depth": 3
    },
    "emergent_properties": [
      "infinite_context",
      "meta_learning",
      "recursive_self_improvement"
    ],
    "timestamp": "2026-03-09T07:54:28.513821"
  }
}