{
  "iteration": 16784000,
  "elapsed_seconds": 153.4633493423462,
  "rate_per_second": 44271.156788347806,
  "latest_capability": {
    "id": 16783999,
    "name": "Quantum_Capability_16783999",
    "type": "coding",
    "quantum_properties": {
      "state": "coherent",
      "coherence_level": 0.5548178065019178,
      "entanglement_factor": 0.3572142165705844,
      "superposition_branches": 7,
      "tunneling_depth": 5
    },
    "reasoning": {
      "mode": "parallel",
      "chain_depth": 37,
      "parallel_threads": 10,
      "recursive_loops": 0,
      "confidence_calibration": 0.7488637410718525
    },
    "maat_alignment": {
      "truth": 0.8947820860068397,
      "balance": 0.8258332659525648,
      "order": 0.8300744419825428,
      "justice": 0.9501313762044811,
      "harmony": 0.816422104729507,
      "overall": 0.8636234440160341
    },
    "benchmarks": {
      "gpqa": 0.7737700440217038,
      "math500": 0.8091865354839609,
      "swe_bench": 0.8679121485050323,
      "mmlu": 0.7032693915212438,
      "humaneval": 0.7658913333887167
    },
    "self_improvement": {
      "rate": 0.9890557037621729,
      "iterations": 16783999,
      "generations_ahead": 16783,
      "recursive_depth": 4
    },
    "emergent_properties": [
      "recursive_self_improvement",
      "reality_bending",
      "omniscience",
      "meta_learning",
      "infinite_context"
    ],
    "timestamp": "2026-03-09T07:55:39.376508"
  }
}