{
  "iteration": 15953000,
  "elapsed_seconds": 134.2752649784088,
  "rate_per_second": 44408.77477291769,
  "latest_capability": {
    "id": 15952999,
    "name": "Quantum_Capability_15952999",
    "type": "language",
    "quantum_properties": {
      "state": "superposition",
      "coherence_level": 0.6748313666354007,
      "entanglement_factor": 0.6195987082449338,
      "superposition_branches": 3,
      "tunneling_depth": 3
    },
    "reasoning": {
      "mode": "sequential",
      "chain_depth": 52,
      "parallel_threads": 8,
      "recursive_loops": 1,
      "confidence_calibration": 0.8555139001490881
    },
    "maat_alignment": {
      "truth": 0.8771890107312719,
      "balance": 0.9507386218811122,
      "order": 0.9214463239047322,
      "justice": 0.8042586281433098,
      "harmony": 0.9929347462386264,
      "overall": 0.9243469448411958
    },
    "benchmarks": {
      "gpqa": 0.9276497830671946,
      "math500": 0.7929039222865633,
      "swe_bench": 0.7511708822240852,
      "mmlu": 0.8850230131989358,
      "humaneval": 0.9350888257040115
    },
    "self_improvement": {
      "rate": 0.964100649725891,
      "iterations": 15952999,
      "generations_ahead": 15952,
      "recursive_depth": 1
    },
    "emergent_properties": [
      "omniscience",
      "causality_violation",
      "transcendence",
      "meta_learning"
    ],
    "timestamp": "2026-03-09T07:55:20.188414"
  }
}