{
  "iteration": 17633000,
  "elapsed_seconds": 170.2219889163971,
  "rate_per_second": 44900.192088307616,
  "latest_capability": {
    "id": 17632999,
    "name": "Quantum_Capability_17632999",
    "type": "language",
    "quantum_properties": {
      "state": "entangled",
      "coherence_level": 0.6895743528421698,
      "entanglement_factor": 0.28067370480338405,
      "superposition_branches": 6,
      "tunneling_depth": 2
    },
    "reasoning": {
      "mode": "tree",
      "chain_depth": 142,
      "parallel_threads": 11,
      "recursive_loops": 4,
      "confidence_calibration": 0.7797282106736854
    },
    "maat_alignment": {
      "truth": 0.8629774417437246,
      "balance": 0.9132475232252311,
      "order": 0.8253590582486279,
      "justice": 0.9506866618156818,
      "harmony": 0.9601904547239266,
      "overall": 0.9478860774847799
    },
    "benchmarks": {
      "gpqa": 0.8404924595845845,
      "math500": 0.7019427823420462,
      "swe_bench": 0.87279258836142,
      "mmlu": 0.6583508040722695,
      "humaneval": 0.7004441822514906
    },
    "self_improvement": {
      "rate": 0.9622376132920479,
      "iterations": 17632999,
      "generations_ahead": 17632,
      "recursive_depth": 4
    },
    "emergent_properties": [
      "transcendence",
      "recursive_self_improvement",
      "meta_learning",
      "reality_bending"
    ],
    "timestamp": "2026-03-09T07:55:56.135137"
  }
}