{
  "iteration": 12438000,
  "elapsed_seconds": 57.10001468658447,
  "rate_per_second": 42872.14308852275,
  "latest_capability": {
    "id": 12437999,
    "name": "Quantum_Capability_12437999",
    "type": "vision",
    "quantum_properties": {
      "state": "coherent",
      "coherence_level": 0.6401574128024756,
      "entanglement_factor": 0.6794252565093033,
      "superposition_branches": 10,
      "tunneling_depth": 2
    },
    "reasoning": {
      "mode": "parallel",
      "chain_depth": 135,
      "parallel_threads": 11,
      "recursive_loops": 5,
      "confidence_calibration": 0.7216639051953037
    },
    "maat_alignment": {
      "truth": 0.9931835892167038,
      "balance": 0.9551374024510113,
      "order": 0.9793914202650335,
      "justice": 0.8565457413866938,
      "harmony": 0.8238698834904084,
      "overall": 0.9067526395820326
    },
    "benchmarks": {
      "gpqa": 0.8464302315324324,
      "math500": 0.7799391629535684,
      "swe_bench": 0.7735282469959301,
      "mmlu": 0.6803361182781217,
      "humaneval": 0.7498969238831386
    },
    "self_improvement": {
      "rate": 0.9972694713349426,
      "iterations": 12437999,
      "generations_ahead": 12437,
      "recursive_depth": 4
    },
    "emergent_properties": [
      "omniscience",
      "causality_violation",
      "reality_bending"
    ],
    "timestamp": "2026-03-09T07:54:03.013163"
  }
}