{
  "iteration": 14492000,
  "elapsed_seconds": 103.20409750938416,
  "rate_per_second": 43622.299004074346,
  "latest_capability": {
    "id": 14491999,
    "name": "Quantum_Capability_14491999",
    "type": "vision",
    "quantum_properties": {
      "state": "entangled",
      "coherence_level": 0.594136590585473,
      "entanglement_factor": 0.8345314017033467,
      "superposition_branches": 8,
      "tunneling_depth": 1
    },
    "reasoning": {
      "mode": "tree",
      "chain_depth": 196,
      "parallel_threads": 4,
      "recursive_loops": 3,
      "confidence_calibration": 0.7300820250938379
    },
    "maat_alignment": {
      "truth": 0.8478802131615084,
      "balance": 0.8209079263757474,
      "order": 0.9455488963997489,
      "justice": 0.9724067872633096,
      "harmony": 0.8864510644331867,
      "overall": 0.879593533432938
    },
    "benchmarks": {
      "gpqa": 0.8328511527372574,
      "math500": 0.6698516233913026,
      "swe_bench": 0.6892602981078588,
      "mmlu": 0.7728803762797231,
      "humaneval": 0.7777840750658429
    },
    "self_improvement": {
      "rate": 0.9940547439296463,
      "iterations": 14491999,
      "generations_ahead": 14491,
      "recursive_depth": 2
    },
    "emergent_properties": [
      "self_modification",
      "recursive_self_improvement",
      "transcendence"
    ],
    "timestamp": "2026-03-09T07:54:49.117249"
  }
}