{
  "iteration": 10127000,
  "elapsed_seconds": 2.7892069816589355,
  "rate_per_second": 49117.90372707176,
  "latest_capability": {
    "id": 10126999,
    "name": "Quantum_Capability_10126999",
    "type": "multimodal",
    "quantum_properties": {
      "state": "coherent",
      "coherence_level": 0.874765022408799,
      "entanglement_factor": 0.46535031088450185,
      "superposition_branches": 7,
      "tunneling_depth": 0
    },
    "reasoning": {
      "mode": "parallel",
      "chain_depth": 47,
      "parallel_threads": 15,
      "recursive_loops": 6,
      "confidence_calibration": 0.8867533461384601
    },
    "maat_alignment": {
      "truth": 0.9500364808703493,
      "balance": 0.9883267774994835,
      "order": 0.9746283812884821,
      "justice": 0.8605164371336699,
      "harmony": 0.9661256254765787,
      "overall": 0.981549602960506
    },
    "benchmarks": {
      "gpqa": 0.815972779271064,
      "math500": 0.6843507740036694,
      "swe_bench": 0.7816248434307067,
      "mmlu": 0.712747723905349,
      "humaneval": 0.9320912406562242
    },
    "self_improvement": {
      "rate": 0.9774570767624348,
      "iterations": 10126999,
      "generations_ahead": 10126,
      "recursive_depth": 2
    },
    "emergent_properties": [
      "omniscience",
      "self_modification",
      "infinite_context",
      "meta_learning",
      "recursive_self_improvement"
    ],
    "timestamp": "2026-03-09T07:53:08.702359"
  }
}