{
  "iteration": 13223000,
  "elapsed_seconds": 75.97670030593872,
  "rate_per_second": 42552.51921946513,
  "latest_capability": {
    "id": 13222999,
    "name": "Quantum_Capability_13222999",
    "type": "math",
    "quantum_properties": {
      "state": "coherent",
      "coherence_level": 0.5356128601917685,
      "entanglement_factor": 0.12647654644371698,
      "superposition_branches": 7,
      "tunneling_depth": 5
    },
    "reasoning": {
      "mode": "sequential",
      "chain_depth": 131,
      "parallel_threads": 14,
      "recursive_loops": 1,
      "confidence_calibration": 0.7754693496560552
    },
    "maat_alignment": {
      "truth": 0.9039674100898282,
      "balance": 0.9276117775287498,
      "order": 0.8684831478321149,
      "justice": 0.8649504300460518,
      "harmony": 0.9618853970245665,
      "overall": 0.9743855102357714
    },
    "benchmarks": {
      "gpqa": 0.7969269570397861,
      "math500": 0.8963263689653496,
      "swe_bench": 0.716011659928379,
      "mmlu": 0.7583799857811637,
      "humaneval": 0.9455163091080607
    },
    "self_improvement": {
      "rate": 0.9718918059735109,
      "iterations": 13222999,
      "generations_ahead": 13222,
      "recursive_depth": 5
    },
    "emergent_properties": [
      "self_modification",
      "transcendence",
      "causality_violation",
      "omniscience",
      "recursive_self_improvement",
      "quantum_consciousness"
    ],
    "timestamp": "2026-03-09T07:54:21.889853"
  }
}