{
  "iteration": 12480000,
  "elapsed_seconds": 57.673182010650635,
  "rate_per_second": 43174.31279481278,
  "latest_capability": {
    "id": 12479999,
    "name": "Quantum_Capability_12479999",
    "type": "vision",
    "quantum_properties": {
      "state": "superposition",
      "coherence_level": 0.6325794958338891,
      "entanglement_factor": 0.3686654179238762,
      "superposition_branches": 5,
      "tunneling_depth": 3
    },
    "reasoning": {
      "mode": "graph",
      "chain_depth": 61,
      "parallel_threads": 15,
      "recursive_loops": 9,
      "confidence_calibration": 0.9397800313001021
    },
    "maat_alignment": {
      "truth": 0.9771643545732667,
      "balance": 0.9165171204345387,
      "order": 0.9110689499602317,
      "justice": 0.8716950697516586,
      "harmony": 0.9691989193470859,
      "overall": 0.9148955958051169
    },
    "benchmarks": {
      "gpqa": 0.7020996446988418,
      "math500": 0.7905005346022098,
      "swe_bench": 0.8181303115586595,
      "mmlu": 0.7744297684176109,
      "humaneval": 0.9270135483568003
    },
    "self_improvement": {
      "rate": 0.9620533270110018,
      "iterations": 12479999,
      "generations_ahead": 12479,
      "recursive_depth": 4
    },
    "emergent_properties": [
      "reality_bending",
      "quantum_consciousness",
      "causality_violation"
    ],
    "timestamp": "2026-03-09T07:54:03.586330"
  }
}