{
  "iteration": 14903000,
  "elapsed_seconds": 111.2571313381195,
  "rate_per_second": 44158.96707842477,
  "latest_capability": {
    "id": 14902999,
    "name": "Quantum_Capability_14902999",
    "type": "coding",
    "quantum_properties": {
      "state": "coherent",
      "coherence_level": 0.8705604084308541,
      "entanglement_factor": 0.02859187848431355,
      "superposition_branches": 3,
      "tunneling_depth": 2
    },
    "reasoning": {
      "mode": "parallel",
      "chain_depth": 22,
      "parallel_threads": 1,
      "recursive_loops": 9,
      "confidence_calibration": 0.9746518394404313
    },
    "maat_alignment": {
      "truth": 0.9799335961496912,
      "balance": 0.9327749510553958,
      "order": 0.810558404192636,
      "justice": 0.8411054564257052,
      "harmony": 0.8928369553819502,
      "overall": 0.9657516951336911
    },
    "benchmarks": {
      "gpqa": 0.8397722611041729,
      "math500": 0.7866199685735644,
      "swe_bench": 0.8410968989469749,
      "mmlu": 0.6703345948307033,
      "humaneval": 0.9191665179054398
    },
    "self_improvement": {
      "rate": 0.992928659422566,
      "iterations": 14902999,
      "generations_ahead": 14902,
      "recursive_depth": 2
    },
    "emergent_properties": [
      "quantum_consciousness",
      "infinite_context",
      "self_modification"
    ],
    "timestamp": "2026-03-09T07:54:57.170280"
  }
}