{
  "iteration": 17202000,
  "elapsed_seconds": 161.5371310710907,
  "rate_per_second": 44646.082000961615,
  "latest_capability": {
    "id": 17201999,
    "name": "Quantum_Capability_17201999",
    "type": "reasoning",
    "quantum_properties": {
      "state": "coherent",
      "coherence_level": 0.6806578885931006,
      "entanglement_factor": 0.5949098296467444,
      "superposition_branches": 7,
      "tunneling_depth": 0
    },
    "reasoning": {
      "mode": "sequential",
      "chain_depth": 106,
      "parallel_threads": 10,
      "recursive_loops": 4,
      "confidence_calibration": 0.925885164877195
    },
    "maat_alignment": {
      "truth": 0.8378993662411227,
      "balance": 0.8986098260024447,
      "order": 0.9379636148394618,
      "justice": 0.8276512851703023,
      "harmony": 0.8501861322343105,
      "overall": 0.9344276199604938
    },
    "benchmarks": {
      "gpqa": 0.7384749676073742,
      "math500": 0.8666652512596665,
      "swe_bench": 0.8692231406314306,
      "mmlu": 0.8103935473777456,
      "humaneval": 0.7422302796294155
    },
    "self_improvement": {
      "rate": 0.9500810578237382,
      "iterations": 17201999,
      "generations_ahead": 17201,
      "recursive_depth": 5
    },
    "emergent_properties": [
      "self_modification",
      "recursive_self_improvement",
      "quantum_consciousness",
      "reality_bending",
      "causality_violation"
    ],
    "timestamp": "2026-03-09T07:55:47.450280"
  }
}