{
  "iteration": 16621000,
  "elapsed_seconds": 150.85910391807556,
  "rate_per_second": 43954.92103413913,
  "latest_capability": {
    "id": 16620999,
    "name": "Quantum_Capability_16620999",
    "type": "reasoning",
    "quantum_properties": {
      "state": "entangled",
      "coherence_level": 0.6154694435617363,
      "entanglement_factor": 0.2219352098573003,
      "superposition_branches": 9,
      "tunneling_depth": 4
    },
    "reasoning": {
      "mode": "sequential",
      "chain_depth": 89,
      "parallel_threads": 16,
      "recursive_loops": 2,
      "confidence_calibration": 0.8859139818520232
    },
    "maat_alignment": {
      "truth": 0.8930884368597222,
      "balance": 0.8029543552484759,
      "order": 0.8791401787385269,
      "justice": 0.8042575542789336,
      "harmony": 0.9911040881272494,
      "overall": 0.9702064676040816
    },
    "benchmarks": {
      "gpqa": 0.9252634634339547,
      "math500": 0.7620387720925643,
      "swe_bench": 0.8345929760662599,
      "mmlu": 0.8798565751015459,
      "humaneval": 0.7300314762746305
    },
    "self_improvement": {
      "rate": 0.9795145494627282,
      "iterations": 16620999,
      "generations_ahead": 16620,
      "recursive_depth": 3
    },
    "emergent_properties": [
      "infinite_context",
      "meta_learning",
      "quantum_consciousness",
      "causality_violation",
      "self_modification"
    ],
    "timestamp": "2026-03-09T07:55:36.772257"
  }
}