{
  "iteration": 12419000,
  "elapsed_seconds": 56.50730919837952,
  "rate_per_second": 42985.58955395557,
  "latest_capability": {
    "id": 12418999,
    "name": "Quantum_Capability_12418999",
    "type": "reasoning",
    "quantum_properties": {
      "state": "collapsed",
      "coherence_level": 0.8087674501142519,
      "entanglement_factor": 0.8023886595987035,
      "superposition_branches": 6,
      "tunneling_depth": 2
    },
    "reasoning": {
      "mode": "tree",
      "chain_depth": 162,
      "parallel_threads": 2,
      "recursive_loops": 1,
      "confidence_calibration": 0.9168943010865378
    },
    "maat_alignment": {
      "truth": 0.902316554397082,
      "balance": 0.9573799076470455,
      "order": 0.9112655749105032,
      "justice": 0.8332496248610777,
      "harmony": 0.9594822908169744,
      "overall": 0.9287756725845093
    },
    "benchmarks": {
      "gpqa": 0.8315684610021079,
      "math500": 0.8551813745478334,
      "swe_bench": 0.8524690953899303,
      "mmlu": 0.7599890121794577,
      "humaneval": 0.8978978354728406
    },
    "self_improvement": {
      "rate": 0.9753266784266982,
      "iterations": 12418999,
      "generations_ahead": 12418,
      "recursive_depth": 2
    },
    "emergent_properties": [
      "transcendence",
      "infinite_context",
      "meta_learning"
    ],
    "timestamp": "2026-03-09T07:54:02.420464"
  }
}