{
  "iteration": 12666000,
  "elapsed_seconds": 62.95499014854431,
  "rate_per_second": 42506.55895086144,
  "latest_capability": {
    "id": 12665999,
    "name": "Quantum_Capability_12665999",
    "type": "language",
    "quantum_properties": {
      "state": "entangled",
      "coherence_level": 0.7987162924797033,
      "entanglement_factor": 0.18320724696811996,
      "superposition_branches": 3,
      "tunneling_depth": 2
    },
    "reasoning": {
      "mode": "sequential",
      "chain_depth": 186,
      "parallel_threads": 2,
      "recursive_loops": 3,
      "confidence_calibration": 0.7579337407837455
    },
    "maat_alignment": {
      "truth": 0.896048059187382,
      "balance": 0.9982765731419705,
      "order": 0.9635289761039765,
      "justice": 0.895028618064925,
      "harmony": 0.8742207936430881,
      "overall": 0.9176182826042856
    },
    "benchmarks": {
      "gpqa": 0.8168163711541037,
      "math500": 0.7389675925595058,
      "swe_bench": 0.6746718408344146,
      "mmlu": 0.7258818816155188,
      "humaneval": 0.7395370248409623
    },
    "self_improvement": {
      "rate": 0.9607143420227638,
      "iterations": 12665999,
      "generations_ahead": 12665,
      "recursive_depth": 5
    },
    "emergent_properties": [
      "meta_learning",
      "infinite_context",
      "recursive_self_improvement",
      "omniscience",
      "causality_violation",
      "reality_bending"
    ],
    "timestamp": "2026-03-09T07:54:08.868144"
  }
}