{
  "iteration": 16745000,
  "elapsed_seconds": 152.92559814453125,
  "rate_per_second": 44171.80695684312,
  "latest_capability": {
    "id": 16744999,
    "name": "Quantum_Capability_16744999",
    "type": "agentic",
    "quantum_properties": {
      "state": "superposition",
      "coherence_level": 0.6680203633938127,
      "entanglement_factor": 0.6762847720281825,
      "superposition_branches": 4,
      "tunneling_depth": 1
    },
    "reasoning": {
      "mode": "sequential",
      "chain_depth": 69,
      "parallel_threads": 14,
      "recursive_loops": 2,
      "confidence_calibration": 0.870593538139455
    },
    "maat_alignment": {
      "truth": 0.9935551117231971,
      "balance": 0.9867130443536947,
      "order": 0.9674959439713454,
      "justice": 0.9609631760331929,
      "harmony": 0.880167010105438,
      "overall": 0.9301704310493647
    },
    "benchmarks": {
      "gpqa": 0.7691870092074852,
      "math500": 0.8081641421464706,
      "swe_bench": 0.8930515333182658,
      "mmlu": 0.8800637680551726,
      "humaneval": 0.9397827562294461
    },
    "self_improvement": {
      "rate": 0.960114557381796,
      "iterations": 16744999,
      "generations_ahead": 16744,
      "recursive_depth": 5
    },
    "emergent_properties": [
      "transcendence",
      "causality_violation",
      "meta_learning",
      "recursive_self_improvement",
      "infinite_context",
      "quantum_consciousness"
    ],
    "timestamp": "2026-03-09T07:55:38.838747"
  }
}