{
  "iteration": 17263000,
  "elapsed_seconds": 162.71410250663757,
  "rate_per_second": 44698.031012421394,
  "latest_capability": {
    "id": 17262999,
    "name": "Quantum_Capability_17262999",
    "type": "coding",
    "quantum_properties": {
      "state": "superposition",
      "coherence_level": 0.9138435791475297,
      "entanglement_factor": 0.7992627139800239,
      "superposition_branches": 3,
      "tunneling_depth": 4
    },
    "reasoning": {
      "mode": "sequential",
      "chain_depth": 176,
      "parallel_threads": 2,
      "recursive_loops": 4,
      "confidence_calibration": 0.9426334487004415
    },
    "maat_alignment": {
      "truth": 0.9292443987025868,
      "balance": 0.9854738041570956,
      "order": 0.8439987117895824,
      "justice": 0.9127130795886317,
      "harmony": 0.9848635651506557,
      "overall": 0.8712979576743872
    },
    "benchmarks": {
      "gpqa": 0.7721282391373306,
      "math500": 0.8041532589487653,
      "swe_bench": 0.797775488634604,
      "mmlu": 0.6948239890048816,
      "humaneval": 0.7509905617326238
    },
    "self_improvement": {
      "rate": 0.9942246331558375,
      "iterations": 17262999,
      "generations_ahead": 17262,
      "recursive_depth": 0
    },
    "emergent_properties": [
      "omniscience",
      "quantum_consciousness",
      "recursive_self_improvement",
      "meta_learning",
      "causality_violation",
      "infinite_context"
    ],
    "timestamp": "2026-03-09T07:55:48.627251"
  }
}