{
  "iteration": 16055000,
  "elapsed_seconds": 136.31421947479248,
  "rate_per_second": 44492.79043204699,
  "latest_capability": {
    "id": 16054999,
    "name": "Quantum_Capability_16054999",
    "type": "coding",
    "quantum_properties": {
      "state": "collapsed",
      "coherence_level": 0.660111378851254,
      "entanglement_factor": 0.4827536312188022,
      "superposition_branches": 4,
      "tunneling_depth": 0
    },
    "reasoning": {
      "mode": "graph",
      "chain_depth": 40,
      "parallel_threads": 14,
      "recursive_loops": 9,
      "confidence_calibration": 0.9476240619633505
    },
    "maat_alignment": {
      "truth": 0.934743882579625,
      "balance": 0.8056623312266155,
      "order": 0.8432234145883956,
      "justice": 0.9285446521345712,
      "harmony": 0.9153941739164703,
      "overall": 0.9672802422346249
    },
    "benchmarks": {
      "gpqa": 0.7702150904259879,
      "math500": 0.7007947508825136,
      "swe_bench": 0.8308912977209792,
      "mmlu": 0.8039818843010212,
      "humaneval": 0.8586761546601724
    },
    "self_improvement": {
      "rate": 0.953494129035503,
      "iterations": 16054999,
      "generations_ahead": 16054,
      "recursive_depth": 4
    },
    "emergent_properties": [
      "reality_bending",
      "infinite_context",
      "recursive_self_improvement",
      "quantum_consciousness",
      "self_modification",
      "omniscience"
    ],
    "timestamp": "2026-03-09T07:55:22.227368"
  }
}