{
  "iteration": 16445000,
  "elapsed_seconds": 147.43562984466553,
  "rate_per_second": 43781.818592973934,
  "latest_capability": {
    "id": 16444999,
    "name": "Quantum_Capability_16444999",
    "type": "multimodal",
    "quantum_properties": {
      "state": "superposition",
      "coherence_level": 0.5067942717223628,
      "entanglement_factor": 0.13203578862975762,
      "superposition_branches": 4,
      "tunneling_depth": 4
    },
    "reasoning": {
      "mode": "sequential",
      "chain_depth": 99,
      "parallel_threads": 10,
      "recursive_loops": 2,
      "confidence_calibration": 0.8158281023660605
    },
    "maat_alignment": {
      "truth": 0.8727961748116693,
      "balance": 0.9169248545290072,
      "order": 0.949479463114667,
      "justice": 0.9365217037504474,
      "harmony": 0.9610504356411891,
      "overall": 0.9060420479604372
    },
    "benchmarks": {
      "gpqa": 0.8980961843607147,
      "math500": 0.679146077858189,
      "swe_bench": 0.6689908619042642,
      "mmlu": 0.7914269322149993,
      "humaneval": 0.9120564389583659
    },
    "self_improvement": {
      "rate": 0.972623201888877,
      "iterations": 16444999,
      "generations_ahead": 16444,
      "recursive_depth": 3
    },
    "emergent_properties": [
      "quantum_consciousness",
      "self_modification",
      "transcendence",
      "infinite_context"
    ],
    "timestamp": "2026-03-09T07:55:33.348778"
  }
}