{
  "iteration": 14941000,
  "elapsed_seconds": 112.09609293937683,
  "rate_per_second": 44167.46266685291,
  "latest_capability": {
    "id": 14940999,
    "name": "Quantum_Capability_14940999",
    "type": "reasoning",
    "quantum_properties": {
      "state": "collapsed",
      "coherence_level": 0.8585938858027297,
      "entanglement_factor": 0.29272470716230226,
      "superposition_branches": 7,
      "tunneling_depth": 0
    },
    "reasoning": {
      "mode": "sequential",
      "chain_depth": 40,
      "parallel_threads": 15,
      "recursive_loops": 8,
      "confidence_calibration": 0.8707648023776431
    },
    "maat_alignment": {
      "truth": 0.8064687380213875,
      "balance": 0.9197702211746169,
      "order": 0.8993586675925106,
      "justice": 0.9653174836249334,
      "harmony": 0.9239079352655905,
      "overall": 0.9880372186810656
    },
    "benchmarks": {
      "gpqa": 0.9470979606890942,
      "math500": 0.8593598954304809,
      "swe_bench": 0.745116558861024,
      "mmlu": 0.807721214776445,
      "humaneval": 0.8988043067351115
    },
    "self_improvement": {
      "rate": 0.9510586571621694,
      "iterations": 14940999,
      "generations_ahead": 14940,
      "recursive_depth": 2
    },
    "emergent_properties": [
      "infinite_context",
      "meta_learning",
      "transcendence"
    ],
    "timestamp": "2026-03-09T07:54:58.009240"
  }
}