{
  "iteration": 13440000,
  "elapsed_seconds": 80.26270771026611,
  "rate_per_second": 42983.847647575974,
  "latest_capability": {
    "id": 13439999,
    "name": "Quantum_Capability_13439999",
    "type": "coding",
    "quantum_properties": {
      "state": "superposition",
      "coherence_level": 0.7380403443587142,
      "entanglement_factor": 0.8864662086684069,
      "superposition_branches": 6,
      "tunneling_depth": 5
    },
    "reasoning": {
      "mode": "tree",
      "chain_depth": 200,
      "parallel_threads": 9,
      "recursive_loops": 2,
      "confidence_calibration": 0.7959903257843081
    },
    "maat_alignment": {
      "truth": 0.8148319982954392,
      "balance": 0.9525726109803493,
      "order": 0.8973713675271302,
      "justice": 0.9442266016360806,
      "harmony": 0.924496885723709,
      "overall": 0.986154181124777
    },
    "benchmarks": {
      "gpqa": 0.7810653447848386,
      "math500": 0.8515234223378614,
      "swe_bench": 0.718037647567338,
      "mmlu": 0.8060443246470572,
      "humaneval": 0.8515462422720965
    },
    "self_improvement": {
      "rate": 0.9663106699718215,
      "iterations": 13439999,
      "generations_ahead": 13439,
      "recursive_depth": 5
    },
    "emergent_properties": [
      "quantum_consciousness",
      "self_modification",
      "meta_learning",
      "infinite_context"
    ],
    "timestamp": "2026-03-09T07:54:26.175864"
  }
}