{
  "iteration": 16116000,
  "elapsed_seconds": 137.46438884735107,
  "rate_per_second": 44564.26898171197,
  "latest_capability": {
    "id": 16115999,
    "name": "Quantum_Capability_16115999",
    "type": "coding",
    "quantum_properties": {
      "state": "coherent",
      "coherence_level": 0.9049624586780765,
      "entanglement_factor": 0.896309015071863,
      "superposition_branches": 9,
      "tunneling_depth": 3
    },
    "reasoning": {
      "mode": "parallel",
      "chain_depth": 51,
      "parallel_threads": 15,
      "recursive_loops": 5,
      "confidence_calibration": 0.8637920236404375
    },
    "maat_alignment": {
      "truth": 0.8387441212255798,
      "balance": 0.8816752010847084,
      "order": 0.8049829716035707,
      "justice": 0.8850172530969396,
      "harmony": 0.8238045855505873,
      "overall": 0.9600808310367301
    },
    "benchmarks": {
      "gpqa": 0.9086936883534023,
      "math500": 0.6761940811115776,
      "swe_bench": 0.6794560490107535,
      "mmlu": 0.8486678731034287,
      "humaneval": 0.9322088992175082
    },
    "self_improvement": {
      "rate": 0.9551437659073412,
      "iterations": 16115999,
      "generations_ahead": 16115,
      "recursive_depth": 1
    },
    "emergent_properties": [
      "self_modification",
      "transcendence",
      "infinite_context"
    ],
    "timestamp": "2026-03-09T07:55:23.377536"
  }
}