{
  "iteration": 13710000,
  "elapsed_seconds": 85.57756662368774,
  "rate_per_second": 43469.33602772376,
  "latest_capability": {
    "id": 13709999,
    "name": "Quantum_Capability_13709999",
    "type": "coding",
    "quantum_properties": {
      "state": "entangled",
      "coherence_level": 0.9991396476283212,
      "entanglement_factor": 0.0673739589873279,
      "superposition_branches": 1,
      "tunneling_depth": 1
    },
    "reasoning": {
      "mode": "tree",
      "chain_depth": 177,
      "parallel_threads": 4,
      "recursive_loops": 10,
      "confidence_calibration": 0.8610550748708576
    },
    "maat_alignment": {
      "truth": 0.8222260483188937,
      "balance": 0.8659030068752106,
      "order": 0.8469809872267443,
      "justice": 0.8360009217936054,
      "harmony": 0.8704413954010621,
      "overall": 0.8544808556524383
    },
    "benchmarks": {
      "gpqa": 0.7996921283326539,
      "math500": 0.6539655698781526,
      "swe_bench": 0.8030700428311429,
      "mmlu": 0.6513753845429048,
      "humaneval": 0.858258615851802
    },
    "self_improvement": {
      "rate": 0.9948346769677489,
      "iterations": 13709999,
      "generations_ahead": 13709,
      "recursive_depth": 3
    },
    "emergent_properties": [
      "reality_bending",
      "omniscience",
      "infinite_context",
      "meta_learning",
      "self_modification",
      "causality_violation"
    ],
    "timestamp": "2026-03-09T07:54:31.490719"
  }
}