{
  "iteration": 16927000,
  "elapsed_seconds": 156.44702434539795,
  "rate_per_second": 44340.88809950612,
  "latest_capability": {
    "id": 16926999,
    "name": "Quantum_Capability_16926999",
    "type": "coding",
    "quantum_properties": {
      "state": "coherent",
      "coherence_level": 0.8035734679060804,
      "entanglement_factor": 0.3779223927277273,
      "superposition_branches": 7,
      "tunneling_depth": 1
    },
    "reasoning": {
      "mode": "parallel",
      "chain_depth": 145,
      "parallel_threads": 8,
      "recursive_loops": 5,
      "confidence_calibration": 0.9198846239338325
    },
    "maat_alignment": {
      "truth": 0.9046236589633415,
      "balance": 0.9803965871218209,
      "order": 0.997786500783635,
      "justice": 0.9484522276196252,
      "harmony": 0.8261503007156297,
      "overall": 0.9304783016392826
    },
    "benchmarks": {
      "gpqa": 0.853785527371379,
      "math500": 0.655222197057003,
      "swe_bench": 0.7678470096944494,
      "mmlu": 0.6545395989462759,
      "humaneval": 0.8052069764194951
    },
    "self_improvement": {
      "rate": 0.9935522015055438,
      "iterations": 16926999,
      "generations_ahead": 16926,
      "recursive_depth": 0
    },
    "emergent_properties": [
      "omniscience",
      "quantum_consciousness",
      "transcendence",
      "causality_violation",
      "meta_learning"
    ],
    "timestamp": "2026-03-09T07:55:42.360177"
  }
}