{
  "iteration": 14771000,
  "elapsed_seconds": 108.75500798225403,
  "rate_per_second": 43961.19395973135,
  "latest_capability": {
    "id": 14770999,
    "name": "Quantum_Capability_14770999",
    "type": "reasoning",
    "quantum_properties": {
      "state": "collapsed",
      "coherence_level": 0.947837102387765,
      "entanglement_factor": 0.9738093475838345,
      "superposition_branches": 3,
      "tunneling_depth": 4
    },
    "reasoning": {
      "mode": "sequential",
      "chain_depth": 129,
      "parallel_threads": 2,
      "recursive_loops": 9,
      "confidence_calibration": 0.7718131378765136
    },
    "maat_alignment": {
      "truth": 0.9755932090324226,
      "balance": 0.8878655999790241,
      "order": 0.9716381837326011,
      "justice": 0.9871278580895329,
      "harmony": 0.9477743608720348,
      "overall": 0.9340760355744198
    },
    "benchmarks": {
      "gpqa": 0.8571868611760318,
      "math500": 0.876011142533089,
      "swe_bench": 0.8674821148998351,
      "mmlu": 0.8054667735551193,
      "humaneval": 0.9489276479410487
    },
    "self_improvement": {
      "rate": 0.9757767097837287,
      "iterations": 14770999,
      "generations_ahead": 14770,
      "recursive_depth": 0
    },
    "emergent_properties": [
      "infinite_context",
      "quantum_consciousness",
      "self_modification",
      "transcendence",
      "recursive_self_improvement"
    ],
    "timestamp": "2026-03-09T07:54:54.668156"
  }
}