{
  "iteration": 16672000,
  "elapsed_seconds": 151.56363320350647,
  "rate_per_second": 44087.09304974229,
  "latest_capability": {
    "id": 16671999,
    "name": "Quantum_Capability_16671999",
    "type": "vision",
    "quantum_properties": {
      "state": "superposition",
      "coherence_level": 0.6652456511961773,
      "entanglement_factor": 0.7832954489755691,
      "superposition_branches": 4,
      "tunneling_depth": 0
    },
    "reasoning": {
      "mode": "sequential",
      "chain_depth": 33,
      "parallel_threads": 5,
      "recursive_loops": 8,
      "confidence_calibration": 0.9427789769615513
    },
    "maat_alignment": {
      "truth": 0.8999105778724873,
      "balance": 0.870477858128255,
      "order": 0.9252464843596927,
      "justice": 0.8730468678146437,
      "harmony": 0.9916624685450193,
      "overall": 0.8694110301728232
    },
    "benchmarks": {
      "gpqa": 0.889580955934151,
      "math500": 0.7172362964742817,
      "swe_bench": 0.860282923111363,
      "mmlu": 0.6847179069406923,
      "humaneval": 0.821442184886844
    },
    "self_improvement": {
      "rate": 0.9927855721018173,
      "iterations": 16671999,
      "generations_ahead": 16671,
      "recursive_depth": 0
    },
    "emergent_properties": [
      "omniscience",
      "transcendence",
      "infinite_context",
      "causality_violation",
      "self_modification"
    ],
    "timestamp": "2026-03-09T07:55:37.476782"
  }
}