{
  "iteration": 12506000,
  "elapsed_seconds": 58.358943939208984,
  "rate_per_second": 43112.50050413614,
  "latest_capability": {
    "id": 12505999,
    "name": "Quantum_Capability_12505999",
    "type": "reasoning",
    "quantum_properties": {
      "state": "entangled",
      "coherence_level": 0.78449726860175,
      "entanglement_factor": 0.7793552328115668,
      "superposition_branches": 3,
      "tunneling_depth": 0
    },
    "reasoning": {
      "mode": "sequential",
      "chain_depth": 136,
      "parallel_threads": 3,
      "recursive_loops": 6,
      "confidence_calibration": 0.9913442061134421
    },
    "maat_alignment": {
      "truth": 0.8264599872660365,
      "balance": 0.9602029151635892,
      "order": 0.8296813525913886,
      "justice": 0.9124762668519015,
      "harmony": 0.9789167566344045,
      "overall": 0.9215981558636555
    },
    "benchmarks": {
      "gpqa": 0.8555312642326521,
      "math500": 0.7943882629106578,
      "swe_bench": 0.7903425476802546,
      "mmlu": 0.7368212904900014,
      "humaneval": 0.9317202808222862
    },
    "self_improvement": {
      "rate": 0.9512869836000848,
      "iterations": 12505999,
      "generations_ahead": 12505,
      "recursive_depth": 4
    },
    "emergent_properties": [
      "recursive_self_improvement",
      "meta_learning",
      "self_modification",
      "omniscience",
      "infinite_context",
      "quantum_consciousness"
    ],
    "timestamp": "2026-03-09T07:54:04.272097"
  }
}