{
  "iteration": 10212000,
  "elapsed_seconds": 4.771129846572876,
  "rate_per_second": 46529.859202944055,
  "latest_capability": {
    "id": 10211999,
    "name": "Quantum_Capability_10211999",
    "type": "math",
    "quantum_properties": {
      "state": "collapsed",
      "coherence_level": 0.6567852352351388,
      "entanglement_factor": 0.7044105388406123,
      "superposition_branches": 9,
      "tunneling_depth": 4
    },
    "reasoning": {
      "mode": "tree",
      "chain_depth": 24,
      "parallel_threads": 6,
      "recursive_loops": 9,
      "confidence_calibration": 0.8934501729622113
    },
    "maat_alignment": {
      "truth": 0.9867305842201792,
      "balance": 0.8813745880041574,
      "order": 0.9023751156082104,
      "justice": 0.9695935778726139,
      "harmony": 0.9421763636846445,
      "overall": 0.9898901857178961
    },
    "benchmarks": {
      "gpqa": 0.8611833255526748,
      "math500": 0.7501355197597228,
      "swe_bench": 0.8287576252586013,
      "mmlu": 0.6607800642472498,
      "humaneval": 0.8413565611143005
    },
    "self_improvement": {
      "rate": 0.9824693086927064,
      "iterations": 10211999,
      "generations_ahead": 10211,
      "recursive_depth": 1
    },
    "emergent_properties": [
      "meta_learning",
      "infinite_context",
      "omniscience",
      "transcendence"
    ],
    "timestamp": "2026-03-09T07:53:10.684278"
  }
}