{
  "iteration": 17748000,
  "elapsed_seconds": 172.4778347015381,
  "rate_per_second": 44979.69268587309,
  "latest_capability": {
    "id": 17747999,
    "name": "Quantum_Capability_17747999",
    "type": "language",
    "quantum_properties": {
      "state": "superposition",
      "coherence_level": 0.5856484930940213,
      "entanglement_factor": 0.7586076051518675,
      "superposition_branches": 8,
      "tunneling_depth": 2
    },
    "reasoning": {
      "mode": "sequential",
      "chain_depth": 52,
      "parallel_threads": 5,
      "recursive_loops": 6,
      "confidence_calibration": 0.8009235321006645
    },
    "maat_alignment": {
      "truth": 0.8057460151533762,
      "balance": 0.9980631905371689,
      "order": 0.8234985595240051,
      "justice": 0.9673774776020949,
      "harmony": 0.9939396987733966,
      "overall": 0.9184623396096757
    },
    "benchmarks": {
      "gpqa": 0.7879906785139249,
      "math500": 0.868532449797444,
      "swe_bench": 0.7750424423379796,
      "mmlu": 0.7422473268319336,
      "humaneval": 0.9233838708901401
    },
    "self_improvement": {
      "rate": 0.950653483650864,
      "iterations": 17747999,
      "generations_ahead": 17747,
      "recursive_depth": 3
    },
    "emergent_properties": [
      "reality_bending",
      "recursive_self_improvement",
      "meta_learning",
      "self_modification",
      "transcendence"
    ],
    "timestamp": "2026-03-09T07:55:58.390983"
  }
}