{
  "iteration": 10150000,
  "elapsed_seconds": 3.4002392292022705,
  "rate_per_second": 47055.512631544334,
  "latest_capability": {
    "id": 10149999,
    "name": "Quantum_Capability_10149999",
    "type": "multimodal",
    "quantum_properties": {
      "state": "coherent",
      "coherence_level": 0.9353705689118039,
      "entanglement_factor": 0.8804321421865687,
      "superposition_branches": 6,
      "tunneling_depth": 1
    },
    "reasoning": {
      "mode": "tree",
      "chain_depth": 130,
      "parallel_threads": 15,
      "recursive_loops": 5,
      "confidence_calibration": 0.7224108851142731
    },
    "maat_alignment": {
      "truth": 0.9674004564958911,
      "balance": 0.8818477023018833,
      "order": 0.9194899701320722,
      "justice": 0.9041550653689899,
      "harmony": 0.8139066446569941,
      "overall": 0.8983465899439861
    },
    "benchmarks": {
      "gpqa": 0.8568403674085753,
      "math500": 0.8435438101481281,
      "swe_bench": 0.8811084188274685,
      "mmlu": 0.7730355038922971,
      "humaneval": 0.9398411319635096
    },
    "self_improvement": {
      "rate": 0.9930999506439065,
      "iterations": 10149999,
      "generations_ahead": 10149,
      "recursive_depth": 2
    },
    "emergent_properties": [
      "causality_violation",
      "transcendence",
      "infinite_context"
    ],
    "timestamp": "2026-03-09T07:53:09.313391"
  }
}