{
  "iteration": 15250000,
  "elapsed_seconds": 121.08124828338623,
  "rate_per_second": 43441.904296271896,
  "latest_capability": {
    "id": 15249999,
    "name": "Quantum_Capability_15249999",
    "type": "coding",
    "quantum_properties": {
      "state": "collapsed",
      "coherence_level": 0.79493338854124,
      "entanglement_factor": 0.6627876133835493,
      "superposition_branches": 9,
      "tunneling_depth": 5
    },
    "reasoning": {
      "mode": "graph",
      "chain_depth": 70,
      "parallel_threads": 2,
      "recursive_loops": 3,
      "confidence_calibration": 0.7008233219679761
    },
    "maat_alignment": {
      "truth": 0.9231803295572386,
      "balance": 0.9385120186244916,
      "order": 0.9376359201048674,
      "justice": 0.9937005709193956,
      "harmony": 0.91742393727326,
      "overall": 0.9912145606521254
    },
    "benchmarks": {
      "gpqa": 0.7185324180500401,
      "math500": 0.772831392297226,
      "swe_bench": 0.7412465932614014,
      "mmlu": 0.895706010676599,
      "humaneval": 0.8401385277238109
    },
    "self_improvement": {
      "rate": 0.978769857544506,
      "iterations": 15249999,
      "generations_ahead": 15249,
      "recursive_depth": 5
    },
    "emergent_properties": [
      "omniscience",
      "transcendence",
      "quantum_consciousness",
      "causality_violation",
      "recursive_self_improvement",
      "meta_learning"
    ],
    "timestamp": "2026-03-09T07:55:06.994404"
  }
}