{
  "iteration": 16836000,
  "elapsed_seconds": 154.5285665988922,
  "rate_per_second": 44302.488210934316,
  "latest_capability": {
    "id": 16835999,
    "name": "Quantum_Capability_16835999",
    "type": "vision",
    "quantum_properties": {
      "state": "entangled",
      "coherence_level": 0.6724428973649781,
      "entanglement_factor": 0.4625982709673224,
      "superposition_branches": 2,
      "tunneling_depth": 3
    },
    "reasoning": {
      "mode": "sequential",
      "chain_depth": 37,
      "parallel_threads": 1,
      "recursive_loops": 5,
      "confidence_calibration": 0.9725039053943537
    },
    "maat_alignment": {
      "truth": 0.9227814929303819,
      "balance": 0.933056694586576,
      "order": 0.9998814351967698,
      "justice": 0.8877852508146726,
      "harmony": 0.9943784167019529,
      "overall": 0.9419996449391175
    },
    "benchmarks": {
      "gpqa": 0.7381404396348091,
      "math500": 0.6739981441819991,
      "swe_bench": 0.7979081476021976,
      "mmlu": 0.8593707164264096,
      "humaneval": 0.7041646489696336
    },
    "self_improvement": {
      "rate": 0.9782208144248954,
      "iterations": 16835999,
      "generations_ahead": 16835,
      "recursive_depth": 3
    },
    "emergent_properties": [
      "omniscience",
      "recursive_self_improvement",
      "reality_bending",
      "causality_violation",
      "quantum_consciousness",
      "infinite_context"
    ],
    "timestamp": "2026-03-09T07:55:40.441720"
  }
}