{
  "iteration": 12042000,
  "elapsed_seconds": 49.10756587982178,
  "rate_per_second": 41785.82186341196,
  "latest_capability": {
    "id": 12041999,
    "name": "Quantum_Capability_12041999",
    "type": "agentic",
    "quantum_properties": {
      "state": "superposition",
      "coherence_level": 0.6783507547528709,
      "entanglement_factor": 0.4549217503538162,
      "superposition_branches": 6,
      "tunneling_depth": 5
    },
    "reasoning": {
      "mode": "parallel",
      "chain_depth": 51,
      "parallel_threads": 3,
      "recursive_loops": 5,
      "confidence_calibration": 0.8852218018536799
    },
    "maat_alignment": {
      "truth": 0.8195386523927869,
      "balance": 0.8041682891549494,
      "order": 0.9850698097556081,
      "justice": 0.8352410167042761,
      "harmony": 0.9218126610909945,
      "overall": 0.8870126572161073
    },
    "benchmarks": {
      "gpqa": 0.9280097185462981,
      "math500": 0.8358977735215403,
      "swe_bench": 0.738292551835402,
      "mmlu": 0.8811762054191102,
      "humaneval": 0.9051408448915608
    },
    "self_improvement": {
      "rate": 0.9728193004154264,
      "iterations": 12041999,
      "generations_ahead": 12041,
      "recursive_depth": 2
    },
    "emergent_properties": [
      "recursive_self_improvement",
      "self_modification",
      "meta_learning",
      "omniscience",
      "causality_violation"
    ],
    "timestamp": "2026-03-09T07:53:55.020714"
  }
}