{
  "iteration": 14639000,
  "elapsed_seconds": 106.24262809753418,
  "rate_per_second": 43758.33018486767,
  "latest_capability": {
    "id": 14638999,
    "name": "Quantum_Capability_14638999",
    "type": "multimodal",
    "quantum_properties": {
      "state": "collapsed",
      "coherence_level": 0.5639845358990297,
      "entanglement_factor": 0.17845003874871002,
      "superposition_branches": 7,
      "tunneling_depth": 1
    },
    "reasoning": {
      "mode": "parallel",
      "chain_depth": 69,
      "parallel_threads": 10,
      "recursive_loops": 4,
      "confidence_calibration": 0.728927193296255
    },
    "maat_alignment": {
      "truth": 0.9964591189883449,
      "balance": 0.8492773325793643,
      "order": 0.9747856862116089,
      "justice": 0.9200911610385155,
      "harmony": 0.8375803070110255,
      "overall": 0.9060882283798575
    },
    "benchmarks": {
      "gpqa": 0.8470543658692398,
      "math500": 0.7461641497081707,
      "swe_bench": 0.8413823715368836,
      "mmlu": 0.7959066952861897,
      "humaneval": 0.7718647134003369
    },
    "self_improvement": {
      "rate": 0.97239617326543,
      "iterations": 14638999,
      "generations_ahead": 14638,
      "recursive_depth": 5
    },
    "emergent_properties": [
      "omniscience",
      "infinite_context",
      "meta_learning",
      "causality_violation"
    ],
    "timestamp": "2026-03-09T07:54:52.155776"
  }
}