{
  "iteration": 14839000,
  "elapsed_seconds": 110.03235006332397,
  "rate_per_second": 44068.85790596479,
  "latest_capability": {
    "id": 14838999,
    "name": "Quantum_Capability_14838999",
    "type": "vision",
    "quantum_properties": {
      "state": "collapsed",
      "coherence_level": 0.877006797833293,
      "entanglement_factor": 0.2180034078702472,
      "superposition_branches": 10,
      "tunneling_depth": 3
    },
    "reasoning": {
      "mode": "graph",
      "chain_depth": 171,
      "parallel_threads": 11,
      "recursive_loops": 3,
      "confidence_calibration": 0.7341024663843264
    },
    "maat_alignment": {
      "truth": 0.8209105257846478,
      "balance": 0.8970125050334352,
      "order": 0.8200797749836212,
      "justice": 0.9242618452541375,
      "harmony": 0.9868301610929453,
      "overall": 0.9841399756994542
    },
    "benchmarks": {
      "gpqa": 0.7931143121556055,
      "math500": 0.7157544124074485,
      "swe_bench": 0.8608118754718614,
      "mmlu": 0.6619536371874125,
      "humaneval": 0.7180771194662999
    },
    "self_improvement": {
      "rate": 0.9517678415168206,
      "iterations": 14838999,
      "generations_ahead": 14838,
      "recursive_depth": 2
    },
    "emergent_properties": [
      "quantum_consciousness",
      "self_modification",
      "causality_violation",
      "infinite_context"
    ],
    "timestamp": "2026-03-09T07:54:55.945502"
  }
}