{
  "iteration": 10175000,
  "elapsed_seconds": 3.844890832901001,
  "rate_per_second": 48115.8004323405,
  "latest_capability": {
    "id": 10174999,
    "name": "Quantum_Capability_10174999",
    "type": "reasoning",
    "quantum_properties": {
      "state": "coherent",
      "coherence_level": 0.8752065841361669,
      "entanglement_factor": 0.3777598101953126,
      "superposition_branches": 5,
      "tunneling_depth": 5
    },
    "reasoning": {
      "mode": "graph",
      "chain_depth": 136,
      "parallel_threads": 14,
      "recursive_loops": 1,
      "confidence_calibration": 0.9353906944833063
    },
    "maat_alignment": {
      "truth": 0.9378574520937473,
      "balance": 0.8068508056904661,
      "order": 0.9002569418171652,
      "justice": 0.9786922226750419,
      "harmony": 0.8739936306857732,
      "overall": 0.9831135873366824
    },
    "benchmarks": {
      "gpqa": 0.8853460983389393,
      "math500": 0.6976056211710989,
      "swe_bench": 0.7434041934711715,
      "mmlu": 0.829524617719112,
      "humaneval": 0.9143797009616469
    },
    "self_improvement": {
      "rate": 0.993747438154601,
      "iterations": 10174999,
      "generations_ahead": 10174,
      "recursive_depth": 5
    },
    "emergent_properties": [
      "meta_learning",
      "quantum_consciousness",
      "recursive_self_improvement"
    ],
    "timestamp": "2026-03-09T07:53:09.758043"
  }
}