{
  "iteration": 11607000,
  "elapsed_seconds": 38.67763686180115,
  "rate_per_second": 41807.104342431616,
  "latest_capability": {
    "id": 11606999,
    "name": "Quantum_Capability_11606999",
    "type": "reasoning",
    "quantum_properties": {
      "state": "collapsed",
      "coherence_level": 0.5216511900155889,
      "entanglement_factor": 0.02221559195393019,
      "superposition_branches": 9,
      "tunneling_depth": 0
    },
    "reasoning": {
      "mode": "tree",
      "chain_depth": 48,
      "parallel_threads": 6,
      "recursive_loops": 3,
      "confidence_calibration": 0.941600935479804
    },
    "maat_alignment": {
      "truth": 0.9606740811440794,
      "balance": 0.9251248177840485,
      "order": 0.8357928644892407,
      "justice": 0.9291838658972238,
      "harmony": 0.8905321257862528,
      "overall": 0.9199296587822181
    },
    "benchmarks": {
      "gpqa": 0.8753278128495232,
      "math500": 0.6838585117296943,
      "swe_bench": 0.6609754920745932,
      "mmlu": 0.8554795149826141,
      "humaneval": 0.7148825249738718
    },
    "self_improvement": {
      "rate": 0.9857406617510196,
      "iterations": 11606999,
      "generations_ahead": 11606,
      "recursive_depth": 1
    },
    "emergent_properties": [
      "transcendence",
      "quantum_consciousness",
      "self_modification",
      "causality_violation"
    ],
    "timestamp": "2026-03-09T07:53:44.590785"
  }
}