{
  "iteration": 12000000,
  "elapsed_seconds": 47.09445643424988,
  "rate_per_second": 42680.182598693485,
  "latest_capability": {
    "id": 11999999,
    "name": "Quantum_Capability_11999999",
    "type": "language",
    "quantum_properties": {
      "state": "coherent",
      "coherence_level": 0.9103133559318807,
      "entanglement_factor": 0.9776149856043661,
      "superposition_branches": 4,
      "tunneling_depth": 3
    },
    "reasoning": {
      "mode": "sequential",
      "chain_depth": 97,
      "parallel_threads": 16,
      "recursive_loops": 10,
      "confidence_calibration": 0.8447676718969228
    },
    "maat_alignment": {
      "truth": 0.8410981941257271,
      "balance": 0.9920822243429969,
      "order": 0.8818707036884439,
      "justice": 0.8547069609283288,
      "harmony": 0.8580829713731143,
      "overall": 0.9258187256905036
    },
    "benchmarks": {
      "gpqa": 0.7361222694230563,
      "math500": 0.8723183734162442,
      "swe_bench": 0.6610455243131457,
      "mmlu": 0.7829278986757274,
      "humaneval": 0.918514937673482
    },
    "self_improvement": {
      "rate": 0.9970672780857521,
      "iterations": 11999999,
      "generations_ahead": 11999,
      "recursive_depth": 5
    },
    "emergent_properties": [
      "causality_violation",
      "omniscience",
      "recursive_self_improvement",
      "transcendence",
      "infinite_context",
      "self_modification"
    ],
    "timestamp": "2026-03-09T07:53:53.007610"
  }
}