{
  "iteration": 12383000,
  "elapsed_seconds": 56.014188051223755,
  "rate_per_second": 42721.31906672741,
  "latest_capability": {
    "id": 12382999,
    "name": "Quantum_Capability_12382999",
    "type": "language",
    "quantum_properties": {
      "state": "superposition",
      "coherence_level": 0.751150927696872,
      "entanglement_factor": 0.20291952289805892,
      "superposition_branches": 4,
      "tunneling_depth": 1
    },
    "reasoning": {
      "mode": "graph",
      "chain_depth": 155,
      "parallel_threads": 7,
      "recursive_loops": 7,
      "confidence_calibration": 0.8720941237689739
    },
    "maat_alignment": {
      "truth": 0.8229597960394494,
      "balance": 0.8781444951551458,
      "order": 0.9941322779158966,
      "justice": 0.8811353345293123,
      "harmony": 0.8666998155694258,
      "overall": 0.988443322939192
    },
    "benchmarks": {
      "gpqa": 0.7743689032917989,
      "math500": 0.7976105833879441,
      "swe_bench": 0.7747851305924349,
      "mmlu": 0.8789515905050662,
      "humaneval": 0.8007399688460337
    },
    "self_improvement": {
      "rate": 0.9608079065137327,
      "iterations": 12382999,
      "generations_ahead": 12382,
      "recursive_depth": 4
    },
    "emergent_properties": [
      "meta_learning",
      "transcendence",
      "reality_bending",
      "recursive_self_improvement",
      "quantum_consciousness"
    ],
    "timestamp": "2026-03-09T07:54:01.927337"
  }
}