{
  "iteration": 15405000,
  "elapsed_seconds": 123.83877801895142,
  "rate_per_second": 43726.20665855833,
  "latest_capability": {
    "id": 15404999,
    "name": "Quantum_Capability_15404999",
    "type": "vision",
    "quantum_properties": {
      "state": "coherent",
      "coherence_level": 0.7460256427064291,
      "entanglement_factor": 0.9363806070567097,
      "superposition_branches": 8,
      "tunneling_depth": 5
    },
    "reasoning": {
      "mode": "sequential",
      "chain_depth": 143,
      "parallel_threads": 16,
      "recursive_loops": 2,
      "confidence_calibration": 0.9041104565893345
    },
    "maat_alignment": {
      "truth": 0.9480375263371281,
      "balance": 0.896862061295843,
      "order": 0.899261915501465,
      "justice": 0.9220445605236929,
      "harmony": 0.8194360414624834,
      "overall": 0.9853097149051039
    },
    "benchmarks": {
      "gpqa": 0.9087301825929444,
      "math500": 0.8277969709423658,
      "swe_bench": 0.6901163885621256,
      "mmlu": 0.7116398537663811,
      "humaneval": 0.8164599636109787
    },
    "self_improvement": {
      "rate": 0.9932393081334768,
      "iterations": 15404999,
      "generations_ahead": 15404,
      "recursive_depth": 0
    },
    "emergent_properties": [
      "infinite_context",
      "recursive_self_improvement",
      "causality_violation"
    ],
    "timestamp": "2026-03-09T07:55:09.751930"
  }
}