{
  "iteration": 17423000,
  "elapsed_seconds": 165.95406794548035,
  "rate_per_second": 44789.50164958842,
  "latest_capability": {
    "id": 17422999,
    "name": "Quantum_Capability_17422999",
    "type": "language",
    "quantum_properties": {
      "state": "collapsed",
      "coherence_level": 0.6960109859027719,
      "entanglement_factor": 0.30108688104814674,
      "superposition_branches": 1,
      "tunneling_depth": 0
    },
    "reasoning": {
      "mode": "parallel",
      "chain_depth": 117,
      "parallel_threads": 8,
      "recursive_loops": 3,
      "confidence_calibration": 0.8672426222175774
    },
    "maat_alignment": {
      "truth": 0.8680206664203657,
      "balance": 0.9399069403851708,
      "order": 0.9786935871600069,
      "justice": 0.8952465389797535,
      "harmony": 0.8004456861246472,
      "overall": 0.9820415946958592
    },
    "benchmarks": {
      "gpqa": 0.901944504190123,
      "math500": 0.7884506245717733,
      "swe_bench": 0.845796745389245,
      "mmlu": 0.7792622460178908,
      "humaneval": 0.7882233156973322
    },
    "self_improvement": {
      "rate": 0.9628674280392492,
      "iterations": 17422999,
      "generations_ahead": 17422,
      "recursive_depth": 4
    },
    "emergent_properties": [
      "recursive_self_improvement",
      "causality_violation",
      "self_modification",
      "quantum_consciousness"
    ],
    "timestamp": "2026-03-09T07:55:51.867221"
  }
}