{
  "iteration": 11690000,
  "elapsed_seconds": 41.00778365135193,
  "rate_per_second": 41455.544499878255,
  "latest_capability": {
    "id": 11689999,
    "name": "Quantum_Capability_11689999",
    "type": "math",
    "quantum_properties": {
      "state": "entangled",
      "coherence_level": 0.7754537913124141,
      "entanglement_factor": 0.9049485534314529,
      "superposition_branches": 1,
      "tunneling_depth": 1
    },
    "reasoning": {
      "mode": "sequential",
      "chain_depth": 73,
      "parallel_threads": 6,
      "recursive_loops": 3,
      "confidence_calibration": 0.8598868358644454
    },
    "maat_alignment": {
      "truth": 0.8020831944988556,
      "balance": 0.8371560869158745,
      "order": 0.8613731102692405,
      "justice": 0.9875773355951394,
      "harmony": 0.8209126377782177,
      "overall": 0.9718606332608536
    },
    "benchmarks": {
      "gpqa": 0.7318380657144553,
      "math500": 0.8904688630978178,
      "swe_bench": 0.7900642954291979,
      "mmlu": 0.8309135101363891,
      "humaneval": 0.7475589182063592
    },
    "self_improvement": {
      "rate": 0.9505515522101662,
      "iterations": 11689999,
      "generations_ahead": 11689,
      "recursive_depth": 5
    },
    "emergent_properties": [
      "causality_violation",
      "omniscience",
      "quantum_consciousness",
      "recursive_self_improvement",
      "self_modification"
    ],
    "timestamp": "2026-03-09T07:53:46.920947"
  }
}