{
  "iteration": 16041000,
  "elapsed_seconds": 136.12273406982422,
  "rate_per_second": 44452.530588286136,
  "latest_capability": {
    "id": 16040999,
    "name": "Quantum_Capability_16040999",
    "type": "multimodal",
    "quantum_properties": {
      "state": "collapsed",
      "coherence_level": 0.8901379088358394,
      "entanglement_factor": 0.370507511689135,
      "superposition_branches": 5,
      "tunneling_depth": 5
    },
    "reasoning": {
      "mode": "sequential",
      "chain_depth": 175,
      "parallel_threads": 4,
      "recursive_loops": 5,
      "confidence_calibration": 0.8715361473289418
    },
    "maat_alignment": {
      "truth": 0.9258348782897237,
      "balance": 0.9248909172324845,
      "order": 0.9672363519181697,
      "justice": 0.8416745779455225,
      "harmony": 0.8434590399761003,
      "overall": 0.873786514442073
    },
    "benchmarks": {
      "gpqa": 0.9411817959464654,
      "math500": 0.8573613696546555,
      "swe_bench": 0.661787234599982,
      "mmlu": 0.729379597090419,
      "humaneval": 0.722475307089637
    },
    "self_improvement": {
      "rate": 0.9802244655516333,
      "iterations": 16040999,
      "generations_ahead": 16040,
      "recursive_depth": 4
    },
    "emergent_properties": [
      "meta_learning",
      "causality_violation",
      "reality_bending",
      "self_modification"
    ],
    "timestamp": "2026-03-09T07:55:22.035886"
  }
}