{
  "iteration": 10204000,
  "elapsed_seconds": 4.531744956970215,
  "rate_per_second": 47222.42801216109,
  "latest_capability": {
    "id": 10203999,
    "name": "Quantum_Capability_10203999",
    "type": "multimodal",
    "quantum_properties": {
      "state": "entangled",
      "coherence_level": 0.9020134291784296,
      "entanglement_factor": 0.5979577982771929,
      "superposition_branches": 1,
      "tunneling_depth": 1
    },
    "reasoning": {
      "mode": "tree",
      "chain_depth": 79,
      "parallel_threads": 2,
      "recursive_loops": 3,
      "confidence_calibration": 0.955850095383934
    },
    "maat_alignment": {
      "truth": 0.9080330157366042,
      "balance": 0.8415634767236033,
      "order": 0.8513601696267769,
      "justice": 0.8584658050288869,
      "harmony": 0.9926766771685066,
      "overall": 0.8773713534721481
    },
    "benchmarks": {
      "gpqa": 0.7510882705021981,
      "math500": 0.8311348765448388,
      "swe_bench": 0.7621556455467554,
      "mmlu": 0.6969533867683042,
      "humaneval": 0.8063208853523689
    },
    "self_improvement": {
      "rate": 0.9997799892055107,
      "iterations": 10203999,
      "generations_ahead": 10203,
      "recursive_depth": 2
    },
    "emergent_properties": [
      "recursive_self_improvement",
      "infinite_context",
      "transcendence",
      "quantum_consciousness",
      "reality_bending",
      "causality_violation"
    ],
    "timestamp": "2026-03-09T07:53:10.444894"
  }
}