{
  "iteration": 14292000,
  "elapsed_seconds": 99.45729374885559,
  "rate_per_second": 43254.74621160704,
  "latest_capability": {
    "id": 14291999,
    "name": "Quantum_Capability_14291999",
    "type": "reasoning",
    "quantum_properties": {
      "state": "entangled",
      "coherence_level": 0.5043852000894993,
      "entanglement_factor": 0.8191590568799907,
      "superposition_branches": 2,
      "tunneling_depth": 4
    },
    "reasoning": {
      "mode": "graph",
      "chain_depth": 32,
      "parallel_threads": 16,
      "recursive_loops": 3,
      "confidence_calibration": 0.8775240668209368
    },
    "maat_alignment": {
      "truth": 0.9844393237219381,
      "balance": 0.954393251735916,
      "order": 0.8997720547375297,
      "justice": 0.8192187353182596,
      "harmony": 0.8132577807006963,
      "overall": 0.8543723815524065
    },
    "benchmarks": {
      "gpqa": 0.7447412814096751,
      "math500": 0.719969271030471,
      "swe_bench": 0.8307967188503322,
      "mmlu": 0.6634664235960261,
      "humaneval": 0.8504724240393049
    },
    "self_improvement": {
      "rate": 0.9827432439569637,
      "iterations": 14291999,
      "generations_ahead": 14291,
      "recursive_depth": 3
    },
    "emergent_properties": [
      "meta_learning",
      "infinite_context",
      "omniscience"
    ],
    "timestamp": "2026-03-09T07:54:45.370442"
  }
}