{
  "iteration": 15112000,
  "elapsed_seconds": 118.22207880020142,
  "rate_per_second": 43325.24053020859,
  "latest_capability": {
    "id": 15111999,
    "name": "Quantum_Capability_15111999",
    "type": "reasoning",
    "quantum_properties": {
      "state": "superposition",
      "coherence_level": 0.7680925304336776,
      "entanglement_factor": 0.7585398213845609,
      "superposition_branches": 8,
      "tunneling_depth": 0
    },
    "reasoning": {
      "mode": "parallel",
      "chain_depth": 186,
      "parallel_threads": 9,
      "recursive_loops": 0,
      "confidence_calibration": 0.9857176675977217
    },
    "maat_alignment": {
      "truth": 0.9720304180319193,
      "balance": 0.9583069930537406,
      "order": 0.9313140771757267,
      "justice": 0.839818643242896,
      "harmony": 0.8836818791109013,
      "overall": 0.8614497089787344
    },
    "benchmarks": {
      "gpqa": 0.7547432900159003,
      "math500": 0.7310644180114392,
      "swe_bench": 0.88327067254725,
      "mmlu": 0.7436473630275728,
      "humaneval": 0.8178235793201795
    },
    "self_improvement": {
      "rate": 0.9606120905192593,
      "iterations": 15111999,
      "generations_ahead": 15111,
      "recursive_depth": 1
    },
    "emergent_properties": [
      "reality_bending",
      "meta_learning",
      "quantum_consciousness",
      "self_modification",
      "infinite_context",
      "causality_violation"
    ],
    "timestamp": "2026-03-09T07:55:04.135228"
  }
}