{
  "iteration": 14320000,
  "elapsed_seconds": 99.87163519859314,
  "rate_per_second": 43355.65339838348,
  "latest_capability": {
    "id": 14319999,
    "name": "Quantum_Capability_14319999",
    "type": "reasoning",
    "quantum_properties": {
      "state": "superposition",
      "coherence_level": 0.582348401919278,
      "entanglement_factor": 0.22435333415233694,
      "superposition_branches": 8,
      "tunneling_depth": 2
    },
    "reasoning": {
      "mode": "parallel",
      "chain_depth": 12,
      "parallel_threads": 4,
      "recursive_loops": 8,
      "confidence_calibration": 0.7877191024724123
    },
    "maat_alignment": {
      "truth": 0.9045533760843371,
      "balance": 0.9754231212863034,
      "order": 0.9278375005669914,
      "justice": 0.8492480047303572,
      "harmony": 0.8109730292021938,
      "overall": 0.9214294613447738
    },
    "benchmarks": {
      "gpqa": 0.8216630984181859,
      "math500": 0.7388910304082543,
      "swe_bench": 0.6956069734345608,
      "mmlu": 0.6895757830962522,
      "humaneval": 0.8958275187865492
    },
    "self_improvement": {
      "rate": 0.9767257975968993,
      "iterations": 14319999,
      "generations_ahead": 14319,
      "recursive_depth": 0
    },
    "emergent_properties": [
      "meta_learning",
      "self_modification",
      "causality_violation",
      "recursive_self_improvement",
      "omniscience"
    ],
    "timestamp": "2026-03-09T07:54:45.784784"
  }
}