{
  "iteration": 13149000,
  "elapsed_seconds": 72.44811749458313,
  "rate_per_second": 43603.6174471503,
  "latest_capability": {
    "id": 13148999,
    "name": "Quantum_Capability_13148999",
    "type": "reasoning",
    "quantum_properties": {
      "state": "entangled",
      "coherence_level": 0.9974952113605002,
      "entanglement_factor": 0.23591586463894265,
      "superposition_branches": 3,
      "tunneling_depth": 4
    },
    "reasoning": {
      "mode": "tree",
      "chain_depth": 157,
      "parallel_threads": 4,
      "recursive_loops": 6,
      "confidence_calibration": 0.8116742189786397
    },
    "maat_alignment": {
      "truth": 0.9322898334511716,
      "balance": 0.9549821888255899,
      "order": 0.846027600305593,
      "justice": 0.8819448012265372,
      "harmony": 0.8993670631537981,
      "overall": 0.9507038481122942
    },
    "benchmarks": {
      "gpqa": 0.8657991178125147,
      "math500": 0.7732699521395308,
      "swe_bench": 0.8292542978679869,
      "mmlu": 0.6563008026789677,
      "humaneval": 0.8958198385615143
    },
    "self_improvement": {
      "rate": 0.9543869410405811,
      "iterations": 13148999,
      "generations_ahead": 13148,
      "recursive_depth": 4
    },
    "emergent_properties": [
      "meta_learning",
      "infinite_context",
      "omniscience",
      "recursive_self_improvement",
      "transcendence"
    ],
    "timestamp": "2026-03-09T07:54:18.361270"
  }
}