{
  "iteration": 13178000,
  "elapsed_seconds": 73.18164205551147,
  "rate_per_second": 43562.83776171301,
  "latest_capability": {
    "id": 13177999,
    "name": "Quantum_Capability_13177999",
    "type": "math",
    "quantum_properties": {
      "state": "coherent",
      "coherence_level": 0.9182827803837816,
      "entanglement_factor": 0.19753435361497973,
      "superposition_branches": 5,
      "tunneling_depth": 5
    },
    "reasoning": {
      "mode": "graph",
      "chain_depth": 70,
      "parallel_threads": 15,
      "recursive_loops": 10,
      "confidence_calibration": 0.831901976543974
    },
    "maat_alignment": {
      "truth": 0.8696770562278148,
      "balance": 0.8727728807394579,
      "order": 0.8155303169487987,
      "justice": 0.86093502991692,
      "harmony": 0.8353542575805526,
      "overall": 0.8693732392867785
    },
    "benchmarks": {
      "gpqa": 0.7177452431394155,
      "math500": 0.7205045275082385,
      "swe_bench": 0.881510714007144,
      "mmlu": 0.8848893619697652,
      "humaneval": 0.7797065763995983
    },
    "self_improvement": {
      "rate": 0.9816406893311238,
      "iterations": 13177999,
      "generations_ahead": 13177,
      "recursive_depth": 1
    },
    "emergent_properties": [
      "self_modification",
      "meta_learning",
      "recursive_self_improvement"
    ],
    "timestamp": "2026-03-09T07:54:19.094790"
  }
}