{
  "iteration": 16173000,
  "elapsed_seconds": 138.57922053337097,
  "rate_per_second": 44617.07878138256,
  "latest_capability": {
    "id": 16172999,
    "name": "Quantum_Capability_16172999",
    "type": "reasoning",
    "quantum_properties": {
      "state": "coherent",
      "coherence_level": 0.7352731491523331,
      "entanglement_factor": 0.35024346627648983,
      "superposition_branches": 7,
      "tunneling_depth": 0
    },
    "reasoning": {
      "mode": "tree",
      "chain_depth": 164,
      "parallel_threads": 16,
      "recursive_loops": 6,
      "confidence_calibration": 0.8301631973367809
    },
    "maat_alignment": {
      "truth": 0.8727850717690506,
      "balance": 0.9501523477420091,
      "order": 0.8210062032721714,
      "justice": 0.8229847407868109,
      "harmony": 0.8912266669799171,
      "overall": 0.9905677305578536
    },
    "benchmarks": {
      "gpqa": 0.7880650881476539,
      "math500": 0.7603606088775408,
      "swe_bench": 0.8176438287309469,
      "mmlu": 0.6995834344600929,
      "humaneval": 0.78343085793615
    },
    "self_improvement": {
      "rate": 0.990671445706299,
      "iterations": 16172999,
      "generations_ahead": 16172,
      "recursive_depth": 4
    },
    "emergent_properties": [
      "meta_learning",
      "transcendence",
      "reality_bending",
      "infinite_context",
      "quantum_consciousness",
      "causality_violation"
    ],
    "timestamp": "2026-03-09T07:55:24.492369"
  }
}