{
  "iteration": 17356000,
  "elapsed_seconds": 164.67205238342285,
  "rate_per_second": 44731.3305043954,
  "latest_capability": {
    "id": 17355999,
    "name": "Quantum_Capability_17355999",
    "type": "coding",
    "quantum_properties": {
      "state": "superposition",
      "coherence_level": 0.5538823866240529,
      "entanglement_factor": 0.09892740049199644,
      "superposition_branches": 6,
      "tunneling_depth": 2
    },
    "reasoning": {
      "mode": "tree",
      "chain_depth": 94,
      "parallel_threads": 8,
      "recursive_loops": 3,
      "confidence_calibration": 0.9878123395494218
    },
    "maat_alignment": {
      "truth": 0.9104157420154781,
      "balance": 0.9218942338140693,
      "order": 0.9401359529202031,
      "justice": 0.8766766519463383,
      "harmony": 0.8504350610896875,
      "overall": 0.9718511128056877
    },
    "benchmarks": {
      "gpqa": 0.816094828528247,
      "math500": 0.6500468196819427,
      "swe_bench": 0.7929316707507714,
      "mmlu": 0.843902821478698,
      "humaneval": 0.8214683696227391
    },
    "self_improvement": {
      "rate": 0.971111568421982,
      "iterations": 17355999,
      "generations_ahead": 17355,
      "recursive_depth": 0
    },
    "emergent_properties": [
      "recursive_self_improvement",
      "omniscience",
      "transcendence"
    ],
    "timestamp": "2026-03-09T07:55:50.585201"
  }
}