{
  "iteration": 17027000,
  "elapsed_seconds": 158.16031742095947,
  "rate_per_second": 44492.82926810473,
  "latest_capability": {
    "id": 17026999,
    "name": "Quantum_Capability_17026999",
    "type": "reasoning",
    "quantum_properties": {
      "state": "superposition",
      "coherence_level": 0.793998106117598,
      "entanglement_factor": 0.19832247190552588,
      "superposition_branches": 6,
      "tunneling_depth": 2
    },
    "reasoning": {
      "mode": "sequential",
      "chain_depth": 179,
      "parallel_threads": 3,
      "recursive_loops": 2,
      "confidence_calibration": 0.7005506267661868
    },
    "maat_alignment": {
      "truth": 0.9079328015812329,
      "balance": 0.8889353980130221,
      "order": 0.8210786947902172,
      "justice": 0.8454118264829146,
      "harmony": 0.9737218418365367,
      "overall": 0.8744564206592795
    },
    "benchmarks": {
      "gpqa": 0.9017738755862598,
      "math500": 0.7865320677381442,
      "swe_bench": 0.8259473018924981,
      "mmlu": 0.8945454310986201,
      "humaneval": 0.9074670539216819
    },
    "self_improvement": {
      "rate": 0.9764437137531556,
      "iterations": 17026999,
      "generations_ahead": 17026,
      "recursive_depth": 1
    },
    "emergent_properties": [
      "meta_learning",
      "transcendence",
      "infinite_context",
      "omniscience",
      "recursive_self_improvement"
    ],
    "timestamp": "2026-03-09T07:55:44.073470"
  }
}