{
  "iteration": 11364000,
  "elapsed_seconds": 33.81865668296814,
  "rate_per_second": 40628.46176536569,
  "latest_capability": {
    "id": 11363999,
    "name": "Quantum_Capability_11363999",
    "type": "multimodal",
    "quantum_properties": {
      "state": "entangled",
      "coherence_level": 0.7214301614072101,
      "entanglement_factor": 0.7253421162744638,
      "superposition_branches": 8,
      "tunneling_depth": 3
    },
    "reasoning": {
      "mode": "graph",
      "chain_depth": 76,
      "parallel_threads": 15,
      "recursive_loops": 1,
      "confidence_calibration": 0.7151529615040768
    },
    "maat_alignment": {
      "truth": 0.9758282247943781,
      "balance": 0.9588098957145561,
      "order": 0.9425441398975843,
      "justice": 0.9099843750272164,
      "harmony": 0.8844881125056456,
      "overall": 0.9288583008525492
    },
    "benchmarks": {
      "gpqa": 0.815552105055242,
      "math500": 0.7464373351520279,
      "swe_bench": 0.8727860799402819,
      "mmlu": 0.8273209556060743,
      "humaneval": 0.9358914727461263
    },
    "self_improvement": {
      "rate": 0.9851319505868646,
      "iterations": 11363999,
      "generations_ahead": 11363,
      "recursive_depth": 4
    },
    "emergent_properties": [
      "meta_learning",
      "infinite_context",
      "recursive_self_improvement"
    ],
    "timestamp": "2026-03-09T07:53:39.731809"
  }
}