{
  "iteration": 14624000,
  "elapsed_seconds": 105.68643975257874,
  "rate_per_second": 43846.684691513896,
  "latest_capability": {
    "id": 14623999,
    "name": "Quantum_Capability_14623999",
    "type": "math",
    "quantum_properties": {
      "state": "entangled",
      "coherence_level": 0.9186706375181344,
      "entanglement_factor": 0.3098617054477303,
      "superposition_branches": 2,
      "tunneling_depth": 2
    },
    "reasoning": {
      "mode": "sequential",
      "chain_depth": 183,
      "parallel_threads": 3,
      "recursive_loops": 9,
      "confidence_calibration": 0.9876117946701808
    },
    "maat_alignment": {
      "truth": 0.8605345360677554,
      "balance": 0.8030926824035841,
      "order": 0.8615594266549718,
      "justice": 0.9163753936849196,
      "harmony": 0.8138252643295082,
      "overall": 0.9975596934369206
    },
    "benchmarks": {
      "gpqa": 0.9192634674827237,
      "math500": 0.7230272957492901,
      "swe_bench": 0.8043453212287415,
      "mmlu": 0.688885482745117,
      "humaneval": 0.8948894565406141
    },
    "self_improvement": {
      "rate": 0.97517982900192,
      "iterations": 14623999,
      "generations_ahead": 14623,
      "recursive_depth": 2
    },
    "emergent_properties": [
      "transcendence",
      "recursive_self_improvement",
      "reality_bending"
    ],
    "timestamp": "2026-03-09T07:54:51.599588"
  }
}