{
  "iteration": 15506000,
  "elapsed_seconds": 125.87344861030579,
  "rate_per_second": 43821.791338037445,
  "latest_capability": {
    "id": 15505999,
    "name": "Quantum_Capability_15505999",
    "type": "multimodal",
    "quantum_properties": {
      "state": "superposition",
      "coherence_level": 0.8981938560450986,
      "entanglement_factor": 0.16261053463422792,
      "superposition_branches": 2,
      "tunneling_depth": 4
    },
    "reasoning": {
      "mode": "sequential",
      "chain_depth": 187,
      "parallel_threads": 9,
      "recursive_loops": 2,
      "confidence_calibration": 0.8391943381264892
    },
    "maat_alignment": {
      "truth": 0.974719469793858,
      "balance": 0.9363837593730172,
      "order": 0.9565337460798407,
      "justice": 0.9337528481597923,
      "harmony": 0.8980036972940494,
      "overall": 0.9754792224371878
    },
    "benchmarks": {
      "gpqa": 0.8230974863634228,
      "math500": 0.7045563790950649,
      "swe_bench": 0.8693630364780041,
      "mmlu": 0.6662185400054755,
      "humaneval": 0.8565860197838533
    },
    "self_improvement": {
      "rate": 0.9746706411601863,
      "iterations": 15505999,
      "generations_ahead": 15505,
      "recursive_depth": 0
    },
    "emergent_properties": [
      "infinite_context",
      "omniscience",
      "causality_violation",
      "reality_bending",
      "meta_learning",
      "quantum_consciousness"
    ],
    "timestamp": "2026-03-09T07:55:11.786602"
  }
}