{
  "iteration": 17338000,
  "elapsed_seconds": 164.42374062538147,
  "rate_per_second": 44689.41025214529,
  "latest_capability": {
    "id": 17337999,
    "name": "Quantum_Capability_17337999",
    "type": "language",
    "quantum_properties": {
      "state": "collapsed",
      "coherence_level": 0.9963809288510586,
      "entanglement_factor": 0.39553586261221585,
      "superposition_branches": 4,
      "tunneling_depth": 1
    },
    "reasoning": {
      "mode": "parallel",
      "chain_depth": 74,
      "parallel_threads": 9,
      "recursive_loops": 8,
      "confidence_calibration": 0.7893889094836622
    },
    "maat_alignment": {
      "truth": 0.8146378001736141,
      "balance": 0.8691394903818747,
      "order": 0.8314877244273103,
      "justice": 0.9857246604857127,
      "harmony": 0.9479302582929136,
      "overall": 0.8501626990569988
    },
    "benchmarks": {
      "gpqa": 0.9072576811769598,
      "math500": 0.8069042262079072,
      "swe_bench": 0.8436388946085784,
      "mmlu": 0.7151566444491918,
      "humaneval": 0.9173591104444815
    },
    "self_improvement": {
      "rate": 0.9805602817948101,
      "iterations": 17337999,
      "generations_ahead": 17337,
      "recursive_depth": 0
    },
    "emergent_properties": [
      "reality_bending",
      "causality_violation",
      "recursive_self_improvement",
      "self_modification"
    ],
    "timestamp": "2026-03-09T07:55:50.336892"
  }
}