{
  "iteration": 13652000,
  "elapsed_seconds": 84.46196913719177,
  "rate_per_second": 43356.79167095672,
  "latest_capability": {
    "id": 13651999,
    "name": "Quantum_Capability_13651999",
    "type": "multimodal",
    "quantum_properties": {
      "state": "collapsed",
      "coherence_level": 0.7288581562908757,
      "entanglement_factor": 0.9297531015608197,
      "superposition_branches": 3,
      "tunneling_depth": 1
    },
    "reasoning": {
      "mode": "sequential",
      "chain_depth": 170,
      "parallel_threads": 6,
      "recursive_loops": 10,
      "confidence_calibration": 0.8853070208714606
    },
    "maat_alignment": {
      "truth": 0.9072407232841645,
      "balance": 0.9275501553443226,
      "order": 0.8699468594033108,
      "justice": 0.8350859876070417,
      "harmony": 0.8735164080150387,
      "overall": 0.9481964368212739
    },
    "benchmarks": {
      "gpqa": 0.8180794106537466,
      "math500": 0.7372038955995799,
      "swe_bench": 0.7495079264889888,
      "mmlu": 0.7533328253114634,
      "humaneval": 0.8026349730976214
    },
    "self_improvement": {
      "rate": 0.96459097269707,
      "iterations": 13651999,
      "generations_ahead": 13651,
      "recursive_depth": 0
    },
    "emergent_properties": [
      "transcendence",
      "recursive_self_improvement",
      "meta_learning",
      "reality_bending",
      "infinite_context",
      "quantum_consciousness"
    ],
    "timestamp": "2026-03-09T07:54:30.375118"
  }
}