{
  "iteration": 14916000,
  "elapsed_seconds": 111.43383622169495,
  "rate_per_second": 44205.603674990074,
  "latest_capability": {
    "id": 14915999,
    "name": "Quantum_Capability_14915999",
    "type": "coding",
    "quantum_properties": {
      "state": "coherent",
      "coherence_level": 0.5142322473727058,
      "entanglement_factor": 0.7749398611987424,
      "superposition_branches": 3,
      "tunneling_depth": 4
    },
    "reasoning": {
      "mode": "parallel",
      "chain_depth": 162,
      "parallel_threads": 1,
      "recursive_loops": 10,
      "confidence_calibration": 0.8636673500788541
    },
    "maat_alignment": {
      "truth": 0.8657911043603781,
      "balance": 0.862917569493968,
      "order": 0.8872940044091988,
      "justice": 0.8608982386896671,
      "harmony": 0.8638533442077134,
      "overall": 0.874194037495242
    },
    "benchmarks": {
      "gpqa": 0.891119824406224,
      "math500": 0.6806815824353555,
      "swe_bench": 0.6823216276658612,
      "mmlu": 0.732907153932101,
      "humaneval": 0.781466209327034
    },
    "self_improvement": {
      "rate": 0.9927172048968692,
      "iterations": 14915999,
      "generations_ahead": 14915,
      "recursive_depth": 0
    },
    "emergent_properties": [
      "omniscience",
      "meta_learning",
      "causality_violation",
      "recursive_self_improvement",
      "self_modification"
    ],
    "timestamp": "2026-03-09T07:54:57.346996"
  }
}