{
  "iteration": 15053000,
  "elapsed_seconds": 117.10695600509644,
  "rate_per_second": 43233.98176090975,
  "latest_capability": {
    "id": 15052999,
    "name": "Quantum_Capability_15052999",
    "type": "reasoning",
    "quantum_properties": {
      "state": "collapsed",
      "coherence_level": 0.7023545833588993,
      "entanglement_factor": 0.8600832256225137,
      "superposition_branches": 8,
      "tunneling_depth": 0
    },
    "reasoning": {
      "mode": "graph",
      "chain_depth": 120,
      "parallel_threads": 7,
      "recursive_loops": 2,
      "confidence_calibration": 0.7070592327015194
    },
    "maat_alignment": {
      "truth": 0.9924754216847794,
      "balance": 0.9403601118185678,
      "order": 0.938797566735731,
      "justice": 0.921437284515903,
      "harmony": 0.8501868675615468,
      "overall": 0.9992225575457767
    },
    "benchmarks": {
      "gpqa": 0.8520677075478892,
      "math500": 0.6794315766075281,
      "swe_bench": 0.6714357147934986,
      "mmlu": 0.8188388197640797,
      "humaneval": 0.8565236804653271
    },
    "self_improvement": {
      "rate": 0.9717815148736938,
      "iterations": 15052999,
      "generations_ahead": 15052,
      "recursive_depth": 1
    },
    "emergent_properties": [
      "reality_bending",
      "causality_violation",
      "quantum_consciousness"
    ],
    "timestamp": "2026-03-09T07:55:03.020104"
  }
}