{
  "iteration": 15395000,
  "elapsed_seconds": 123.69659852981567,
  "rate_per_second": 43695.623519487366,
  "latest_capability": {
    "id": 15394999,
    "name": "Quantum_Capability_15394999",
    "type": "multimodal",
    "quantum_properties": {
      "state": "superposition",
      "coherence_level": 0.5703940196182268,
      "entanglement_factor": 0.34200300547419227,
      "superposition_branches": 10,
      "tunneling_depth": 1
    },
    "reasoning": {
      "mode": "tree",
      "chain_depth": 49,
      "parallel_threads": 10,
      "recursive_loops": 5,
      "confidence_calibration": 0.8723977964725805
    },
    "maat_alignment": {
      "truth": 0.8099723003174762,
      "balance": 0.9639720482222311,
      "order": 0.8643171834874283,
      "justice": 0.892025887540248,
      "harmony": 0.9021777786967027,
      "overall": 0.9426474060328954
    },
    "benchmarks": {
      "gpqa": 0.8417786637431237,
      "math500": 0.718891968181555,
      "swe_bench": 0.7313651378936207,
      "mmlu": 0.8076917458104115,
      "humaneval": 0.7324250207162504
    },
    "self_improvement": {
      "rate": 0.9560879729768409,
      "iterations": 15394999,
      "generations_ahead": 15394,
      "recursive_depth": 3
    },
    "emergent_properties": [
      "meta_learning",
      "reality_bending",
      "self_modification",
      "omniscience",
      "recursive_self_improvement",
      "infinite_context"
    ],
    "timestamp": "2026-03-09T07:55:09.609747"
  }
}