{
  "iteration": 16992000,
  "elapsed_seconds": 157.67411375045776,
  "rate_per_second": 44408.05046211761,
  "latest_capability": {
    "id": 16991999,
    "name": "Quantum_Capability_16991999",
    "type": "language",
    "quantum_properties": {
      "state": "collapsed",
      "coherence_level": 0.6049639225538324,
      "entanglement_factor": 0.6904011821375838,
      "superposition_branches": 7,
      "tunneling_depth": 0
    },
    "reasoning": {
      "mode": "parallel",
      "chain_depth": 33,
      "parallel_threads": 16,
      "recursive_loops": 8,
      "confidence_calibration": 0.8034358034267937
    },
    "maat_alignment": {
      "truth": 0.9454452640587239,
      "balance": 0.8086268923342711,
      "order": 0.8312422298483784,
      "justice": 0.8584040134241536,
      "harmony": 0.8428597168108874,
      "overall": 0.8960545817508047
    },
    "benchmarks": {
      "gpqa": 0.8403675242248588,
      "math500": 0.7130263914444264,
      "swe_bench": 0.8123137858646756,
      "mmlu": 0.7182690751165235,
      "humaneval": 0.9391439888204139
    },
    "self_improvement": {
      "rate": 0.9678233131363564,
      "iterations": 16991999,
      "generations_ahead": 16991,
      "recursive_depth": 3
    },
    "emergent_properties": [
      "recursive_self_improvement",
      "transcendence",
      "self_modification",
      "meta_learning",
      "quantum_consciousness",
      "omniscience"
    ],
    "timestamp": "2026-03-09T07:55:43.587263"
  }
}