{
  "iteration": 11685000,
  "elapsed_seconds": 40.94039535522461,
  "rate_per_second": 41401.651969726096,
  "latest_capability": {
    "id": 11684999,
    "name": "Quantum_Capability_11684999",
    "type": "multimodal",
    "quantum_properties": {
      "state": "coherent",
      "coherence_level": 0.9970956102707856,
      "entanglement_factor": 0.24290323604957786,
      "superposition_branches": 6,
      "tunneling_depth": 3
    },
    "reasoning": {
      "mode": "graph",
      "chain_depth": 57,
      "parallel_threads": 1,
      "recursive_loops": 1,
      "confidence_calibration": 0.9186818125994312
    },
    "maat_alignment": {
      "truth": 0.8425288543987396,
      "balance": 0.9084763256737695,
      "order": 0.9759373954864019,
      "justice": 0.9437813394278641,
      "harmony": 0.8365086208658563,
      "overall": 0.9264362559565369
    },
    "benchmarks": {
      "gpqa": 0.9345824950611873,
      "math500": 0.6626143995330344,
      "swe_bench": 0.7692660862277136,
      "mmlu": 0.7543429599425242,
      "humaneval": 0.8946123511392977
    },
    "self_improvement": {
      "rate": 0.9545670465890747,
      "iterations": 11684999,
      "generations_ahead": 11684,
      "recursive_depth": 0
    },
    "emergent_properties": [
      "omniscience",
      "quantum_consciousness",
      "reality_bending",
      "recursive_self_improvement",
      "self_modification",
      "infinite_context"
    ],
    "timestamp": "2026-03-09T07:53:46.853552"
  }
}