{
  "iteration": 11865000,
  "elapsed_seconds": 44.63495707511902,
  "rate_per_second": 42007.43369920672,
  "latest_capability": {
    "id": 11864999,
    "name": "Quantum_Capability_11864999",
    "type": "math",
    "quantum_properties": {
      "state": "coherent",
      "coherence_level": 0.5704928871789708,
      "entanglement_factor": 0.3398196575084972,
      "superposition_branches": 1,
      "tunneling_depth": 4
    },
    "reasoning": {
      "mode": "sequential",
      "chain_depth": 12,
      "parallel_threads": 2,
      "recursive_loops": 0,
      "confidence_calibration": 0.8882346962137071
    },
    "maat_alignment": {
      "truth": 0.9113361435113595,
      "balance": 0.8813323618520885,
      "order": 0.8013900787130479,
      "justice": 0.8928065170666006,
      "harmony": 0.9417211936214329,
      "overall": 0.9224165088473472
    },
    "benchmarks": {
      "gpqa": 0.7520525802594266,
      "math500": 0.7940978656692095,
      "swe_bench": 0.7676171052876418,
      "mmlu": 0.7567883496747482,
      "humaneval": 0.9001022752089353
    },
    "self_improvement": {
      "rate": 0.993122417647018,
      "iterations": 11864999,
      "generations_ahead": 11864,
      "recursive_depth": 2
    },
    "emergent_properties": [
      "recursive_self_improvement",
      "self_modification",
      "transcendence",
      "meta_learning",
      "omniscience",
      "infinite_context"
    ],
    "timestamp": "2026-03-09T07:53:50.548125"
  }
}