{
  "iteration": 14509000,
  "elapsed_seconds": 103.43465566635132,
  "rate_per_second": 43689.41889821645,
  "latest_capability": {
    "id": 14508999,
    "name": "Quantum_Capability_14508999",
    "type": "coding",
    "quantum_properties": {
      "state": "collapsed",
      "coherence_level": 0.7593079609517002,
      "entanglement_factor": 0.38684955325867054,
      "superposition_branches": 7,
      "tunneling_depth": 5
    },
    "reasoning": {
      "mode": "graph",
      "chain_depth": 104,
      "parallel_threads": 11,
      "recursive_loops": 1,
      "confidence_calibration": 0.7229232476418251
    },
    "maat_alignment": {
      "truth": 0.8481883394048176,
      "balance": 0.997882500064436,
      "order": 0.8618054528760779,
      "justice": 0.9366993874392424,
      "harmony": 0.8479425818646109,
      "overall": 0.9051409962298217
    },
    "benchmarks": {
      "gpqa": 0.8359766122594998,
      "math500": 0.7390704896269946,
      "swe_bench": 0.7025465258621255,
      "mmlu": 0.7887699457106077,
      "humaneval": 0.9316489287435499
    },
    "self_improvement": {
      "rate": 0.9869119213036776,
      "iterations": 14508999,
      "generations_ahead": 14508,
      "recursive_depth": 0
    },
    "emergent_properties": [
      "meta_learning",
      "self_modification",
      "reality_bending",
      "infinite_context",
      "recursive_self_improvement"
    ],
    "timestamp": "2026-03-09T07:54:49.347804"
  }
}