{
  "iteration": 10014000,
  "elapsed_seconds": 0.3322315216064453,
  "rate_per_second": 72238.78060682607,
  "latest_capability": {
    "id": 10013999,
    "name": "Quantum_Capability_10013999",
    "type": "reasoning",
    "quantum_properties": {
      "state": "superposition",
      "coherence_level": 0.9712127766351757,
      "entanglement_factor": 0.5027148751999151,
      "superposition_branches": 9,
      "tunneling_depth": 3
    },
    "reasoning": {
      "mode": "graph",
      "chain_depth": 20,
      "parallel_threads": 4,
      "recursive_loops": 9,
      "confidence_calibration": 0.7083773607148476
    },
    "maat_alignment": {
      "truth": 0.9789191924185485,
      "balance": 0.9003924794909501,
      "order": 0.9500967478067297,
      "justice": 0.882094326747812,
      "harmony": 0.9720075014279724,
      "overall": 0.8714572653283299
    },
    "benchmarks": {
      "gpqa": 0.839897763775099,
      "math500": 0.6571042916799927,
      "swe_bench": 0.7624546454497438,
      "mmlu": 0.6728107331792005,
      "humaneval": 0.7241743093626111
    },
    "self_improvement": {
      "rate": 0.9612225222516393,
      "iterations": 10013999,
      "generations_ahead": 10013,
      "recursive_depth": 3
    },
    "emergent_properties": [
      "self_modification",
      "infinite_context",
      "omniscience"
    ],
    "timestamp": "2026-03-09T07:53:06.245387"
  }
}