{
  "iteration": 15685000,
  "elapsed_seconds": 129.29899406433105,
  "rate_per_second": 44045.19958729552,
  "latest_capability": {
    "id": 15684999,
    "name": "Quantum_Capability_15684999",
    "type": "language",
    "quantum_properties": {
      "state": "coherent",
      "coherence_level": 0.8663804708736951,
      "entanglement_factor": 0.8594081039445516,
      "superposition_branches": 10,
      "tunneling_depth": 2
    },
    "reasoning": {
      "mode": "tree",
      "chain_depth": 198,
      "parallel_threads": 5,
      "recursive_loops": 9,
      "confidence_calibration": 0.8504141673258394
    },
    "maat_alignment": {
      "truth": 0.8483697386987148,
      "balance": 0.8572995821484628,
      "order": 0.939217521612297,
      "justice": 0.8418922971944639,
      "harmony": 0.8761154690562415,
      "overall": 0.85384408254703
    },
    "benchmarks": {
      "gpqa": 0.7479860004875859,
      "math500": 0.6742420350779111,
      "swe_bench": 0.7247099704471078,
      "mmlu": 0.6855973862594361,
      "humaneval": 0.7580329593429307
    },
    "self_improvement": {
      "rate": 0.9986102751881095,
      "iterations": 15684999,
      "generations_ahead": 15684,
      "recursive_depth": 1
    },
    "emergent_properties": [
      "omniscience",
      "reality_bending",
      "quantum_consciousness",
      "causality_violation",
      "transcendence"
    ],
    "timestamp": "2026-03-09T07:55:15.212411"
  }
}