{
  "iteration": 12900000,
  "elapsed_seconds": 67.73189043998718,
  "rate_per_second": 42963.5136579919,
  "latest_capability": {
    "id": 12899999,
    "name": "Quantum_Capability_12899999",
    "type": "multimodal",
    "quantum_properties": {
      "state": "entangled",
      "coherence_level": 0.8835607595972287,
      "entanglement_factor": 0.40024751147292503,
      "superposition_branches": 7,
      "tunneling_depth": 3
    },
    "reasoning": {
      "mode": "tree",
      "chain_depth": 148,
      "parallel_threads": 15,
      "recursive_loops": 6,
      "confidence_calibration": 0.7814688987673836
    },
    "maat_alignment": {
      "truth": 0.9081166654969844,
      "balance": 0.9537219562401604,
      "order": 0.8358677984130857,
      "justice": 0.8230102182040541,
      "harmony": 0.8622555633012996,
      "overall": 0.9067556445164813
    },
    "benchmarks": {
      "gpqa": 0.9237977810424165,
      "math500": 0.7003161203914021,
      "swe_bench": 0.8128871257943775,
      "mmlu": 0.8518490488541077,
      "humaneval": 0.7064895671009775
    },
    "self_improvement": {
      "rate": 0.9523330823514468,
      "iterations": 12899999,
      "generations_ahead": 12899,
      "recursive_depth": 4
    },
    "emergent_properties": [
      "omniscience",
      "self_modification",
      "causality_violation",
      "quantum_consciousness",
      "transcendence"
    ],
    "timestamp": "2026-03-09T07:54:13.645039"
  }
}