{
  "iteration": 13573000,
  "elapsed_seconds": 82.69838094711304,
  "rate_per_second": 43326.12028150088,
  "latest_capability": {
    "id": 13572999,
    "name": "Quantum_Capability_13572999",
    "type": "math",
    "quantum_properties": {
      "state": "coherent",
      "coherence_level": 0.6161196408900103,
      "entanglement_factor": 0.789699161151855,
      "superposition_branches": 7,
      "tunneling_depth": 3
    },
    "reasoning": {
      "mode": "parallel",
      "chain_depth": 55,
      "parallel_threads": 1,
      "recursive_loops": 10,
      "confidence_calibration": 0.8068890348598853
    },
    "maat_alignment": {
      "truth": 0.8848238805348062,
      "balance": 0.8572042340443886,
      "order": 0.8165778680265421,
      "justice": 0.9406760510581919,
      "harmony": 0.8922446494310531,
      "overall": 0.9154074648112875
    },
    "benchmarks": {
      "gpqa": 0.8444094408990419,
      "math500": 0.7822413124562774,
      "swe_bench": 0.7053332319724845,
      "mmlu": 0.7988270497378162,
      "humaneval": 0.9339301548348393
    },
    "self_improvement": {
      "rate": 0.9886110662661882,
      "iterations": 13572999,
      "generations_ahead": 13572,
      "recursive_depth": 5
    },
    "emergent_properties": [
      "quantum_consciousness",
      "infinite_context",
      "meta_learning"
    ],
    "timestamp": "2026-03-09T07:54:28.611529"
  }
}