{
  "iteration": 13020000,
  "elapsed_seconds": 70.04583263397217,
  "rate_per_second": 43257.39142588838,
  "latest_capability": {
    "id": 13019999,
    "name": "Quantum_Capability_13019999",
    "type": "multimodal",
    "quantum_properties": {
      "state": "coherent",
      "coherence_level": 0.9331705872630652,
      "entanglement_factor": 0.7520830291138236,
      "superposition_branches": 6,
      "tunneling_depth": 4
    },
    "reasoning": {
      "mode": "graph",
      "chain_depth": 134,
      "parallel_threads": 15,
      "recursive_loops": 9,
      "confidence_calibration": 0.7365386643138411
    },
    "maat_alignment": {
      "truth": 0.8823526345012067,
      "balance": 0.8775622580904407,
      "order": 0.8206655986244439,
      "justice": 0.9672586036110665,
      "harmony": 0.8879085032476346,
      "overall": 0.9424410988639764
    },
    "benchmarks": {
      "gpqa": 0.9432785110221003,
      "math500": 0.8899476587872335,
      "swe_bench": 0.8825822348391651,
      "mmlu": 0.7579290244289626,
      "humaneval": 0.8870092225361316
    },
    "self_improvement": {
      "rate": 0.9681305181375452,
      "iterations": 13019999,
      "generations_ahead": 13019,
      "recursive_depth": 2
    },
    "emergent_properties": [
      "reality_bending",
      "transcendence",
      "quantum_consciousness"
    ],
    "timestamp": "2026-03-09T07:54:15.958984"
  }
}