{
  "iteration": 16525000,
  "elapsed_seconds": 148.88046622276306,
  "rate_per_second": 43894.27415025674,
  "latest_capability": {
    "id": 16524999,
    "name": "Quantum_Capability_16524999",
    "type": "multimodal",
    "quantum_properties": {
      "state": "superposition",
      "coherence_level": 0.7933652564014617,
      "entanglement_factor": 0.33366391700144027,
      "superposition_branches": 1,
      "tunneling_depth": 3
    },
    "reasoning": {
      "mode": "graph",
      "chain_depth": 56,
      "parallel_threads": 4,
      "recursive_loops": 6,
      "confidence_calibration": 0.9549986134062973
    },
    "maat_alignment": {
      "truth": 0.848232714423552,
      "balance": 0.9648836215275042,
      "order": 0.8397592985741098,
      "justice": 0.925705189933862,
      "harmony": 0.9206393624704915,
      "overall": 0.9424592277094358
    },
    "benchmarks": {
      "gpqa": 0.8075816022138834,
      "math500": 0.7824093407935486,
      "swe_bench": 0.8755897143001259,
      "mmlu": 0.8502147720064335,
      "humaneval": 0.8818768087861248
    },
    "self_improvement": {
      "rate": 0.9640182810732918,
      "iterations": 16524999,
      "generations_ahead": 16524,
      "recursive_depth": 5
    },
    "emergent_properties": [
      "reality_bending",
      "causality_violation",
      "quantum_consciousness",
      "self_modification",
      "recursive_self_improvement"
    ],
    "timestamp": "2026-03-09T07:55:34.793615"
  }
}