{
  "iteration": 13270000,
  "elapsed_seconds": 76.937668800354,
  "rate_per_second": 42631.91296465312,
  "latest_capability": {
    "id": 13269999,
    "name": "Quantum_Capability_13269999",
    "type": "reasoning",
    "quantum_properties": {
      "state": "coherent",
      "coherence_level": 0.822739146735778,
      "entanglement_factor": 0.9249935244094984,
      "superposition_branches": 5,
      "tunneling_depth": 5
    },
    "reasoning": {
      "mode": "sequential",
      "chain_depth": 149,
      "parallel_threads": 3,
      "recursive_loops": 4,
      "confidence_calibration": 0.7228933385008591
    },
    "maat_alignment": {
      "truth": 0.842159406781458,
      "balance": 0.9727125650306422,
      "order": 0.9592073013048781,
      "justice": 0.9721261672614792,
      "harmony": 0.9399622963892291,
      "overall": 0.9881077691104296
    },
    "benchmarks": {
      "gpqa": 0.769712473132181,
      "math500": 0.8688357094737786,
      "swe_bench": 0.8273381809705953,
      "mmlu": 0.749870774738003,
      "humaneval": 0.8114789524681223
    },
    "self_improvement": {
      "rate": 0.9832239282569615,
      "iterations": 13269999,
      "generations_ahead": 13269,
      "recursive_depth": 1
    },
    "emergent_properties": [
      "transcendence",
      "recursive_self_improvement",
      "causality_violation"
    ],
    "timestamp": "2026-03-09T07:54:22.850825"
  }
}