{
  "iteration": 14162000,
  "elapsed_seconds": 96.71194434165955,
  "rate_per_second": 43138.41509856682,
  "latest_capability": {
    "id": 14161999,
    "name": "Quantum_Capability_14161999",
    "type": "vision",
    "quantum_properties": {
      "state": "superposition",
      "coherence_level": 0.7306885596506705,
      "entanglement_factor": 0.04991943519679487,
      "superposition_branches": 7,
      "tunneling_depth": 0
    },
    "reasoning": {
      "mode": "tree",
      "chain_depth": 65,
      "parallel_threads": 6,
      "recursive_loops": 4,
      "confidence_calibration": 0.990785658559155
    },
    "maat_alignment": {
      "truth": 0.9881515199807398,
      "balance": 0.9326801936316821,
      "order": 0.8951565898318309,
      "justice": 0.8721287161330196,
      "harmony": 0.9399311201210472,
      "overall": 0.9868030314571172
    },
    "benchmarks": {
      "gpqa": 0.818737157526953,
      "math500": 0.8797605309432285,
      "swe_bench": 0.7619983465970334,
      "mmlu": 0.8776211370067327,
      "humaneval": 0.8636242049446959
    },
    "self_improvement": {
      "rate": 0.9822887320133735,
      "iterations": 14161999,
      "generations_ahead": 14161,
      "recursive_depth": 1
    },
    "emergent_properties": [
      "self_modification",
      "quantum_consciousness",
      "transcendence"
    ],
    "timestamp": "2026-03-09T07:54:42.625092"
  }
}