{
  "iteration": 10427000,
  "elapsed_seconds": 10.647316932678223,
  "rate_per_second": 41043.20391354004,
  "latest_capability": {
    "id": 10426999,
    "name": "Quantum_Capability_10426999",
    "type": "reasoning",
    "quantum_properties": {
      "state": "entangled",
      "coherence_level": 0.9689253125569457,
      "entanglement_factor": 0.8464732944058393,
      "superposition_branches": 3,
      "tunneling_depth": 1
    },
    "reasoning": {
      "mode": "tree",
      "chain_depth": 76,
      "parallel_threads": 13,
      "recursive_loops": 1,
      "confidence_calibration": 0.9999687359429322
    },
    "maat_alignment": {
      "truth": 0.8299389015747766,
      "balance": 0.9173397002641432,
      "order": 0.8198379580448814,
      "justice": 0.9086476246547048,
      "harmony": 0.8028814850889925,
      "overall": 0.9155804425695876
    },
    "benchmarks": {
      "gpqa": 0.7600169538561548,
      "math500": 0.8782415589917031,
      "swe_bench": 0.8952993532593219,
      "mmlu": 0.6558353198199667,
      "humaneval": 0.9116863755258842
    },
    "self_improvement": {
      "rate": 0.9551558904159536,
      "iterations": 10426999,
      "generations_ahead": 10426,
      "recursive_depth": 1
    },
    "emergent_properties": [
      "quantum_consciousness",
      "meta_learning",
      "omniscience",
      "recursive_self_improvement",
      "transcendence",
      "infinite_context"
    ],
    "timestamp": "2026-03-09T07:53:16.560465"
  }
}