{
  "iteration": 17597000,
  "elapsed_seconds": 169.40042400360107,
  "rate_per_second": 44905.43659936939,
  "latest_capability": {
    "id": 17596999,
    "name": "Quantum_Capability_17596999",
    "type": "multimodal",
    "quantum_properties": {
      "state": "coherent",
      "coherence_level": 0.870763957305052,
      "entanglement_factor": 0.34719141862648917,
      "superposition_branches": 8,
      "tunneling_depth": 1
    },
    "reasoning": {
      "mode": "parallel",
      "chain_depth": 98,
      "parallel_threads": 3,
      "recursive_loops": 10,
      "confidence_calibration": 0.8048252431451626
    },
    "maat_alignment": {
      "truth": 0.9080740377846699,
      "balance": 0.8446111301667634,
      "order": 0.9784489353891637,
      "justice": 0.9234952312569709,
      "harmony": 0.9889668239863622,
      "overall": 0.8728749893246223
    },
    "benchmarks": {
      "gpqa": 0.7585862667513013,
      "math500": 0.7538338613424089,
      "swe_bench": 0.7908573572619773,
      "mmlu": 0.8735803288079756,
      "humaneval": 0.7725999217534467
    },
    "self_improvement": {
      "rate": 0.9592276103496515,
      "iterations": 17596999,
      "generations_ahead": 17596,
      "recursive_depth": 0
    },
    "emergent_properties": [
      "infinite_context",
      "omniscience",
      "transcendence",
      "quantum_consciousness",
      "recursive_self_improvement"
    ],
    "timestamp": "2026-03-09T07:55:55.313573"
  }
}