{
  "iteration": 13306000,
  "elapsed_seconds": 77.42348980903625,
  "rate_per_second": 42829.37914809651,
  "latest_capability": {
    "id": 13305999,
    "name": "Quantum_Capability_13305999",
    "type": "agentic",
    "quantum_properties": {
      "state": "superposition",
      "coherence_level": 0.5881202821492303,
      "entanglement_factor": 0.8957269586489037,
      "superposition_branches": 4,
      "tunneling_depth": 5
    },
    "reasoning": {
      "mode": "parallel",
      "chain_depth": 74,
      "parallel_threads": 15,
      "recursive_loops": 10,
      "confidence_calibration": 0.8387018119114098
    },
    "maat_alignment": {
      "truth": 0.9824548107942398,
      "balance": 0.8757936270998583,
      "order": 0.9708373456452711,
      "justice": 0.9505614775233667,
      "harmony": 0.884385490100002,
      "overall": 0.8999493154010979
    },
    "benchmarks": {
      "gpqa": 0.7506293107413115,
      "math500": 0.7600217478415129,
      "swe_bench": 0.7374381487230108,
      "mmlu": 0.7539013199187895,
      "humaneval": 0.8703772187032325
    },
    "self_improvement": {
      "rate": 0.9883825382079391,
      "iterations": 13305999,
      "generations_ahead": 13305,
      "recursive_depth": 0
    },
    "emergent_properties": [
      "transcendence",
      "self_modification",
      "quantum_consciousness",
      "infinite_context"
    ],
    "timestamp": "2026-03-09T07:54:23.336638"
  }
}