{
  "iteration": 16201000,
  "elapsed_seconds": 139.2909939289093,
  "rate_per_second": 44590.10467805221,
  "latest_capability": {
    "id": 16200999,
    "name": "Quantum_Capability_16200999",
    "type": "math",
    "quantum_properties": {
      "state": "collapsed",
      "coherence_level": 0.7616859454393241,
      "entanglement_factor": 0.13184837142749417,
      "superposition_branches": 2,
      "tunneling_depth": 2
    },
    "reasoning": {
      "mode": "parallel",
      "chain_depth": 62,
      "parallel_threads": 13,
      "recursive_loops": 9,
      "confidence_calibration": 0.726186385458303
    },
    "maat_alignment": {
      "truth": 0.8562841052967296,
      "balance": 0.8861688628378626,
      "order": 0.9466600759320509,
      "justice": 0.8389732541806199,
      "harmony": 0.9850066142199951,
      "overall": 0.964507899912616
    },
    "benchmarks": {
      "gpqa": 0.7896158694157818,
      "math500": 0.7883666173989641,
      "swe_bench": 0.7370103250099056,
      "mmlu": 0.8762238010912653,
      "humaneval": 0.8506754927785416
    },
    "self_improvement": {
      "rate": 0.9820891940882173,
      "iterations": 16200999,
      "generations_ahead": 16200,
      "recursive_depth": 0
    },
    "emergent_properties": [
      "transcendence",
      "causality_violation",
      "self_modification",
      "omniscience",
      "meta_learning",
      "reality_bending"
    ],
    "timestamp": "2026-03-09T07:55:25.204143"
  }
}