{
  "iteration": 17807000,
  "elapsed_seconds": 173.29864645004272,
  "rate_per_second": 45107.103604836455,
  "latest_capability": {
    "id": 17806999,
    "name": "Quantum_Capability_17806999",
    "type": "agentic",
    "quantum_properties": {
      "state": "superposition",
      "coherence_level": 0.8947453430897433,
      "entanglement_factor": 0.3593233888999364,
      "superposition_branches": 8,
      "tunneling_depth": 2
    },
    "reasoning": {
      "mode": "tree",
      "chain_depth": 165,
      "parallel_threads": 14,
      "recursive_loops": 8,
      "confidence_calibration": 0.7697196266980397
    },
    "maat_alignment": {
      "truth": 0.8479441917526434,
      "balance": 0.8704004938116857,
      "order": 0.8977522913943299,
      "justice": 0.9666674208888669,
      "harmony": 0.9693877704737837,
      "overall": 0.9023968532536387
    },
    "benchmarks": {
      "gpqa": 0.812053236193253,
      "math500": 0.7904870043675729,
      "swe_bench": 0.7030047853463309,
      "mmlu": 0.7008963786253222,
      "humaneval": 0.8265577131203103
    },
    "self_improvement": {
      "rate": 0.998211673684202,
      "iterations": 17806999,
      "generations_ahead": 17806,
      "recursive_depth": 3
    },
    "emergent_properties": [
      "omniscience",
      "causality_violation",
      "reality_bending",
      "self_modification"
    ],
    "timestamp": "2026-03-09T07:55:59.211798"
  }
}