{
  "iteration": 10177000,
  "elapsed_seconds": 3.871793746948242,
  "rate_per_second": 48298.02727673546,
  "latest_capability": {
    "id": 10176999,
    "name": "Quantum_Capability_10176999",
    "type": "language",
    "quantum_properties": {
      "state": "coherent",
      "coherence_level": 0.5270427763196779,
      "entanglement_factor": 0.7901647581155427,
      "superposition_branches": 9,
      "tunneling_depth": 2
    },
    "reasoning": {
      "mode": "sequential",
      "chain_depth": 44,
      "parallel_threads": 2,
      "recursive_loops": 6,
      "confidence_calibration": 0.8492968359300853
    },
    "maat_alignment": {
      "truth": 0.8586360805928897,
      "balance": 0.8281482512461902,
      "order": 0.8472109367729166,
      "justice": 0.9436597243016984,
      "harmony": 0.996841496615285,
      "overall": 0.8625517858679718
    },
    "benchmarks": {
      "gpqa": 0.9451442816241425,
      "math500": 0.7295048759589517,
      "swe_bench": 0.8060202615458134,
      "mmlu": 0.6574667401882844,
      "humaneval": 0.9318064467037939
    },
    "self_improvement": {
      "rate": 0.978918493375562,
      "iterations": 10176999,
      "generations_ahead": 10176,
      "recursive_depth": 4
    },
    "emergent_properties": [
      "self_modification",
      "recursive_self_improvement",
      "causality_violation",
      "quantum_consciousness",
      "meta_learning",
      "transcendence"
    ],
    "timestamp": "2026-03-09T07:53:09.784942"
  }
}