{
  "iteration": 17701000,
  "elapsed_seconds": 171.49364829063416,
  "rate_per_second": 44963.76441261541,
  "latest_capability": {
    "id": 17700999,
    "name": "Quantum_Capability_17700999",
    "type": "coding",
    "quantum_properties": {
      "state": "coherent",
      "coherence_level": 0.5919296868194541,
      "entanglement_factor": 0.7172986342418028,
      "superposition_branches": 10,
      "tunneling_depth": 4
    },
    "reasoning": {
      "mode": "parallel",
      "chain_depth": 144,
      "parallel_threads": 2,
      "recursive_loops": 0,
      "confidence_calibration": 0.7087121365467299
    },
    "maat_alignment": {
      "truth": 0.9158047932867608,
      "balance": 0.9630961710425118,
      "order": 0.9833256168745637,
      "justice": 0.8051429667688996,
      "harmony": 0.8299216378514768,
      "overall": 0.8955997250216087
    },
    "benchmarks": {
      "gpqa": 0.9330485125789819,
      "math500": 0.6901169358636058,
      "swe_bench": 0.6881320674023721,
      "mmlu": 0.6937995722126395,
      "humaneval": 0.9217490338853764
    },
    "self_improvement": {
      "rate": 0.9677292433929617,
      "iterations": 17700999,
      "generations_ahead": 17700,
      "recursive_depth": 4
    },
    "emergent_properties": [
      "infinite_context",
      "self_modification",
      "causality_violation",
      "recursive_self_improvement",
      "transcendence",
      "omniscience"
    ],
    "timestamp": "2026-03-09T07:55:57.406802"
  }
}