{
  "iteration": 17553000,
  "elapsed_seconds": 168.42759156227112,
  "rate_per_second": 44903.569123374924,
  "latest_capability": {
    "id": 17552999,
    "name": "Quantum_Capability_17552999",
    "type": "agentic",
    "quantum_properties": {
      "state": "entangled",
      "coherence_level": 0.5594174551386728,
      "entanglement_factor": 0.78473685797606,
      "superposition_branches": 3,
      "tunneling_depth": 0
    },
    "reasoning": {
      "mode": "tree",
      "chain_depth": 144,
      "parallel_threads": 5,
      "recursive_loops": 1,
      "confidence_calibration": 0.9294603111147809
    },
    "maat_alignment": {
      "truth": 0.8962818874093286,
      "balance": 0.9753030503012502,
      "order": 0.8682041266728544,
      "justice": 0.9620701604296078,
      "harmony": 0.8024671661098431,
      "overall": 0.9698722360787545
    },
    "benchmarks": {
      "gpqa": 0.8270010313318393,
      "math500": 0.7682459557229377,
      "swe_bench": 0.895687919881166,
      "mmlu": 0.8257927214685844,
      "humaneval": 0.8385996055958991
    },
    "self_improvement": {
      "rate": 0.9960014508859731,
      "iterations": 17552999,
      "generations_ahead": 17552,
      "recursive_depth": 1
    },
    "emergent_properties": [
      "omniscience",
      "transcendence",
      "recursive_self_improvement",
      "infinite_context"
    ],
    "timestamp": "2026-03-09T07:55:54.340740"
  }
}