{
  "iteration": 10713000,
  "elapsed_seconds": 17.470927476882935,
  "rate_per_second": 41383.03481350113,
  "latest_capability": {
    "id": 10712999,
    "name": "Quantum_Capability_10712999",
    "type": "multimodal",
    "quantum_properties": {
      "state": "coherent",
      "coherence_level": 0.8471812326881587,
      "entanglement_factor": 0.7521927036404958,
      "superposition_branches": 3,
      "tunneling_depth": 1
    },
    "reasoning": {
      "mode": "tree",
      "chain_depth": 27,
      "parallel_threads": 8,
      "recursive_loops": 9,
      "confidence_calibration": 0.8481170787336614
    },
    "maat_alignment": {
      "truth": 0.9245977256316275,
      "balance": 0.9149182008177253,
      "order": 0.9336044227042721,
      "justice": 0.8005773423399073,
      "harmony": 0.8119839457738756,
      "overall": 0.8687208810951402
    },
    "benchmarks": {
      "gpqa": 0.8993101000871351,
      "math500": 0.7148916502874809,
      "swe_bench": 0.7645058080555431,
      "mmlu": 0.8437912377741054,
      "humaneval": 0.754112973003612
    },
    "self_improvement": {
      "rate": 0.9503996049054083,
      "iterations": 10712999,
      "generations_ahead": 10712,
      "recursive_depth": 5
    },
    "emergent_properties": [
      "causality_violation",
      "infinite_context",
      "transcendence",
      "meta_learning",
      "quantum_consciousness",
      "self_modification"
    ],
    "timestamp": "2026-03-09T07:53:23.384076"
  }
}