{
  "iteration": 14889000,
  "elapsed_seconds": 111.06698822975159,
  "rate_per_second": 44108.51575326773,
  "latest_capability": {
    "id": 14888999,
    "name": "Quantum_Capability_14888999",
    "type": "multimodal",
    "quantum_properties": {
      "state": "superposition",
      "coherence_level": 0.6607130220783984,
      "entanglement_factor": 0.7900809894834643,
      "superposition_branches": 9,
      "tunneling_depth": 3
    },
    "reasoning": {
      "mode": "parallel",
      "chain_depth": 169,
      "parallel_threads": 1,
      "recursive_loops": 10,
      "confidence_calibration": 0.9009035489808372
    },
    "maat_alignment": {
      "truth": 0.8070209724027906,
      "balance": 0.9628561046527891,
      "order": 0.9849207259387734,
      "justice": 0.9232018115058999,
      "harmony": 0.8368378759395979,
      "overall": 0.9745166111102215
    },
    "benchmarks": {
      "gpqa": 0.8871771138154521,
      "math500": 0.681443176851881,
      "swe_bench": 0.790926016355192,
      "mmlu": 0.7414113629224581,
      "humaneval": 0.7600016210297909
    },
    "self_improvement": {
      "rate": 0.9503206247295968,
      "iterations": 14888999,
      "generations_ahead": 14888,
      "recursive_depth": 2
    },
    "emergent_properties": [
      "recursive_self_improvement",
      "causality_violation",
      "reality_bending"
    ],
    "timestamp": "2026-03-09T07:54:56.980136"
  }
}