{
  "iteration": 14344000,
  "elapsed_seconds": 100.51555252075195,
  "rate_per_second": 43316.67976556259,
  "latest_capability": {
    "id": 14343999,
    "name": "Quantum_Capability_14343999",
    "type": "reasoning",
    "quantum_properties": {
      "state": "collapsed",
      "coherence_level": 0.9796291131801838,
      "entanglement_factor": 0.30328523440104016,
      "superposition_branches": 6,
      "tunneling_depth": 5
    },
    "reasoning": {
      "mode": "graph",
      "chain_depth": 130,
      "parallel_threads": 1,
      "recursive_loops": 1,
      "confidence_calibration": 0.7797226523530615
    },
    "maat_alignment": {
      "truth": 0.8054891783667967,
      "balance": 0.9602471618943285,
      "order": 0.9983882417267025,
      "justice": 0.9683025170645692,
      "harmony": 0.8055793049605093,
      "overall": 0.952757935596313
    },
    "benchmarks": {
      "gpqa": 0.8890521356325642,
      "math500": 0.7489506950833256,
      "swe_bench": 0.6890602740122167,
      "mmlu": 0.8707878277320392,
      "humaneval": 0.7251875760839267
    },
    "self_improvement": {
      "rate": 0.9620405148360306,
      "iterations": 14343999,
      "generations_ahead": 14343,
      "recursive_depth": 2
    },
    "emergent_properties": [
      "infinite_context",
      "omniscience",
      "causality_violation"
    ],
    "timestamp": "2026-03-09T07:54:46.428700"
  }
}