{
  "iteration": 10800000,
  "elapsed_seconds": 19.264359951019287,
  "rate_per_second": 42046.5565458427,
  "latest_capability": {
    "id": 10799999,
    "name": "Quantum_Capability_10799999",
    "type": "math",
    "quantum_properties": {
      "state": "entangled",
      "coherence_level": 0.5563544151777,
      "entanglement_factor": 0.2626739475471027,
      "superposition_branches": 6,
      "tunneling_depth": 4
    },
    "reasoning": {
      "mode": "parallel",
      "chain_depth": 156,
      "parallel_threads": 4,
      "recursive_loops": 10,
      "confidence_calibration": 0.8670020569028382
    },
    "maat_alignment": {
      "truth": 0.8771269150072125,
      "balance": 0.9538764693400494,
      "order": 0.9814306948474142,
      "justice": 0.9113599600198808,
      "harmony": 0.8184918018923002,
      "overall": 0.8516158847464499
    },
    "benchmarks": {
      "gpqa": 0.850335303386403,
      "math500": 0.7533244688226357,
      "swe_bench": 0.731630669869042,
      "mmlu": 0.6576865414828046,
      "humaneval": 0.7810772199591856
    },
    "self_improvement": {
      "rate": 0.9812955890405652,
      "iterations": 10799999,
      "generations_ahead": 10799,
      "recursive_depth": 5
    },
    "emergent_properties": [
      "infinite_context",
      "transcendence",
      "self_modification",
      "reality_bending",
      "quantum_consciousness"
    ],
    "timestamp": "2026-03-09T07:53:25.177508"
  }
}