{
  "iteration": 17858000,
  "elapsed_seconds": 178.35829067230225,
  "rate_per_second": 44113.452592208785,
  "latest_capability": {
    "id": 17857999,
    "name": "Quantum_Capability_17857999",
    "type": "language",
    "quantum_properties": {
      "state": "coherent",
      "coherence_level": 0.7851732466095539,
      "entanglement_factor": 0.6943277096459688,
      "superposition_branches": 5,
      "tunneling_depth": 2
    },
    "reasoning": {
      "mode": "parallel",
      "chain_depth": 63,
      "parallel_threads": 1,
      "recursive_loops": 7,
      "confidence_calibration": 0.9938234612164867
    },
    "maat_alignment": {
      "truth": 0.9025526298674477,
      "balance": 0.9629406895778005,
      "order": 0.8196351470175226,
      "justice": 0.8862795609347132,
      "harmony": 0.8280318067255708,
      "overall": 0.953482578086064
    },
    "benchmarks": {
      "gpqa": 0.7196322528772281,
      "math500": 0.8135418554959526,
      "swe_bench": 0.8243046835099925,
      "mmlu": 0.7465859818242723,
      "humaneval": 0.9303534612881463
    },
    "self_improvement": {
      "rate": 0.9888002031340262,
      "iterations": 17857999,
      "generations_ahead": 17857,
      "recursive_depth": 1
    },
    "emergent_properties": [
      "transcendence",
      "quantum_consciousness",
      "infinite_context"
    ],
    "timestamp": "2026-03-09T07:56:04.271442"
  }
}