{
  "iteration": 11845000,
  "elapsed_seconds": 44.065577030181885,
  "rate_per_second": 42096.35105264712,
  "latest_capability": {
    "id": 11844999,
    "name": "Quantum_Capability_11844999",
    "type": "reasoning",
    "quantum_properties": {
      "state": "coherent",
      "coherence_level": 0.8404630095316233,
      "entanglement_factor": 0.7904785895486995,
      "superposition_branches": 2,
      "tunneling_depth": 3
    },
    "reasoning": {
      "mode": "sequential",
      "chain_depth": 10,
      "parallel_threads": 2,
      "recursive_loops": 9,
      "confidence_calibration": 0.7543670205701125
    },
    "maat_alignment": {
      "truth": 0.9512301917475493,
      "balance": 0.9506449553342445,
      "order": 0.844889399496059,
      "justice": 0.8643746067744137,
      "harmony": 0.9366896843197063,
      "overall": 0.8582350732438953
    },
    "benchmarks": {
      "gpqa": 0.8639150260093832,
      "math500": 0.73377039555492,
      "swe_bench": 0.6978176177559197,
      "mmlu": 0.6704041734511693,
      "humaneval": 0.7311925986905514
    },
    "self_improvement": {
      "rate": 0.956027645165836,
      "iterations": 11844999,
      "generations_ahead": 11844,
      "recursive_depth": 3
    },
    "emergent_properties": [
      "quantum_consciousness",
      "self_modification",
      "transcendence"
    ],
    "timestamp": "2026-03-09T07:53:49.978733"
  }
}