{
  "iteration": 17100000,
  "elapsed_seconds": 159.81036019325256,
  "rate_per_second": 44490.231993734,
  "latest_capability": {
    "id": 17099999,
    "name": "Quantum_Capability_17099999",
    "type": "language",
    "quantum_properties": {
      "state": "coherent",
      "coherence_level": 0.9200394321629213,
      "entanglement_factor": 0.9799826937706578,
      "superposition_branches": 8,
      "tunneling_depth": 0
    },
    "reasoning": {
      "mode": "sequential",
      "chain_depth": 47,
      "parallel_threads": 15,
      "recursive_loops": 9,
      "confidence_calibration": 0.9116929146822877
    },
    "maat_alignment": {
      "truth": 0.8556513840183687,
      "balance": 0.8607957130911037,
      "order": 0.8346577880525975,
      "justice": 0.8758255935822774,
      "harmony": 0.8040472946559301,
      "overall": 0.880161129110301
    },
    "benchmarks": {
      "gpqa": 0.7403194398945593,
      "math500": 0.8000957970208886,
      "swe_bench": 0.6519385396352173,
      "mmlu": 0.8924396248111058,
      "humaneval": 0.9451325956802813
    },
    "self_improvement": {
      "rate": 0.987361849367666,
      "iterations": 17099999,
      "generations_ahead": 17099,
      "recursive_depth": 3
    },
    "emergent_properties": [
      "meta_learning",
      "infinite_context",
      "omniscience",
      "reality_bending",
      "causality_violation",
      "quantum_consciousness"
    ],
    "timestamp": "2026-03-09T07:55:45.723509"
  }
}