{
  "iteration": 13119000,
  "elapsed_seconds": 72.03991889953613,
  "rate_per_second": 43434.25211740692,
  "latest_capability": {
    "id": 13118999,
    "name": "Quantum_Capability_13118999",
    "type": "language",
    "quantum_properties": {
      "state": "collapsed",
      "coherence_level": 0.9841722337644732,
      "entanglement_factor": 0.8666808414974072,
      "superposition_branches": 2,
      "tunneling_depth": 0
    },
    "reasoning": {
      "mode": "graph",
      "chain_depth": 186,
      "parallel_threads": 4,
      "recursive_loops": 5,
      "confidence_calibration": 0.8396904378571118
    },
    "maat_alignment": {
      "truth": 0.8613897100603407,
      "balance": 0.8618615079305028,
      "order": 0.944542109046569,
      "justice": 0.8517345548187619,
      "harmony": 0.8596594554229389,
      "overall": 0.9806492345603524
    },
    "benchmarks": {
      "gpqa": 0.7204236364690926,
      "math500": 0.732646450180172,
      "swe_bench": 0.7504715092204716,
      "mmlu": 0.8442220689620622,
      "humaneval": 0.8688545725451153
    },
    "self_improvement": {
      "rate": 0.9926840620219909,
      "iterations": 13118999,
      "generations_ahead": 13118,
      "recursive_depth": 4
    },
    "emergent_properties": [
      "recursive_self_improvement",
      "omniscience",
      "meta_learning",
      "infinite_context",
      "causality_violation",
      "reality_bending"
    ],
    "timestamp": "2026-03-09T07:54:17.953068"
  }
}