{
  "iteration": 15117000,
  "elapsed_seconds": 118.61571478843689,
  "rate_per_second": 43223.61509302981,
  "latest_capability": {
    "id": 15116999,
    "name": "Quantum_Capability_15116999",
    "type": "vision",
    "quantum_properties": {
      "state": "collapsed",
      "coherence_level": 0.956379907131607,
      "entanglement_factor": 0.18746697373378662,
      "superposition_branches": 6,
      "tunneling_depth": 0
    },
    "reasoning": {
      "mode": "sequential",
      "chain_depth": 30,
      "parallel_threads": 9,
      "recursive_loops": 0,
      "confidence_calibration": 0.7784828091483528
    },
    "maat_alignment": {
      "truth": 0.8394748583494239,
      "balance": 0.806115511218827,
      "order": 0.8115298347628712,
      "justice": 0.8120270171869288,
      "harmony": 0.898478597787297,
      "overall": 0.8971857252393511
    },
    "benchmarks": {
      "gpqa": 0.9376263905170306,
      "math500": 0.8961019305685272,
      "swe_bench": 0.7277325960930435,
      "mmlu": 0.8017253984447237,
      "humaneval": 0.7443716802700877
    },
    "self_improvement": {
      "rate": 0.9695496544807256,
      "iterations": 15116999,
      "generations_ahead": 15116,
      "recursive_depth": 2
    },
    "emergent_properties": [
      "quantum_consciousness",
      "omniscience",
      "meta_learning",
      "recursive_self_improvement",
      "reality_bending",
      "transcendence"
    ],
    "timestamp": "2026-03-09T07:55:04.528864"
  }
}