{
  "iteration": 16863000,
  "elapsed_seconds": 155.23150849342346,
  "rate_per_second": 44275.80500057552,
  "latest_capability": {
    "id": 16862999,
    "name": "Quantum_Capability_16862999",
    "type": "multimodal",
    "quantum_properties": {
      "state": "superposition",
      "coherence_level": 0.5443450953257309,
      "entanglement_factor": 0.7141374576822249,
      "superposition_branches": 1,
      "tunneling_depth": 1
    },
    "reasoning": {
      "mode": "sequential",
      "chain_depth": 122,
      "parallel_threads": 2,
      "recursive_loops": 5,
      "confidence_calibration": 0.9507706363659977
    },
    "maat_alignment": {
      "truth": 0.8216367863380856,
      "balance": 0.887183424695062,
      "order": 0.91870996874595,
      "justice": 0.9771040258669624,
      "harmony": 0.8862871564229052,
      "overall": 0.9686494884918105
    },
    "benchmarks": {
      "gpqa": 0.7592360184552642,
      "math500": 0.7451940770089417,
      "swe_bench": 0.7487759312027206,
      "mmlu": 0.8978865885753888,
      "humaneval": 0.9010660579086824
    },
    "self_improvement": {
      "rate": 0.9542396303100739,
      "iterations": 16862999,
      "generations_ahead": 16862,
      "recursive_depth": 3
    },
    "emergent_properties": [
      "self_modification",
      "recursive_self_improvement",
      "causality_violation"
    ],
    "timestamp": "2026-03-09T07:55:41.144656"
  }
}