{
  "iteration": 10132000,
  "elapsed_seconds": 2.856743574142456,
  "rate_per_second": 49706.94649855855,
  "latest_capability": {
    "id": 10131999,
    "name": "Quantum_Capability_10131999",
    "type": "reasoning",
    "quantum_properties": {
      "state": "entangled",
      "coherence_level": 0.9370190206719579,
      "entanglement_factor": 0.3349491070408144,
      "superposition_branches": 10,
      "tunneling_depth": 0
    },
    "reasoning": {
      "mode": "parallel",
      "chain_depth": 104,
      "parallel_threads": 8,
      "recursive_loops": 10,
      "confidence_calibration": 0.986921385092276
    },
    "maat_alignment": {
      "truth": 0.8694523496921001,
      "balance": 0.9552285762770669,
      "order": 0.8068191436507387,
      "justice": 0.9913857449168995,
      "harmony": 0.8001663856887994,
      "overall": 0.9413272556488486
    },
    "benchmarks": {
      "gpqa": 0.7219161522249175,
      "math500": 0.8079097068319504,
      "swe_bench": 0.704564264059645,
      "mmlu": 0.8977751491099532,
      "humaneval": 0.9311985047478188
    },
    "self_improvement": {
      "rate": 0.9699303486457659,
      "iterations": 10131999,
      "generations_ahead": 10131,
      "recursive_depth": 5
    },
    "emergent_properties": [
      "reality_bending",
      "meta_learning",
      "omniscience",
      "infinite_context",
      "transcendence"
    ],
    "timestamp": "2026-03-09T07:53:08.769896"
  }
}