{
  "iteration": 15764000,
  "elapsed_seconds": 130.72905945777893,
  "rate_per_second": 44167.6856235993,
  "latest_capability": {
    "id": 15763999,
    "name": "Quantum_Capability_15763999",
    "type": "multimodal",
    "quantum_properties": {
      "state": "collapsed",
      "coherence_level": 0.8122912672911855,
      "entanglement_factor": 0.8063101873259958,
      "superposition_branches": 10,
      "tunneling_depth": 2
    },
    "reasoning": {
      "mode": "graph",
      "chain_depth": 59,
      "parallel_threads": 5,
      "recursive_loops": 8,
      "confidence_calibration": 0.9741798233952859
    },
    "maat_alignment": {
      "truth": 0.8862347741972703,
      "balance": 0.8896117830962409,
      "order": 0.8995992105461291,
      "justice": 0.939538432838702,
      "harmony": 0.989783922050779,
      "overall": 0.9598061924914472
    },
    "benchmarks": {
      "gpqa": 0.9120847784131694,
      "math500": 0.7991215275541557,
      "swe_bench": 0.7052152004802095,
      "mmlu": 0.7038883389492608,
      "humaneval": 0.7622786209486355
    },
    "self_improvement": {
      "rate": 0.9773110625435371,
      "iterations": 15763999,
      "generations_ahead": 15763,
      "recursive_depth": 2
    },
    "emergent_properties": [
      "omniscience",
      "recursive_self_improvement",
      "meta_learning",
      "infinite_context",
      "transcendence",
      "quantum_consciousness"
    ],
    "timestamp": "2026-03-09T07:55:16.642217"
  }
}