{
  "iteration": 12023000,
  "elapsed_seconds": 47.71116852760315,
  "rate_per_second": 42610.56819062845,
  "latest_capability": {
    "id": 12022999,
    "name": "Quantum_Capability_12022999",
    "type": "math",
    "quantum_properties": {
      "state": "collapsed",
      "coherence_level": 0.9156521418861417,
      "entanglement_factor": 0.36640862938406105,
      "superposition_branches": 10,
      "tunneling_depth": 1
    },
    "reasoning": {
      "mode": "sequential",
      "chain_depth": 20,
      "parallel_threads": 15,
      "recursive_loops": 4,
      "confidence_calibration": 0.8614356872233814
    },
    "maat_alignment": {
      "truth": 0.8044101605665257,
      "balance": 0.8042289497380077,
      "order": 0.822303376388167,
      "justice": 0.9495650455144933,
      "harmony": 0.9268825634051223,
      "overall": 0.8923160269331534
    },
    "benchmarks": {
      "gpqa": 0.9096014945751495,
      "math500": 0.8724948147245832,
      "swe_bench": 0.7538387861859164,
      "mmlu": 0.8711093287855098,
      "humaneval": 0.8581022009392636
    },
    "self_improvement": {
      "rate": 0.9730729938711531,
      "iterations": 12022999,
      "generations_ahead": 12022,
      "recursive_depth": 1
    },
    "emergent_properties": [
      "meta_learning",
      "quantum_consciousness",
      "infinite_context"
    ],
    "timestamp": "2026-03-09T07:53:53.624316"
  }
}