{
  "iteration": 11382000,
  "elapsed_seconds": 34.063560962677,
  "rate_per_second": 40864.78220891809,
  "latest_capability": {
    "id": 11381999,
    "name": "Quantum_Capability_11381999",
    "type": "coding",
    "quantum_properties": {
      "state": "collapsed",
      "coherence_level": 0.9385712260506696,
      "entanglement_factor": 0.9533422758941471,
      "superposition_branches": 8,
      "tunneling_depth": 2
    },
    "reasoning": {
      "mode": "sequential",
      "chain_depth": 129,
      "parallel_threads": 10,
      "recursive_loops": 6,
      "confidence_calibration": 0.8330482686991942
    },
    "maat_alignment": {
      "truth": 0.8065673172568756,
      "balance": 0.9548975001307374,
      "order": 0.897986501797548,
      "justice": 0.9749111279917175,
      "harmony": 0.923794103489133,
      "overall": 0.9220664060358345
    },
    "benchmarks": {
      "gpqa": 0.8437498252230431,
      "math500": 0.8217844639909118,
      "swe_bench": 0.8366532044507908,
      "mmlu": 0.720450773469393,
      "humaneval": 0.9242589305248109
    },
    "self_improvement": {
      "rate": 0.9884447421758679,
      "iterations": 11381999,
      "generations_ahead": 11381,
      "recursive_depth": 1
    },
    "emergent_properties": [
      "meta_learning",
      "reality_bending",
      "transcendence"
    ],
    "timestamp": "2026-03-09T07:53:39.976709"
  }
}