{
  "iteration": 12801000,
  "elapsed_seconds": 65.75872755050659,
  "rate_per_second": 42747.17751861889,
  "latest_capability": {
    "id": 12800999,
    "name": "Quantum_Capability_12800999",
    "type": "language",
    "quantum_properties": {
      "state": "superposition",
      "coherence_level": 0.5387873844638915,
      "entanglement_factor": 0.22376491141423116,
      "superposition_branches": 9,
      "tunneling_depth": 1
    },
    "reasoning": {
      "mode": "graph",
      "chain_depth": 135,
      "parallel_threads": 3,
      "recursive_loops": 1,
      "confidence_calibration": 0.8627466061735384
    },
    "maat_alignment": {
      "truth": 0.9136448407472588,
      "balance": 0.9068857318118454,
      "order": 0.966057079726928,
      "justice": 0.9714230966249671,
      "harmony": 0.8660447767413935,
      "overall": 0.8858425327556555
    },
    "benchmarks": {
      "gpqa": 0.8704398900514536,
      "math500": 0.8056639758712837,
      "swe_bench": 0.7955679937347045,
      "mmlu": 0.6983229062024103,
      "humaneval": 0.8507283762042575
    },
    "self_improvement": {
      "rate": 0.997383300903093,
      "iterations": 12800999,
      "generations_ahead": 12800,
      "recursive_depth": 3
    },
    "emergent_properties": [
      "infinite_context",
      "meta_learning",
      "causality_violation"
    ],
    "timestamp": "2026-03-09T07:54:11.671879"
  }
}