{
  "iteration": 17899000,
  "elapsed_seconds": 179.27110528945923,
  "rate_per_second": 44117.53911613236,
  "latest_capability": {
    "id": 17898999,
    "name": "Quantum_Capability_17898999",
    "type": "vision",
    "quantum_properties": {
      "state": "collapsed",
      "coherence_level": 0.7035796775401866,
      "entanglement_factor": 0.32003597720357546,
      "superposition_branches": 3,
      "tunneling_depth": 4
    },
    "reasoning": {
      "mode": "parallel",
      "chain_depth": 11,
      "parallel_threads": 15,
      "recursive_loops": 4,
      "confidence_calibration": 0.7409234930425889
    },
    "maat_alignment": {
      "truth": 0.8332107805073055,
      "balance": 0.9585475497667268,
      "order": 0.9080557356933546,
      "justice": 0.8308482768823765,
      "harmony": 0.9608053573104473,
      "overall": 0.9201164854784145
    },
    "benchmarks": {
      "gpqa": 0.9418272216611213,
      "math500": 0.7969559175037644,
      "swe_bench": 0.7570699752905325,
      "mmlu": 0.8961718791103302,
      "humaneval": 0.7135760362171155
    },
    "self_improvement": {
      "rate": 0.9803022390882827,
      "iterations": 17898999,
      "generations_ahead": 17898,
      "recursive_depth": 3
    },
    "emergent_properties": [
      "causality_violation",
      "reality_bending",
      "meta_learning",
      "transcendence",
      "infinite_context"
    ],
    "timestamp": "2026-03-09T07:56:05.184253"
  }
}