{
  "iteration": 10044000,
  "elapsed_seconds": 0.8191590309143066,
  "rate_per_second": 65921.26554440564,
  "latest_capability": {
    "id": 10043999,
    "name": "Quantum_Capability_10043999",
    "type": "agentic",
    "quantum_properties": {
      "state": "entangled",
      "coherence_level": 0.6772289252137242,
      "entanglement_factor": 0.7949966452536062,
      "superposition_branches": 7,
      "tunneling_depth": 1
    },
    "reasoning": {
      "mode": "sequential",
      "chain_depth": 101,
      "parallel_threads": 13,
      "recursive_loops": 9,
      "confidence_calibration": 0.9890299654087633
    },
    "maat_alignment": {
      "truth": 0.9536874494917142,
      "balance": 0.971371578636525,
      "order": 0.8429900537372377,
      "justice": 0.8743720498119035,
      "harmony": 0.8391335582153271,
      "overall": 0.9697511000644974
    },
    "benchmarks": {
      "gpqa": 0.8653247677449158,
      "math500": 0.8801933384570084,
      "swe_bench": 0.6513468096366268,
      "mmlu": 0.6839312684917379,
      "humaneval": 0.8596874401173813
    },
    "self_improvement": {
      "rate": 0.960754775000631,
      "iterations": 10043999,
      "generations_ahead": 10043,
      "recursive_depth": 0
    },
    "emergent_properties": [
      "self_modification",
      "meta_learning",
      "transcendence"
    ],
    "timestamp": "2026-03-09T07:53:06.732311"
  }
}