{
  "iteration": 11406000,
  "elapsed_seconds": 34.709885358810425,
  "rate_per_second": 40795.294636159786,
  "latest_capability": {
    "id": 11405999,
    "name": "Quantum_Capability_11405999",
    "type": "agentic",
    "quantum_properties": {
      "state": "collapsed",
      "coherence_level": 0.7062427356965882,
      "entanglement_factor": 0.030089055513740748,
      "superposition_branches": 9,
      "tunneling_depth": 4
    },
    "reasoning": {
      "mode": "sequential",
      "chain_depth": 181,
      "parallel_threads": 9,
      "recursive_loops": 10,
      "confidence_calibration": 0.8879403077099849
    },
    "maat_alignment": {
      "truth": 0.9141639184211767,
      "balance": 0.8183001399538804,
      "order": 0.9994725224000617,
      "justice": 0.9293529590150991,
      "harmony": 0.9574263555587859,
      "overall": 0.864842033312216
    },
    "benchmarks": {
      "gpqa": 0.7325200395908735,
      "math500": 0.7248921309023533,
      "swe_bench": 0.6559829320820046,
      "mmlu": 0.7377095037561568,
      "humaneval": 0.9329722172385485
    },
    "self_improvement": {
      "rate": 0.9897634274984105,
      "iterations": 11405999,
      "generations_ahead": 11405,
      "recursive_depth": 3
    },
    "emergent_properties": [
      "reality_bending",
      "transcendence",
      "quantum_consciousness"
    ],
    "timestamp": "2026-03-09T07:53:40.623038"
  }
}