{
  "iteration": 15167000,
  "elapsed_seconds": 119.3015341758728,
  "rate_per_second": 43394.244975660855,
  "latest_capability": {
    "id": 15166999,
    "name": "Quantum_Capability_15166999",
    "type": "reasoning",
    "quantum_properties": {
      "state": "coherent",
      "coherence_level": 0.8747530663906999,
      "entanglement_factor": 0.3154619520087242,
      "superposition_branches": 10,
      "tunneling_depth": 4
    },
    "reasoning": {
      "mode": "sequential",
      "chain_depth": 38,
      "parallel_threads": 16,
      "recursive_loops": 3,
      "confidence_calibration": 0.8256878510529673
    },
    "maat_alignment": {
      "truth": 0.8288104806959925,
      "balance": 0.9638652385494647,
      "order": 0.8327578296106725,
      "justice": 0.8324131634094541,
      "harmony": 0.8546383129850768,
      "overall": 0.8746534878666644
    },
    "benchmarks": {
      "gpqa": 0.7520694640906974,
      "math500": 0.6757481666986689,
      "swe_bench": 0.7040976953977307,
      "mmlu": 0.8867331697031273,
      "humaneval": 0.8166860999055601
    },
    "self_improvement": {
      "rate": 0.9866311552651517,
      "iterations": 15166999,
      "generations_ahead": 15166,
      "recursive_depth": 1
    },
    "emergent_properties": [
      "quantum_consciousness",
      "recursive_self_improvement",
      "omniscience",
      "transcendence",
      "reality_bending",
      "infinite_context"
    ],
    "timestamp": "2026-03-09T07:55:05.214683"
  }
}