{
  "iteration": 16214000,
  "elapsed_seconds": 139.46638202667236,
  "rate_per_second": 44627.24213215544,
  "latest_capability": {
    "id": 16213999,
    "name": "Quantum_Capability_16213999",
    "type": "reasoning",
    "quantum_properties": {
      "state": "superposition",
      "coherence_level": 0.9732138541566174,
      "entanglement_factor": 0.7375992364965415,
      "superposition_branches": 9,
      "tunneling_depth": 0
    },
    "reasoning": {
      "mode": "tree",
      "chain_depth": 32,
      "parallel_threads": 16,
      "recursive_loops": 5,
      "confidence_calibration": 0.8108219269026027
    },
    "maat_alignment": {
      "truth": 0.9340008423522744,
      "balance": 0.9042806859467165,
      "order": 0.9461508059149634,
      "justice": 0.8387333368634113,
      "harmony": 0.8796749236762584,
      "overall": 0.9694607458592166
    },
    "benchmarks": {
      "gpqa": 0.7966501775670131,
      "math500": 0.7388925093765942,
      "swe_bench": 0.8126310288784181,
      "mmlu": 0.7316021159921606,
      "humaneval": 0.7904654454368656
    },
    "self_improvement": {
      "rate": 0.9889469613929894,
      "iterations": 16213999,
      "generations_ahead": 16213,
      "recursive_depth": 1
    },
    "emergent_properties": [
      "recursive_self_improvement",
      "omniscience",
      "causality_violation"
    ],
    "timestamp": "2026-03-09T07:55:25.379530"
  }
}