{"phi": 1.618033988749895, "sigma": 35, "delta": 0.14181818181818182, "omega": 1.0, "original_size": 275, "compressed_size": 172, "pattern": "a9b627911850c9b4", "timestamp": 1773162925.1583743}