{"phi": 1.618033988749895, "sigma": 36, "delta": 0.1890547263681592, "omega": 1.0, "original_size": 201, "compressed_size": 154, "pattern": "5d4bc3f7be27babb", "timestamp": 1773163162.1618297}