{
  "iteration": 4534450,
  "timestamp": "2026-03-09T06:10:44.692181",
  "name": "Autonomous_Capability_4534450",
  "type": "reasoning",
  "coherence": 0.95,
  "maat_alignment": {
    "truth": 0.92,
    "balance": 0.92,
    "order": 0.9199999999999999,
    "justice": 0.91,
    "harmony": 0.91
  }
}