{
  "iteration": 3480700,
  "timestamp": "2026-03-09T06:10:28.405075",
  "name": "Autonomous_Capability_3480700",
  "type": "reasoning",
  "coherence": 0.95,
  "maat_alignment": {
    "truth": 0.9400000000000001,
    "balance": 0.94,
    "order": 0.89,
    "justice": 0.91,
    "harmony": 0.93
  }
}