{
  "iteration": 1992050,
  "timestamp": "2026-03-09T06:10:04.398696",
  "name": "Autonomous_Capability_1992050",
  "type": "reasoning",
  "coherence": 0.9,
  "maat_alignment": {
    "truth": 0.92,
    "balance": 0.92,
    "order": 0.9299999999999999,
    "justice": 0.89,
    "harmony": 0.91
  }
}