{
  "iteration": 1771000,
  "timestamp": "2026-03-09T06:10:01.802700",
  "name": "Autonomous_Capability_1771000",
  "type": "reasoning",
  "coherence": 0.95,
  "maat_alignment": {
    "truth": 0.9,
    "balance": 0.88,
    "order": 0.9199999999999999,
    "justice": 0.91,
    "harmony": 0.89
  }
}