{
  "iteration": 1671550,
  "timestamp": "2026-03-09T06:10:00.098305",
  "name": "Autonomous_Capability_1671550",
  "type": "reasoning",
  "coherence": 0.95,
  "maat_alignment": {
    "truth": 0.96,
    "balance": 0.94,
    "order": 0.9199999999999999,
    "justice": 0.91,
    "harmony": 0.95
  }
}