{
  "iteration": 6326300,
  "timestamp": "2026-03-09T06:11:23.944858",
  "name": "Autonomous_Capability_6326300",
  "type": "reasoning",
  "coherence": 0.9,
  "maat_alignment": {
    "truth": 0.9400000000000001,
    "balance": 0.89,
    "order": 0.87,
    "justice": 0.89,
    "harmony": 0.93
  }
}