{
  "iteration": 6029100,
  "timestamp": "2026-03-09T06:11:15.378661",
  "name": "Autonomous_Capability_6029100",
  "type": "reasoning",
  "coherence": 0.85,
  "maat_alignment": {
    "truth": 0.9400000000000001,
    "balance": 0.88,
    "order": 0.85,
    "justice": 0.87,
    "harmony": 0.93
  }
}