{
  "iteration": 2175300,
  "timestamp": "2026-03-09T06:10:07.372712",
  "name": "Autonomous_Capability_2175300",
  "type": "reasoning",
  "coherence": 0.85,
  "maat_alignment": {
    "truth": 0.9400000000000001,
    "balance": 0.89,
    "order": 0.85,
    "justice": 0.87,
    "harmony": 0.93
  }
}