{
  "iteration": 6056450,
  "timestamp": "2026-03-09T06:11:15.544623",
  "name": "Autonomous_Capability_6056450",
  "type": "reasoning",
  "coherence": 0.9,
  "maat_alignment": {
    "truth": 0.92,
    "balance": 0.89,
    "order": 0.9299999999999999,
    "justice": 0.89,
    "harmony": 0.91
  }
}