{
  "iteration": 4070900,
  "timestamp": "2026-03-09T06:10:38.368227",
  "name": "Autonomous_Capability_4070900",
  "type": "reasoning",
  "coherence": 0.9,
  "maat_alignment": {
    "truth": 0.9400000000000001,
    "balance": 0.89,
    "order": 0.87,
    "justice": 0.89,
    "harmony": 0.93
  }
}