{
  "iteration": 1935900,
  "timestamp": "2026-03-09T06:10:04.074781",
  "name": "Autonomous_Capability_1935900",
  "type": "reasoning",
  "coherence": 0.85,
  "maat_alignment": {
    "truth": 0.9400000000000001,
    "balance": 0.89,
    "order": 0.85,
    "justice": 0.87,
    "harmony": 0.93
  }
}