{
  "iteration": 4540750,
  "timestamp": "2026-03-09T06:10:44.791107",
  "name": "Autonomous_Capability_4540750",
  "type": "reasoning",
  "coherence": 0.95,
  "maat_alignment": {
    "truth": 0.96,
    "balance": 0.92,
    "order": 0.9199999999999999,
    "justice": 0.91,
    "harmony": 0.95
  }
}