{
  "iteration": 2355650,
  "timestamp": "2026-03-09T06:10:09.093172",
  "name": "Autonomous_Capability_2355650",
  "type": "reasoning",
  "coherence": 0.9,
  "maat_alignment": {
    "truth": 0.92,
    "balance": 0.91,
    "order": 0.9299999999999999,
    "justice": 0.89,
    "harmony": 0.91
  }
}