{
  "iteration": 5519100,
  "timestamp": "2026-03-09T06:11:04.436168",
  "name": "Autonomous_Capability_5519100",
  "type": "reasoning",
  "coherence": 0.85,
  "maat_alignment": {
    "truth": 0.9400000000000001,
    "balance": 0.94,
    "order": 0.88,
    "justice": 0.87,
    "harmony": 0.93
  }
}