{
  "iteration": 3198900,
  "timestamp": "2026-03-09T06:10:23.405994",
  "name": "Autonomous_Capability_3198900",
  "type": "reasoning",
  "coherence": 0.85,
  "maat_alignment": {
    "truth": 0.9400000000000001,
    "balance": 0.93,
    "order": 0.88,
    "justice": 0.87,
    "harmony": 0.93
  }
}