{
  "iteration": 6676000,
  "timestamp": "2026-03-09T06:11:36.478429",
  "name": "Autonomous_Capability_6676000",
  "type": "reasoning",
  "coherence": 0.95,
  "maat_alignment": {
    "truth": 0.9,
    "balance": 0.9,
    "order": 0.9199999999999999,
    "justice": 0.91,
    "harmony": 0.89
  }
}