{
  "iteration": 4609050,
  "timestamp": "2026-03-09T06:10:47.657233",
  "name": "Autonomous_Capability_4609050",
  "type": "reasoning",
  "coherence": 0.85,
  "maat_alignment": {
    "truth": 0.92,
    "balance": 0.93,
    "order": 0.9099999999999999,
    "justice": 0.87,
    "harmony": 0.91
  }
}