{
  "iteration": 5393700,
  "timestamp": "2026-03-09T06:11:02.058289",
  "name": "Autonomous_Capability_5393700",
  "type": "reasoning",
  "coherence": 0.85,
  "maat_alignment": {
    "truth": 0.9400000000000001,
    "balance": 0.92,
    "order": 0.85,
    "justice": 0.87,
    "harmony": 0.93
  }
}