{
  "iteration": 5863200,
  "timestamp": "2026-03-09T06:11:14.026725",
  "name": "Autonomous_Capability_5863200",
  "type": "reasoning",
  "coherence": 0.85,
  "maat_alignment": {
    "truth": 0.9,
    "balance": 0.88,
    "order": 0.9099999999999999,
    "justice": 0.87,
    "harmony": 0.89
  }
}