{
  "iteration": 5651800,
  "timestamp": "2026-03-09T06:11:06.568894",
  "name": "Autonomous_Capability_5651800",
  "type": "reasoning",
  "coherence": 0.95,
  "maat_alignment": {
    "truth": 0.9,
    "balance": 0.88,
    "order": 0.9199999999999999,
    "justice": 0.91,
    "harmony": 0.89
  }
}