{
  "iteration": 5816600,
  "timestamp": "2026-03-09T06:11:12.991626",
  "name": "Autonomous_Capability_5816600",
  "type": "reasoning",
  "coherence": 0.9,
  "maat_alignment": {
    "truth": 0.9,
    "balance": 0.94,
    "order": 0.9299999999999999,
    "justice": 0.89,
    "harmony": 0.89
  }
}