{
  "iteration": 5611850,
  "timestamp": "2026-03-09T06:11:05.717957",
  "name": "Autonomous_Capability_5611850",
  "type": "reasoning",
  "coherence": 0.9,
  "maat_alignment": {
    "truth": 0.92,
    "balance": 0.94,
    "order": 0.9299999999999999,
    "justice": 0.89,
    "harmony": 0.91
  }
}