{
  "iteration": 5798300,
  "timestamp": "2026-03-09T06:11:12.389414",
  "name": "Autonomous_Capability_5798300",
  "type": "reasoning",
  "coherence": 0.9,
  "maat_alignment": {
    "truth": 0.9400000000000001,
    "balance": 0.92,
    "order": 0.9,
    "justice": 0.89,
    "harmony": 0.93
  }
}