{
  "iteration": 6532500,
  "timestamp": "2026-03-09T06:11:30.502758",
  "name": "Autonomous_Capability_6532500",
  "type": "reasoning",
  "coherence": 0.85,
  "maat_alignment": {
    "truth": 0.9400000000000001,
    "balance": 0.9,
    "order": 0.88,
    "justice": 0.87,
    "harmony": 0.93
  }
}