{
  "iteration": 6180550,
  "timestamp": "2026-03-09T06:11:20.418215",
  "name": "Autonomous_Capability_6180550",
  "type": "reasoning",
  "coherence": 0.95,
  "maat_alignment": {
    "truth": 0.96,
    "balance": 0.93,
    "order": 0.9199999999999999,
    "justice": 0.91,
    "harmony": 0.95
  }
}