{
  "iteration": 362150,
  "timestamp": "2026-03-09T06:09:49.411904",
  "name": "Autonomous_Capability_362150",
  "type": "reasoning",
  "coherence": 0.9,
  "maat_alignment": {
    "truth": 0.96,
    "balance": 0.93,
    "order": 0.9299999999999999,
    "justice": 0.89,
    "harmony": 0.95
  }
}