{
  "iteration": 2382900,
  "timestamp": "2026-03-09T06:10:09.682321",
  "name": "Autonomous_Capability_2382900",
  "type": "reasoning",
  "coherence": 0.85,
  "maat_alignment": {
    "truth": 0.9400000000000001,
    "balance": 0.9,
    "order": 0.9099999999999999,
    "justice": 0.87,
    "harmony": 0.93
  }
}