{
  "iteration": 263700,
  "timestamp": "2026-03-09T06:09:48.788242",
  "name": "Autonomous_Capability_263700",
  "type": "reasoning",
  "coherence": 0.85,
  "maat_alignment": {
    "truth": 0.9400000000000001,
    "balance": 0.91,
    "order": 0.85,
    "justice": 0.87,
    "harmony": 0.93
  }
}