{
  "iteration": 3209550,
  "timestamp": "2026-03-09T06:10:23.492177",
  "name": "Autonomous_Capability_3209550",
  "type": "reasoning",
  "coherence": 0.85,
  "maat_alignment": {
    "truth": 0.96,
    "balance": 0.89,
    "order": 0.9099999999999999,
    "justice": 0.87,
    "harmony": 0.95
  }
}