{
  "iteration": 2700350,
  "timestamp": "2026-03-09T06:10:15.831531",
  "name": "Autonomous_Capability_2700350",
  "type": "reasoning",
  "coherence": 0.9,
  "maat_alignment": {
    "truth": 0.96,
    "balance": 0.9,
    "order": 0.9299999999999999,
    "justice": 0.89,
    "harmony": 0.95
  }
}