{
  "iteration": 3524900,
  "timestamp": "2026-03-09T06:10:29.094031",
  "name": "Autonomous_Capability_3524900",
  "type": "reasoning",
  "coherence": 0.9,
  "maat_alignment": {
    "truth": 0.9400000000000001,
    "balance": 0.89,
    "order": 0.9,
    "justice": 0.89,
    "harmony": 0.93
  }
}