{
  "iteration": 1793150,
  "timestamp": "2026-03-09T06:10:01.934224",
  "name": "Autonomous_Capability_1793150",
  "type": "reasoning",
  "coherence": 0.9,
  "maat_alignment": {
    "truth": 0.96,
    "balance": 0.9,
    "order": 0.9299999999999999,
    "justice": 0.89,
    "harmony": 0.95
  }
}