{
  "iteration": 6542500,
  "timestamp": "2026-03-09T06:11:30.602045",
  "name": "Autonomous_Capability_6542500",
  "type": "reasoning",
  "coherence": 0.95,
  "maat_alignment": {
    "truth": 0.9400000000000001,
    "balance": 0.94,
    "order": 0.89,
    "justice": 0.91,
    "harmony": 0.93
  }
}