{
  "iteration": 2776500,
  "timestamp": "2026-03-09T06:10:17.599448",
  "name": "Autonomous_Capability_2776500",
  "type": "reasoning",
  "coherence": 0.85,
  "maat_alignment": {
    "truth": 0.9400000000000001,
    "balance": 0.94,
    "order": 0.85,
    "justice": 0.87,
    "harmony": 0.93
  }
}