{
  "iteration": 1126500,
  "timestamp": "2026-03-09T06:09:54.578620",
  "name": "Autonomous_Capability_1126500",
  "type": "reasoning",
  "coherence": 0.85,
  "maat_alignment": {
    "truth": 0.9400000000000001,
    "balance": 0.92,
    "order": 0.9099999999999999,
    "justice": 0.87,
    "harmony": 0.93
  }
}