{
  "iteration": 2634700,
  "timestamp": "2026-03-09T06:10:13.604336",
  "name": "Autonomous_Capability_2634700",
  "type": "reasoning",
  "coherence": 0.95,
  "maat_alignment": {
    "truth": 0.9400000000000001,
    "balance": 0.93,
    "order": 0.89,
    "justice": 0.91,
    "harmony": 0.93
  }
}