{
  "iteration": 6021500,
  "timestamp": "2026-03-09T06:11:15.333183",
  "name": "Autonomous_Capability_6021500",
  "type": "reasoning",
  "coherence": 0.9,
  "maat_alignment": {
    "truth": 0.9400000000000001,
    "balance": 0.9,
    "order": 0.9,
    "justice": 0.89,
    "harmony": 0.93
  }
}