{
  "iteration": 4641450,
  "timestamp": "2026-03-09T06:10:48.798510",
  "name": "Autonomous_Capability_4641450",
  "type": "reasoning",
  "coherence": 0.85,
  "maat_alignment": {
    "truth": 0.92,
    "balance": 0.9,
    "order": 0.9099999999999999,
    "justice": 0.87,
    "harmony": 0.91
  }
}