{
  "iteration": 589700,
  "timestamp": "2026-03-09T06:09:50.986006",
  "name": "Autonomous_Capability_589700",
  "type": "reasoning",
  "coherence": 0.9,
  "maat_alignment": {
    "truth": 0.9400000000000001,
    "balance": 0.94,
    "order": 0.87,
    "justice": 0.89,
    "harmony": 0.93
  }
}