{
  "iteration": 6462600,
  "timestamp": "2026-03-09T06:11:29.093767",
  "name": "Autonomous_Capability_6462600",
  "type": "reasoning",
  "coherence": 0.85,
  "maat_alignment": {
    "truth": 0.9,
    "balance": 0.92,
    "order": 0.9099999999999999,
    "justice": 0.87,
    "harmony": 0.89
  }
}