{
  "iteration": 2192100,
  "timestamp": "2026-03-09T06:10:07.574313",
  "name": "Autonomous_Capability_2192100",
  "type": "reasoning",
  "coherence": 0.85,
  "maat_alignment": {
    "truth": 0.9400000000000001,
    "balance": 0.89,
    "order": 0.9099999999999999,
    "justice": 0.87,
    "harmony": 0.93
  }
}