{
  "iteration": 965700,
  "timestamp": "2026-03-09T06:09:53.498575",
  "name": "Autonomous_Capability_965700",
  "type": "reasoning",
  "coherence": 0.85,
  "maat_alignment": {
    "truth": 0.9400000000000001,
    "balance": 0.89,
    "order": 0.85,
    "justice": 0.87,
    "harmony": 0.93
  }
}