{
  "iteration": 6552100,
  "timestamp": "2026-03-09T06:11:30.703555",
  "name": "Autonomous_Capability_6552100",
  "type": "reasoning",
  "coherence": 0.95,
  "maat_alignment": {
    "truth": 0.9400000000000001,
    "balance": 0.9,
    "order": 0.86,
    "justice": 0.91,
    "harmony": 0.93
  }
}