{
  "iteration": 5165800,
  "timestamp": "2026-03-09T06:10:56.200160",
  "name": "Autonomous_Capability_5165800",
  "type": "reasoning",
  "coherence": 0.95,
  "maat_alignment": {
    "truth": 0.9,
    "balance": 0.91,
    "order": 0.9199999999999999,
    "justice": 0.91,
    "harmony": 0.89
  }
}