{
  "iteration": 1243050,
  "timestamp": "2026-03-09T06:09:55.486831",
  "name": "Autonomous_Capability_1243050",
  "type": "reasoning",
  "coherence": 0.85,
  "maat_alignment": {
    "truth": 0.92,
    "balance": 0.92,
    "order": 0.9099999999999999,
    "justice": 0.87,
    "harmony": 0.91
  }
}