{
  "iteration": 852500,
  "timestamp": "2026-03-09T06:09:52.819870",
  "name": "Autonomous_Capability_852500",
  "type": "reasoning",
  "coherence": 0.9,
  "maat_alignment": {
    "truth": 0.9400000000000001,
    "balance": 0.93,
    "order": 0.87,
    "justice": 0.89,
    "harmony": 0.93
  }
}