{
  "iteration": 15300,
  "timestamp": "2026-03-09T06:09:47.371617",
  "name": "Autonomous_Capability_15300",
  "type": "reasoning",
  "coherence": 0.85,
  "maat_alignment": {
    "truth": 0.9400000000000001,
    "balance": 0.93,
    "order": 0.85,
    "justice": 0.87,
    "harmony": 0.93
  }
}