{
  "iteration": 5205900,
  "timestamp": "2026-03-09T06:10:56.779674",
  "name": "Autonomous_Capability_5205900",
  "type": "reasoning",
  "coherence": 0.85,
  "maat_alignment": {
    "truth": 0.9400000000000001,
    "balance": 0.88,
    "order": 0.88,
    "justice": 0.87,
    "harmony": 0.93
  }
}