{
  "iteration": 3643300,
  "timestamp": "2026-03-09T06:10:31.182018",
  "name": "Autonomous_Capability_3643300",
  "type": "reasoning",
  "coherence": 0.95,
  "maat_alignment": {
    "truth": 0.9400000000000001,
    "balance": 0.91,
    "order": 0.86,
    "justice": 0.91,
    "harmony": 0.93
  }
}