{
  "iteration": 5472900,
  "timestamp": "2026-03-09T06:11:03.406107",
  "name": "Autonomous_Capability_5472900",
  "type": "reasoning",
  "coherence": 0.85,
  "maat_alignment": {
    "truth": 0.9400000000000001,
    "balance": 0.94,
    "order": 0.85,
    "justice": 0.87,
    "harmony": 0.93
  }
}