{
  "iteration": 6402300,
  "timestamp": "2026-03-09T06:11:26.993957",
  "name": "Autonomous_Capability_6402300",
  "type": "reasoning",
  "coherence": 0.85,
  "maat_alignment": {
    "truth": 0.9400000000000001,
    "balance": 0.9,
    "order": 0.9099999999999999,
    "justice": 0.87,
    "harmony": 0.93
  }
}