{
  "iteration": 934800,
  "timestamp": "2026-03-09T06:09:53.326919",
  "name": "Autonomous_Capability_934800",
  "type": "reasoning",
  "coherence": 0.85,
  "maat_alignment": {
    "truth": 0.9,
    "balance": 0.94,
    "order": 0.9099999999999999,
    "justice": 0.87,
    "harmony": 0.89
  }
}