{
  "iteration": 5355300,
  "timestamp": "2026-03-09T06:11:01.047863",
  "name": "Autonomous_Capability_5355300",
  "type": "reasoning",
  "coherence": 0.85,
  "maat_alignment": {
    "truth": 0.9400000000000001,
    "balance": 0.94,
    "order": 0.88,
    "justice": 0.87,
    "harmony": 0.93
  }
}