{
  "iteration": 340300,
  "timestamp": "2026-03-09T06:09:49.286004",
  "name": "Autonomous_Capability_340300",
  "type": "reasoning",
  "coherence": 0.95,
  "maat_alignment": {
    "truth": 0.9400000000000001,
    "balance": 0.9,
    "order": 0.86,
    "justice": 0.91,
    "harmony": 0.93
  }
}