{
  "iteration": 3083500,
  "timestamp": "2026-03-09T06:10:22.412432",
  "name": "Autonomous_Capability_3083500",
  "type": "reasoning",
  "coherence": 0.95,
  "maat_alignment": {
    "truth": 0.9400000000000001,
    "balance": 0.88,
    "order": 0.86,
    "justice": 0.91,
    "harmony": 0.93
  }
}