{
  "iteration": 2916100,
  "timestamp": "2026-03-09T06:10:19.267657",
  "name": "Autonomous_Capability_2916100",
  "type": "reasoning",
  "coherence": 0.95,
  "maat_alignment": {
    "truth": 0.9400000000000001,
    "balance": 0.93,
    "order": 0.86,
    "justice": 0.91,
    "harmony": 0.93
  }
}