{
  "iteration": 5144300,
  "timestamp": "2026-03-09T06:10:56.057530",
  "name": "Autonomous_Capability_5144300",
  "type": "reasoning",
  "coherence": 0.9,
  "maat_alignment": {
    "truth": 0.9400000000000001,
    "balance": 0.88,
    "order": 0.9299999999999999,
    "justice": 0.89,
    "harmony": 0.93
  }
}