{
  "iteration": 626200,
  "timestamp": "2026-03-09T06:09:51.224199",
  "name": "Autonomous_Capability_626200",
  "type": "reasoning",
  "coherence": 0.95,
  "maat_alignment": {
    "truth": 0.9,
    "balance": 0.89,
    "order": 0.9199999999999999,
    "justice": 0.91,
    "harmony": 0.89
  }
}