{
  "iteration": 2628900,
  "timestamp": "2026-03-09T06:10:13.432327",
  "name": "Autonomous_Capability_2628900",
  "type": "reasoning",
  "coherence": 0.85,
  "maat_alignment": {
    "truth": 0.9400000000000001,
    "balance": 0.89,
    "order": 0.85,
    "justice": 0.87,
    "harmony": 0.93
  }
}