{
  "iteration": 4575950,
  "timestamp": "2026-03-09T06:10:46.301741",
  "name": "Autonomous_Capability_4575950",
  "type": "reasoning",
  "coherence": 0.9,
  "maat_alignment": {
    "truth": 0.96,
    "balance": 0.89,
    "order": 0.9299999999999999,
    "justice": 0.89,
    "harmony": 0.95
  }
}