{
  "iteration": 6476900,
  "timestamp": "2026-03-09T06:11:29.208377",
  "name": "Autonomous_Capability_6476900",
  "type": "reasoning",
  "coherence": 0.9,
  "maat_alignment": {
    "truth": 0.9400000000000001,
    "balance": 0.91,
    "order": 0.9,
    "justice": 0.89,
    "harmony": 0.93
  }
}