{
  "iteration": 294100,
  "timestamp": "2026-03-09T06:09:48.964050",
  "name": "Autonomous_Capability_294100",
  "type": "reasoning",
  "coherence": 0.95,
  "maat_alignment": {
    "truth": 0.9400000000000001,
    "balance": 0.9,
    "order": 0.9199999999999999,
    "justice": 0.91,
    "harmony": 0.93
  }
}