{
  "iteration": 4485750,
  "timestamp": "2026-03-09T06:10:43.983881",
  "name": "Autonomous_Capability_4485750",
  "type": "reasoning",
  "coherence": 0.85,
  "maat_alignment": {
    "truth": 0.96,
    "balance": 0.91,
    "order": 0.9099999999999999,
    "justice": 0.87,
    "harmony": 0.95
  }
}