{
  "iteration": 2654900,
  "timestamp": "2026-03-09T06:10:13.970970",
  "name": "Autonomous_Capability_2654900",
  "type": "reasoning",
  "coherence": 0.9,
  "maat_alignment": {
    "truth": 0.9400000000000001,
    "balance": 0.91,
    "order": 0.9299999999999999,
    "justice": 0.89,
    "harmony": 0.93
  }
}