{
  "iteration": 785400,
  "timestamp": "2026-03-09T06:09:52.300182",
  "name": "Autonomous_Capability_785400",
  "type": "reasoning",
  "coherence": 0.85,
  "maat_alignment": {
    "truth": 0.9,
    "balance": 0.88,
    "order": 0.9099999999999999,
    "justice": 0.87,
    "harmony": 0.89
  }
}