{
  "iteration": 5234100,
  "timestamp": "2026-03-09T06:10:56.960819",
  "name": "Autonomous_Capability_5234100",
  "type": "reasoning",
  "coherence": 0.85,
  "maat_alignment": {
    "truth": 0.9400000000000001,
    "balance": 0.92,
    "order": 0.9099999999999999,
    "justice": 0.87,
    "harmony": 0.93
  }
}