{
  "iteration": 5000750,
  "timestamp": "2026-03-09T06:10:53.968195",
  "name": "Autonomous_Capability_5000750",
  "type": "reasoning",
  "coherence": 0.9,
  "maat_alignment": {
    "truth": 0.96,
    "balance": 0.94,
    "order": 0.9299999999999999,
    "justice": 0.89,
    "harmony": 0.95
  }
}