{
  "iteration": 5480100,
  "timestamp": "2026-03-09T06:11:03.480337",
  "name": "Autonomous_Capability_5480100",
  "type": "reasoning",
  "coherence": 0.85,
  "maat_alignment": {
    "truth": 0.9400000000000001,
    "balance": 0.91,
    "order": 0.85,
    "justice": 0.87,
    "harmony": 0.93
  }
}