{
  "iteration": 1867650,
  "timestamp": "2026-03-09T06:10:02.400764",
  "name": "Autonomous_Capability_1867650",
  "type": "reasoning",
  "coherence": 0.85,
  "maat_alignment": {
    "truth": 0.92,
    "balance": 0.89,
    "order": 0.9099999999999999,
    "justice": 0.87,
    "harmony": 0.91
  }
}