{
  "iteration": 2813500,
  "timestamp": "2026-03-09T06:10:18.302912",
  "name": "Autonomous_Capability_2813500",
  "type": "reasoning",
  "coherence": 0.95,
  "maat_alignment": {
    "truth": 0.9400000000000001,
    "balance": 0.92,
    "order": 0.86,
    "justice": 0.91,
    "harmony": 0.93
  }
}