{
  "iteration": 1560750,
  "timestamp": "2026-03-09T06:09:59.218656",
  "name": "Autonomous_Capability_1560750",
  "type": "reasoning",
  "coherence": 0.85,
  "maat_alignment": {
    "truth": 0.96,
    "balance": 0.9,
    "order": 0.9099999999999999,
    "justice": 0.87,
    "harmony": 0.95
  }
}