{
  "iteration": 1498400,
  "timestamp": "2026-03-09T06:09:57.980611",
  "name": "Autonomous_Capability_1498400",
  "type": "reasoning",
  "coherence": 0.9,
  "maat_alignment": {
    "truth": 0.9,
    "balance": 0.89,
    "order": 0.9299999999999999,
    "justice": 0.89,
    "harmony": 0.89
  }
}