{
  "iteration": 4097700,
  "timestamp": "2026-03-09T06:10:38.522566",
  "name": "Autonomous_Capability_4097700",
  "type": "reasoning",
  "coherence": 0.85,
  "maat_alignment": {
    "truth": 0.9400000000000001,
    "balance": 0.93,
    "order": 0.85,
    "justice": 0.87,
    "harmony": 0.93
  }
}