{
  "iteration": 1016450,
  "timestamp": "2026-03-09T06:09:53.781220",
  "name": "Autonomous_Capability_1016450",
  "type": "reasoning",
  "coherence": 0.9,
  "maat_alignment": {
    "truth": 0.92,
    "balance": 0.89,
    "order": 0.9299999999999999,
    "justice": 0.89,
    "harmony": 0.91
  }
}