{
  "iteration": 2792100,
  "timestamp": "2026-03-09T06:10:17.935581",
  "name": "Autonomous_Capability_2792100",
  "type": "reasoning",
  "coherence": 0.85,
  "maat_alignment": {
    "truth": 0.9400000000000001,
    "balance": 0.91,
    "order": 0.88,
    "justice": 0.87,
    "harmony": 0.93
  }
}