{
  "iteration": 3336300,
  "timestamp": "2026-03-09T06:10:26.765816",
  "name": "Autonomous_Capability_3336300",
  "type": "reasoning",
  "coherence": 0.85,
  "maat_alignment": {
    "truth": 0.9400000000000001,
    "balance": 0.9,
    "order": 0.85,
    "justice": 0.87,
    "harmony": 0.93
  }
}