{
  "iteration": 4518350,
  "timestamp": "2026-03-09T06:10:44.567021",
  "name": "Autonomous_Capability_4518350",
  "type": "reasoning",
  "coherence": 0.9,
  "maat_alignment": {
    "truth": 0.96,
    "balance": 0.92,
    "order": 0.9299999999999999,
    "justice": 0.89,
    "harmony": 0.95
  }
}