{
  "iteration": 1624100,
  "timestamp": "2026-03-09T06:09:59.789594",
  "name": "Autonomous_Capability_1624100",
  "type": "reasoning",
  "coherence": 0.9,
  "maat_alignment": {
    "truth": 0.9400000000000001,
    "balance": 0.9,
    "order": 0.9,
    "justice": 0.89,
    "harmony": 0.93
  }
}