{
  "iteration": 2826300,
  "timestamp": "2026-03-09T06:10:18.503785",
  "name": "Autonomous_Capability_2826300",
  "type": "reasoning",
  "coherence": 0.85,
  "maat_alignment": {
    "truth": 0.9400000000000001,
    "balance": 0.89,
    "order": 0.88,
    "justice": 0.87,
    "harmony": 0.93
  }
}