{
  "iteration": 2985100,
  "timestamp": "2026-03-09T06:10:19.807262",
  "name": "Autonomous_Capability_2985100",
  "type": "reasoning",
  "coherence": 0.95,
  "maat_alignment": {
    "truth": 0.9400000000000001,
    "balance": 0.94,
    "order": 0.9199999999999999,
    "justice": 0.91,
    "harmony": 0.93
  }
}