{
  "iteration": 1474500,
  "timestamp": "2026-03-09T06:09:57.819645",
  "name": "Autonomous_Capability_1474500",
  "type": "reasoning",
  "coherence": 0.85,
  "maat_alignment": {
    "truth": 0.9400000000000001,
    "balance": 0.94,
    "order": 0.88,
    "justice": 0.87,
    "harmony": 0.93
  }
}