{
  "iteration": 1013900,
  "timestamp": "2026-03-09T06:09:53.765456",
  "name": "Autonomous_Capability_1013900",
  "type": "reasoning",
  "coherence": 0.9,
  "maat_alignment": {
    "truth": 0.9400000000000001,
    "balance": 0.94,
    "order": 0.9,
    "justice": 0.89,
    "harmony": 0.93
  }
}