{
  "iteration": 2528300,
  "timestamp": "2026-03-09T06:10:11.227069",
  "name": "Autonomous_Capability_2528300",
  "type": "reasoning",
  "coherence": 0.9,
  "maat_alignment": {
    "truth": 0.9400000000000001,
    "balance": 0.93,
    "order": 0.87,
    "justice": 0.89,
    "harmony": 0.93
  }
}