{
  "iteration": 6379800,
  "timestamp": "2026-03-09T06:11:25.507388",
  "name": "Autonomous_Capability_6379800",
  "type": "reasoning",
  "coherence": 0.85,
  "maat_alignment": {
    "truth": 0.9,
    "balance": 0.88,
    "order": 0.9099999999999999,
    "justice": 0.87,
    "harmony": 0.89
  }
}