{
  "iteration": 3331050,
  "timestamp": "2026-03-09T06:10:26.505691",
  "name": "Autonomous_Capability_3331050",
  "type": "reasoning",
  "coherence": 0.85,
  "maat_alignment": {
    "truth": 0.92,
    "balance": 0.9,
    "order": 0.9099999999999999,
    "justice": 0.87,
    "harmony": 0.91
  }
}