{
  "iteration": 6148100,
  "timestamp": "2026-03-09T06:11:19.281457",
  "name": "Autonomous_Capability_6148100",
  "type": "reasoning",
  "coherence": 0.9,
  "maat_alignment": {
    "truth": 0.9400000000000001,
    "balance": 0.88,
    "order": 0.87,
    "justice": 0.89,
    "harmony": 0.93
  }
}