{
  "iteration": 6687300,
  "timestamp": "2026-03-09T06:11:37.207492",
  "name": "Autonomous_Capability_6687300",
  "type": "reasoning",
  "coherence": 0.85,
  "maat_alignment": {
    "truth": 0.9400000000000001,
    "balance": 0.92,
    "order": 0.88,
    "justice": 0.87,
    "harmony": 0.93
  }
}