{
  "iteration": 2004300,
  "timestamp": "2026-03-09T06:10:04.558304",
  "name": "Autonomous_Capability_2004300",
  "type": "reasoning",
  "coherence": 0.85,
  "maat_alignment": {
    "truth": 0.9400000000000001,
    "balance": 0.92,
    "order": 0.85,
    "justice": 0.87,
    "harmony": 0.93
  }
}