{
  "iteration": 727900,
  "timestamp": "2026-03-09T06:09:51.878279",
  "name": "Autonomous_Capability_727900",
  "type": "reasoning",
  "coherence": 0.95,
  "maat_alignment": {
    "truth": 0.9400000000000001,
    "balance": 0.93,
    "order": 0.9199999999999999,
    "justice": 0.91,
    "harmony": 0.93
  }
}