{
  "iteration": 5596700,
  "timestamp": "2026-03-09T06:11:05.601022",
  "name": "Autonomous_Capability_5596700",
  "type": "reasoning",
  "coherence": 0.9,
  "maat_alignment": {
    "truth": 0.9400000000000001,
    "balance": 0.92,
    "order": 0.9,
    "justice": 0.89,
    "harmony": 0.93
  }
}