{
  "iteration": 822900,
  "timestamp": "2026-03-09T06:09:52.596032",
  "name": "Autonomous_Capability_822900",
  "type": "reasoning",
  "coherence": 0.85,
  "maat_alignment": {
    "truth": 0.9400000000000001,
    "balance": 0.89,
    "order": 0.88,
    "justice": 0.87,
    "harmony": 0.93
  }
}