{
  "iteration": 3420800,
  "timestamp": "2026-03-09T06:10:28.046472",
  "name": "Autonomous_Capability_3420800",
  "type": "reasoning",
  "coherence": 0.9,
  "maat_alignment": {
    "truth": 0.9,
    "balance": 0.93,
    "order": 0.9299999999999999,
    "justice": 0.89,
    "harmony": 0.89
  }
}