{
  "iteration": 4200900,
  "timestamp": "2026-03-09T06:10:40.979592",
  "name": "Autonomous_Capability_4200900",
  "type": "reasoning",
  "coherence": 0.85,
  "maat_alignment": {
    "truth": 0.9400000000000001,
    "balance": 0.92,
    "order": 0.9099999999999999,
    "justice": 0.87,
    "harmony": 0.93
  }
}