{
  "iteration": 867300,
  "timestamp": "2026-03-09T06:09:52.942461",
  "name": "Autonomous_Capability_867300",
  "type": "reasoning",
  "coherence": 0.85,
  "maat_alignment": {
    "truth": 0.9400000000000001,
    "balance": 0.88,
    "order": 0.9099999999999999,
    "justice": 0.87,
    "harmony": 0.93
  }
}