{
  "iteration": 2271900,
  "timestamp": "2026-03-09T06:10:08.193212",
  "name": "Autonomous_Capability_2271900",
  "type": "reasoning",
  "coherence": 0.85,
  "maat_alignment": {
    "truth": 0.9400000000000001,
    "balance": 0.89,
    "order": 0.88,
    "justice": 0.87,
    "harmony": 0.93
  }
}