{
  "iteration": 2078700,
  "timestamp": "2026-03-09T06:10:05.019887",
  "name": "Autonomous_Capability_2078700",
  "type": "reasoning",
  "coherence": 0.85,
  "maat_alignment": {
    "truth": 0.9400000000000001,
    "balance": 0.89,
    "order": 0.9099999999999999,
    "justice": 0.87,
    "harmony": 0.93
  }
}