{
  "iteration": 5483700,
  "timestamp": "2026-03-09T06:11:03.520254",
  "name": "Autonomous_Capability_5483700",
  "type": "reasoning",
  "coherence": 0.85,
  "maat_alignment": {
    "truth": 0.9400000000000001,
    "balance": 0.93,
    "order": 0.85,
    "justice": 0.87,
    "harmony": 0.93
  }
}