{
  "iteration": 1232100,
  "timestamp": "2026-03-09T06:09:55.370623",
  "name": "Autonomous_Capability_1232100",
  "type": "reasoning",
  "coherence": 0.85,
  "maat_alignment": {
    "truth": 0.9400000000000001,
    "balance": 0.9,
    "order": 0.85,
    "justice": 0.87,
    "harmony": 0.93
  }
}