{
  "iteration": 6676900,
  "timestamp": "2026-03-09T06:11:36.490341",
  "name": "Autonomous_Capability_6676900",
  "type": "reasoning",
  "coherence": 0.95,
  "maat_alignment": {
    "truth": 0.9400000000000001,
    "balance": 0.94,
    "order": 0.9199999999999999,
    "justice": 0.91,
    "harmony": 0.93
  }
}