{
  "iteration": 6569100,
  "timestamp": "2026-03-09T06:11:31.250302",
  "name": "Autonomous_Capability_6569100",
  "type": "reasoning",
  "coherence": 0.85,
  "maat_alignment": {
    "truth": 0.9400000000000001,
    "balance": 0.94,
    "order": 0.85,
    "justice": 0.87,
    "harmony": 0.93
  }
}