{
  "iteration": 1172150,
  "timestamp": "2026-03-09T06:09:54.857150",
  "name": "Autonomous_Capability_1172150",
  "type": "reasoning",
  "coherence": 0.9,
  "maat_alignment": {
    "truth": 0.96,
    "balance": 0.88,
    "order": 0.9299999999999999,
    "justice": 0.89,
    "harmony": 0.95
  }
}