{
  "iteration": 11150,
  "timestamp": "2026-03-09T06:09:47.348938",
  "name": "Autonomous_Capability_11150",
  "type": "reasoning",
  "coherence": 0.9,
  "maat_alignment": {
    "truth": 0.96,
    "balance": 0.94,
    "order": 0.9299999999999999,
    "justice": 0.89,
    "harmony": 0.95
  }
}