{
  "iteration": 4922800,
  "timestamp": "2026-03-09T06:10:52.245399",
  "name": "Autonomous_Capability_4922800",
  "type": "reasoning",
  "coherence": 0.95,
  "maat_alignment": {
    "truth": 0.9,
    "balance": 0.89,
    "order": 0.9199999999999999,
    "justice": 0.91,
    "harmony": 0.89
  }
}