{
  "iteration": 1772100,
  "timestamp": "2026-03-09T06:10:01.809557",
  "name": "Autonomous_Capability_1772100",
  "type": "reasoning",
  "coherence": 0.85,
  "maat_alignment": {
    "truth": 0.9400000000000001,
    "balance": 0.89,
    "order": 0.85,
    "justice": 0.87,
    "harmony": 0.93
  }
}