{
  "iteration": 2468300,
  "timestamp": "2026-03-09T06:10:10.878318",
  "name": "Autonomous_Capability_2468300",
  "type": "reasoning",
  "coherence": 0.9,
  "maat_alignment": {
    "truth": 0.9400000000000001,
    "balance": 0.9,
    "order": 0.9,
    "justice": 0.89,
    "harmony": 0.93
  }
}