{
  "iteration": 4121000,
  "timestamp": "2026-03-09T06:10:38.664599",
  "name": "Autonomous_Capability_4121000",
  "type": "reasoning",
  "coherence": 0.9,
  "maat_alignment": {
    "truth": 0.9,
    "balance": 0.9,
    "order": 0.9299999999999999,
    "justice": 0.89,
    "harmony": 0.89
  }
}