{
  "iteration": 1153250,
  "timestamp": "2026-03-09T06:09:54.740143",
  "name": "Autonomous_Capability_1153250",
  "type": "reasoning",
  "coherence": 0.9,
  "maat_alignment": {
    "truth": 0.92,
    "balance": 0.88,
    "order": 0.9299999999999999,
    "justice": 0.89,
    "harmony": 0.91
  }
}