{
  "iteration": 2137300,
  "timestamp": "2026-03-09T06:10:06.131960",
  "name": "Autonomous_Capability_2137300",
  "type": "reasoning",
  "coherence": 0.95,
  "maat_alignment": {
    "truth": 0.9400000000000001,
    "balance": 0.92,
    "order": 0.9199999999999999,
    "justice": 0.91,
    "harmony": 0.93
  }
}