{
  "iteration": 5417450,
  "timestamp": "2026-03-09T06:11:02.329832",
  "name": "Autonomous_Capability_5417450",
  "type": "reasoning",
  "coherence": 0.9,
  "maat_alignment": {
    "truth": 0.92,
    "balance": 0.91,
    "order": 0.9299999999999999,
    "justice": 0.89,
    "harmony": 0.91
  }
}