{
  "iteration": 4985900,
  "timestamp": "2026-03-09T06:10:53.818402",
  "name": "Autonomous_Capability_4985900",
  "type": "reasoning",
  "coherence": 0.9,
  "maat_alignment": {
    "truth": 0.9400000000000001,
    "balance": 0.91,
    "order": 0.9299999999999999,
    "justice": 0.89,
    "harmony": 0.93
  }
}