{
  "iteration": 5326500,
  "timestamp": "2026-03-09T06:11:00.004334",
  "name": "Autonomous_Capability_5326500",
  "type": "reasoning",
  "coherence": 0.85,
  "maat_alignment": {
    "truth": 0.9400000000000001,
    "balance": 0.92,
    "order": 0.88,
    "justice": 0.87,
    "harmony": 0.93
  }
}