{
  "iteration": 4321050,
  "timestamp": "2026-03-09T06:10:42.750673",
  "name": "Autonomous_Capability_4321050",
  "type": "reasoning",
  "coherence": 0.85,
  "maat_alignment": {
    "truth": 0.92,
    "balance": 0.94,
    "order": 0.9099999999999999,
    "justice": 0.87,
    "harmony": 0.91
  }
}