{
  "iteration": 4399100,
  "timestamp": "2026-03-09T06:10:43.336966",
  "name": "Autonomous_Capability_4399100",
  "type": "reasoning",
  "coherence": 0.9,
  "maat_alignment": {
    "truth": 0.9400000000000001,
    "balance": 0.94,
    "order": 0.9299999999999999,
    "justice": 0.89,
    "harmony": 0.93
  }
}