{
  "iteration": 595300,
  "timestamp": "2026-03-09T06:09:51.021667",
  "name": "Autonomous_Capability_595300",
  "type": "reasoning",
  "coherence": 0.95,
  "maat_alignment": {
    "truth": 0.9400000000000001,
    "balance": 0.94,
    "order": 0.89,
    "justice": 0.91,
    "harmony": 0.93
  }
}