{
  "iteration": 1418750,
  "timestamp": "2026-03-09T06:09:57.387351",
  "name": "Autonomous_Capability_1418750",
  "type": "reasoning",
  "coherence": 0.9,
  "maat_alignment": {
    "truth": 0.96,
    "balance": 0.92,
    "order": 0.9299999999999999,
    "justice": 0.89,
    "harmony": 0.95
  }
}