{
  "iteration": 4958250,
  "timestamp": "2026-03-09T06:10:53.492107",
  "name": "Autonomous_Capability_4958250",
  "type": "reasoning",
  "coherence": 0.85,
  "maat_alignment": {
    "truth": 0.92,
    "balance": 0.91,
    "order": 0.9099999999999999,
    "justice": 0.87,
    "harmony": 0.91
  }
}