{
  "iteration": 362850,
  "timestamp": "2026-03-09T06:09:49.416053",
  "name": "Autonomous_Capability_362850",
  "type": "reasoning",
  "coherence": 0.85,
  "maat_alignment": {
    "truth": 0.92,
    "balance": 0.93,
    "order": 0.9099999999999999,
    "justice": 0.87,
    "harmony": 0.91
  }
}