{
  "iteration": 3165650,
  "timestamp": "2026-03-09T06:10:23.213848",
  "name": "Autonomous_Capability_3165650",
  "type": "reasoning",
  "coherence": 0.9,
  "maat_alignment": {
    "truth": 0.92,
    "balance": 0.93,
    "order": 0.9299999999999999,
    "justice": 0.89,
    "harmony": 0.91
  }
}