{
  "iteration": 2765300,
  "timestamp": "2026-03-09T06:10:17.332552",
  "name": "Autonomous_Capability_2765300",
  "type": "reasoning",
  "coherence": 0.9,
  "maat_alignment": {
    "truth": 0.9400000000000001,
    "balance": 0.94,
    "order": 0.9,
    "justice": 0.89,
    "harmony": 0.93
  }
}