{
  "iteration": 1735700,
  "timestamp": "2026-03-09T06:10:01.362623",
  "name": "Autonomous_Capability_1735700",
  "type": "reasoning",
  "coherence": 0.9,
  "maat_alignment": {
    "truth": 0.9400000000000001,
    "balance": 0.89,
    "order": 0.9,
    "justice": 0.89,
    "harmony": 0.93
  }
}