{
  "iteration": 6698050,
  "timestamp": "2026-03-09T06:11:37.451020",
  "name": "Autonomous_Capability_6698050",
  "type": "reasoning",
  "coherence": 0.95,
  "maat_alignment": {
    "truth": 0.92,
    "balance": 0.9,
    "order": 0.9199999999999999,
    "justice": 0.91,
    "harmony": 0.91
  }
}