{
  "iteration": 5280450,
  "timestamp": "2026-03-09T06:10:57.498122",
  "name": "Autonomous_Capability_5280450",
  "type": "reasoning",
  "coherence": 0.85,
  "maat_alignment": {
    "truth": 0.92,
    "balance": 0.88,
    "order": 0.9099999999999999,
    "justice": 0.87,
    "harmony": 0.91
  }
}