{
  "iteration": 3710500,
  "timestamp": "2026-03-09T06:10:32.710134",
  "name": "Autonomous_Capability_3710500",
  "type": "reasoning",
  "coherence": 0.95,
  "maat_alignment": {
    "truth": 0.9400000000000001,
    "balance": 0.91,
    "order": 0.9199999999999999,
    "justice": 0.91,
    "harmony": 0.93
  }
}