{
  "iteration": 5406300,
  "timestamp": "2026-03-09T06:11:02.162897",
  "name": "Autonomous_Capability_5406300",
  "type": "reasoning",
  "coherence": 0.85,
  "maat_alignment": {
    "truth": 0.9400000000000001,
    "balance": 0.92,
    "order": 0.85,
    "justice": 0.87,
    "harmony": 0.93
  }
}