{
  "iteration": 5758550,
  "timestamp": "2026-03-09T06:11:11.631330",
  "name": "Autonomous_Capability_5758550",
  "type": "reasoning",
  "coherence": 0.9,
  "maat_alignment": {
    "truth": 0.96,
    "balance": 0.88,
    "order": 0.9299999999999999,
    "justice": 0.89,
    "harmony": 0.95
  }
}