{
  "iteration": 4346500,
  "timestamp": "2026-03-09T06:10:43.028113",
  "name": "Autonomous_Capability_4346500",
  "type": "reasoning",
  "coherence": 0.95,
  "maat_alignment": {
    "truth": 0.9400000000000001,
    "balance": 0.92,
    "order": 0.89,
    "justice": 0.91,
    "harmony": 0.93
  }
}