{
  "iteration": 4431100,
  "timestamp": "2026-03-09T06:10:43.689067",
  "name": "Autonomous_Capability_4431100",
  "type": "reasoning",
  "coherence": 0.95,
  "maat_alignment": {
    "truth": 0.9400000000000001,
    "balance": 0.9,
    "order": 0.89,
    "justice": 0.91,
    "harmony": 0.93
  }
}