{
  "iteration": 3971850,
  "timestamp": "2026-03-09T06:10:37.605686",
  "name": "Autonomous_Capability_3971850",
  "type": "reasoning",
  "coherence": 0.85,
  "maat_alignment": {
    "truth": 0.92,
    "balance": 0.89,
    "order": 0.9099999999999999,
    "justice": 0.87,
    "harmony": 0.91
  }
}