{
  "iteration": 3782900,
  "timestamp": "2026-03-09T06:10:33.322115",
  "name": "Autonomous_Capability_3782900",
  "type": "reasoning",
  "coherence": 0.9,
  "maat_alignment": {
    "truth": 0.9400000000000001,
    "balance": 0.9,
    "order": 0.87,
    "justice": 0.89,
    "harmony": 0.93
  }
}