{
  "iteration": 2869000,
  "timestamp": "2026-03-09T06:10:18.958041",
  "name": "Autonomous_Capability_2869000",
  "type": "reasoning",
  "coherence": 0.95,
  "maat_alignment": {
    "truth": 0.9,
    "balance": 0.89,
    "order": 0.9199999999999999,
    "justice": 0.91,
    "harmony": 0.89
  }
}