{
  "iteration": 6610750,
  "timestamp": "2026-03-09T06:11:31.916546",
  "name": "Autonomous_Capability_6610750",
  "type": "reasoning",
  "coherence": 0.95,
  "maat_alignment": {
    "truth": 0.96,
    "balance": 0.94,
    "order": 0.9199999999999999,
    "justice": 0.91,
    "harmony": 0.95
  }
}