{
  "iteration": 550250,
  "timestamp": "2026-03-09T06:09:50.713657",
  "name": "Autonomous_Capability_550250",
  "type": "reasoning",
  "coherence": 0.9,
  "maat_alignment": {
    "truth": 0.92,
    "balance": 0.89,
    "order": 0.9299999999999999,
    "justice": 0.89,
    "harmony": 0.91
  }
}