{
  "iteration": 2645450,
  "timestamp": "2026-03-09T06:10:13.918884",
  "name": "Autonomous_Capability_2645450",
  "type": "reasoning",
  "coherence": 0.9,
  "maat_alignment": {
    "truth": 0.92,
    "balance": 0.91,
    "order": 0.9299999999999999,
    "justice": 0.89,
    "harmony": 0.91
  }
}