{
  "iteration": 6472950,
  "timestamp": "2026-03-09T06:11:29.170180",
  "name": "Autonomous_Capability_6472950",
  "type": "reasoning",
  "coherence": 0.85,
  "maat_alignment": {
    "truth": 0.96,
    "balance": 0.89,
    "order": 0.9099999999999999,
    "justice": 0.87,
    "harmony": 0.95
  }
}