{
  "iteration": 1247550,
  "timestamp": "2026-03-09T06:09:55.511449",
  "name": "Autonomous_Capability_1247550",
  "type": "reasoning",
  "coherence": 0.85,
  "maat_alignment": {
    "truth": 0.96,
    "balance": 0.91,
    "order": 0.9099999999999999,
    "justice": 0.87,
    "harmony": 0.95
  }
}