{
  "iteration": 6026550,
  "timestamp": "2026-03-09T06:11:15.364811",
  "name": "Autonomous_Capability_6026550",
  "type": "reasoning",
  "coherence": 0.85,
  "maat_alignment": {
    "truth": 0.96,
    "balance": 0.93,
    "order": 0.9099999999999999,
    "justice": 0.87,
    "harmony": 0.95
  }
}