{
  "iteration": 4897250,
  "timestamp": "2026-03-09T06:10:51.222436",
  "name": "Autonomous_Capability_4897250",
  "type": "reasoning",
  "coherence": 0.9,
  "maat_alignment": {
    "truth": 0.92,
    "balance": 0.89,
    "order": 0.9299999999999999,
    "justice": 0.89,
    "harmony": 0.91
  }
}