{
  "iteration": 6365950,
  "timestamp": "2026-03-09T06:11:24.978125",
  "name": "Autonomous_Capability_6365950",
  "type": "reasoning",
  "coherence": 0.95,
  "maat_alignment": {
    "truth": 0.96,
    "balance": 0.91,
    "order": 0.9199999999999999,
    "justice": 0.91,
    "harmony": 0.95
  }
}