{
  "iteration": 5659350,
  "timestamp": "2026-03-09T06:11:06.664230",
  "name": "Autonomous_Capability_5659350",
  "type": "reasoning",
  "coherence": 0.85,
  "maat_alignment": {
    "truth": 0.96,
    "balance": 0.92,
    "order": 0.9099999999999999,
    "justice": 0.87,
    "harmony": 0.95
  }
}