{
  "iteration": 1053150,
  "timestamp": "2026-03-09T06:09:54.054947",
  "name": "Autonomous_Capability_1053150",
  "type": "reasoning",
  "coherence": 0.85,
  "maat_alignment": {
    "truth": 0.96,
    "balance": 0.88,
    "order": 0.9099999999999999,
    "justice": 0.87,
    "harmony": 0.95
  }
}