{
  "iteration": 1344300,
  "timestamp": "2026-03-09T06:09:56.106126",
  "name": "Autonomous_Capability_1344300",
  "type": "reasoning",
  "coherence": 0.85,
  "maat_alignment": {
    "truth": 0.9400000000000001,
    "balance": 0.94,
    "order": 0.9099999999999999,
    "justice": 0.87,
    "harmony": 0.93
  }
}