{
  "iteration": 2673600,
  "timestamp": "2026-03-09T06:10:14.216163",
  "name": "Autonomous_Capability_2673600",
  "type": "reasoning",
  "coherence": 0.85,
  "maat_alignment": {
    "truth": 0.9,
    "balance": 0.94,
    "order": 0.9099999999999999,
    "justice": 0.87,
    "harmony": 0.89
  }
}