{
  "iteration": 817700,
  "timestamp": "2026-03-09T06:09:52.568013",
  "name": "Autonomous_Capability_817700",
  "type": "reasoning",
  "coherence": 0.9,
  "maat_alignment": {
    "truth": 0.9400000000000001,
    "balance": 0.9,
    "order": 0.9,
    "justice": 0.89,
    "harmony": 0.93
  }
}