{
  "iteration": 6073900,
  "timestamp": "2026-03-09T06:11:15.918157",
  "name": "Autonomous_Capability_6073900",
  "type": "reasoning",
  "coherence": 0.95,
  "maat_alignment": {
    "truth": 0.9400000000000001,
    "balance": 0.88,
    "order": 0.9199999999999999,
    "justice": 0.91,
    "harmony": 0.93
  }
}