{
  "iteration": 2069500,
  "timestamp": "2026-03-09T06:10:04.964016",
  "name": "Autonomous_Capability_2069500",
  "type": "reasoning",
  "coherence": 0.95,
  "maat_alignment": {
    "truth": 0.9400000000000001,
    "balance": 0.94,
    "order": 0.89,
    "justice": 0.91,
    "harmony": 0.93
  }
}