{
  "iteration": 3667900,
  "timestamp": "2026-03-09T06:10:31.714808",
  "name": "Autonomous_Capability_3667900",
  "type": "reasoning",
  "coherence": 0.95,
  "maat_alignment": {
    "truth": 0.9400000000000001,
    "balance": 0.93,
    "order": 0.89,
    "justice": 0.91,
    "harmony": 0.93
  }
}