{
  "iteration": 3475100,
  "timestamp": "2026-03-09T06:10:28.371518",
  "name": "Autonomous_Capability_3475100",
  "type": "reasoning",
  "coherence": 0.9,
  "maat_alignment": {
    "truth": 0.9400000000000001,
    "balance": 0.94,
    "order": 0.87,
    "justice": 0.89,
    "harmony": 0.93
  }
}