{
  "iteration": 5617150,
  "timestamp": "2026-03-09T06:11:05.748129",
  "name": "Autonomous_Capability_5617150",
  "type": "reasoning",
  "coherence": 0.95,
  "maat_alignment": {
    "truth": 0.96,
    "balance": 0.88,
    "order": 0.9199999999999999,
    "justice": 0.91,
    "harmony": 0.95
  }
}