{
  "iteration": 4880050,
  "timestamp": "2026-03-09T06:10:51.124465",
  "name": "Autonomous_Capability_4880050",
  "type": "reasoning",
  "coherence": 0.95,
  "maat_alignment": {
    "truth": 0.92,
    "balance": 0.88,
    "order": 0.9199999999999999,
    "justice": 0.91,
    "harmony": 0.91
  }
}