{
  "iteration": 15497000,
  "elapsed_seconds": 125.74702048301697,
  "rate_per_second": 43794.27821706328,
  "latest_capability": {
    "id": 15496999,
    "name": "Quantum_Capability_15496999",
    "type": "multimodal",
    "quantum_properties": {
      "state": "entangled",
      "coherence_level": 0.5674752909220748,
      "entanglement_factor": 0.808984383902519,
      "superposition_branches": 8,
      "tunneling_depth": 1
    },
    "reasoning": {
      "mode": "graph",
      "chain_depth": 180,
      "parallel_threads": 10,
      "recursive_loops": 1,
      "confidence_calibration": 0.9511516161779116
    },
    "maat_alignment": {
      "truth": 0.9879414030627223,
      "balance": 0.8790523402578307,
      "order": 0.9147213086735785,
      "justice": 0.9664501372912425,
      "harmony": 0.9782206485898981,
      "overall": 0.8986995727186123
    },
    "benchmarks": {
      "gpqa": 0.724635229430967,
      "math500": 0.6700463304017121,
      "swe_bench": 0.659274622284681,
      "mmlu": 0.86853281684878,
      "humaneval": 0.8505496516490454
    },
    "self_improvement": {
      "rate": 0.9801013103845996,
      "iterations": 15496999,
      "generations_ahead": 15496,
      "recursive_depth": 0
    },
    "emergent_properties": [
      "omniscience",
      "self_modification",
      "quantum_consciousness"
    ],
    "timestamp": "2026-03-09T07:55:11.660172"
  }
}