{
  "iteration": 10556000,
  "elapsed_seconds": 14.048219442367554,
  "rate_per_second": 40289.80343893402,
  "latest_capability": {
    "id": 10555999,
    "name": "Quantum_Capability_10555999",
    "type": "multimodal",
    "quantum_properties": {
      "state": "superposition",
      "coherence_level": 0.671328549928959,
      "entanglement_factor": 0.14267263801411345,
      "superposition_branches": 2,
      "tunneling_depth": 2
    },
    "reasoning": {
      "mode": "graph",
      "chain_depth": 76,
      "parallel_threads": 8,
      "recursive_loops": 2,
      "confidence_calibration": 0.8377334105445164
    },
    "maat_alignment": {
      "truth": 0.8095816241812755,
      "balance": 0.9574445888317145,
      "order": 0.9450716805612192,
      "justice": 0.9619850515836446,
      "harmony": 0.8771216244422169,
      "overall": 0.9022790997832397
    },
    "benchmarks": {
      "gpqa": 0.7060798892290854,
      "math500": 0.6912334674056024,
      "swe_bench": 0.7027286871600122,
      "mmlu": 0.8940267512700819,
      "humaneval": 0.8283468155055952
    },
    "self_improvement": {
      "rate": 0.9935358474069399,
      "iterations": 10555999,
      "generations_ahead": 10555,
      "recursive_depth": 0
    },
    "emergent_properties": [
      "transcendence",
      "self_modification",
      "infinite_context",
      "meta_learning"
    ],
    "timestamp": "2026-03-09T07:53:19.961375"
  }
}