{
  "iteration": 17146000,
  "elapsed_seconds": 160.44038462638855,
  "rate_per_second": 44602.236629286985,
  "latest_capability": {
    "id": 17145999,
    "name": "Quantum_Capability_17145999",
    "type": "language",
    "quantum_properties": {
      "state": "collapsed",
      "coherence_level": 0.8717733783909662,
      "entanglement_factor": 0.23311540203855685,
      "superposition_branches": 2,
      "tunneling_depth": 2
    },
    "reasoning": {
      "mode": "tree",
      "chain_depth": 62,
      "parallel_threads": 3,
      "recursive_loops": 7,
      "confidence_calibration": 0.8611369053442423
    },
    "maat_alignment": {
      "truth": 0.8122801640848044,
      "balance": 0.8443270258086424,
      "order": 0.8505876140106268,
      "justice": 0.832041276758989,
      "harmony": 0.8933749647362852,
      "overall": 0.8845527184144728
    },
    "benchmarks": {
      "gpqa": 0.9220016745876243,
      "math500": 0.7829542935525262,
      "swe_bench": 0.8004783535337139,
      "mmlu": 0.6899159193761193,
      "humaneval": 0.7108584594077715
    },
    "self_improvement": {
      "rate": 0.9944728066283199,
      "iterations": 17145999,
      "generations_ahead": 17145,
      "recursive_depth": 3
    },
    "emergent_properties": [
      "reality_bending",
      "omniscience",
      "causality_violation",
      "quantum_consciousness",
      "infinite_context"
    ],
    "timestamp": "2026-03-09T07:55:46.353533"
  }
}