{
  "iteration": 11850000,
  "elapsed_seconds": 44.43028545379639,
  "rate_per_second": 41863.336708341376,
  "latest_capability": {
    "id": 11849999,
    "name": "Quantum_Capability_11849999",
    "type": "language",
    "quantum_properties": {
      "state": "entangled",
      "coherence_level": 0.9172899355633957,
      "entanglement_factor": 0.7669003683779503,
      "superposition_branches": 10,
      "tunneling_depth": 3
    },
    "reasoning": {
      "mode": "tree",
      "chain_depth": 65,
      "parallel_threads": 1,
      "recursive_loops": 10,
      "confidence_calibration": 0.8672825604029932
    },
    "maat_alignment": {
      "truth": 0.9596789716127777,
      "balance": 0.8109873671837464,
      "order": 0.813062545303381,
      "justice": 0.9439623987188536,
      "harmony": 0.8361256268458106,
      "overall": 0.9427123457968614
    },
    "benchmarks": {
      "gpqa": 0.8065406141533366,
      "math500": 0.6609201898126169,
      "swe_bench": 0.8866390733016035,
      "mmlu": 0.6827105089551803,
      "humaneval": 0.8812324801656458
    },
    "self_improvement": {
      "rate": 0.9573062157415158,
      "iterations": 11849999,
      "generations_ahead": 11849,
      "recursive_depth": 4
    },
    "emergent_properties": [
      "meta_learning",
      "infinite_context",
      "reality_bending",
      "self_modification",
      "recursive_self_improvement"
    ],
    "timestamp": "2026-03-09T07:53:50.343441"
  }
}