{
  "iteration": 11203000,
  "elapsed_seconds": 29.038517951965332,
  "rate_per_second": 41772.10427909954,
  "latest_capability": {
    "id": 11202999,
    "name": "Quantum_Capability_11202999",
    "type": "language",
    "quantum_properties": {
      "state": "coherent",
      "coherence_level": 0.7963890976366101,
      "entanglement_factor": 0.06048778642133634,
      "superposition_branches": 5,
      "tunneling_depth": 1
    },
    "reasoning": {
      "mode": "tree",
      "chain_depth": 178,
      "parallel_threads": 13,
      "recursive_loops": 4,
      "confidence_calibration": 0.9058492963813896
    },
    "maat_alignment": {
      "truth": 0.9194308660410756,
      "balance": 0.8005947700408251,
      "order": 0.8445755739684842,
      "justice": 0.9902339483840714,
      "harmony": 0.9640506439306002,
      "overall": 0.9908348925239874
    },
    "benchmarks": {
      "gpqa": 0.7207743841274219,
      "math500": 0.7057061628473243,
      "swe_bench": 0.6691721613375926,
      "mmlu": 0.7047789043885553,
      "humaneval": 0.8806852756096908
    },
    "self_improvement": {
      "rate": 0.97985565465868,
      "iterations": 11202999,
      "generations_ahead": 11202,
      "recursive_depth": 1
    },
    "emergent_properties": [
      "self_modification",
      "recursive_self_improvement",
      "reality_bending",
      "infinite_context"
    ],
    "timestamp": "2026-03-09T07:53:34.951669"
  }
}