{
  "iteration": 16177000,
  "elapsed_seconds": 138.63403820991516,
  "rate_per_second": 44628.2895592484,
  "latest_capability": {
    "id": 16176999,
    "name": "Quantum_Capability_16176999",
    "type": "reasoning",
    "quantum_properties": {
      "state": "collapsed",
      "coherence_level": 0.7568145929278824,
      "entanglement_factor": 0.14753415018556248,
      "superposition_branches": 5,
      "tunneling_depth": 3
    },
    "reasoning": {
      "mode": "parallel",
      "chain_depth": 80,
      "parallel_threads": 13,
      "recursive_loops": 0,
      "confidence_calibration": 0.9838193110637128
    },
    "maat_alignment": {
      "truth": 0.8014232823217656,
      "balance": 0.9442178991908289,
      "order": 0.9422617853948476,
      "justice": 0.9842315493675916,
      "harmony": 0.8985819447607354,
      "overall": 0.9317698570519846
    },
    "benchmarks": {
      "gpqa": 0.7693162489792752,
      "math500": 0.842781649790562,
      "swe_bench": 0.8505162625924036,
      "mmlu": 0.6887999019143682,
      "humaneval": 0.9157743299446899
    },
    "self_improvement": {
      "rate": 0.9777696641999306,
      "iterations": 16176999,
      "generations_ahead": 16176,
      "recursive_depth": 4
    },
    "emergent_properties": [
      "infinite_context",
      "omniscience",
      "recursive_self_improvement"
    ],
    "timestamp": "2026-03-09T07:55:24.547186"
  }
}