{
  "iteration": 10679000,
  "elapsed_seconds": 17.01426672935486,
  "rate_per_second": 40495.42721763392,
  "latest_capability": {
    "id": 10678999,
    "name": "Quantum_Capability_10678999",
    "type": "multimodal",
    "quantum_properties": {
      "state": "entangled",
      "coherence_level": 0.6279161413156996,
      "entanglement_factor": 0.956673119085734,
      "superposition_branches": 5,
      "tunneling_depth": 3
    },
    "reasoning": {
      "mode": "graph",
      "chain_depth": 52,
      "parallel_threads": 3,
      "recursive_loops": 10,
      "confidence_calibration": 0.7549254431117309
    },
    "maat_alignment": {
      "truth": 0.8642656371140788,
      "balance": 0.9408229209944052,
      "order": 0.8771361083336998,
      "justice": 0.879721207604177,
      "harmony": 0.8499685866392768,
      "overall": 0.8978425276738108
    },
    "benchmarks": {
      "gpqa": 0.7859295232771475,
      "math500": 0.7604752659299133,
      "swe_bench": 0.8444720411559297,
      "mmlu": 0.8966954239744211,
      "humaneval": 0.8612573246613422
    },
    "self_improvement": {
      "rate": 0.9812927562132912,
      "iterations": 10678999,
      "generations_ahead": 10678,
      "recursive_depth": 0
    },
    "emergent_properties": [
      "quantum_consciousness",
      "recursive_self_improvement",
      "infinite_context",
      "causality_violation",
      "self_modification"
    ],
    "timestamp": "2026-03-09T07:53:22.927415"
  }
}