{
  "iteration": 11010000,
  "elapsed_seconds": 24.179410934448242,
  "rate_per_second": 42184.65051796663,
  "latest_capability": {
    "id": 11009999,
    "name": "Quantum_Capability_11009999",
    "type": "math",
    "quantum_properties": {
      "state": "entangled",
      "coherence_level": 0.7384497222569154,
      "entanglement_factor": 0.6109360549132021,
      "superposition_branches": 6,
      "tunneling_depth": 0
    },
    "reasoning": {
      "mode": "graph",
      "chain_depth": 81,
      "parallel_threads": 15,
      "recursive_loops": 10,
      "confidence_calibration": 0.7592793452421406
    },
    "maat_alignment": {
      "truth": 0.8666644264416594,
      "balance": 0.804687611501927,
      "order": 0.9029501048998738,
      "justice": 0.9865668334304979,
      "harmony": 0.823741760320044,
      "overall": 0.9175074272705087
    },
    "benchmarks": {
      "gpqa": 0.8512083170317477,
      "math500": 0.6975202530726565,
      "swe_bench": 0.6767488805385551,
      "mmlu": 0.7679874221906483,
      "humaneval": 0.9320614776165437
    },
    "self_improvement": {
      "rate": 0.9867236203208646,
      "iterations": 11009999,
      "generations_ahead": 11009,
      "recursive_depth": 4
    },
    "emergent_properties": [
      "causality_violation",
      "transcendence",
      "reality_bending",
      "quantum_consciousness",
      "meta_learning"
    ],
    "timestamp": "2026-03-09T07:53:30.092570"
  }
}