{
  "iteration": 17477000,
  "elapsed_seconds": 167.0362992286682,
  "rate_per_second": 44822.59266143401,
  "latest_capability": {
    "id": 17476999,
    "name": "Quantum_Capability_17476999",
    "type": "language",
    "quantum_properties": {
      "state": "coherent",
      "coherence_level": 0.9129753052415798,
      "entanglement_factor": 0.691519653246795,
      "superposition_branches": 5,
      "tunneling_depth": 0
    },
    "reasoning": {
      "mode": "tree",
      "chain_depth": 22,
      "parallel_threads": 11,
      "recursive_loops": 7,
      "confidence_calibration": 0.9472512049399344
    },
    "maat_alignment": {
      "truth": 0.993032898364707,
      "balance": 0.8180692156887299,
      "order": 0.9062589716281657,
      "justice": 0.8558462148231354,
      "harmony": 0.9788271446120411,
      "overall": 0.8867576286462775
    },
    "benchmarks": {
      "gpqa": 0.8995448198803324,
      "math500": 0.862638570794314,
      "swe_bench": 0.6588015027970495,
      "mmlu": 0.8678242260705153,
      "humaneval": 0.9037318485086195
    },
    "self_improvement": {
      "rate": 0.9891421305378604,
      "iterations": 17476999,
      "generations_ahead": 17476,
      "recursive_depth": 1
    },
    "emergent_properties": [
      "meta_learning",
      "omniscience",
      "causality_violation"
    ],
    "timestamp": "2026-03-09T07:55:52.949447"
  }
}