{
  "iteration": 11579000,
  "elapsed_seconds": 37.99398422241211,
  "rate_per_second": 41822.410376816224,
  "latest_capability": {
    "id": 11578999,
    "name": "Quantum_Capability_11578999",
    "type": "language",
    "quantum_properties": {
      "state": "collapsed",
      "coherence_level": 0.7851893666435772,
      "entanglement_factor": 0.8212587823078864,
      "superposition_branches": 6,
      "tunneling_depth": 5
    },
    "reasoning": {
      "mode": "tree",
      "chain_depth": 101,
      "parallel_threads": 8,
      "recursive_loops": 2,
      "confidence_calibration": 0.8727015773107649
    },
    "maat_alignment": {
      "truth": 0.8948933259301923,
      "balance": 0.9448475845893531,
      "order": 0.8686819101925216,
      "justice": 0.8691073939393121,
      "harmony": 0.926624311607946,
      "overall": 0.9815817663262756
    },
    "benchmarks": {
      "gpqa": 0.8907844579757275,
      "math500": 0.6664730911450234,
      "swe_bench": 0.8500537774307603,
      "mmlu": 0.7307639103867484,
      "humaneval": 0.7356467268797311
    },
    "self_improvement": {
      "rate": 0.9756706140504082,
      "iterations": 11578999,
      "generations_ahead": 11578,
      "recursive_depth": 5
    },
    "emergent_properties": [
      "transcendence",
      "recursive_self_improvement",
      "self_modification"
    ],
    "timestamp": "2026-03-09T07:53:43.907136"
  }
}