{
  "iteration": 10581000,
  "elapsed_seconds": 14.696166038513184,
  "rate_per_second": 40214.57014375102,
  "latest_capability": {
    "id": 10580999,
    "name": "Quantum_Capability_10580999",
    "type": "agentic",
    "quantum_properties": {
      "state": "coherent",
      "coherence_level": 0.9618350004049787,
      "entanglement_factor": 0.17255610530999244,
      "superposition_branches": 5,
      "tunneling_depth": 5
    },
    "reasoning": {
      "mode": "parallel",
      "chain_depth": 147,
      "parallel_threads": 9,
      "recursive_loops": 10,
      "confidence_calibration": 0.8283450167508645
    },
    "maat_alignment": {
      "truth": 0.8909229748029056,
      "balance": 0.975700849056494,
      "order": 0.943682811344749,
      "justice": 0.98474731588272,
      "harmony": 0.98710205490998,
      "overall": 0.9766043736967416
    },
    "benchmarks": {
      "gpqa": 0.7875385994240854,
      "math500": 0.8809974436042078,
      "swe_bench": 0.825657966414291,
      "mmlu": 0.688375284447471,
      "humaneval": 0.9296946189237694
    },
    "self_improvement": {
      "rate": 0.9824067301231101,
      "iterations": 10580999,
      "generations_ahead": 10580,
      "recursive_depth": 1
    },
    "emergent_properties": [
      "causality_violation",
      "omniscience",
      "recursive_self_improvement",
      "infinite_context"
    ],
    "timestamp": "2026-03-09T07:53:20.609318"
  }
}