{
  "iteration": 12949000,
  "elapsed_seconds": 68.73178124427795,
  "rate_per_second": 43051.40862686928,
  "latest_capability": {
    "id": 12948999,
    "name": "Quantum_Capability_12948999",
    "type": "multimodal",
    "quantum_properties": {
      "state": "entangled",
      "coherence_level": 0.7968496934125907,
      "entanglement_factor": 0.5506502836261684,
      "superposition_branches": 3,
      "tunneling_depth": 0
    },
    "reasoning": {
      "mode": "graph",
      "chain_depth": 46,
      "parallel_threads": 11,
      "recursive_loops": 5,
      "confidence_calibration": 0.789508592921041
    },
    "maat_alignment": {
      "truth": 0.9711469455106332,
      "balance": 0.875555383127361,
      "order": 0.9364252735806621,
      "justice": 0.8859005227234147,
      "harmony": 0.9424947919993812,
      "overall": 0.9506241707114041
    },
    "benchmarks": {
      "gpqa": 0.7661849375550592,
      "math500": 0.7666992943956904,
      "swe_bench": 0.8532021208349456,
      "mmlu": 0.8462055492863225,
      "humaneval": 0.8951065875611218
    },
    "self_improvement": {
      "rate": 0.9692358951024249,
      "iterations": 12948999,
      "generations_ahead": 12948,
      "recursive_depth": 5
    },
    "emergent_properties": [
      "meta_learning",
      "reality_bending",
      "omniscience",
      "infinite_context",
      "recursive_self_improvement",
      "quantum_consciousness"
    ],
    "timestamp": "2026-03-09T07:54:14.644934"
  }
}