{
  "iteration": 11007000,
  "elapsed_seconds": 24.13880944252014,
  "rate_per_second": 42131.323933837855,
  "latest_capability": {
    "id": 11006999,
    "name": "Quantum_Capability_11006999",
    "type": "vision",
    "quantum_properties": {
      "state": "coherent",
      "coherence_level": 0.6980443132908644,
      "entanglement_factor": 0.10669710396596632,
      "superposition_branches": 5,
      "tunneling_depth": 5
    },
    "reasoning": {
      "mode": "parallel",
      "chain_depth": 107,
      "parallel_threads": 16,
      "recursive_loops": 6,
      "confidence_calibration": 0.9014139754641168
    },
    "maat_alignment": {
      "truth": 0.8119393109722549,
      "balance": 0.9549153441940761,
      "order": 0.8426750446723705,
      "justice": 0.8005035413867718,
      "harmony": 0.8265660956933535,
      "overall": 0.9569638873475513
    },
    "benchmarks": {
      "gpqa": 0.8345363633229681,
      "math500": 0.8024349441543609,
      "swe_bench": 0.8599880647961704,
      "mmlu": 0.8751635757441936,
      "humaneval": 0.8026623983330773
    },
    "self_improvement": {
      "rate": 0.9526535634249493,
      "iterations": 11006999,
      "generations_ahead": 11006,
      "recursive_depth": 4
    },
    "emergent_properties": [
      "omniscience",
      "causality_violation",
      "infinite_context",
      "meta_learning"
    ],
    "timestamp": "2026-03-09T07:53:30.051958"
  }
}