{
  "iteration": 13940000,
  "elapsed_seconds": 90.08192729949951,
  "rate_per_second": 43848.97302282681,
  "latest_capability": {
    "id": 13939999,
    "name": "Quantum_Capability_13939999",
    "type": "reasoning",
    "quantum_properties": {
      "state": "entangled",
      "coherence_level": 0.9763372887120352,
      "entanglement_factor": 0.9436521471707425,
      "superposition_branches": 5,
      "tunneling_depth": 3
    },
    "reasoning": {
      "mode": "parallel",
      "chain_depth": 136,
      "parallel_threads": 3,
      "recursive_loops": 3,
      "confidence_calibration": 0.8021448464149444
    },
    "maat_alignment": {
      "truth": 0.881129428834315,
      "balance": 0.9490937136309996,
      "order": 0.9539918323940758,
      "justice": 0.8883169007964317,
      "harmony": 0.930010150166637,
      "overall": 0.9429416395612374
    },
    "benchmarks": {
      "gpqa": 0.9288223317757167,
      "math500": 0.849023935073144,
      "swe_bench": 0.7368926214610987,
      "mmlu": 0.8897162181128135,
      "humaneval": 0.7394930938066533
    },
    "self_improvement": {
      "rate": 0.9654234620371007,
      "iterations": 13939999,
      "generations_ahead": 13939,
      "recursive_depth": 5
    },
    "emergent_properties": [
      "causality_violation",
      "transcendence",
      "omniscience"
    ],
    "timestamp": "2026-03-09T07:54:35.995075"
  }
}