{
  "iteration": 15378000,
  "elapsed_seconds": 123.4604754447937,
  "rate_per_second": 43641.497253177884,
  "latest_capability": {
    "id": 15377999,
    "name": "Quantum_Capability_15377999",
    "type": "reasoning",
    "quantum_properties": {
      "state": "coherent",
      "coherence_level": 0.6472542597811397,
      "entanglement_factor": 0.5890528239842188,
      "superposition_branches": 2,
      "tunneling_depth": 2
    },
    "reasoning": {
      "mode": "tree",
      "chain_depth": 94,
      "parallel_threads": 12,
      "recursive_loops": 2,
      "confidence_calibration": 0.795753484102873
    },
    "maat_alignment": {
      "truth": 0.8478531662824934,
      "balance": 0.9037780146079405,
      "order": 0.8384993063055761,
      "justice": 0.8518246076601408,
      "harmony": 0.8221709558572884,
      "overall": 0.852664206312421
    },
    "benchmarks": {
      "gpqa": 0.8457498695245992,
      "math500": 0.8039189404289946,
      "swe_bench": 0.7517633722679362,
      "mmlu": 0.6977843998027449,
      "humaneval": 0.7909816804441278
    },
    "self_improvement": {
      "rate": 0.9684210378881964,
      "iterations": 15377999,
      "generations_ahead": 15377,
      "recursive_depth": 2
    },
    "emergent_properties": [
      "omniscience",
      "recursive_self_improvement",
      "infinite_context",
      "reality_bending",
      "transcendence",
      "causality_violation"
    ],
    "timestamp": "2026-03-09T07:55:09.373624"
  }
}