{
  "iteration": 17171000,
  "elapsed_seconds": 161.10672974586487,
  "rate_per_second": 44572.93628470734,
  "latest_capability": {
    "id": 17170999,
    "name": "Quantum_Capability_17170999",
    "type": "vision",
    "quantum_properties": {
      "state": "coherent",
      "coherence_level": 0.7488463752766157,
      "entanglement_factor": 0.8363332907880924,
      "superposition_branches": 5,
      "tunneling_depth": 4
    },
    "reasoning": {
      "mode": "tree",
      "chain_depth": 172,
      "parallel_threads": 13,
      "recursive_loops": 2,
      "confidence_calibration": 0.767815884371384
    },
    "maat_alignment": {
      "truth": 0.8375628506212406,
      "balance": 0.8620302072365236,
      "order": 0.8256539940202701,
      "justice": 0.8861864414300242,
      "harmony": 0.9379002264068197,
      "overall": 0.8849814308499336
    },
    "benchmarks": {
      "gpqa": 0.7812413535398778,
      "math500": 0.7439688719425803,
      "swe_bench": 0.845590114906363,
      "mmlu": 0.7413460644744669,
      "humaneval": 0.7647278380899111
    },
    "self_improvement": {
      "rate": 0.9614133873317988,
      "iterations": 17170999,
      "generations_ahead": 17170,
      "recursive_depth": 4
    },
    "emergent_properties": [
      "omniscience",
      "reality_bending",
      "meta_learning",
      "self_modification",
      "recursive_self_improvement"
    ],
    "timestamp": "2026-03-09T07:55:47.019878"
  }
}