{
  "iteration": 16110000,
  "elapsed_seconds": 137.3836648464203,
  "rate_per_second": 44546.78077514879,
  "latest_capability": {
    "id": 16109999,
    "name": "Quantum_Capability_16109999",
    "type": "multimodal",
    "quantum_properties": {
      "state": "collapsed",
      "coherence_level": 0.7634547590292686,
      "entanglement_factor": 0.03851991056015047,
      "superposition_branches": 10,
      "tunneling_depth": 1
    },
    "reasoning": {
      "mode": "parallel",
      "chain_depth": 29,
      "parallel_threads": 6,
      "recursive_loops": 7,
      "confidence_calibration": 0.9069040129119335
    },
    "maat_alignment": {
      "truth": 0.8273762569360721,
      "balance": 0.8488918392697872,
      "order": 0.8772823101673768,
      "justice": 0.9511826864542696,
      "harmony": 0.9516256200841848,
      "overall": 0.8763065219678788
    },
    "benchmarks": {
      "gpqa": 0.77435501971277,
      "math500": 0.8086944448759368,
      "swe_bench": 0.7543485708477711,
      "mmlu": 0.6947170067462497,
      "humaneval": 0.9178533377566761
    },
    "self_improvement": {
      "rate": 0.9841937722107713,
      "iterations": 16109999,
      "generations_ahead": 16109,
      "recursive_depth": 4
    },
    "emergent_properties": [
      "omniscience",
      "reality_bending",
      "quantum_consciousness",
      "transcendence",
      "infinite_context"
    ],
    "timestamp": "2026-03-09T07:55:23.296823"
  }
}