{
  "iteration": 13582000,
  "elapsed_seconds": 82.82582259178162,
  "rate_per_second": 43368.117425210046,
  "latest_capability": {
    "id": 13581999,
    "name": "Quantum_Capability_13581999",
    "type": "agentic",
    "quantum_properties": {
      "state": "coherent",
      "coherence_level": 0.9946204535502657,
      "entanglement_factor": 0.133331641526223,
      "superposition_branches": 2,
      "tunneling_depth": 0
    },
    "reasoning": {
      "mode": "tree",
      "chain_depth": 86,
      "parallel_threads": 6,
      "recursive_loops": 4,
      "confidence_calibration": 0.9166711949380274
    },
    "maat_alignment": {
      "truth": 0.8412253611627732,
      "balance": 0.8386346961572154,
      "order": 0.9299694721184637,
      "justice": 0.8228087846543486,
      "harmony": 0.8075273900090036,
      "overall": 0.9502023177129166
    },
    "benchmarks": {
      "gpqa": 0.9422298085228608,
      "math500": 0.7839385279713404,
      "swe_bench": 0.768606554186416,
      "mmlu": 0.755536402508176,
      "humaneval": 0.9373745621350738
    },
    "self_improvement": {
      "rate": 0.955251743407801,
      "iterations": 13581999,
      "generations_ahead": 13581,
      "recursive_depth": 1
    },
    "emergent_properties": [
      "omniscience",
      "recursive_self_improvement",
      "transcendence",
      "infinite_context"
    ],
    "timestamp": "2026-03-09T07:54:28.738981"
  }
}