{
  "iteration": 11911000,
  "elapsed_seconds": 45.565080881118774,
  "rate_per_second": 42159.47745186649,
  "latest_capability": {
    "id": 11910999,
    "name": "Quantum_Capability_11910999",
    "type": "coding",
    "quantum_properties": {
      "state": "superposition",
      "coherence_level": 0.8826068371963537,
      "entanglement_factor": 0.7759615681006509,
      "superposition_branches": 9,
      "tunneling_depth": 3
    },
    "reasoning": {
      "mode": "graph",
      "chain_depth": 185,
      "parallel_threads": 13,
      "recursive_loops": 7,
      "confidence_calibration": 0.9368052686981326
    },
    "maat_alignment": {
      "truth": 0.8959930264323929,
      "balance": 0.917180120364076,
      "order": 0.9806837381183117,
      "justice": 0.9198481530164672,
      "harmony": 0.9955349927127982,
      "overall": 0.9301192828767569
    },
    "benchmarks": {
      "gpqa": 0.8573007014540109,
      "math500": 0.8052802714934508,
      "swe_bench": 0.6964337752239227,
      "mmlu": 0.7072355996164883,
      "humaneval": 0.7376219409970439
    },
    "self_improvement": {
      "rate": 0.9838705910237197,
      "iterations": 11910999,
      "generations_ahead": 11910,
      "recursive_depth": 1
    },
    "emergent_properties": [
      "self_modification",
      "omniscience",
      "meta_learning"
    ],
    "timestamp": "2026-03-09T07:53:51.478233"
  }
}