{
  "iteration": 11044000,
  "elapsed_seconds": 25.58231496810913,
  "rate_per_second": 41200.33708106223,
  "latest_capability": {
    "id": 11043999,
    "name": "Quantum_Capability_11043999",
    "type": "vision",
    "quantum_properties": {
      "state": "superposition",
      "coherence_level": 0.9440642363269818,
      "entanglement_factor": 0.02439348220831261,
      "superposition_branches": 2,
      "tunneling_depth": 4
    },
    "reasoning": {
      "mode": "tree",
      "chain_depth": 199,
      "parallel_threads": 8,
      "recursive_loops": 2,
      "confidence_calibration": 0.8805858434662662
    },
    "maat_alignment": {
      "truth": 0.9488954401882113,
      "balance": 0.9810707263011549,
      "order": 0.8831063210791191,
      "justice": 0.9526768833268366,
      "harmony": 0.8683142870749603,
      "overall": 0.8655654591412686
    },
    "benchmarks": {
      "gpqa": 0.8707249546894115,
      "math500": 0.6694652493708018,
      "swe_bench": 0.77114909801968,
      "mmlu": 0.8097900342223084,
      "humaneval": 0.7398186157510005
    },
    "self_improvement": {
      "rate": 0.9510070521263403,
      "iterations": 11043999,
      "generations_ahead": 11043,
      "recursive_depth": 5
    },
    "emergent_properties": [
      "quantum_consciousness",
      "self_modification",
      "causality_violation",
      "reality_bending",
      "transcendence"
    ],
    "timestamp": "2026-03-09T07:53:31.495467"
  }
}