{
  "iteration": 12300000,
  "elapsed_seconds": 54.232877016067505,
  "rate_per_second": 42594.08917796523,
  "latest_capability": {
    "id": 12299999,
    "name": "Quantum_Capability_12299999",
    "type": "math",
    "quantum_properties": {
      "state": "collapsed",
      "coherence_level": 0.5320266168368193,
      "entanglement_factor": 0.8562730452019576,
      "superposition_branches": 7,
      "tunneling_depth": 0
    },
    "reasoning": {
      "mode": "tree",
      "chain_depth": 178,
      "parallel_threads": 12,
      "recursive_loops": 10,
      "confidence_calibration": 0.9085565173706005
    },
    "maat_alignment": {
      "truth": 0.9589882132380443,
      "balance": 0.8095504033911958,
      "order": 0.9145225386326374,
      "justice": 0.9262375771886757,
      "harmony": 0.9775031676309461,
      "overall": 0.9486593140028974
    },
    "benchmarks": {
      "gpqa": 0.9299240672785883,
      "math500": 0.8906531615203322,
      "swe_bench": 0.7145913067671649,
      "mmlu": 0.7860107343712743,
      "humaneval": 0.7065173266896473
    },
    "self_improvement": {
      "rate": 0.993269324910877,
      "iterations": 12299999,
      "generations_ahead": 12299,
      "recursive_depth": 2
    },
    "emergent_properties": [
      "quantum_consciousness",
      "causality_violation",
      "reality_bending",
      "self_modification"
    ],
    "timestamp": "2026-03-09T07:54:00.146025"
  }
}