{
  "iteration": 15066000,
  "elapsed_seconds": 117.59774994850159,
  "rate_per_second": 43164.09116860554,
  "latest_capability": {
    "id": 15065999,
    "name": "Quantum_Capability_15065999",
    "type": "reasoning",
    "quantum_properties": {
      "state": "entangled",
      "coherence_level": 0.9515744421144172,
      "entanglement_factor": 0.3902957916340192,
      "superposition_branches": 9,
      "tunneling_depth": 4
    },
    "reasoning": {
      "mode": "parallel",
      "chain_depth": 75,
      "parallel_threads": 14,
      "recursive_loops": 10,
      "confidence_calibration": 0.9746843087682203
    },
    "maat_alignment": {
      "truth": 0.9227043737609305,
      "balance": 0.8696393523302223,
      "order": 0.8064246436508475,
      "justice": 0.8113580208770741,
      "harmony": 0.8816025267354379,
      "overall": 0.8750619738324531
    },
    "benchmarks": {
      "gpqa": 0.717052082850146,
      "math500": 0.721592648223551,
      "swe_bench": 0.7556699548208398,
      "mmlu": 0.7565286060028004,
      "humaneval": 0.7512087464969112
    },
    "self_improvement": {
      "rate": 0.9653399780380213,
      "iterations": 15065999,
      "generations_ahead": 15065,
      "recursive_depth": 4
    },
    "emergent_properties": [
      "transcendence",
      "causality_violation",
      "infinite_context",
      "omniscience"
    ],
    "timestamp": "2026-03-09T07:55:03.510903"
  }
}