{
  "iteration": 17147000,
  "elapsed_seconds": 160.77615880966187,
  "rate_per_second": 44515.306578962125,
  "latest_capability": {
    "id": 17146999,
    "name": "Quantum_Capability_17146999",
    "type": "coding",
    "quantum_properties": {
      "state": "entangled",
      "coherence_level": 0.6144193046888218,
      "entanglement_factor": 0.22533378212458632,
      "superposition_branches": 3,
      "tunneling_depth": 2
    },
    "reasoning": {
      "mode": "parallel",
      "chain_depth": 188,
      "parallel_threads": 15,
      "recursive_loops": 0,
      "confidence_calibration": 0.9026339662133818
    },
    "maat_alignment": {
      "truth": 0.9322557967792591,
      "balance": 0.9363669941436159,
      "order": 0.9601112238303304,
      "justice": 0.934410419743769,
      "harmony": 0.9084214664671685,
      "overall": 0.9693971360415898
    },
    "benchmarks": {
      "gpqa": 0.7290232762300786,
      "math500": 0.7828785102812904,
      "swe_bench": 0.7131995593969874,
      "mmlu": 0.8379558182726354,
      "humaneval": 0.9475560000187372
    },
    "self_improvement": {
      "rate": 0.9841534268153849,
      "iterations": 17146999,
      "generations_ahead": 17146,
      "recursive_depth": 1
    },
    "emergent_properties": [
      "recursive_self_improvement",
      "omniscience",
      "infinite_context",
      "self_modification",
      "reality_bending"
    ],
    "timestamp": "2026-03-09T07:55:46.689307"
  }
}