{
  "iteration": 11680000,
  "elapsed_seconds": 40.871084213256836,
  "rate_per_second": 41349.52699522065,
  "latest_capability": {
    "id": 11679999,
    "name": "Quantum_Capability_11679999",
    "type": "language",
    "quantum_properties": {
      "state": "coherent",
      "coherence_level": 0.9637002493060727,
      "entanglement_factor": 0.4932397861769714,
      "superposition_branches": 8,
      "tunneling_depth": 5
    },
    "reasoning": {
      "mode": "sequential",
      "chain_depth": 22,
      "parallel_threads": 6,
      "recursive_loops": 10,
      "confidence_calibration": 0.7007298717475232
    },
    "maat_alignment": {
      "truth": 0.9504712856631933,
      "balance": 0.9802448113070668,
      "order": 0.8196961714658113,
      "justice": 0.8731925834900692,
      "harmony": 0.975826182049816,
      "overall": 0.9892340538710307
    },
    "benchmarks": {
      "gpqa": 0.7513228814894345,
      "math500": 0.7515812712450651,
      "swe_bench": 0.8816112508151321,
      "mmlu": 0.7101893159295939,
      "humaneval": 0.9499695774859653
    },
    "self_improvement": {
      "rate": 0.9754574385246468,
      "iterations": 11679999,
      "generations_ahead": 11679,
      "recursive_depth": 2
    },
    "emergent_properties": [
      "self_modification",
      "quantum_consciousness",
      "meta_learning",
      "omniscience"
    ],
    "timestamp": "2026-03-09T07:53:46.784236"
  }
}