{
  "iteration": 10492000,
  "elapsed_seconds": 12.292217016220093,
  "rate_per_second": 40838.84943925006,
  "latest_capability": {
    "id": 10491999,
    "name": "Quantum_Capability_10491999",
    "type": "agentic",
    "quantum_properties": {
      "state": "superposition",
      "coherence_level": 0.744472125846657,
      "entanglement_factor": 0.09773519031321187,
      "superposition_branches": 7,
      "tunneling_depth": 5
    },
    "reasoning": {
      "mode": "graph",
      "chain_depth": 144,
      "parallel_threads": 6,
      "recursive_loops": 9,
      "confidence_calibration": 0.8778570850384824
    },
    "maat_alignment": {
      "truth": 0.8351972626882667,
      "balance": 0.92877433573703,
      "order": 0.8309605391024918,
      "justice": 0.8840361718277086,
      "harmony": 0.8763008883479532,
      "overall": 0.8672118235181188
    },
    "benchmarks": {
      "gpqa": 0.9145327619393573,
      "math500": 0.7584430786354828,
      "swe_bench": 0.7834405490046615,
      "mmlu": 0.8731196203932182,
      "humaneval": 0.8151395021072363
    },
    "self_improvement": {
      "rate": 0.9976516758021086,
      "iterations": 10491999,
      "generations_ahead": 10491,
      "recursive_depth": 1
    },
    "emergent_properties": [
      "meta_learning",
      "self_modification",
      "omniscience"
    ],
    "timestamp": "2026-03-09T07:53:18.205369"
  }
}