{
  "iteration": 12424000,
  "elapsed_seconds": 56.576462507247925,
  "rate_per_second": 43021.424319135964,
  "latest_capability": {
    "id": 12423999,
    "name": "Quantum_Capability_12423999",
    "type": "agentic",
    "quantum_properties": {
      "state": "collapsed",
      "coherence_level": 0.9501385276872043,
      "entanglement_factor": 0.32726925593142564,
      "superposition_branches": 1,
      "tunneling_depth": 5
    },
    "reasoning": {
      "mode": "tree",
      "chain_depth": 127,
      "parallel_threads": 9,
      "recursive_loops": 4,
      "confidence_calibration": 0.9638892376300341
    },
    "maat_alignment": {
      "truth": 0.9825737374019932,
      "balance": 0.8674220621313211,
      "order": 0.9887893138491852,
      "justice": 0.8169188096841848,
      "harmony": 0.8870244907445128,
      "overall": 0.9639783259855931
    },
    "benchmarks": {
      "gpqa": 0.9324213457611908,
      "math500": 0.8407627357202903,
      "swe_bench": 0.8615148767706018,
      "mmlu": 0.788089386081247,
      "humaneval": 0.7037387010861753
    },
    "self_improvement": {
      "rate": 0.9549150509823672,
      "iterations": 12423999,
      "generations_ahead": 12423,
      "recursive_depth": 2
    },
    "emergent_properties": [
      "meta_learning",
      "transcendence",
      "omniscience"
    ],
    "timestamp": "2026-03-09T07:54:02.489611"
  }
}