{
  "iteration": 13094000,
  "elapsed_seconds": 71.37861633300781,
  "rate_per_second": 43486.41315094544,
  "latest_capability": {
    "id": 13093999,
    "name": "Quantum_Capability_13093999",
    "type": "multimodal",
    "quantum_properties": {
      "state": "entangled",
      "coherence_level": 0.8609539739448746,
      "entanglement_factor": 0.4004885955575407,
      "superposition_branches": 5,
      "tunneling_depth": 4
    },
    "reasoning": {
      "mode": "parallel",
      "chain_depth": 194,
      "parallel_threads": 9,
      "recursive_loops": 3,
      "confidence_calibration": 0.9983421469491429
    },
    "maat_alignment": {
      "truth": 0.8200420645092892,
      "balance": 0.8403089596973083,
      "order": 0.9089701101115871,
      "justice": 0.8737497664256544,
      "harmony": 0.9908633824870526,
      "overall": 0.9452736125833203
    },
    "benchmarks": {
      "gpqa": 0.8113220834138355,
      "math500": 0.6756565037844369,
      "swe_bench": 0.7849078832661989,
      "mmlu": 0.7376861336369954,
      "humaneval": 0.8976621413473079
    },
    "self_improvement": {
      "rate": 0.9902877667529579,
      "iterations": 13093999,
      "generations_ahead": 13093,
      "recursive_depth": 4
    },
    "emergent_properties": [
      "causality_violation",
      "infinite_context",
      "reality_bending",
      "recursive_self_improvement",
      "omniscience",
      "meta_learning"
    ],
    "timestamp": "2026-03-09T07:54:17.291765"
  }
}