{
  "iteration": 11822000,
  "elapsed_seconds": 43.755836725234985,
  "rate_per_second": 41868.69997490972,
  "latest_capability": {
    "id": 11821999,
    "name": "Quantum_Capability_11821999",
    "type": "agentic",
    "quantum_properties": {
      "state": "coherent",
      "coherence_level": 0.8557259460983779,
      "entanglement_factor": 0.6086670896618819,
      "superposition_branches": 3,
      "tunneling_depth": 1
    },
    "reasoning": {
      "mode": "graph",
      "chain_depth": 103,
      "parallel_threads": 15,
      "recursive_loops": 2,
      "confidence_calibration": 0.724946971733524
    },
    "maat_alignment": {
      "truth": 0.9567583450614534,
      "balance": 0.8096184476485849,
      "order": 0.912616479203196,
      "justice": 0.8786200777604081,
      "harmony": 0.8887742987528531,
      "overall": 0.99346230207436
    },
    "benchmarks": {
      "gpqa": 0.8262482555425023,
      "math500": 0.7089143860722346,
      "swe_bench": 0.7750836298894646,
      "mmlu": 0.832917548063444,
      "humaneval": 0.9436994777482393
    },
    "self_improvement": {
      "rate": 0.9668523670432579,
      "iterations": 11821999,
      "generations_ahead": 11821,
      "recursive_depth": 5
    },
    "emergent_properties": [
      "causality_violation",
      "omniscience",
      "reality_bending"
    ],
    "timestamp": "2026-03-09T07:53:49.668990"
  }
}