{
  "iteration": 11182000,
  "elapsed_seconds": 28.68030023574829,
  "rate_per_second": 41561.62906949777,
  "latest_capability": {
    "id": 11181999,
    "name": "Quantum_Capability_11181999",
    "type": "vision",
    "quantum_properties": {
      "state": "coherent",
      "coherence_level": 0.9036999690795386,
      "entanglement_factor": 0.6893103156065757,
      "superposition_branches": 10,
      "tunneling_depth": 1
    },
    "reasoning": {
      "mode": "sequential",
      "chain_depth": 160,
      "parallel_threads": 3,
      "recursive_loops": 7,
      "confidence_calibration": 0.746028265957088
    },
    "maat_alignment": {
      "truth": 0.8092666526893643,
      "balance": 0.8748561912629789,
      "order": 0.9870854636517605,
      "justice": 0.9539309350474128,
      "harmony": 0.8312533113163089,
      "overall": 0.8763776545061573
    },
    "benchmarks": {
      "gpqa": 0.8172792652681651,
      "math500": 0.8981583379039735,
      "swe_bench": 0.8595089944120442,
      "mmlu": 0.6936987717936924,
      "humaneval": 0.8471746847342889
    },
    "self_improvement": {
      "rate": 0.9729159553872987,
      "iterations": 11181999,
      "generations_ahead": 11181,
      "recursive_depth": 5
    },
    "emergent_properties": [
      "quantum_consciousness",
      "infinite_context",
      "causality_violation",
      "recursive_self_improvement",
      "meta_learning"
    ],
    "timestamp": "2026-03-09T07:53:34.593449"
  }
}