{
  "iteration": 12839000,
  "elapsed_seconds": 66.57544326782227,
  "rate_per_second": 42793.556605232545,
  "latest_capability": {
    "id": 12838999,
    "name": "Quantum_Capability_12838999",
    "type": "language",
    "quantum_properties": {
      "state": "entangled",
      "coherence_level": 0.903191560413468,
      "entanglement_factor": 0.4035205406276078,
      "superposition_branches": 7,
      "tunneling_depth": 1
    },
    "reasoning": {
      "mode": "graph",
      "chain_depth": 51,
      "parallel_threads": 14,
      "recursive_loops": 8,
      "confidence_calibration": 0.9504586422610639
    },
    "maat_alignment": {
      "truth": 0.9294823386351962,
      "balance": 0.9190070369706994,
      "order": 0.807310328016901,
      "justice": 0.8457222717384727,
      "harmony": 0.9275805406111122,
      "overall": 0.9671837523711101
    },
    "benchmarks": {
      "gpqa": 0.7001633518641776,
      "math500": 0.7108264043998724,
      "swe_bench": 0.7541918868937494,
      "mmlu": 0.8863478082875249,
      "humaneval": 0.8982907344398708
    },
    "self_improvement": {
      "rate": 0.9540642758776201,
      "iterations": 12838999,
      "generations_ahead": 12838,
      "recursive_depth": 0
    },
    "emergent_properties": [
      "self_modification",
      "quantum_consciousness",
      "infinite_context",
      "recursive_self_improvement"
    ],
    "timestamp": "2026-03-09T07:54:12.488595"
  }
}