{
  "iteration": 16654000,
  "elapsed_seconds": 151.31284499168396,
  "rate_per_second": 44041.20483205671,
  "latest_capability": {
    "id": 16653999,
    "name": "Quantum_Capability_16653999",
    "type": "multimodal",
    "quantum_properties": {
      "state": "coherent",
      "coherence_level": 0.7155445834442574,
      "entanglement_factor": 0.08969431570108455,
      "superposition_branches": 8,
      "tunneling_depth": 1
    },
    "reasoning": {
      "mode": "parallel",
      "chain_depth": 49,
      "parallel_threads": 12,
      "recursive_loops": 7,
      "confidence_calibration": 0.8260479015683029
    },
    "maat_alignment": {
      "truth": 0.9342311010959853,
      "balance": 0.9037469797092242,
      "order": 0.8998210885764687,
      "justice": 0.9500170244226799,
      "harmony": 0.8088467196049262,
      "overall": 0.9942106931282897
    },
    "benchmarks": {
      "gpqa": 0.8447730197773013,
      "math500": 0.7223883834209579,
      "swe_bench": 0.8744252663235689,
      "mmlu": 0.7678887997595156,
      "humaneval": 0.7162532997791657
    },
    "self_improvement": {
      "rate": 0.9575889846531062,
      "iterations": 16653999,
      "generations_ahead": 16653,
      "recursive_depth": 1
    },
    "emergent_properties": [
      "quantum_consciousness",
      "reality_bending",
      "self_modification",
      "infinite_context",
      "transcendence"
    ],
    "timestamp": "2026-03-09T07:55:37.225993"
  }
}