{
  "iteration": 17048000,
  "elapsed_seconds": 158.7705340385437,
  "rate_per_second": 44454.092459540225,
  "latest_capability": {
    "id": 17047999,
    "name": "Quantum_Capability_17047999",
    "type": "agentic",
    "quantum_properties": {
      "state": "collapsed",
      "coherence_level": 0.8445560175135022,
      "entanglement_factor": 0.6361746755826475,
      "superposition_branches": 9,
      "tunneling_depth": 0
    },
    "reasoning": {
      "mode": "tree",
      "chain_depth": 105,
      "parallel_threads": 4,
      "recursive_loops": 4,
      "confidence_calibration": 0.9337149562613073
    },
    "maat_alignment": {
      "truth": 0.9913875911240538,
      "balance": 0.9177858671805941,
      "order": 0.8544357800393199,
      "justice": 0.9889855583762863,
      "harmony": 0.9956919744317475,
      "overall": 0.8929701869505374
    },
    "benchmarks": {
      "gpqa": 0.7916728378963729,
      "math500": 0.7493340060690942,
      "swe_bench": 0.8500066300287,
      "mmlu": 0.8895655830605355,
      "humaneval": 0.7090507881499875
    },
    "self_improvement": {
      "rate": 0.9529455168919281,
      "iterations": 17047999,
      "generations_ahead": 17047,
      "recursive_depth": 0
    },
    "emergent_properties": [
      "meta_learning",
      "infinite_context",
      "causality_violation"
    ],
    "timestamp": "2026-03-09T07:55:44.683682"
  }
}