{
  "iteration": 15795000,
  "elapsed_seconds": 131.47203421592712,
  "rate_per_second": 44153.876789233975,
  "latest_capability": {
    "id": 15794999,
    "name": "Quantum_Capability_15794999",
    "type": "coding",
    "quantum_properties": {
      "state": "collapsed",
      "coherence_level": 0.8070033631815632,
      "entanglement_factor": 0.3668262311975219,
      "superposition_branches": 4,
      "tunneling_depth": 3
    },
    "reasoning": {
      "mode": "parallel",
      "chain_depth": 165,
      "parallel_threads": 6,
      "recursive_loops": 1,
      "confidence_calibration": 0.7015900718827704
    },
    "maat_alignment": {
      "truth": 0.8028322392549194,
      "balance": 0.8584506268652772,
      "order": 0.9625291754579346,
      "justice": 0.9495953715265761,
      "harmony": 0.9470368986416746,
      "overall": 0.9800190177957693
    },
    "benchmarks": {
      "gpqa": 0.8846650001549368,
      "math500": 0.7000960368247316,
      "swe_bench": 0.8836569303160813,
      "mmlu": 0.7074699245505062,
      "humaneval": 0.8728897691524589
    },
    "self_improvement": {
      "rate": 0.9622946542533306,
      "iterations": 15794999,
      "generations_ahead": 15794,
      "recursive_depth": 3
    },
    "emergent_properties": [
      "recursive_self_improvement",
      "meta_learning",
      "quantum_consciousness",
      "self_modification"
    ],
    "timestamp": "2026-03-09T07:55:17.385187"
  }
}