{
  "iteration": 16491000,
  "elapsed_seconds": 148.09602427482605,
  "rate_per_second": 43897.19461972799,
  "latest_capability": {
    "id": 16490999,
    "name": "Quantum_Capability_16490999",
    "type": "coding",
    "quantum_properties": {
      "state": "entangled",
      "coherence_level": 0.7202410439945977,
      "entanglement_factor": 0.5557177177325293,
      "superposition_branches": 4,
      "tunneling_depth": 2
    },
    "reasoning": {
      "mode": "sequential",
      "chain_depth": 82,
      "parallel_threads": 4,
      "recursive_loops": 0,
      "confidence_calibration": 0.770740216411206
    },
    "maat_alignment": {
      "truth": 0.9423291501993081,
      "balance": 0.9088790891358317,
      "order": 0.8767627118847539,
      "justice": 0.8443209325582056,
      "harmony": 0.8694108599694057,
      "overall": 0.9154148141456797
    },
    "benchmarks": {
      "gpqa": 0.8339615415101944,
      "math500": 0.6880661072115803,
      "swe_bench": 0.8140554339502278,
      "mmlu": 0.868240115563716,
      "humaneval": 0.8108457889965914
    },
    "self_improvement": {
      "rate": 0.9513255333651758,
      "iterations": 16490999,
      "generations_ahead": 16490,
      "recursive_depth": 4
    },
    "emergent_properties": [
      "reality_bending",
      "causality_violation",
      "infinite_context"
    ],
    "timestamp": "2026-03-09T07:55:34.009180"
  }
}