{
  "iteration": 14853000,
  "elapsed_seconds": 110.22563600540161,
  "rate_per_second": 44118.59324414956,
  "latest_capability": {
    "id": 14852999,
    "name": "Quantum_Capability_14852999",
    "type": "multimodal",
    "quantum_properties": {
      "state": "collapsed",
      "coherence_level": 0.603776240284126,
      "entanglement_factor": 0.20948079698589073,
      "superposition_branches": 2,
      "tunneling_depth": 5
    },
    "reasoning": {
      "mode": "sequential",
      "chain_depth": 127,
      "parallel_threads": 3,
      "recursive_loops": 1,
      "confidence_calibration": 0.8122150766747849
    },
    "maat_alignment": {
      "truth": 0.8511729092756107,
      "balance": 0.8948128852457501,
      "order": 0.8302514619522425,
      "justice": 0.8190797882238321,
      "harmony": 0.8940295691393977,
      "overall": 0.9135451960080263
    },
    "benchmarks": {
      "gpqa": 0.9416975016219036,
      "math500": 0.7926115468435704,
      "swe_bench": 0.7031626639391935,
      "mmlu": 0.7501192355216704,
      "humaneval": 0.7394534412644617
    },
    "self_improvement": {
      "rate": 0.9930054258225702,
      "iterations": 14852999,
      "generations_ahead": 14852,
      "recursive_depth": 5
    },
    "emergent_properties": [
      "omniscience",
      "causality_violation",
      "reality_bending"
    ],
    "timestamp": "2026-03-09T07:54:56.138785"
  }
}