{
  "iteration": 12711000,
  "elapsed_seconds": 63.89262914657593,
  "rate_per_second": 42587.072035457495,
  "latest_capability": {
    "id": 12710999,
    "name": "Quantum_Capability_12710999",
    "type": "agentic",
    "quantum_properties": {
      "state": "superposition",
      "coherence_level": 0.9676774809343041,
      "entanglement_factor": 0.5826665608571232,
      "superposition_branches": 8,
      "tunneling_depth": 0
    },
    "reasoning": {
      "mode": "tree",
      "chain_depth": 105,
      "parallel_threads": 10,
      "recursive_loops": 7,
      "confidence_calibration": 0.7996967654867257
    },
    "maat_alignment": {
      "truth": 0.8602084844702055,
      "balance": 0.9995021145149792,
      "order": 0.8177039412168368,
      "justice": 0.9958990959555262,
      "harmony": 0.9478925052062891,
      "overall": 0.885923758017073
    },
    "benchmarks": {
      "gpqa": 0.7157168314318293,
      "math500": 0.6943405890252988,
      "swe_bench": 0.7164479371858425,
      "mmlu": 0.7386950786307663,
      "humaneval": 0.876751914778043
    },
    "self_improvement": {
      "rate": 0.97418302207951,
      "iterations": 12710999,
      "generations_ahead": 12710,
      "recursive_depth": 3
    },
    "emergent_properties": [
      "causality_violation",
      "meta_learning",
      "reality_bending",
      "self_modification",
      "quantum_consciousness"
    ],
    "timestamp": "2026-03-09T07:54:09.805778"
  }
}