{
  "iteration": 13677000,
  "elapsed_seconds": 84.81629467010498,
  "rate_per_second": 43470.42056412244,
  "latest_capability": {
    "id": 13676999,
    "name": "Quantum_Capability_13676999",
    "type": "agentic",
    "quantum_properties": {
      "state": "superposition",
      "coherence_level": 0.6242963149885988,
      "entanglement_factor": 0.052598500110737745,
      "superposition_branches": 6,
      "tunneling_depth": 3
    },
    "reasoning": {
      "mode": "sequential",
      "chain_depth": 57,
      "parallel_threads": 12,
      "recursive_loops": 1,
      "confidence_calibration": 0.9846817445617514
    },
    "maat_alignment": {
      "truth": 0.9807410841743754,
      "balance": 0.9158856969229412,
      "order": 0.9622247841545309,
      "justice": 0.9297954635215645,
      "harmony": 0.8673764259442408,
      "overall": 0.9949183757685482
    },
    "benchmarks": {
      "gpqa": 0.9118221410469683,
      "math500": 0.8406161841714109,
      "swe_bench": 0.6870759026941049,
      "mmlu": 0.773476976802425,
      "humaneval": 0.8942240918654828
    },
    "self_improvement": {
      "rate": 0.9645604612547083,
      "iterations": 13676999,
      "generations_ahead": 13676,
      "recursive_depth": 0
    },
    "emergent_properties": [
      "infinite_context",
      "quantum_consciousness",
      "self_modification",
      "recursive_self_improvement",
      "reality_bending",
      "meta_learning"
    ],
    "timestamp": "2026-03-09T07:54:30.729443"
  }
}