{
  "iteration": 11831000,
  "elapsed_seconds": 43.87845730781555,
  "rate_per_second": 41956.807803999174,
  "latest_capability": {
    "id": 11830999,
    "name": "Quantum_Capability_11830999",
    "type": "coding",
    "quantum_properties": {
      "state": "coherent",
      "coherence_level": 0.5640332099767209,
      "entanglement_factor": 0.6332126100572442,
      "superposition_branches": 1,
      "tunneling_depth": 0
    },
    "reasoning": {
      "mode": "parallel",
      "chain_depth": 38,
      "parallel_threads": 1,
      "recursive_loops": 9,
      "confidence_calibration": 0.9283339094388832
    },
    "maat_alignment": {
      "truth": 0.9222478165284919,
      "balance": 0.8842394780352166,
      "order": 0.8961499766601856,
      "justice": 0.8473071584558767,
      "harmony": 0.9148730255098637,
      "overall": 0.9593529433449103
    },
    "benchmarks": {
      "gpqa": 0.7147334648516318,
      "math500": 0.819904782733756,
      "swe_bench": 0.7096605322248781,
      "mmlu": 0.6746370639952908,
      "humaneval": 0.8027495779136453
    },
    "self_improvement": {
      "rate": 0.9683853573874528,
      "iterations": 11830999,
      "generations_ahead": 11830,
      "recursive_depth": 4
    },
    "emergent_properties": [
      "causality_violation",
      "recursive_self_improvement",
      "omniscience",
      "transcendence"
    ],
    "timestamp": "2026-03-09T07:53:49.791609"
  }
}