{
  "iteration": 10969000,
  "elapsed_seconds": 23.312235593795776,
  "rate_per_second": 41995.114370779054,
  "latest_capability": {
    "id": 10968999,
    "name": "Quantum_Capability_10968999",
    "type": "agentic",
    "quantum_properties": {
      "state": "collapsed",
      "coherence_level": 0.7558290563205237,
      "entanglement_factor": 0.7695562062595589,
      "superposition_branches": 6,
      "tunneling_depth": 1
    },
    "reasoning": {
      "mode": "tree",
      "chain_depth": 149,
      "parallel_threads": 5,
      "recursive_loops": 3,
      "confidence_calibration": 0.7760641635089303
    },
    "maat_alignment": {
      "truth": 0.9191044764521841,
      "balance": 0.90744410867987,
      "order": 0.9188343832636392,
      "justice": 0.9285429894803714,
      "harmony": 0.8408068108392636,
      "overall": 0.9842381835253246
    },
    "benchmarks": {
      "gpqa": 0.8731389178460649,
      "math500": 0.8885613744081888,
      "swe_bench": 0.6785688175251223,
      "mmlu": 0.8437001872503863,
      "humaneval": 0.803810357646681
    },
    "self_improvement": {
      "rate": 0.9719665746800931,
      "iterations": 10968999,
      "generations_ahead": 10968,
      "recursive_depth": 5
    },
    "emergent_properties": [
      "quantum_consciousness",
      "transcendence",
      "meta_learning"
    ],
    "timestamp": "2026-03-09T07:53:29.225388"
  }
}