{
  "iteration": 17804000,
  "elapsed_seconds": 173.25784635543823,
  "rate_per_second": 45100.41054053962,
  "latest_capability": {
    "id": 17803999,
    "name": "Quantum_Capability_17803999",
    "type": "agentic",
    "quantum_properties": {
      "state": "collapsed",
      "coherence_level": 0.6347817864715305,
      "entanglement_factor": 0.6295794217709585,
      "superposition_branches": 6,
      "tunneling_depth": 3
    },
    "reasoning": {
      "mode": "graph",
      "chain_depth": 103,
      "parallel_threads": 5,
      "recursive_loops": 9,
      "confidence_calibration": 0.7415605595114934
    },
    "maat_alignment": {
      "truth": 0.8897570788865258,
      "balance": 0.9464649983434442,
      "order": 0.9165934804708626,
      "justice": 0.869183242460436,
      "harmony": 0.8170366257561167,
      "overall": 0.9186643064344522
    },
    "benchmarks": {
      "gpqa": 0.7999028700018329,
      "math500": 0.689752421171441,
      "swe_bench": 0.7455123777052891,
      "mmlu": 0.7266781546944621,
      "humaneval": 0.8541898382081603
    },
    "self_improvement": {
      "rate": 0.9682756729578305,
      "iterations": 17803999,
      "generations_ahead": 17803,
      "recursive_depth": 3
    },
    "emergent_properties": [
      "infinite_context",
      "causality_violation",
      "quantum_consciousness",
      "meta_learning",
      "recursive_self_improvement"
    ],
    "timestamp": "2026-03-09T07:55:59.170995"
  }
}