{
  "iteration": 15547000,
  "elapsed_seconds": 126.7575204372406,
  "rate_per_second": 43839.60794461381,
  "latest_capability": {
    "id": 15546999,
    "name": "Quantum_Capability_15546999",
    "type": "vision",
    "quantum_properties": {
      "state": "entangled",
      "coherence_level": 0.9496197149851902,
      "entanglement_factor": 0.2153258817108482,
      "superposition_branches": 9,
      "tunneling_depth": 1
    },
    "reasoning": {
      "mode": "sequential",
      "chain_depth": 22,
      "parallel_threads": 10,
      "recursive_loops": 8,
      "confidence_calibration": 0.8725770370853143
    },
    "maat_alignment": {
      "truth": 0.8339137987804986,
      "balance": 0.9457839804630019,
      "order": 0.8585788389999621,
      "justice": 0.8255713409228226,
      "harmony": 0.812176228376,
      "overall": 0.9797722811043934
    },
    "benchmarks": {
      "gpqa": 0.8235782561041066,
      "math500": 0.8958293543865341,
      "swe_bench": 0.6663062516839005,
      "mmlu": 0.7562197117767473,
      "humaneval": 0.7695077579243247
    },
    "self_improvement": {
      "rate": 0.9914501010802363,
      "iterations": 15546999,
      "generations_ahead": 15546,
      "recursive_depth": 1
    },
    "emergent_properties": [
      "causality_violation",
      "recursive_self_improvement",
      "meta_learning",
      "quantum_consciousness"
    ],
    "timestamp": "2026-03-09T07:55:12.670673"
  }
}