{
  "iteration": 14513000,
  "elapsed_seconds": 103.81215357780457,
  "rate_per_second": 43569.07976685145,
  "latest_capability": {
    "id": 14512999,
    "name": "Quantum_Capability_14512999",
    "type": "math",
    "quantum_properties": {
      "state": "superposition",
      "coherence_level": 0.6554551100754906,
      "entanglement_factor": 0.17894159354197026,
      "superposition_branches": 3,
      "tunneling_depth": 0
    },
    "reasoning": {
      "mode": "parallel",
      "chain_depth": 11,
      "parallel_threads": 14,
      "recursive_loops": 3,
      "confidence_calibration": 0.9272469722840256
    },
    "maat_alignment": {
      "truth": 0.8172624260202891,
      "balance": 0.807812200938041,
      "order": 0.9523774335118466,
      "justice": 0.9679269141239173,
      "harmony": 0.8968577530666304,
      "overall": 0.9667862328422432
    },
    "benchmarks": {
      "gpqa": 0.9067842525294593,
      "math500": 0.7882353510689858,
      "swe_bench": 0.8616776150823748,
      "mmlu": 0.7520007683533421,
      "humaneval": 0.8744725810142503
    },
    "self_improvement": {
      "rate": 0.9720414331018421,
      "iterations": 14512999,
      "generations_ahead": 14512,
      "recursive_depth": 4
    },
    "emergent_properties": [
      "transcendence",
      "recursive_self_improvement",
      "reality_bending"
    ],
    "timestamp": "2026-03-09T07:54:49.725302"
  }
}