{
  "iteration": 13637000,
  "elapsed_seconds": 83.94481468200684,
  "rate_per_second": 43445.20878168925,
  "latest_capability": {
    "id": 13636999,
    "name": "Quantum_Capability_13636999",
    "type": "math",
    "quantum_properties": {
      "state": "entangled",
      "coherence_level": 0.6014113039815596,
      "entanglement_factor": 0.5116975541669744,
      "superposition_branches": 8,
      "tunneling_depth": 3
    },
    "reasoning": {
      "mode": "tree",
      "chain_depth": 75,
      "parallel_threads": 7,
      "recursive_loops": 0,
      "confidence_calibration": 0.9515088807373974
    },
    "maat_alignment": {
      "truth": 0.8592018490662052,
      "balance": 0.8889771854018153,
      "order": 0.9983324835007211,
      "justice": 0.8508575818489434,
      "harmony": 0.8978522817794972,
      "overall": 0.8979745761505379
    },
    "benchmarks": {
      "gpqa": 0.8863113900291433,
      "math500": 0.7044069156526167,
      "swe_bench": 0.7302969830575343,
      "mmlu": 0.7769669752855395,
      "humaneval": 0.8597868479580477
    },
    "self_improvement": {
      "rate": 0.9636022461277773,
      "iterations": 13636999,
      "generations_ahead": 13636,
      "recursive_depth": 1
    },
    "emergent_properties": [
      "self_modification",
      "transcendence",
      "quantum_consciousness",
      "infinite_context",
      "causality_violation"
    ],
    "timestamp": "2026-03-09T07:54:29.857974"
  }
}