{
  "iteration": 13365000,
  "elapsed_seconds": 78.55988836288452,
  "rate_per_second": 42960.85534656275,
  "latest_capability": {
    "id": 13364999,
    "name": "Quantum_Capability_13364999",
    "type": "math",
    "quantum_properties": {
      "state": "superposition",
      "coherence_level": 0.8580250353727489,
      "entanglement_factor": 0.05552979939767044,
      "superposition_branches": 8,
      "tunneling_depth": 4
    },
    "reasoning": {
      "mode": "sequential",
      "chain_depth": 180,
      "parallel_threads": 8,
      "recursive_loops": 8,
      "confidence_calibration": 0.9864020986241286
    },
    "maat_alignment": {
      "truth": 0.8965753349078968,
      "balance": 0.8072300565119964,
      "order": 0.8899551248843256,
      "justice": 0.8455580914107494,
      "harmony": 0.976643637108368,
      "overall": 0.9987933129458817
    },
    "benchmarks": {
      "gpqa": 0.8299796415240931,
      "math500": 0.733831857234907,
      "swe_bench": 0.792245795304405,
      "mmlu": 0.7696660197864266,
      "humaneval": 0.9455149349024872
    },
    "self_improvement": {
      "rate": 0.9529929458721303,
      "iterations": 13364999,
      "generations_ahead": 13364,
      "recursive_depth": 1
    },
    "emergent_properties": [
      "quantum_consciousness",
      "recursive_self_improvement",
      "meta_learning",
      "causality_violation",
      "self_modification"
    ],
    "timestamp": "2026-03-09T07:54:24.473075"
  }
}