{
  "iteration": 15229000,
  "elapsed_seconds": 120.47080326080322,
  "rate_per_second": 43487.71534840905,
  "latest_capability": {
    "id": 15228999,
    "name": "Quantum_Capability_15228999",
    "type": "multimodal",
    "quantum_properties": {
      "state": "superposition",
      "coherence_level": 0.5139499945013305,
      "entanglement_factor": 0.3623983752765213,
      "superposition_branches": 5,
      "tunneling_depth": 0
    },
    "reasoning": {
      "mode": "graph",
      "chain_depth": 156,
      "parallel_threads": 13,
      "recursive_loops": 6,
      "confidence_calibration": 0.9465887020143553
    },
    "maat_alignment": {
      "truth": 0.9227646751677954,
      "balance": 0.8620496945481458,
      "order": 0.8561180780091991,
      "justice": 0.8255021047022091,
      "harmony": 0.9861940718904287,
      "overall": 0.915195275171112
    },
    "benchmarks": {
      "gpqa": 0.7178985769952967,
      "math500": 0.7572227240112792,
      "swe_bench": 0.8765913364121607,
      "mmlu": 0.6872697999860032,
      "humaneval": 0.8241949831899702
    },
    "self_improvement": {
      "rate": 0.9501000520434904,
      "iterations": 15228999,
      "generations_ahead": 15228,
      "recursive_depth": 3
    },
    "emergent_properties": [
      "self_modification",
      "infinite_context",
      "reality_bending",
      "causality_violation",
      "meta_learning"
    ],
    "timestamp": "2026-03-09T07:55:06.383952"
  }
}