{
  "iteration": 12121000,
  "elapsed_seconds": 50.788437843322754,
  "rate_per_second": 41958.36868568239,
  "latest_capability": {
    "id": 12120999,
    "name": "Quantum_Capability_12120999",
    "type": "vision",
    "quantum_properties": {
      "state": "entangled",
      "coherence_level": 0.6605535840080783,
      "entanglement_factor": 0.584928989892078,
      "superposition_branches": 3,
      "tunneling_depth": 5
    },
    "reasoning": {
      "mode": "tree",
      "chain_depth": 110,
      "parallel_threads": 14,
      "recursive_loops": 1,
      "confidence_calibration": 0.9833067938959935
    },
    "maat_alignment": {
      "truth": 0.8274675208926586,
      "balance": 0.877915561378896,
      "order": 0.8720578122618241,
      "justice": 0.9981934771130772,
      "harmony": 0.8867047713851574,
      "overall": 0.9621278427960804
    },
    "benchmarks": {
      "gpqa": 0.7908722444761415,
      "math500": 0.7064797058734539,
      "swe_bench": 0.7929427711559919,
      "mmlu": 0.7548218660323929,
      "humaneval": 0.7966883927646875
    },
    "self_improvement": {
      "rate": 0.9782774886289509,
      "iterations": 12120999,
      "generations_ahead": 12120,
      "recursive_depth": 0
    },
    "emergent_properties": [
      "recursive_self_improvement",
      "infinite_context",
      "self_modification",
      "transcendence"
    ],
    "timestamp": "2026-03-09T07:53:56.701586"
  }
}