{
  "iteration": 17909000,
  "elapsed_seconds": 179.40833234786987,
  "rate_per_second": 44139.53296575538,
  "latest_capability": {
    "id": 17908999,
    "name": "Quantum_Capability_17908999",
    "type": "coding",
    "quantum_properties": {
      "state": "coherent",
      "coherence_level": 0.6233213646155888,
      "entanglement_factor": 0.279707430878534,
      "superposition_branches": 5,
      "tunneling_depth": 5
    },
    "reasoning": {
      "mode": "graph",
      "chain_depth": 99,
      "parallel_threads": 5,
      "recursive_loops": 9,
      "confidence_calibration": 0.8053480107146287
    },
    "maat_alignment": {
      "truth": 0.9373873025203044,
      "balance": 0.9327042081478449,
      "order": 0.8733443185511611,
      "justice": 0.8783760949654227,
      "harmony": 0.9684953738211882,
      "overall": 0.8510532833347992
    },
    "benchmarks": {
      "gpqa": 0.8869315973100911,
      "math500": 0.6851346204507577,
      "swe_bench": 0.685101318056461,
      "mmlu": 0.8122064100167408,
      "humaneval": 0.7800897444055765
    },
    "self_improvement": {
      "rate": 0.9906863143900434,
      "iterations": 17908999,
      "generations_ahead": 17908,
      "recursive_depth": 1
    },
    "emergent_properties": [
      "self_modification",
      "causality_violation",
      "recursive_self_improvement",
      "reality_bending"
    ],
    "timestamp": "2026-03-09T07:56:05.321481"
  }
}