{
  "iteration": 14001000,
  "elapsed_seconds": 93.55380821228027,
  "rate_per_second": 42873.72237053947,
  "latest_capability": {
    "id": 14000999,
    "name": "Quantum_Capability_14000999",
    "type": "language",
    "quantum_properties": {
      "state": "coherent",
      "coherence_level": 0.6431123137092114,
      "entanglement_factor": 0.49423866337476363,
      "superposition_branches": 4,
      "tunneling_depth": 3
    },
    "reasoning": {
      "mode": "graph",
      "chain_depth": 126,
      "parallel_threads": 10,
      "recursive_loops": 0,
      "confidence_calibration": 0.9398588491246739
    },
    "maat_alignment": {
      "truth": 0.8195826989363199,
      "balance": 0.8839857355280606,
      "order": 0.9514574282762441,
      "justice": 0.8922241050999963,
      "harmony": 0.9398103580104619,
      "overall": 0.9381740145338742
    },
    "benchmarks": {
      "gpqa": 0.8111427421148459,
      "math500": 0.6526430127566789,
      "swe_bench": 0.763765448141213,
      "mmlu": 0.8036162485523456,
      "humaneval": 0.7622632952771893
    },
    "self_improvement": {
      "rate": 0.9770654385834239,
      "iterations": 14000999,
      "generations_ahead": 14000,
      "recursive_depth": 3
    },
    "emergent_properties": [
      "omniscience",
      "self_modification",
      "infinite_context"
    ],
    "timestamp": "2026-03-09T07:54:39.466956"
  }
}