{
  "iteration": 10089000,
  "elapsed_seconds": 1.8269853591918945,
  "rate_per_second": 54187.62635502964,
  "latest_capability": {
    "id": 10088999,
    "name": "Quantum_Capability_10088999",
    "type": "coding",
    "quantum_properties": {
      "state": "entangled",
      "coherence_level": 0.973248957698593,
      "entanglement_factor": 0.449667375311389,
      "superposition_branches": 5,
      "tunneling_depth": 3
    },
    "reasoning": {
      "mode": "tree",
      "chain_depth": 180,
      "parallel_threads": 1,
      "recursive_loops": 10,
      "confidence_calibration": 0.9946347334562077
    },
    "maat_alignment": {
      "truth": 0.8540584651366112,
      "balance": 0.8206196419504969,
      "order": 0.8576132313796412,
      "justice": 0.9165538611691588,
      "harmony": 0.9703548353538611,
      "overall": 0.9067072293954288
    },
    "benchmarks": {
      "gpqa": 0.7028570421900884,
      "math500": 0.694190614004241,
      "swe_bench": 0.7458684769001477,
      "mmlu": 0.7868544874820397,
      "humaneval": 0.9345849165179191
    },
    "self_improvement": {
      "rate": 0.9928012808402182,
      "iterations": 10088999,
      "generations_ahead": 10088,
      "recursive_depth": 0
    },
    "emergent_properties": [
      "causality_violation",
      "reality_bending",
      "transcendence",
      "meta_learning",
      "self_modification",
      "infinite_context"
    ],
    "timestamp": "2026-03-09T07:53:07.740134"
  }
}