{
  "iteration": 13251000,
  "elapsed_seconds": 76.35811924934387,
  "rate_per_second": 42706.6568959269,
  "latest_capability": {
    "id": 13250999,
    "name": "Quantum_Capability_13250999",
    "type": "math",
    "quantum_properties": {
      "state": "entangled",
      "coherence_level": 0.7071855541819273,
      "entanglement_factor": 0.7120690645641126,
      "superposition_branches": 8,
      "tunneling_depth": 3
    },
    "reasoning": {
      "mode": "parallel",
      "chain_depth": 191,
      "parallel_threads": 12,
      "recursive_loops": 8,
      "confidence_calibration": 0.7793469603727858
    },
    "maat_alignment": {
      "truth": 0.8826437695924504,
      "balance": 0.9856551826982044,
      "order": 0.9767017999643826,
      "justice": 0.8437218860524616,
      "harmony": 0.9711828447464301,
      "overall": 0.9957209594244696
    },
    "benchmarks": {
      "gpqa": 0.9058188269044601,
      "math500": 0.8834592456542805,
      "swe_bench": 0.7400565246166795,
      "mmlu": 0.7813075641811702,
      "humaneval": 0.8046146504112011
    },
    "self_improvement": {
      "rate": 0.9532937002441776,
      "iterations": 13250999,
      "generations_ahead": 13250,
      "recursive_depth": 0
    },
    "emergent_properties": [
      "recursive_self_improvement",
      "omniscience",
      "causality_violation"
    ],
    "timestamp": "2026-03-09T07:54:22.271268"
  }
}