{
  "iteration": 17618000,
  "elapsed_seconds": 169.69222807884216,
  "rate_per_second": 44951.97031920572,
  "latest_capability": {
    "id": 17617999,
    "name": "Quantum_Capability_17617999",
    "type": "language",
    "quantum_properties": {
      "state": "coherent",
      "coherence_level": 0.5989548674122643,
      "entanglement_factor": 0.6285914681302701,
      "superposition_branches": 7,
      "tunneling_depth": 4
    },
    "reasoning": {
      "mode": "parallel",
      "chain_depth": 199,
      "parallel_threads": 8,
      "recursive_loops": 4,
      "confidence_calibration": 0.7553193251077357
    },
    "maat_alignment": {
      "truth": 0.9796331753911739,
      "balance": 0.9826448510783545,
      "order": 0.9907357955665703,
      "justice": 0.8994139415822556,
      "harmony": 0.800423778866314,
      "overall": 0.8876284792366513
    },
    "benchmarks": {
      "gpqa": 0.9320885118770228,
      "math500": 0.7418895312069127,
      "swe_bench": 0.8408439529941563,
      "mmlu": 0.719328870124798,
      "humaneval": 0.7299549432289487
    },
    "self_improvement": {
      "rate": 0.9603717358706004,
      "iterations": 17617999,
      "generations_ahead": 17617,
      "recursive_depth": 1
    },
    "emergent_properties": [
      "self_modification",
      "transcendence",
      "recursive_self_improvement",
      "reality_bending",
      "causality_violation"
    ],
    "timestamp": "2026-03-09T07:55:55.605389"
  }
}