{
  "iteration": 16102000,
  "elapsed_seconds": 137.2753210067749,
  "rate_per_second": 44523.662047735124,
  "latest_capability": {
    "id": 16101999,
    "name": "Quantum_Capability_16101999",
    "type": "math",
    "quantum_properties": {
      "state": "superposition",
      "coherence_level": 0.9442074214334717,
      "entanglement_factor": 0.21448651359130377,
      "superposition_branches": 6,
      "tunneling_depth": 0
    },
    "reasoning": {
      "mode": "parallel",
      "chain_depth": 19,
      "parallel_threads": 12,
      "recursive_loops": 9,
      "confidence_calibration": 0.7471829135367192
    },
    "maat_alignment": {
      "truth": 0.8880347228274095,
      "balance": 0.9425927320654729,
      "order": 0.8461802934569743,
      "justice": 0.8019887664288815,
      "harmony": 0.9634937337958347,
      "overall": 0.9222748251327646
    },
    "benchmarks": {
      "gpqa": 0.9415015160321913,
      "math500": 0.7279703686186481,
      "swe_bench": 0.741838571177446,
      "mmlu": 0.7436595739651679,
      "humaneval": 0.7849254024574261
    },
    "self_improvement": {
      "rate": 0.9941450831804619,
      "iterations": 16101999,
      "generations_ahead": 16101,
      "recursive_depth": 3
    },
    "emergent_properties": [
      "recursive_self_improvement",
      "transcendence",
      "infinite_context",
      "self_modification"
    ],
    "timestamp": "2026-03-09T07:55:23.188473"
  }
}