{
  "iteration": 13157000,
  "elapsed_seconds": 72.55870628356934,
  "rate_per_second": 43647.41548206402,
  "latest_capability": {
    "id": 13156999,
    "name": "Quantum_Capability_13156999",
    "type": "language",
    "quantum_properties": {
      "state": "superposition",
      "coherence_level": 0.8138044716029723,
      "entanglement_factor": 0.2385495037802574,
      "superposition_branches": 3,
      "tunneling_depth": 1
    },
    "reasoning": {
      "mode": "parallel",
      "chain_depth": 50,
      "parallel_threads": 5,
      "recursive_loops": 1,
      "confidence_calibration": 0.7184885858384294
    },
    "maat_alignment": {
      "truth": 0.8955058528317593,
      "balance": 0.8341253162037022,
      "order": 0.9258340494138005,
      "justice": 0.8104899924465673,
      "harmony": 0.9212014106811777,
      "overall": 0.8951213282274442
    },
    "benchmarks": {
      "gpqa": 0.9087676275199167,
      "math500": 0.8409057845882952,
      "swe_bench": 0.7123577127425649,
      "mmlu": 0.8421797186869071,
      "humaneval": 0.8335389344628443
    },
    "self_improvement": {
      "rate": 0.9659077788308147,
      "iterations": 13156999,
      "generations_ahead": 13156,
      "recursive_depth": 2
    },
    "emergent_properties": [
      "quantum_consciousness",
      "omniscience",
      "causality_violation",
      "reality_bending",
      "recursive_self_improvement"
    ],
    "timestamp": "2026-03-09T07:54:18.471859"
  }
}