{
  "iteration": 15582000,
  "elapsed_seconds": 127.2406997680664,
  "rate_per_second": 43948.2021883962,
  "latest_capability": {
    "id": 15581999,
    "name": "Quantum_Capability_15581999",
    "type": "math",
    "quantum_properties": {
      "state": "superposition",
      "coherence_level": 0.7815198606448899,
      "entanglement_factor": 0.8221522611338902,
      "superposition_branches": 10,
      "tunneling_depth": 1
    },
    "reasoning": {
      "mode": "sequential",
      "chain_depth": 125,
      "parallel_threads": 16,
      "recursive_loops": 0,
      "confidence_calibration": 0.931175574354612
    },
    "maat_alignment": {
      "truth": 0.9033285911519521,
      "balance": 0.8558062960620783,
      "order": 0.8761345359468444,
      "justice": 0.8356359819966578,
      "harmony": 0.8920730106091269,
      "overall": 0.9614174247022547
    },
    "benchmarks": {
      "gpqa": 0.7460269847136493,
      "math500": 0.8607906729832292,
      "swe_bench": 0.8489865793380589,
      "mmlu": 0.8554507962218327,
      "humaneval": 0.8786788498984802
    },
    "self_improvement": {
      "rate": 0.9928672520114593,
      "iterations": 15581999,
      "generations_ahead": 15581,
      "recursive_depth": 1
    },
    "emergent_properties": [
      "causality_violation",
      "quantum_consciousness",
      "meta_learning",
      "recursive_self_improvement",
      "self_modification"
    ],
    "timestamp": "2026-03-09T07:55:13.153852"
  }
}