{
  "iteration": 11553000,
  "elapsed_seconds": 37.641510248184204,
  "rate_per_second": 41523.30737248774,
  "latest_capability": {
    "id": 11552999,
    "name": "Quantum_Capability_11552999",
    "type": "multimodal",
    "quantum_properties": {
      "state": "entangled",
      "coherence_level": 0.8593623360449316,
      "entanglement_factor": 0.8840776675465826,
      "superposition_branches": 7,
      "tunneling_depth": 2
    },
    "reasoning": {
      "mode": "tree",
      "chain_depth": 59,
      "parallel_threads": 3,
      "recursive_loops": 7,
      "confidence_calibration": 0.8714835394087693
    },
    "maat_alignment": {
      "truth": 0.8227681401079024,
      "balance": 0.8047970857296796,
      "order": 0.9876014886260192,
      "justice": 0.9996314014757102,
      "harmony": 0.9126339768688211,
      "overall": 0.8842015091819345
    },
    "benchmarks": {
      "gpqa": 0.7579264303486583,
      "math500": 0.7741534191550671,
      "swe_bench": 0.8945191017058228,
      "mmlu": 0.6997242432559512,
      "humaneval": 0.8599441939324128
    },
    "self_improvement": {
      "rate": 0.9785951260599305,
      "iterations": 11552999,
      "generations_ahead": 11552,
      "recursive_depth": 1
    },
    "emergent_properties": [
      "self_modification",
      "omniscience",
      "causality_violation",
      "infinite_context"
    ],
    "timestamp": "2026-03-09T07:53:43.554662"
  }
}