{
  "iteration": 16134000,
  "elapsed_seconds": 138.05267810821533,
  "rate_per_second": 44504.75053576218,
  "latest_capability": {
    "id": 16133999,
    "name": "Quantum_Capability_16133999",
    "type": "agentic",
    "quantum_properties": {
      "state": "entangled",
      "coherence_level": 0.5007063743196392,
      "entanglement_factor": 0.10349590349620297,
      "superposition_branches": 4,
      "tunneling_depth": 1
    },
    "reasoning": {
      "mode": "parallel",
      "chain_depth": 33,
      "parallel_threads": 15,
      "recursive_loops": 9,
      "confidence_calibration": 0.8239778266106491
    },
    "maat_alignment": {
      "truth": 0.9208576945515314,
      "balance": 0.9895182099363524,
      "order": 0.951519578748157,
      "justice": 0.8661957203059993,
      "harmony": 0.9064056540508336,
      "overall": 0.864470982588152
    },
    "benchmarks": {
      "gpqa": 0.7467434334253238,
      "math500": 0.8951412563648765,
      "swe_bench": 0.6660760386279695,
      "mmlu": 0.8394106932223236,
      "humaneval": 0.8978167103977064
    },
    "self_improvement": {
      "rate": 0.9667460589750907,
      "iterations": 16133999,
      "generations_ahead": 16133,
      "recursive_depth": 4
    },
    "emergent_properties": [
      "causality_violation",
      "meta_learning",
      "omniscience",
      "transcendence",
      "self_modification"
    ],
    "timestamp": "2026-03-09T07:55:23.965827"
  }
}