{
  "iteration": 10202000,
  "elapsed_seconds": 4.5045247077941895,
  "rate_per_second": 47063.78891277384,
  "latest_capability": {
    "id": 10201999,
    "name": "Quantum_Capability_10201999",
    "type": "language",
    "quantum_properties": {
      "state": "superposition",
      "coherence_level": 0.8399336073949462,
      "entanglement_factor": 0.2322865689017145,
      "superposition_branches": 8,
      "tunneling_depth": 5
    },
    "reasoning": {
      "mode": "tree",
      "chain_depth": 72,
      "parallel_threads": 2,
      "recursive_loops": 4,
      "confidence_calibration": 0.8108409864372614
    },
    "maat_alignment": {
      "truth": 0.826154576281739,
      "balance": 0.897051454550796,
      "order": 0.920962723479396,
      "justice": 0.938220611480662,
      "harmony": 0.9043184638285234,
      "overall": 0.9836107730013842
    },
    "benchmarks": {
      "gpqa": 0.7367489267063874,
      "math500": 0.657107538278862,
      "swe_bench": 0.8148196035052452,
      "mmlu": 0.8692942300002859,
      "humaneval": 0.7622098806090077
    },
    "self_improvement": {
      "rate": 0.977187000233674,
      "iterations": 10201999,
      "generations_ahead": 10201,
      "recursive_depth": 4
    },
    "emergent_properties": [
      "transcendence",
      "infinite_context",
      "meta_learning"
    ],
    "timestamp": "2026-03-09T07:53:10.417673"
  }
}