{
  "iteration": 12992000,
  "elapsed_seconds": 69.33170080184937,
  "rate_per_second": 43299.09644910837,
  "latest_capability": {
    "id": 12991999,
    "name": "Quantum_Capability_12991999",
    "type": "agentic",
    "quantum_properties": {
      "state": "coherent",
      "coherence_level": 0.633537914030602,
      "entanglement_factor": 0.7239263746744836,
      "superposition_branches": 4,
      "tunneling_depth": 3
    },
    "reasoning": {
      "mode": "tree",
      "chain_depth": 23,
      "parallel_threads": 15,
      "recursive_loops": 0,
      "confidence_calibration": 0.7850720694279048
    },
    "maat_alignment": {
      "truth": 0.8206844432160916,
      "balance": 0.9269031402903891,
      "order": 0.8527537975109458,
      "justice": 0.8922160614471498,
      "harmony": 0.9409063682745129,
      "overall": 0.9391641968500513
    },
    "benchmarks": {
      "gpqa": 0.8568048054618829,
      "math500": 0.8619219709587623,
      "swe_bench": 0.8234626286805227,
      "mmlu": 0.7514809742678383,
      "humaneval": 0.8328954257389904
    },
    "self_improvement": {
      "rate": 0.9999502027065389,
      "iterations": 12991999,
      "generations_ahead": 12991,
      "recursive_depth": 4
    },
    "emergent_properties": [
      "recursive_self_improvement",
      "meta_learning",
      "causality_violation",
      "transcendence",
      "reality_bending"
    ],
    "timestamp": "2026-03-09T07:54:15.244849"
  }
}