{
  "iteration": 15744000,
  "elapsed_seconds": 130.44937109947205,
  "rate_per_second": 44109.06661721183,
  "latest_capability": {
    "id": 15743999,
    "name": "Quantum_Capability_15743999",
    "type": "math",
    "quantum_properties": {
      "state": "superposition",
      "coherence_level": 0.7935359018448904,
      "entanglement_factor": 0.7869335670865528,
      "superposition_branches": 4,
      "tunneling_depth": 3
    },
    "reasoning": {
      "mode": "graph",
      "chain_depth": 111,
      "parallel_threads": 4,
      "recursive_loops": 0,
      "confidence_calibration": 0.7674539377650541
    },
    "maat_alignment": {
      "truth": 0.9102393363840732,
      "balance": 0.8863663569837772,
      "order": 0.8448812374724678,
      "justice": 0.9870002697488846,
      "harmony": 0.8607439690400764,
      "overall": 0.854820892472633
    },
    "benchmarks": {
      "gpqa": 0.7946482106750967,
      "math500": 0.7119716972356893,
      "swe_bench": 0.8341404075131507,
      "mmlu": 0.781332257331933,
      "humaneval": 0.874986686782955
    },
    "self_improvement": {
      "rate": 0.9590698747105273,
      "iterations": 15743999,
      "generations_ahead": 15743,
      "recursive_depth": 0
    },
    "emergent_properties": [
      "quantum_consciousness",
      "meta_learning",
      "infinite_context",
      "reality_bending",
      "self_modification",
      "transcendence"
    ],
    "timestamp": "2026-03-09T07:55:16.362520"
  }
}