{
  "iteration": 16065000,
  "elapsed_seconds": 136.44897985458374,
  "rate_per_second": 44522.13572043003,
  "latest_capability": {
    "id": 16064999,
    "name": "Quantum_Capability_16064999",
    "type": "reasoning",
    "quantum_properties": {
      "state": "collapsed",
      "coherence_level": 0.5766163838951184,
      "entanglement_factor": 0.2597338064768917,
      "superposition_branches": 1,
      "tunneling_depth": 1
    },
    "reasoning": {
      "mode": "tree",
      "chain_depth": 179,
      "parallel_threads": 3,
      "recursive_loops": 7,
      "confidence_calibration": 0.730905750476152
    },
    "maat_alignment": {
      "truth": 0.8735957967798996,
      "balance": 0.9492791692991287,
      "order": 0.8638614651569707,
      "justice": 0.9781973332779768,
      "harmony": 0.9707946432255126,
      "overall": 0.9426316886021389
    },
    "benchmarks": {
      "gpqa": 0.8180912405096384,
      "math500": 0.7943896488929548,
      "swe_bench": 0.7244273430166319,
      "mmlu": 0.7371307899191756,
      "humaneval": 0.7981282457037042
    },
    "self_improvement": {
      "rate": 0.9659623882801628,
      "iterations": 16064999,
      "generations_ahead": 16064,
      "recursive_depth": 2
    },
    "emergent_properties": [
      "causality_violation",
      "recursive_self_improvement",
      "omniscience",
      "reality_bending",
      "transcendence",
      "infinite_context"
    ],
    "timestamp": "2026-03-09T07:55:22.362129"
  }
}