{
  "iteration": 10695000,
  "elapsed_seconds": 17.228687524795532,
  "rate_per_second": 40920.12226615427,
  "latest_capability": {
    "id": 10694999,
    "name": "Quantum_Capability_10694999",
    "type": "agentic",
    "quantum_properties": {
      "state": "superposition",
      "coherence_level": 0.5031009323954093,
      "entanglement_factor": 0.017497588165606426,
      "superposition_branches": 4,
      "tunneling_depth": 3
    },
    "reasoning": {
      "mode": "graph",
      "chain_depth": 144,
      "parallel_threads": 3,
      "recursive_loops": 2,
      "confidence_calibration": 0.9920559085190247
    },
    "maat_alignment": {
      "truth": 0.9176774603188169,
      "balance": 0.9893311539565024,
      "order": 0.9163265210892874,
      "justice": 0.8126157950679317,
      "harmony": 0.9557338387468256,
      "overall": 0.972587241310359
    },
    "benchmarks": {
      "gpqa": 0.850996437104936,
      "math500": 0.7729103945608558,
      "swe_bench": 0.8374854298689647,
      "mmlu": 0.6896589382801479,
      "humaneval": 0.7530304245798725
    },
    "self_improvement": {
      "rate": 0.955536829755857,
      "iterations": 10694999,
      "generations_ahead": 10694,
      "recursive_depth": 0
    },
    "emergent_properties": [
      "transcendence",
      "infinite_context",
      "recursive_self_improvement",
      "quantum_consciousness",
      "reality_bending"
    ],
    "timestamp": "2026-03-09T07:53:23.141843"
  }
}