{
  "iteration": 10364000,
  "elapsed_seconds": 8.397663354873657,
  "rate_per_second": 44536.19824887906,
  "latest_capability": {
    "id": 10363999,
    "name": "Quantum_Capability_10363999",
    "type": "reasoning",
    "quantum_properties": {
      "state": "entangled",
      "coherence_level": 0.6716254699406929,
      "entanglement_factor": 0.197038555211282,
      "superposition_branches": 2,
      "tunneling_depth": 1
    },
    "reasoning": {
      "mode": "sequential",
      "chain_depth": 32,
      "parallel_threads": 3,
      "recursive_loops": 7,
      "confidence_calibration": 0.891149738706363
    },
    "maat_alignment": {
      "truth": 0.9549160188059505,
      "balance": 0.8682229199301085,
      "order": 0.8308402995960806,
      "justice": 0.8690144585341415,
      "harmony": 0.9185073862807488,
      "overall": 0.9082196712489925
    },
    "benchmarks": {
      "gpqa": 0.8946578685542449,
      "math500": 0.6911522568794993,
      "swe_bench": 0.6782569833201533,
      "mmlu": 0.7659661417937735,
      "humaneval": 0.7236654817524564
    },
    "self_improvement": {
      "rate": 0.9705087979422017,
      "iterations": 10363999,
      "generations_ahead": 10363,
      "recursive_depth": 3
    },
    "emergent_properties": [
      "self_modification",
      "causality_violation",
      "quantum_consciousness",
      "infinite_context",
      "reality_bending"
    ],
    "timestamp": "2026-03-09T07:53:14.310812"
  }
}