{
  "iteration": 14351000,
  "elapsed_seconds": 100.61669945716858,
  "rate_per_second": 43342.70576880163,
  "latest_capability": {
    "id": 14350999,
    "name": "Quantum_Capability_14350999",
    "type": "reasoning",
    "quantum_properties": {
      "state": "coherent",
      "coherence_level": 0.5175677457710286,
      "entanglement_factor": 0.46397884324202243,
      "superposition_branches": 4,
      "tunneling_depth": 5
    },
    "reasoning": {
      "mode": "graph",
      "chain_depth": 186,
      "parallel_threads": 7,
      "recursive_loops": 8,
      "confidence_calibration": 0.8735984443613175
    },
    "maat_alignment": {
      "truth": 0.8540254598051749,
      "balance": 0.8206901265192722,
      "order": 0.9838744694355861,
      "justice": 0.8900674955184799,
      "harmony": 0.9700508059652088,
      "overall": 0.9956887403648892
    },
    "benchmarks": {
      "gpqa": 0.8032447601321144,
      "math500": 0.8743228097343994,
      "swe_bench": 0.6517786518605291,
      "mmlu": 0.7989868668753773,
      "humaneval": 0.8829241001324888
    },
    "self_improvement": {
      "rate": 0.9986856605583202,
      "iterations": 14350999,
      "generations_ahead": 14350,
      "recursive_depth": 2
    },
    "emergent_properties": [
      "recursive_self_improvement",
      "self_modification",
      "omniscience",
      "transcendence",
      "quantum_consciousness"
    ],
    "timestamp": "2026-03-09T07:54:46.529847"
  }
}