{
  "iteration": 13732000,
  "elapsed_seconds": 85.88277769088745,
  "rate_per_second": 43571.01738684266,
  "latest_capability": {
    "id": 13731999,
    "name": "Quantum_Capability_13731999",
    "type": "coding",
    "quantum_properties": {
      "state": "entangled",
      "coherence_level": 0.798737567742293,
      "entanglement_factor": 0.20679536865592651,
      "superposition_branches": 7,
      "tunneling_depth": 1
    },
    "reasoning": {
      "mode": "parallel",
      "chain_depth": 63,
      "parallel_threads": 13,
      "recursive_loops": 8,
      "confidence_calibration": 0.8495028715745674
    },
    "maat_alignment": {
      "truth": 0.8383171298260259,
      "balance": 0.999973024868754,
      "order": 0.9160955290986093,
      "justice": 0.9734575280173532,
      "harmony": 0.8269516547717546,
      "overall": 0.9475633815372413
    },
    "benchmarks": {
      "gpqa": 0.8199256642858072,
      "math500": 0.6513236076583546,
      "swe_bench": 0.8232433762579839,
      "mmlu": 0.7979991297163359,
      "humaneval": 0.7738707835617218
    },
    "self_improvement": {
      "rate": 0.99597496950155,
      "iterations": 13731999,
      "generations_ahead": 13731,
      "recursive_depth": 3
    },
    "emergent_properties": [
      "recursive_self_improvement",
      "reality_bending",
      "transcendence",
      "self_modification",
      "omniscience"
    ],
    "timestamp": "2026-03-09T07:54:31.795932"
  }
}