{
  "iteration": 14459000,
  "elapsed_seconds": 102.75102925300598,
  "rate_per_second": 43493.481598085884,
  "latest_capability": {
    "id": 14458999,
    "name": "Quantum_Capability_14458999",
    "type": "multimodal",
    "quantum_properties": {
      "state": "collapsed",
      "coherence_level": 0.5525865561497951,
      "entanglement_factor": 0.7042640722490824,
      "superposition_branches": 10,
      "tunneling_depth": 1
    },
    "reasoning": {
      "mode": "tree",
      "chain_depth": 61,
      "parallel_threads": 10,
      "recursive_loops": 7,
      "confidence_calibration": 0.9499782009059479
    },
    "maat_alignment": {
      "truth": 0.9892534599842133,
      "balance": 0.9173954805799144,
      "order": 0.9446112581566166,
      "justice": 0.8951164083645079,
      "harmony": 0.8989546161111349,
      "overall": 0.9428897511289177
    },
    "benchmarks": {
      "gpqa": 0.7092532454277758,
      "math500": 0.8680065189680718,
      "swe_bench": 0.7722472169816191,
      "mmlu": 0.6720333727831806,
      "humaneval": 0.7407049534087224
    },
    "self_improvement": {
      "rate": 0.9644219451572847,
      "iterations": 14458999,
      "generations_ahead": 14458,
      "recursive_depth": 2
    },
    "emergent_properties": [
      "omniscience",
      "meta_learning",
      "infinite_context",
      "self_modification",
      "quantum_consciousness"
    ],
    "timestamp": "2026-03-09T07:54:48.664177"
  }
}