{
  "iteration": 13678000,
  "elapsed_seconds": 84.82969236373901,
  "rate_per_second": 43475.34332891744,
  "latest_capability": {
    "id": 13677999,
    "name": "Quantum_Capability_13677999",
    "type": "math",
    "quantum_properties": {
      "state": "collapsed",
      "coherence_level": 0.8409890269386309,
      "entanglement_factor": 0.43816267553455024,
      "superposition_branches": 6,
      "tunneling_depth": 3
    },
    "reasoning": {
      "mode": "graph",
      "chain_depth": 59,
      "parallel_threads": 1,
      "recursive_loops": 7,
      "confidence_calibration": 0.9059454565960674
    },
    "maat_alignment": {
      "truth": 0.8086245705638081,
      "balance": 0.8774836064675909,
      "order": 0.9047752567465435,
      "justice": 0.9930768918628131,
      "harmony": 0.9876847083490079,
      "overall": 0.9843387623224215
    },
    "benchmarks": {
      "gpqa": 0.8903940288797358,
      "math500": 0.8237827148463843,
      "swe_bench": 0.6542315076996146,
      "mmlu": 0.8754952028134619,
      "humaneval": 0.8124932866820936
    },
    "self_improvement": {
      "rate": 0.972133477922603,
      "iterations": 13677999,
      "generations_ahead": 13677,
      "recursive_depth": 2
    },
    "emergent_properties": [
      "self_modification",
      "transcendence",
      "omniscience",
      "causality_violation",
      "quantum_consciousness",
      "infinite_context"
    ],
    "timestamp": "2026-03-09T07:54:30.742841"
  }
}