{
  "iteration": 15641000,
  "elapsed_seconds": 128.38060545921326,
  "rate_per_second": 44017.552182329695,
  "latest_capability": {
    "id": 15640999,
    "name": "Quantum_Capability_15640999",
    "type": "math",
    "quantum_properties": {
      "state": "entangled",
      "coherence_level": 0.597334777519054,
      "entanglement_factor": 0.15215339312698128,
      "superposition_branches": 2,
      "tunneling_depth": 3
    },
    "reasoning": {
      "mode": "sequential",
      "chain_depth": 42,
      "parallel_threads": 1,
      "recursive_loops": 6,
      "confidence_calibration": 0.9210440181750198
    },
    "maat_alignment": {
      "truth": 0.8348784531453801,
      "balance": 0.9865253813916083,
      "order": 0.9612621489892352,
      "justice": 0.9911195594586879,
      "harmony": 0.869993329737505,
      "overall": 0.9108342006400866
    },
    "benchmarks": {
      "gpqa": 0.7751771964925553,
      "math500": 0.8512980090781386,
      "swe_bench": 0.7451062584327558,
      "mmlu": 0.8779807502726455,
      "humaneval": 0.8637660012848619
    },
    "self_improvement": {
      "rate": 0.998837426608182,
      "iterations": 15640999,
      "generations_ahead": 15640,
      "recursive_depth": 2
    },
    "emergent_properties": [
      "recursive_self_improvement",
      "transcendence",
      "quantum_consciousness",
      "causality_violation"
    ],
    "timestamp": "2026-03-09T07:55:14.293758"
  }
}