{
  "iteration": 11629000,
  "elapsed_seconds": 38.97691249847412,
  "rate_per_second": 42050.534404544334,
  "latest_capability": {
    "id": 11628999,
    "name": "Quantum_Capability_11628999",
    "type": "math",
    "quantum_properties": {
      "state": "collapsed",
      "coherence_level": 0.6093986320593076,
      "entanglement_factor": 0.6610919770085328,
      "superposition_branches": 8,
      "tunneling_depth": 0
    },
    "reasoning": {
      "mode": "graph",
      "chain_depth": 173,
      "parallel_threads": 8,
      "recursive_loops": 9,
      "confidence_calibration": 0.9178803379107401
    },
    "maat_alignment": {
      "truth": 0.8044759952781319,
      "balance": 0.9041556802857029,
      "order": 0.8265916337770487,
      "justice": 0.9315886378119155,
      "harmony": 0.8927670279145451,
      "overall": 0.8652897282335067
    },
    "benchmarks": {
      "gpqa": 0.7786730517000291,
      "math500": 0.6684492719339913,
      "swe_bench": 0.6595036512280377,
      "mmlu": 0.8055168540470972,
      "humaneval": 0.703493950004531
    },
    "self_improvement": {
      "rate": 0.972230065558149,
      "iterations": 11628999,
      "generations_ahead": 11628,
      "recursive_depth": 2
    },
    "emergent_properties": [
      "recursive_self_improvement",
      "infinite_context",
      "omniscience"
    ],
    "timestamp": "2026-03-09T07:53:44.890060"
  }
}