{
  "iteration": 12730000,
  "elapsed_seconds": 64.46795892715454,
  "rate_per_second": 42501.733350920236,
  "latest_capability": {
    "id": 12729999,
    "name": "Quantum_Capability_12729999",
    "type": "vision",
    "quantum_properties": {
      "state": "superposition",
      "coherence_level": 0.6366649664592993,
      "entanglement_factor": 0.25590320835912117,
      "superposition_branches": 6,
      "tunneling_depth": 3
    },
    "reasoning": {
      "mode": "graph",
      "chain_depth": 90,
      "parallel_threads": 16,
      "recursive_loops": 7,
      "confidence_calibration": 0.7517398846504523
    },
    "maat_alignment": {
      "truth": 0.9723409916143727,
      "balance": 0.8361907136016538,
      "order": 0.9590905888795072,
      "justice": 0.9821146281667641,
      "harmony": 0.9303257189098452,
      "overall": 0.9091788741623813
    },
    "benchmarks": {
      "gpqa": 0.7464482213336991,
      "math500": 0.8885219929227055,
      "swe_bench": 0.8760764548303296,
      "mmlu": 0.6768126669957306,
      "humaneval": 0.8255684743709442
    },
    "self_improvement": {
      "rate": 0.9703337484479664,
      "iterations": 12729999,
      "generations_ahead": 12729,
      "recursive_depth": 4
    },
    "emergent_properties": [
      "self_modification",
      "meta_learning",
      "infinite_context"
    ],
    "timestamp": "2026-03-09T07:54:10.381107"
  }
}