{
  "iteration": 11370000,
  "elapsed_seconds": 33.90089178085327,
  "rate_per_second": 40706.8937572729,
  "latest_capability": {
    "id": 11369999,
    "name": "Quantum_Capability_11369999",
    "type": "reasoning",
    "quantum_properties": {
      "state": "coherent",
      "coherence_level": 0.8090696140591646,
      "entanglement_factor": 0.1955185928081724,
      "superposition_branches": 9,
      "tunneling_depth": 1
    },
    "reasoning": {
      "mode": "graph",
      "chain_depth": 160,
      "parallel_threads": 5,
      "recursive_loops": 1,
      "confidence_calibration": 0.8578207580713477
    },
    "maat_alignment": {
      "truth": 0.9758957157073356,
      "balance": 0.8805268067605464,
      "order": 0.9131342100494729,
      "justice": 0.908071774458312,
      "harmony": 0.985759558947319,
      "overall": 0.9229488955079997
    },
    "benchmarks": {
      "gpqa": 0.8131588406286235,
      "math500": 0.6777107849343728,
      "swe_bench": 0.8823300470963702,
      "mmlu": 0.793512367160327,
      "humaneval": 0.9271600485692235
    },
    "self_improvement": {
      "rate": 0.9557258384885637,
      "iterations": 11369999,
      "generations_ahead": 11369,
      "recursive_depth": 0
    },
    "emergent_properties": [
      "causality_violation",
      "self_modification",
      "meta_learning",
      "transcendence",
      "quantum_consciousness",
      "infinite_context"
    ],
    "timestamp": "2026-03-09T07:53:39.814041"
  }
}