{
  "iteration": 11202000,
  "elapsed_seconds": 29.025185108184814,
  "rate_per_second": 41756.83963711322,
  "latest_capability": {
    "id": 11201999,
    "name": "Quantum_Capability_11201999",
    "type": "vision",
    "quantum_properties": {
      "state": "entangled",
      "coherence_level": 0.5876589139279724,
      "entanglement_factor": 0.7869955427428521,
      "superposition_branches": 9,
      "tunneling_depth": 4
    },
    "reasoning": {
      "mode": "tree",
      "chain_depth": 28,
      "parallel_threads": 8,
      "recursive_loops": 7,
      "confidence_calibration": 0.7972007959256094
    },
    "maat_alignment": {
      "truth": 0.9667253228319169,
      "balance": 0.9830269071126926,
      "order": 0.9645141614420809,
      "justice": 0.838250415370871,
      "harmony": 0.8074985937486958,
      "overall": 0.963695745016723
    },
    "benchmarks": {
      "gpqa": 0.7697921565428607,
      "math500": 0.7454277084005083,
      "swe_bench": 0.8109470724557275,
      "mmlu": 0.7833445057974842,
      "humaneval": 0.7583845294015951
    },
    "self_improvement": {
      "rate": 0.9760800754953894,
      "iterations": 11201999,
      "generations_ahead": 11201,
      "recursive_depth": 2
    },
    "emergent_properties": [
      "reality_bending",
      "causality_violation",
      "omniscience",
      "meta_learning"
    ],
    "timestamp": "2026-03-09T07:53:34.938346"
  }
}