{
  "iteration": 12013000,
  "elapsed_seconds": 47.267903327941895,
  "rate_per_second": 42798.598151573315,
  "latest_capability": {
    "id": 12012999,
    "name": "Quantum_Capability_12012999",
    "type": "coding",
    "quantum_properties": {
      "state": "collapsed",
      "coherence_level": 0.9441188318738419,
      "entanglement_factor": 0.0023441262446681765,
      "superposition_branches": 2,
      "tunneling_depth": 1
    },
    "reasoning": {
      "mode": "tree",
      "chain_depth": 31,
      "parallel_threads": 4,
      "recursive_loops": 7,
      "confidence_calibration": 0.9655672381883184
    },
    "maat_alignment": {
      "truth": 0.9786022139956958,
      "balance": 0.9681541147444006,
      "order": 0.8581808317651208,
      "justice": 0.9660176004799098,
      "harmony": 0.9304409338899761,
      "overall": 0.9294544019191462
    },
    "benchmarks": {
      "gpqa": 0.8276395731087195,
      "math500": 0.820715927896874,
      "swe_bench": 0.752288551821305,
      "mmlu": 0.7486199364394241,
      "humaneval": 0.8673689121083978
    },
    "self_improvement": {
      "rate": 0.9628084129612596,
      "iterations": 12012999,
      "generations_ahead": 12012,
      "recursive_depth": 0
    },
    "emergent_properties": [
      "meta_learning",
      "omniscience",
      "infinite_context",
      "recursive_self_improvement",
      "quantum_consciousness",
      "self_modification"
    ],
    "timestamp": "2026-03-09T07:53:53.181052"
  }
}