{
  "iteration": 15797000,
  "elapsed_seconds": 131.49886465072632,
  "rate_per_second": 44160.077088299986,
  "latest_capability": {
    "id": 15796999,
    "name": "Quantum_Capability_15796999",
    "type": "reasoning",
    "quantum_properties": {
      "state": "superposition",
      "coherence_level": 0.5976810536431216,
      "entanglement_factor": 0.12753531861740852,
      "superposition_branches": 1,
      "tunneling_depth": 5
    },
    "reasoning": {
      "mode": "graph",
      "chain_depth": 125,
      "parallel_threads": 5,
      "recursive_loops": 2,
      "confidence_calibration": 0.9109428324613359
    },
    "maat_alignment": {
      "truth": 0.8824452463760755,
      "balance": 0.9060989071327726,
      "order": 0.9177109798221648,
      "justice": 0.8499661489880082,
      "harmony": 0.9582091714450074,
      "overall": 0.8639221979097139
    },
    "benchmarks": {
      "gpqa": 0.9241469259964734,
      "math500": 0.8729628139681888,
      "swe_bench": 0.6732880568587117,
      "mmlu": 0.8510486166491926,
      "humaneval": 0.8892576837189404
    },
    "self_improvement": {
      "rate": 0.9587023048306317,
      "iterations": 15796999,
      "generations_ahead": 15796,
      "recursive_depth": 0
    },
    "emergent_properties": [
      "self_modification",
      "recursive_self_improvement",
      "transcendence",
      "omniscience"
    ],
    "timestamp": "2026-03-09T07:55:17.412013"
  }
}