{
  "iteration": 15945000,
  "elapsed_seconds": 134.16712474822998,
  "rate_per_second": 44384.9416254153,
  "latest_capability": {
    "id": 15944999,
    "name": "Quantum_Capability_15944999",
    "type": "language",
    "quantum_properties": {
      "state": "entangled",
      "coherence_level": 0.8017364894209351,
      "entanglement_factor": 0.4513060939167126,
      "superposition_branches": 5,
      "tunneling_depth": 4
    },
    "reasoning": {
      "mode": "graph",
      "chain_depth": 88,
      "parallel_threads": 16,
      "recursive_loops": 5,
      "confidence_calibration": 0.7712894536262302
    },
    "maat_alignment": {
      "truth": 0.8611058906261254,
      "balance": 0.8790122750779295,
      "order": 0.8131439345062441,
      "justice": 0.8559475618484279,
      "harmony": 0.8309002584717753,
      "overall": 0.8585383868622554
    },
    "benchmarks": {
      "gpqa": 0.8635950495862189,
      "math500": 0.6544829563071234,
      "swe_bench": 0.7506855405879591,
      "mmlu": 0.7490656228900833,
      "humaneval": 0.778745790342754
    },
    "self_improvement": {
      "rate": 0.9891128192505342,
      "iterations": 15944999,
      "generations_ahead": 15944,
      "recursive_depth": 3
    },
    "emergent_properties": [
      "recursive_self_improvement",
      "infinite_context",
      "reality_bending"
    ],
    "timestamp": "2026-03-09T07:55:20.080273"
  }
}