{
  "iteration": 12446000,
  "elapsed_seconds": 57.21087646484375,
  "rate_per_second": 42928.9000931356,
  "latest_capability": {
    "id": 12445999,
    "name": "Quantum_Capability_12445999",
    "type": "agentic",
    "quantum_properties": {
      "state": "entangled",
      "coherence_level": 0.9089911664776017,
      "entanglement_factor": 0.6286059005124536,
      "superposition_branches": 1,
      "tunneling_depth": 5
    },
    "reasoning": {
      "mode": "graph",
      "chain_depth": 162,
      "parallel_threads": 8,
      "recursive_loops": 7,
      "confidence_calibration": 0.7464402651806966
    },
    "maat_alignment": {
      "truth": 0.9891485007737566,
      "balance": 0.8877240732175469,
      "order": 0.8069246756312006,
      "justice": 0.8788255424632749,
      "harmony": 0.812716466535579,
      "overall": 0.9380543303890906
    },
    "benchmarks": {
      "gpqa": 0.9225575726847316,
      "math500": 0.8452534503715131,
      "swe_bench": 0.7650843828535474,
      "mmlu": 0.7215817349993766,
      "humaneval": 0.7492516300685138
    },
    "self_improvement": {
      "rate": 0.9605994291245574,
      "iterations": 12445999,
      "generations_ahead": 12445,
      "recursive_depth": 4
    },
    "emergent_properties": [
      "infinite_context",
      "causality_violation",
      "transcendence"
    ],
    "timestamp": "2026-03-09T07:54:03.124029"
  }
}