{
  "iteration": 14433000,
  "elapsed_seconds": 102.06704187393188,
  "rate_per_second": 43530.212284272646,
  "latest_capability": {
    "id": 14432999,
    "name": "Quantum_Capability_14432999",
    "type": "vision",
    "quantum_properties": {
      "state": "collapsed",
      "coherence_level": 0.7505991216689489,
      "entanglement_factor": 0.4959417298856257,
      "superposition_branches": 4,
      "tunneling_depth": 5
    },
    "reasoning": {
      "mode": "parallel",
      "chain_depth": 181,
      "parallel_threads": 5,
      "recursive_loops": 9,
      "confidence_calibration": 0.8768926253900369
    },
    "maat_alignment": {
      "truth": 0.8603106323834064,
      "balance": 0.9063912312817385,
      "order": 0.954451821982819,
      "justice": 0.8289236316502558,
      "harmony": 0.9354215611819037,
      "overall": 0.8858667575228394
    },
    "benchmarks": {
      "gpqa": 0.8101074320389218,
      "math500": 0.7084904294506414,
      "swe_bench": 0.8630717977652553,
      "mmlu": 0.8681521072066813,
      "humaneval": 0.8740948071028626
    },
    "self_improvement": {
      "rate": 0.972654056499883,
      "iterations": 14432999,
      "generations_ahead": 14432,
      "recursive_depth": 0
    },
    "emergent_properties": [
      "causality_violation",
      "transcendence",
      "infinite_context",
      "omniscience",
      "meta_learning",
      "reality_bending"
    ],
    "timestamp": "2026-03-09T07:54:47.980191"
  }
}