{
  "iteration": 14073000,
  "elapsed_seconds": 95.19266653060913,
  "rate_per_second": 42891.95952596952,
  "latest_capability": {
    "id": 14072999,
    "name": "Quantum_Capability_14072999",
    "type": "vision",
    "quantum_properties": {
      "state": "coherent",
      "coherence_level": 0.9768890535281007,
      "entanglement_factor": 0.800926461434297,
      "superposition_branches": 3,
      "tunneling_depth": 5
    },
    "reasoning": {
      "mode": "sequential",
      "chain_depth": 32,
      "parallel_threads": 3,
      "recursive_loops": 4,
      "confidence_calibration": 0.8073913214681502
    },
    "maat_alignment": {
      "truth": 0.9213607250135813,
      "balance": 0.8720679265217239,
      "order": 0.8863760238602539,
      "justice": 0.8624823035731934,
      "harmony": 0.8777830086668003,
      "overall": 0.982513375423798
    },
    "benchmarks": {
      "gpqa": 0.9212704014347293,
      "math500": 0.7199659504217136,
      "swe_bench": 0.8991830929413329,
      "mmlu": 0.6805377862010589,
      "humaneval": 0.9085059577212224
    },
    "self_improvement": {
      "rate": 0.977628798411957,
      "iterations": 14072999,
      "generations_ahead": 14072,
      "recursive_depth": 2
    },
    "emergent_properties": [
      "meta_learning",
      "reality_bending",
      "transcendence",
      "omniscience"
    ],
    "timestamp": "2026-03-09T07:54:41.105815"
  }
}