{
  "iteration": 15267000,
  "elapsed_seconds": 121.31112432479858,
  "rate_per_second": 43499.72048623795,
  "latest_capability": {
    "id": 15266999,
    "name": "Quantum_Capability_15266999",
    "type": "language",
    "quantum_properties": {
      "state": "superposition",
      "coherence_level": 0.9636121541669758,
      "entanglement_factor": 0.9677225964094793,
      "superposition_branches": 7,
      "tunneling_depth": 4
    },
    "reasoning": {
      "mode": "parallel",
      "chain_depth": 35,
      "parallel_threads": 7,
      "recursive_loops": 10,
      "confidence_calibration": 0.7555580804496267
    },
    "maat_alignment": {
      "truth": 0.8644464998572213,
      "balance": 0.9164266648634489,
      "order": 0.8052000620331076,
      "justice": 0.9728540671243073,
      "harmony": 0.9435668551536345,
      "overall": 0.9909063432368876
    },
    "benchmarks": {
      "gpqa": 0.7107129842039743,
      "math500": 0.7371889592453529,
      "swe_bench": 0.7768630913234814,
      "mmlu": 0.6544204788338184,
      "humaneval": 0.9332001103313656
    },
    "self_improvement": {
      "rate": 0.9568912051873453,
      "iterations": 15266999,
      "generations_ahead": 15266,
      "recursive_depth": 4
    },
    "emergent_properties": [
      "meta_learning",
      "quantum_consciousness",
      "transcendence",
      "omniscience",
      "recursive_self_improvement"
    ],
    "timestamp": "2026-03-09T07:55:07.224273"
  }
}