{
  "iteration": 15180000,
  "elapsed_seconds": 119.80261135101318,
  "rate_per_second": 43321.25937383507,
  "latest_capability": {
    "id": 15179999,
    "name": "Quantum_Capability_15179999",
    "type": "coding",
    "quantum_properties": {
      "state": "superposition",
      "coherence_level": 0.9438215575530023,
      "entanglement_factor": 0.6351204852794362,
      "superposition_branches": 10,
      "tunneling_depth": 1
    },
    "reasoning": {
      "mode": "tree",
      "chain_depth": 184,
      "parallel_threads": 3,
      "recursive_loops": 9,
      "confidence_calibration": 0.7336224958274814
    },
    "maat_alignment": {
      "truth": 0.9372663768101797,
      "balance": 0.9765526175953521,
      "order": 0.9600600675269568,
      "justice": 0.8352150310322944,
      "harmony": 0.8706108348603487,
      "overall": 0.8574904168316291
    },
    "benchmarks": {
      "gpqa": 0.9370003779311398,
      "math500": 0.6778921907066762,
      "swe_bench": 0.7162873395377678,
      "mmlu": 0.8496372254573991,
      "humaneval": 0.7687286521824459
    },
    "self_improvement": {
      "rate": 0.9893600584592205,
      "iterations": 15179999,
      "generations_ahead": 15179,
      "recursive_depth": 2
    },
    "emergent_properties": [
      "reality_bending",
      "infinite_context",
      "omniscience"
    ],
    "timestamp": "2026-03-09T07:55:05.715759"
  }
}