{
  "iteration": 17281000,
  "elapsed_seconds": 163.27757167816162,
  "rate_per_second": 44654.020298460695,
  "latest_capability": {
    "id": 17280999,
    "name": "Quantum_Capability_17280999",
    "type": "math",
    "quantum_properties": {
      "state": "coherent",
      "coherence_level": 0.6046926993931588,
      "entanglement_factor": 0.4489114203505453,
      "superposition_branches": 1,
      "tunneling_depth": 4
    },
    "reasoning": {
      "mode": "tree",
      "chain_depth": 24,
      "parallel_threads": 15,
      "recursive_loops": 2,
      "confidence_calibration": 0.9364401925349863
    },
    "maat_alignment": {
      "truth": 0.8123258441113507,
      "balance": 0.9759390593224945,
      "order": 0.8596386594883372,
      "justice": 0.9200461655065055,
      "harmony": 0.8343579676751204,
      "overall": 0.8878243324374493
    },
    "benchmarks": {
      "gpqa": 0.8995820406915133,
      "math500": 0.7975814693537187,
      "swe_bench": 0.7247263909827856,
      "mmlu": 0.8840626966490217,
      "humaneval": 0.7198398446378352
    },
    "self_improvement": {
      "rate": 0.9663859817342121,
      "iterations": 17280999,
      "generations_ahead": 17280,
      "recursive_depth": 2
    },
    "emergent_properties": [
      "infinite_context",
      "quantum_consciousness",
      "recursive_self_improvement"
    ],
    "timestamp": "2026-03-09T07:55:49.190720"
  }
}