{
  "iteration": 10264000,
  "elapsed_seconds": 5.938677072525024,
  "rate_per_second": 46138.22180492799,
  "latest_capability": {
    "id": 10263999,
    "name": "Quantum_Capability_10263999",
    "type": "agentic",
    "quantum_properties": {
      "state": "superposition",
      "coherence_level": 0.5764193655441097,
      "entanglement_factor": 0.4379045907857205,
      "superposition_branches": 1,
      "tunneling_depth": 2
    },
    "reasoning": {
      "mode": "sequential",
      "chain_depth": 110,
      "parallel_threads": 9,
      "recursive_loops": 6,
      "confidence_calibration": 0.9357811653325763
    },
    "maat_alignment": {
      "truth": 0.842480687403475,
      "balance": 0.9363235159891644,
      "order": 0.9529852238794101,
      "justice": 0.896913246602291,
      "harmony": 0.9729101252899709,
      "overall": 0.8934649251518662
    },
    "benchmarks": {
      "gpqa": 0.9228517716578191,
      "math500": 0.7729865499835046,
      "swe_bench": 0.8678881918533402,
      "mmlu": 0.8326816023198615,
      "humaneval": 0.9197162019752786
    },
    "self_improvement": {
      "rate": 0.9679819424987725,
      "iterations": 10263999,
      "generations_ahead": 10263,
      "recursive_depth": 5
    },
    "emergent_properties": [
      "quantum_consciousness",
      "meta_learning",
      "reality_bending"
    ],
    "timestamp": "2026-03-09T07:53:11.851829"
  }
}