{
  "iteration": 13268000,
  "elapsed_seconds": 76.91056394577026,
  "rate_per_second": 42620.93309199139,
  "latest_capability": {
    "id": 13267999,
    "name": "Quantum_Capability_13267999",
    "type": "math",
    "quantum_properties": {
      "state": "collapsed",
      "coherence_level": 0.8295051197867338,
      "entanglement_factor": 0.052026481359692345,
      "superposition_branches": 6,
      "tunneling_depth": 4
    },
    "reasoning": {
      "mode": "sequential",
      "chain_depth": 46,
      "parallel_threads": 16,
      "recursive_loops": 0,
      "confidence_calibration": 0.9949352756696395
    },
    "maat_alignment": {
      "truth": 0.8003420893815586,
      "balance": 0.851692264475528,
      "order": 0.8732905711132001,
      "justice": 0.9881651651321055,
      "harmony": 0.9265374916933158,
      "overall": 0.9934458671499674
    },
    "benchmarks": {
      "gpqa": 0.7618994613240102,
      "math500": 0.7004537490021776,
      "swe_bench": 0.7230165623530447,
      "mmlu": 0.8007052755100947,
      "humaneval": 0.8525709283836628
    },
    "self_improvement": {
      "rate": 0.9968433959995862,
      "iterations": 13267999,
      "generations_ahead": 13267,
      "recursive_depth": 5
    },
    "emergent_properties": [
      "reality_bending",
      "self_modification",
      "meta_learning",
      "infinite_context",
      "recursive_self_improvement",
      "quantum_consciousness"
    ],
    "timestamp": "2026-03-09T07:54:22.823716"
  }
}