{
  "iteration": 12090000,
  "elapsed_seconds": 50.059120893478394,
  "rate_per_second": 41950.39710083251,
  "latest_capability": {
    "id": 12089999,
    "name": "Quantum_Capability_12089999",
    "type": "language",
    "quantum_properties": {
      "state": "entangled",
      "coherence_level": 0.5520678872175278,
      "entanglement_factor": 0.7550005544660336,
      "superposition_branches": 2,
      "tunneling_depth": 4
    },
    "reasoning": {
      "mode": "tree",
      "chain_depth": 126,
      "parallel_threads": 14,
      "recursive_loops": 2,
      "confidence_calibration": 0.8002374642201453
    },
    "maat_alignment": {
      "truth": 0.9480755424338023,
      "balance": 0.9843803037894783,
      "order": 0.839937328384095,
      "justice": 0.8891865007267654,
      "harmony": 0.9230325107518736,
      "overall": 0.8634615944957906
    },
    "benchmarks": {
      "gpqa": 0.7065003609823973,
      "math500": 0.7388404437586054,
      "swe_bench": 0.7004655153352054,
      "mmlu": 0.8504072948352595,
      "humaneval": 0.8640740930950279
    },
    "self_improvement": {
      "rate": 0.971881502236296,
      "iterations": 12089999,
      "generations_ahead": 12089,
      "recursive_depth": 4
    },
    "emergent_properties": [
      "recursive_self_improvement",
      "self_modification",
      "transcendence",
      "causality_violation",
      "meta_learning"
    ],
    "timestamp": "2026-03-09T07:53:55.972269"
  }
}