{
  "iteration": 15440000,
  "elapsed_seconds": 124.64673566818237,
  "rate_per_second": 43723.56781575292,
  "latest_capability": {
    "id": 15439999,
    "name": "Quantum_Capability_15439999",
    "type": "agentic",
    "quantum_properties": {
      "state": "coherent",
      "coherence_level": 0.867089572113718,
      "entanglement_factor": 0.01340776560163326,
      "superposition_branches": 4,
      "tunneling_depth": 5
    },
    "reasoning": {
      "mode": "tree",
      "chain_depth": 73,
      "parallel_threads": 6,
      "recursive_loops": 2,
      "confidence_calibration": 0.9719146421486908
    },
    "maat_alignment": {
      "truth": 0.8983686190717038,
      "balance": 0.8120252795901137,
      "order": 0.9068355788776007,
      "justice": 0.9402698075058412,
      "harmony": 0.8196795164447809,
      "overall": 0.9547831402278212
    },
    "benchmarks": {
      "gpqa": 0.7594469673992541,
      "math500": 0.7856432263163065,
      "swe_bench": 0.871399102302328,
      "mmlu": 0.8469720683568938,
      "humaneval": 0.9214688241507611
    },
    "self_improvement": {
      "rate": 0.9573386120325094,
      "iterations": 15439999,
      "generations_ahead": 15439,
      "recursive_depth": 0
    },
    "emergent_properties": [
      "self_modification",
      "reality_bending",
      "omniscience",
      "meta_learning"
    ],
    "timestamp": "2026-03-09T07:55:10.559888"
  }
}