{
  "iteration": 11199000,
  "elapsed_seconds": 28.98465895652771,
  "rate_per_second": 41711.720735210445,
  "latest_capability": {
    "id": 11198999,
    "name": "Quantum_Capability_11198999",
    "type": "reasoning",
    "quantum_properties": {
      "state": "collapsed",
      "coherence_level": 0.916772181023749,
      "entanglement_factor": 0.36367127286667,
      "superposition_branches": 9,
      "tunneling_depth": 4
    },
    "reasoning": {
      "mode": "parallel",
      "chain_depth": 194,
      "parallel_threads": 5,
      "recursive_loops": 9,
      "confidence_calibration": 0.9301036956393463
    },
    "maat_alignment": {
      "truth": 0.9605295913965881,
      "balance": 0.9645720932509524,
      "order": 0.9881595225399565,
      "justice": 0.9437675478831686,
      "harmony": 0.9586113086336464,
      "overall": 0.9800706227668307
    },
    "benchmarks": {
      "gpqa": 0.8037356858624357,
      "math500": 0.7804012194461986,
      "swe_bench": 0.6759980016568949,
      "mmlu": 0.675204980502748,
      "humaneval": 0.8611327999551068
    },
    "self_improvement": {
      "rate": 0.968764025765549,
      "iterations": 11198999,
      "generations_ahead": 11198,
      "recursive_depth": 2
    },
    "emergent_properties": [
      "meta_learning",
      "recursive_self_improvement",
      "omniscience",
      "quantum_consciousness",
      "self_modification"
    ],
    "timestamp": "2026-03-09T07:53:34.897840"
  }
}