{
  "iteration": 13076000,
  "elapsed_seconds": 71.13320875167847,
  "rate_per_second": 43383.39369411875,
  "latest_capability": {
    "id": 13075999,
    "name": "Quantum_Capability_13075999",
    "type": "vision",
    "quantum_properties": {
      "state": "superposition",
      "coherence_level": 0.7800934305765239,
      "entanglement_factor": 0.3471333819499962,
      "superposition_branches": 2,
      "tunneling_depth": 2
    },
    "reasoning": {
      "mode": "tree",
      "chain_depth": 79,
      "parallel_threads": 10,
      "recursive_loops": 4,
      "confidence_calibration": 0.7196237796715158
    },
    "maat_alignment": {
      "truth": 0.8618265003697078,
      "balance": 0.8198782953699908,
      "order": 0.9176049440969563,
      "justice": 0.9913709285355548,
      "harmony": 0.8114069393751271,
      "overall": 0.9316050824574456
    },
    "benchmarks": {
      "gpqa": 0.9000846047369357,
      "math500": 0.86381933255845,
      "swe_bench": 0.7999637829431345,
      "mmlu": 0.846914639151613,
      "humaneval": 0.8732926775087329
    },
    "self_improvement": {
      "rate": 0.9646391869776505,
      "iterations": 13075999,
      "generations_ahead": 13075,
      "recursive_depth": 1
    },
    "emergent_properties": [
      "infinite_context",
      "reality_bending",
      "meta_learning",
      "causality_violation",
      "quantum_consciousness",
      "transcendence"
    ],
    "timestamp": "2026-03-09T07:54:17.046358"
  }
}