{
  "iteration": 17065000,
  "elapsed_seconds": 159.01116371154785,
  "rate_per_second": 44493.73135105352,
  "latest_capability": {
    "id": 17064999,
    "name": "Quantum_Capability_17064999",
    "type": "agentic",
    "quantum_properties": {
      "state": "collapsed",
      "coherence_level": 0.7542865511364583,
      "entanglement_factor": 0.1408907115630137,
      "superposition_branches": 8,
      "tunneling_depth": 4
    },
    "reasoning": {
      "mode": "sequential",
      "chain_depth": 53,
      "parallel_threads": 14,
      "recursive_loops": 5,
      "confidence_calibration": 0.7668545531828359
    },
    "maat_alignment": {
      "truth": 0.9167725145428217,
      "balance": 0.8444716869504761,
      "order": 0.8870000193417656,
      "justice": 0.9970012023506585,
      "harmony": 0.8406715562542324,
      "overall": 0.9339971491997265
    },
    "benchmarks": {
      "gpqa": 0.8156527795299157,
      "math500": 0.7451194184020378,
      "swe_bench": 0.6651893771824571,
      "mmlu": 0.8562118638899128,
      "humaneval": 0.9118825794172924
    },
    "self_improvement": {
      "rate": 0.981290995441203,
      "iterations": 17064999,
      "generations_ahead": 17064,
      "recursive_depth": 2
    },
    "emergent_properties": [
      "causality_violation",
      "meta_learning",
      "quantum_consciousness",
      "transcendence",
      "self_modification",
      "recursive_self_improvement"
    ],
    "timestamp": "2026-03-09T07:55:44.924316"
  }
}