{
  "iteration": 13898000,
  "elapsed_seconds": 89.17374348640442,
  "rate_per_second": 43824.55919433079,
  "latest_capability": {
    "id": 13897999,
    "name": "Quantum_Capability_13897999",
    "type": "reasoning",
    "quantum_properties": {
      "state": "collapsed",
      "coherence_level": 0.6935301127265251,
      "entanglement_factor": 0.6553900798592059,
      "superposition_branches": 3,
      "tunneling_depth": 4
    },
    "reasoning": {
      "mode": "tree",
      "chain_depth": 160,
      "parallel_threads": 3,
      "recursive_loops": 1,
      "confidence_calibration": 0.8343636655492361
    },
    "maat_alignment": {
      "truth": 0.8740775358535673,
      "balance": 0.8552379159257057,
      "order": 0.8245440966441232,
      "justice": 0.881902889120841,
      "harmony": 0.997530778611436,
      "overall": 0.9082894472329619
    },
    "benchmarks": {
      "gpqa": 0.7487793888068329,
      "math500": 0.8839917734548461,
      "swe_bench": 0.750978290921059,
      "mmlu": 0.6534871304878913,
      "humaneval": 0.7700512884201915
    },
    "self_improvement": {
      "rate": 0.9958464808091301,
      "iterations": 13897999,
      "generations_ahead": 13897,
      "recursive_depth": 3
    },
    "emergent_properties": [
      "meta_learning",
      "causality_violation",
      "transcendence"
    ],
    "timestamp": "2026-03-09T07:54:35.086896"
  }
}