{
  "iteration": 10908000,
  "elapsed_seconds": 22.123369693756104,
  "rate_per_second": 41494.58300012443,
  "latest_capability": {
    "id": 10907999,
    "name": "Quantum_Capability_10907999",
    "type": "reasoning",
    "quantum_properties": {
      "state": "entangled",
      "coherence_level": 0.5855890224596458,
      "entanglement_factor": 0.8632060114862714,
      "superposition_branches": 5,
      "tunneling_depth": 1
    },
    "reasoning": {
      "mode": "graph",
      "chain_depth": 127,
      "parallel_threads": 3,
      "recursive_loops": 1,
      "confidence_calibration": 0.9461420623244101
    },
    "maat_alignment": {
      "truth": 0.8321492462294479,
      "balance": 0.9500488538983233,
      "order": 0.8160432487516183,
      "justice": 0.8485667566900932,
      "harmony": 0.9563737393940241,
      "overall": 0.9595256394457458
    },
    "benchmarks": {
      "gpqa": 0.8011955351592861,
      "math500": 0.7969691831555832,
      "swe_bench": 0.7786426439878018,
      "mmlu": 0.7022959250559523,
      "humaneval": 0.8366830197533717
    },
    "self_improvement": {
      "rate": 0.9962502726711917,
      "iterations": 10907999,
      "generations_ahead": 10907,
      "recursive_depth": 3
    },
    "emergent_properties": [
      "reality_bending",
      "omniscience",
      "transcendence",
      "quantum_consciousness",
      "causality_violation",
      "meta_learning"
    ],
    "timestamp": "2026-03-09T07:53:28.036522"
  }
}