{
  "iteration": 17385000,
  "elapsed_seconds": 165.09754848480225,
  "rate_per_second": 44791.70083304255,
  "latest_capability": {
    "id": 17384999,
    "name": "Quantum_Capability_17384999",
    "type": "reasoning",
    "quantum_properties": {
      "state": "superposition",
      "coherence_level": 0.6660693083142611,
      "entanglement_factor": 0.32049021530615407,
      "superposition_branches": 3,
      "tunneling_depth": 5
    },
    "reasoning": {
      "mode": "tree",
      "chain_depth": 28,
      "parallel_threads": 16,
      "recursive_loops": 4,
      "confidence_calibration": 0.786107638379826
    },
    "maat_alignment": {
      "truth": 0.9198924380616766,
      "balance": 0.9325927262450017,
      "order": 0.8797426545668448,
      "justice": 0.8659979895012961,
      "harmony": 0.820827093647602,
      "overall": 0.9995797274220471
    },
    "benchmarks": {
      "gpqa": 0.8486486395773842,
      "math500": 0.73322195888869,
      "swe_bench": 0.6980859254771763,
      "mmlu": 0.7631618868022139,
      "humaneval": 0.7475487878226913
    },
    "self_improvement": {
      "rate": 0.9943402682971545,
      "iterations": 17384999,
      "generations_ahead": 17384,
      "recursive_depth": 0
    },
    "emergent_properties": [
      "meta_learning",
      "quantum_consciousness",
      "reality_bending",
      "infinite_context",
      "causality_violation"
    ],
    "timestamp": "2026-03-09T07:55:51.010702"
  }
}