{
  "iteration": 17515000,
  "elapsed_seconds": 167.90538620948792,
  "rate_per_second": 44816.90653217878,
  "latest_capability": {
    "id": 17514999,
    "name": "Quantum_Capability_17514999",
    "type": "coding",
    "quantum_properties": {
      "state": "entangled",
      "coherence_level": 0.7181203850261711,
      "entanglement_factor": 0.28872148428782407,
      "superposition_branches": 2,
      "tunneling_depth": 4
    },
    "reasoning": {
      "mode": "tree",
      "chain_depth": 88,
      "parallel_threads": 14,
      "recursive_loops": 0,
      "confidence_calibration": 0.7142545946230466
    },
    "maat_alignment": {
      "truth": 0.8405883590694132,
      "balance": 0.9766232875864936,
      "order": 0.9364601828162588,
      "justice": 0.9931441620104375,
      "harmony": 0.9343505537448019,
      "overall": 0.893078551078308
    },
    "benchmarks": {
      "gpqa": 0.8424678208106847,
      "math500": 0.8023569654023656,
      "swe_bench": 0.826062250631765,
      "mmlu": 0.8460509707205608,
      "humaneval": 0.876619261297948
    },
    "self_improvement": {
      "rate": 0.9601361470455847,
      "iterations": 17514999,
      "generations_ahead": 17514,
      "recursive_depth": 3
    },
    "emergent_properties": [
      "meta_learning",
      "omniscience",
      "recursive_self_improvement",
      "quantum_consciousness"
    ],
    "timestamp": "2026-03-09T07:55:53.818538"
  }
}