{
  "iteration": 14766000,
  "elapsed_seconds": 108.68611884117126,
  "rate_per_second": 43943.05409855898,
  "latest_capability": {
    "id": 14765999,
    "name": "Quantum_Capability_14765999",
    "type": "coding",
    "quantum_properties": {
      "state": "coherent",
      "coherence_level": 0.7621917911155911,
      "entanglement_factor": 0.5927626808019174,
      "superposition_branches": 6,
      "tunneling_depth": 3
    },
    "reasoning": {
      "mode": "graph",
      "chain_depth": 93,
      "parallel_threads": 5,
      "recursive_loops": 9,
      "confidence_calibration": 0.9512871828303472
    },
    "maat_alignment": {
      "truth": 0.947277464982164,
      "balance": 0.8855979462530948,
      "order": 0.9422885095193254,
      "justice": 0.8421078242511554,
      "harmony": 0.9300715452602707,
      "overall": 0.8851887678926604
    },
    "benchmarks": {
      "gpqa": 0.8256172270716696,
      "math500": 0.701069728681224,
      "swe_bench": 0.6523639753367629,
      "mmlu": 0.8977665671804518,
      "humaneval": 0.7282563234211412
    },
    "self_improvement": {
      "rate": 0.9857854356433774,
      "iterations": 14765999,
      "generations_ahead": 14765,
      "recursive_depth": 5
    },
    "emergent_properties": [
      "omniscience",
      "causality_violation",
      "self_modification"
    ],
    "timestamp": "2026-03-09T07:54:54.599271"
  }
}