{
  "iteration": 16739000,
  "elapsed_seconds": 152.83822226524353,
  "rate_per_second": 44157.802282516925,
  "latest_capability": {
    "id": 16738999,
    "name": "Quantum_Capability_16738999",
    "type": "language",
    "quantum_properties": {
      "state": "entangled",
      "coherence_level": 0.9211416734067848,
      "entanglement_factor": 0.1956808200721878,
      "superposition_branches": 6,
      "tunneling_depth": 2
    },
    "reasoning": {
      "mode": "tree",
      "chain_depth": 89,
      "parallel_threads": 8,
      "recursive_loops": 10,
      "confidence_calibration": 0.7769784440610161
    },
    "maat_alignment": {
      "truth": 0.8641469202855259,
      "balance": 0.8759574542848377,
      "order": 0.956777486094346,
      "justice": 0.8445569432763421,
      "harmony": 0.8281455405529277,
      "overall": 0.9382820331471917
    },
    "benchmarks": {
      "gpqa": 0.7537010408750495,
      "math500": 0.856489492073413,
      "swe_bench": 0.8417631174405337,
      "mmlu": 0.8792649625999267,
      "humaneval": 0.8706725472859228
    },
    "self_improvement": {
      "rate": 0.9596348895226972,
      "iterations": 16738999,
      "generations_ahead": 16738,
      "recursive_depth": 5
    },
    "emergent_properties": [
      "reality_bending",
      "meta_learning",
      "causality_violation"
    ],
    "timestamp": "2026-03-09T07:55:38.751370"
  }
}