{
  "iteration": 15733000,
  "elapsed_seconds": 130.29897236824036,
  "rate_per_second": 44075.55866035229,
  "latest_capability": {
    "id": 15732999,
    "name": "Quantum_Capability_15732999",
    "type": "vision",
    "quantum_properties": {
      "state": "collapsed",
      "coherence_level": 0.9160405247111509,
      "entanglement_factor": 0.601839487640145,
      "superposition_branches": 9,
      "tunneling_depth": 4
    },
    "reasoning": {
      "mode": "sequential",
      "chain_depth": 29,
      "parallel_threads": 8,
      "recursive_loops": 7,
      "confidence_calibration": 0.9762823774052132
    },
    "maat_alignment": {
      "truth": 0.8257668090498523,
      "balance": 0.9308938824497996,
      "order": 0.8089973820246014,
      "justice": 0.8235593679742504,
      "harmony": 0.8508239781862117,
      "overall": 0.8619595193072647
    },
    "benchmarks": {
      "gpqa": 0.7818496876523424,
      "math500": 0.8224690434303904,
      "swe_bench": 0.6776890443568137,
      "mmlu": 0.677347940468197,
      "humaneval": 0.7735746578982742
    },
    "self_improvement": {
      "rate": 0.9604990534239903,
      "iterations": 15732999,
      "generations_ahead": 15732,
      "recursive_depth": 4
    },
    "emergent_properties": [
      "omniscience",
      "recursive_self_improvement",
      "reality_bending",
      "infinite_context",
      "transcendence",
      "quantum_consciousness"
    ],
    "timestamp": "2026-03-09T07:55:16.212121"
  }
}