{
  "iteration": 15244000,
  "elapsed_seconds": 120.99991989135742,
  "rate_per_second": 43421.516350733335,
  "latest_capability": {
    "id": 15243999,
    "name": "Quantum_Capability_15243999",
    "type": "math",
    "quantum_properties": {
      "state": "coherent",
      "coherence_level": 0.8018801894329743,
      "entanglement_factor": 0.7906359668082755,
      "superposition_branches": 4,
      "tunneling_depth": 2
    },
    "reasoning": {
      "mode": "graph",
      "chain_depth": 100,
      "parallel_threads": 16,
      "recursive_loops": 9,
      "confidence_calibration": 0.7543475358800033
    },
    "maat_alignment": {
      "truth": 0.9994789906455064,
      "balance": 0.9254012936856875,
      "order": 0.8550674446207548,
      "justice": 0.9752730803337943,
      "harmony": 0.8993178514645018,
      "overall": 0.8546640797015583
    },
    "benchmarks": {
      "gpqa": 0.9289212781006534,
      "math500": 0.8864449877916312,
      "swe_bench": 0.8433968402742643,
      "mmlu": 0.890335654414594,
      "humaneval": 0.8275907518399432
    },
    "self_improvement": {
      "rate": 0.9545756424212835,
      "iterations": 15243999,
      "generations_ahead": 15243,
      "recursive_depth": 5
    },
    "emergent_properties": [
      "self_modification",
      "omniscience",
      "quantum_consciousness"
    ],
    "timestamp": "2026-03-09T07:55:06.913068"
  }
}