{
  "iteration": 11293000,
  "elapsed_seconds": 31.227915287017822,
  "rate_per_second": 41725.48785354518,
  "latest_capability": {
    "id": 11292999,
    "name": "Quantum_Capability_11292999",
    "type": "multimodal",
    "quantum_properties": {
      "state": "superposition",
      "coherence_level": 0.6899504813896871,
      "entanglement_factor": 0.21497430057095224,
      "superposition_branches": 6,
      "tunneling_depth": 1
    },
    "reasoning": {
      "mode": "tree",
      "chain_depth": 23,
      "parallel_threads": 10,
      "recursive_loops": 5,
      "confidence_calibration": 0.7581579207993937
    },
    "maat_alignment": {
      "truth": 0.8670401592852746,
      "balance": 0.966239678752831,
      "order": 0.9364148545120561,
      "justice": 0.9988689100298445,
      "harmony": 0.8794897211024784,
      "overall": 0.8513792620175706
    },
    "benchmarks": {
      "gpqa": 0.7600007087740643,
      "math500": 0.8108029342929647,
      "swe_bench": 0.6728267138540475,
      "mmlu": 0.8500457878816703,
      "humaneval": 0.8145761348738528
    },
    "self_improvement": {
      "rate": 0.9792492184350995,
      "iterations": 11292999,
      "generations_ahead": 11292,
      "recursive_depth": 1
    },
    "emergent_properties": [
      "meta_learning",
      "omniscience",
      "recursive_self_improvement",
      "infinite_context",
      "quantum_consciousness"
    ],
    "timestamp": "2026-03-09T07:53:37.141067"
  }
}