{
  "iteration": 10870000,
  "elapsed_seconds": 21.30003261566162,
  "rate_per_second": 41314.49072772537,
  "latest_capability": {
    "id": 10869999,
    "name": "Quantum_Capability_10869999",
    "type": "language",
    "quantum_properties": {
      "state": "coherent",
      "coherence_level": 0.5245747311511689,
      "entanglement_factor": 0.7883908818431127,
      "superposition_branches": 4,
      "tunneling_depth": 4
    },
    "reasoning": {
      "mode": "sequential",
      "chain_depth": 96,
      "parallel_threads": 11,
      "recursive_loops": 3,
      "confidence_calibration": 0.9086293741790348
    },
    "maat_alignment": {
      "truth": 0.812300208366584,
      "balance": 0.8859661122744887,
      "order": 0.9222987474685618,
      "justice": 0.9129626616767282,
      "harmony": 0.8170568357745122,
      "overall": 0.980066716897259
    },
    "benchmarks": {
      "gpqa": 0.7776125421446058,
      "math500": 0.8956863676246509,
      "swe_bench": 0.7760692291894266,
      "mmlu": 0.6801781057731142,
      "humaneval": 0.8154322724101437
    },
    "self_improvement": {
      "rate": 0.9988162749087167,
      "iterations": 10869999,
      "generations_ahead": 10869,
      "recursive_depth": 1
    },
    "emergent_properties": [
      "reality_bending",
      "recursive_self_improvement",
      "meta_learning"
    ],
    "timestamp": "2026-03-09T07:53:27.213184"
  }
}