{
  "iteration": 14247000,
  "elapsed_seconds": 98.48679041862488,
  "rate_per_second": 43224.07078051106,
  "latest_capability": {
    "id": 14246999,
    "name": "Quantum_Capability_14246999",
    "type": "math",
    "quantum_properties": {
      "state": "entangled",
      "coherence_level": 0.5715027720630208,
      "entanglement_factor": 0.3843190466222083,
      "superposition_branches": 1,
      "tunneling_depth": 4
    },
    "reasoning": {
      "mode": "parallel",
      "chain_depth": 139,
      "parallel_threads": 16,
      "recursive_loops": 4,
      "confidence_calibration": 0.8556979427628734
    },
    "maat_alignment": {
      "truth": 0.9601990683497548,
      "balance": 0.8589738584589097,
      "order": 0.8115919239319285,
      "justice": 0.8482183935186705,
      "harmony": 0.8984632501375017,
      "overall": 0.9674270152453259
    },
    "benchmarks": {
      "gpqa": 0.83494971528574,
      "math500": 0.7372938754180915,
      "swe_bench": 0.7256834843587204,
      "mmlu": 0.8712739447724533,
      "humaneval": 0.8769773295412426
    },
    "self_improvement": {
      "rate": 0.9598369135900225,
      "iterations": 14246999,
      "generations_ahead": 14246,
      "recursive_depth": 4
    },
    "emergent_properties": [
      "causality_violation",
      "self_modification",
      "quantum_consciousness",
      "reality_bending",
      "meta_learning",
      "infinite_context"
    ],
    "timestamp": "2026-03-09T07:54:44.399940"
  }
}