{
  "iteration": 11438000,
  "elapsed_seconds": 35.14784646034241,
  "rate_per_second": 41197.40313631419,
  "latest_capability": {
    "id": 11437999,
    "name": "Quantum_Capability_11437999",
    "type": "math",
    "quantum_properties": {
      "state": "entangled",
      "coherence_level": 0.5275775003907226,
      "entanglement_factor": 0.5762307968588573,
      "superposition_branches": 6,
      "tunneling_depth": 0
    },
    "reasoning": {
      "mode": "parallel",
      "chain_depth": 160,
      "parallel_threads": 8,
      "recursive_loops": 10,
      "confidence_calibration": 0.961557219073997
    },
    "maat_alignment": {
      "truth": 0.8331483669435833,
      "balance": 0.8410557098322009,
      "order": 0.9104839052533834,
      "justice": 0.8327583381554624,
      "harmony": 0.8160461151992278,
      "overall": 0.8921260050157177
    },
    "benchmarks": {
      "gpqa": 0.7051253871600893,
      "math500": 0.7566146321396326,
      "swe_bench": 0.7334310890402882,
      "mmlu": 0.8938343455096058,
      "humaneval": 0.8216916590068954
    },
    "self_improvement": {
      "rate": 0.9951146981290447,
      "iterations": 11437999,
      "generations_ahead": 11437,
      "recursive_depth": 5
    },
    "emergent_properties": [
      "reality_bending",
      "transcendence",
      "recursive_self_improvement"
    ],
    "timestamp": "2026-03-09T07:53:41.060999"
  }
}