{
  "iteration": 14648000,
  "elapsed_seconds": 106.36643838882446,
  "rate_per_second": 43792.008744079554,
  "latest_capability": {
    "id": 14647999,
    "name": "Quantum_Capability_14647999",
    "type": "coding",
    "quantum_properties": {
      "state": "coherent",
      "coherence_level": 0.917006231053914,
      "entanglement_factor": 0.5605358395182773,
      "superposition_branches": 6,
      "tunneling_depth": 2
    },
    "reasoning": {
      "mode": "sequential",
      "chain_depth": 55,
      "parallel_threads": 3,
      "recursive_loops": 5,
      "confidence_calibration": 0.7902684917859756
    },
    "maat_alignment": {
      "truth": 0.8137380338811656,
      "balance": 0.9624445128557042,
      "order": 0.9299646287633943,
      "justice": 0.8475163627878972,
      "harmony": 0.978606129556834,
      "overall": 0.9024824851955513
    },
    "benchmarks": {
      "gpqa": 0.7654863650590645,
      "math500": 0.8032310982213479,
      "swe_bench": 0.8029448489654589,
      "mmlu": 0.8221192965395493,
      "humaneval": 0.7552735112642316
    },
    "self_improvement": {
      "rate": 0.9790026925715059,
      "iterations": 14647999,
      "generations_ahead": 14647,
      "recursive_depth": 4
    },
    "emergent_properties": [
      "infinite_context",
      "quantum_consciousness",
      "omniscience",
      "reality_bending",
      "transcendence",
      "recursive_self_improvement"
    ],
    "timestamp": "2026-03-09T07:54:52.279587"
  }
}