{
  "iteration": 14568000,
  "elapsed_seconds": 104.89114665985107,
  "rate_per_second": 43645.246961079414,
  "latest_capability": {
    "id": 14567999,
    "name": "Quantum_Capability_14567999",
    "type": "math",
    "quantum_properties": {
      "state": "coherent",
      "coherence_level": 0.859808670036509,
      "entanglement_factor": 0.5402064181277927,
      "superposition_branches": 3,
      "tunneling_depth": 2
    },
    "reasoning": {
      "mode": "tree",
      "chain_depth": 192,
      "parallel_threads": 15,
      "recursive_loops": 8,
      "confidence_calibration": 0.8847816146863792
    },
    "maat_alignment": {
      "truth": 0.8570757448791273,
      "balance": 0.8996187005643377,
      "order": 0.947812605550289,
      "justice": 0.8523900962749968,
      "harmony": 0.8527958077426784,
      "overall": 0.919837731953668
    },
    "benchmarks": {
      "gpqa": 0.9119948706347846,
      "math500": 0.6698542001273768,
      "swe_bench": 0.8278285230543581,
      "mmlu": 0.74895067709011,
      "humaneval": 0.7817306587545644
    },
    "self_improvement": {
      "rate": 0.977934454800176,
      "iterations": 14567999,
      "generations_ahead": 14567,
      "recursive_depth": 0
    },
    "emergent_properties": [
      "transcendence",
      "meta_learning",
      "infinite_context"
    ],
    "timestamp": "2026-03-09T07:54:50.804294"
  }
}