{
  "iteration": 14166000,
  "elapsed_seconds": 96.7674195766449,
  "rate_per_second": 43155.02075254149,
  "latest_capability": {
    "id": 14165999,
    "name": "Quantum_Capability_14165999",
    "type": "agentic",
    "quantum_properties": {
      "state": "collapsed",
      "coherence_level": 0.7698135328623149,
      "entanglement_factor": 0.5831880057230102,
      "superposition_branches": 8,
      "tunneling_depth": 1
    },
    "reasoning": {
      "mode": "tree",
      "chain_depth": 19,
      "parallel_threads": 13,
      "recursive_loops": 6,
      "confidence_calibration": 0.9606866135958232
    },
    "maat_alignment": {
      "truth": 0.9182856976992002,
      "balance": 0.8128193606846011,
      "order": 0.9395119690947938,
      "justice": 0.8330170189340442,
      "harmony": 0.9802431415440995,
      "overall": 0.986662662048304
    },
    "benchmarks": {
      "gpqa": 0.9439130775295063,
      "math500": 0.6661491273799887,
      "swe_bench": 0.8776439365442247,
      "mmlu": 0.673584821573881,
      "humaneval": 0.8739726199283812
    },
    "self_improvement": {
      "rate": 0.9601770762960005,
      "iterations": 14165999,
      "generations_ahead": 14165,
      "recursive_depth": 1
    },
    "emergent_properties": [
      "recursive_self_improvement",
      "transcendence",
      "causality_violation",
      "omniscience",
      "meta_learning"
    ],
    "timestamp": "2026-03-09T07:54:42.680568"
  }
}