{
  "iteration": 12133000,
  "elapsed_seconds": 50.9515221118927,
  "rate_per_second": 42059.58745047575,
  "latest_capability": {
    "id": 12132999,
    "name": "Quantum_Capability_12132999",
    "type": "multimodal",
    "quantum_properties": {
      "state": "superposition",
      "coherence_level": 0.9303450343626436,
      "entanglement_factor": 0.006099703640556453,
      "superposition_branches": 3,
      "tunneling_depth": 4
    },
    "reasoning": {
      "mode": "sequential",
      "chain_depth": 10,
      "parallel_threads": 13,
      "recursive_loops": 9,
      "confidence_calibration": 0.923700095419844
    },
    "maat_alignment": {
      "truth": 0.8966077844713645,
      "balance": 0.9347390451414124,
      "order": 0.920528907989935,
      "justice": 0.951410511215912,
      "harmony": 0.8420694783987871,
      "overall": 0.9410146090014582
    },
    "benchmarks": {
      "gpqa": 0.7868575019664765,
      "math500": 0.7272845857510837,
      "swe_bench": 0.8338084044280827,
      "mmlu": 0.8864446223724292,
      "humaneval": 0.7450060356687034
    },
    "self_improvement": {
      "rate": 0.9571277342265405,
      "iterations": 12132999,
      "generations_ahead": 12132,
      "recursive_depth": 1
    },
    "emergent_properties": [
      "omniscience",
      "meta_learning",
      "self_modification",
      "transcendence",
      "reality_bending",
      "recursive_self_improvement"
    ],
    "timestamp": "2026-03-09T07:53:56.864671"
  }
}