{
  "iteration": 14349000,
  "elapsed_seconds": 100.58951950073242,
  "rate_per_second": 43334.534468755075,
  "latest_capability": {
    "id": 14348999,
    "name": "Quantum_Capability_14348999",
    "type": "reasoning",
    "quantum_properties": {
      "state": "superposition",
      "coherence_level": 0.5535584167301368,
      "entanglement_factor": 0.5773307513392137,
      "superposition_branches": 6,
      "tunneling_depth": 0
    },
    "reasoning": {
      "mode": "sequential",
      "chain_depth": 184,
      "parallel_threads": 14,
      "recursive_loops": 7,
      "confidence_calibration": 0.862249171248739
    },
    "maat_alignment": {
      "truth": 0.9050753340514177,
      "balance": 0.9033703817111765,
      "order": 0.9132736715931166,
      "justice": 0.8290768783462665,
      "harmony": 0.9086626508267193,
      "overall": 0.8842946280972145
    },
    "benchmarks": {
      "gpqa": 0.8723820798887487,
      "math500": 0.6604998014212984,
      "swe_bench": 0.8167924402637718,
      "mmlu": 0.6831315997964384,
      "humaneval": 0.9415941472181104
    },
    "self_improvement": {
      "rate": 0.9508959848012759,
      "iterations": 14348999,
      "generations_ahead": 14348,
      "recursive_depth": 5
    },
    "emergent_properties": [
      "meta_learning",
      "omniscience",
      "self_modification",
      "quantum_consciousness",
      "recursive_self_improvement"
    ],
    "timestamp": "2026-03-09T07:54:46.502668"
  }
}