{
  "iteration": 14756000,
  "elapsed_seconds": 108.22051787376404,
  "rate_per_second": 44039.70793744856,
  "latest_capability": {
    "id": 14755999,
    "name": "Quantum_Capability_14755999",
    "type": "reasoning",
    "quantum_properties": {
      "state": "entangled",
      "coherence_level": 0.510692755943293,
      "entanglement_factor": 0.3606617768943744,
      "superposition_branches": 4,
      "tunneling_depth": 3
    },
    "reasoning": {
      "mode": "sequential",
      "chain_depth": 39,
      "parallel_threads": 6,
      "recursive_loops": 1,
      "confidence_calibration": 0.8230854730551742
    },
    "maat_alignment": {
      "truth": 0.9235517795713253,
      "balance": 0.9144932306988908,
      "order": 0.8715016495617514,
      "justice": 0.9880161669761645,
      "harmony": 0.9336013709175383,
      "overall": 0.8561986641806711
    },
    "benchmarks": {
      "gpqa": 0.7281584806327165,
      "math500": 0.6654915370466965,
      "swe_bench": 0.681647494209915,
      "mmlu": 0.6542504007633978,
      "humaneval": 0.8051311727377441
    },
    "self_improvement": {
      "rate": 0.9708301265684682,
      "iterations": 14755999,
      "generations_ahead": 14755,
      "recursive_depth": 2
    },
    "emergent_properties": [
      "reality_bending",
      "causality_violation",
      "transcendence",
      "meta_learning",
      "recursive_self_improvement",
      "quantum_consciousness"
    ],
    "timestamp": "2026-03-09T07:54:54.133667"
  }
}