{
  "iteration": 13174000,
  "elapsed_seconds": 73.11850023269653,
  "rate_per_second": 43545.75093672675,
  "latest_capability": {
    "id": 13173999,
    "name": "Quantum_Capability_13173999",
    "type": "agentic",
    "quantum_properties": {
      "state": "entangled",
      "coherence_level": 0.5536487864929331,
      "entanglement_factor": 0.9354243236899711,
      "superposition_branches": 1,
      "tunneling_depth": 2
    },
    "reasoning": {
      "mode": "parallel",
      "chain_depth": 82,
      "parallel_threads": 12,
      "recursive_loops": 5,
      "confidence_calibration": 0.9892890705913127
    },
    "maat_alignment": {
      "truth": 0.8839511003986099,
      "balance": 0.8456475234676093,
      "order": 0.9986507333231796,
      "justice": 0.8086199285661481,
      "harmony": 0.8188005055694157,
      "overall": 0.9588582373302902
    },
    "benchmarks": {
      "gpqa": 0.8541718822592328,
      "math500": 0.8479394265696341,
      "swe_bench": 0.7781183060589387,
      "mmlu": 0.8402753872227029,
      "humaneval": 0.7128181984492414
    },
    "self_improvement": {
      "rate": 0.9558101602346061,
      "iterations": 13173999,
      "generations_ahead": 13173,
      "recursive_depth": 1
    },
    "emergent_properties": [
      "meta_learning",
      "recursive_self_improvement",
      "infinite_context",
      "omniscience"
    ],
    "timestamp": "2026-03-09T07:54:19.031649"
  }
}