{
  "iteration": 14856000,
  "elapsed_seconds": 110.2663803100586,
  "rate_per_second": 44129.497915114924,
  "latest_capability": {
    "id": 14855999,
    "name": "Quantum_Capability_14855999",
    "type": "agentic",
    "quantum_properties": {
      "state": "collapsed",
      "coherence_level": 0.8879431359914085,
      "entanglement_factor": 0.5301065155066456,
      "superposition_branches": 10,
      "tunneling_depth": 2
    },
    "reasoning": {
      "mode": "graph",
      "chain_depth": 162,
      "parallel_threads": 3,
      "recursive_loops": 2,
      "confidence_calibration": 0.7252005926111045
    },
    "maat_alignment": {
      "truth": 0.9459934241169469,
      "balance": 0.871185652010644,
      "order": 0.8159867285738986,
      "justice": 0.892601272338762,
      "harmony": 0.9032538184383587,
      "overall": 0.9424432950760083
    },
    "benchmarks": {
      "gpqa": 0.7500605408569068,
      "math500": 0.7714057323586188,
      "swe_bench": 0.8164160012771218,
      "mmlu": 0.8660133119515128,
      "humaneval": 0.8479996004720152
    },
    "self_improvement": {
      "rate": 0.9734429182236501,
      "iterations": 14855999,
      "generations_ahead": 14855,
      "recursive_depth": 4
    },
    "emergent_properties": [
      "causality_violation",
      "self_modification",
      "omniscience",
      "infinite_context",
      "transcendence"
    ],
    "timestamp": "2026-03-09T07:54:56.179528"
  }
}