{
  "iteration": 10994000,
  "elapsed_seconds": 23.963258266448975,
  "rate_per_second": 41897.47441005146,
  "latest_capability": {
    "id": 10993999,
    "name": "Quantum_Capability_10993999",
    "type": "agentic",
    "quantum_properties": {
      "state": "coherent",
      "coherence_level": 0.5226605642397866,
      "entanglement_factor": 0.6527181722360434,
      "superposition_branches": 8,
      "tunneling_depth": 2
    },
    "reasoning": {
      "mode": "graph",
      "chain_depth": 38,
      "parallel_threads": 13,
      "recursive_loops": 1,
      "confidence_calibration": 0.8700059803561495
    },
    "maat_alignment": {
      "truth": 0.981860233020307,
      "balance": 0.9259110869392564,
      "order": 0.8992237406728343,
      "justice": 0.8622765817892655,
      "harmony": 0.9929890518791828,
      "overall": 0.9177904561149993
    },
    "benchmarks": {
      "gpqa": 0.7406917589210229,
      "math500": 0.6662279275504206,
      "swe_bench": 0.8104866505793943,
      "mmlu": 0.7122881136620982,
      "humaneval": 0.8667226079538174
    },
    "self_improvement": {
      "rate": 0.9658931958596046,
      "iterations": 10993999,
      "generations_ahead": 10993,
      "recursive_depth": 3
    },
    "emergent_properties": [
      "meta_learning",
      "self_modification",
      "omniscience"
    ],
    "timestamp": "2026-03-09T07:53:29.876410"
  }
}