{
  "iteration": 12043000,
  "elapsed_seconds": 49.121063232421875,
  "rate_per_second": 41794.69793408172,
  "latest_capability": {
    "id": 12042999,
    "name": "Quantum_Capability_12042999",
    "type": "math",
    "quantum_properties": {
      "state": "superposition",
      "coherence_level": 0.8202338768953329,
      "entanglement_factor": 0.5160077374405443,
      "superposition_branches": 8,
      "tunneling_depth": 4
    },
    "reasoning": {
      "mode": "sequential",
      "chain_depth": 103,
      "parallel_threads": 2,
      "recursive_loops": 3,
      "confidence_calibration": 0.8487548129569003
    },
    "maat_alignment": {
      "truth": 0.8534590039144266,
      "balance": 0.8265073936885177,
      "order": 0.9666102177438213,
      "justice": 0.8823085149215283,
      "harmony": 0.9917202149345972,
      "overall": 0.9036160327208854
    },
    "benchmarks": {
      "gpqa": 0.8629348817307616,
      "math500": 0.8608146474646095,
      "swe_bench": 0.66739102399991,
      "mmlu": 0.6595148145093622,
      "humaneval": 0.740623923929844
    },
    "self_improvement": {
      "rate": 0.9893687199480905,
      "iterations": 12042999,
      "generations_ahead": 12042,
      "recursive_depth": 1
    },
    "emergent_properties": [
      "recursive_self_improvement",
      "transcendence",
      "meta_learning"
    ],
    "timestamp": "2026-03-09T07:53:55.034216"
  }
}