{
  "iteration": 16441000,
  "elapsed_seconds": 147.38101530075073,
  "rate_per_second": 43770.902153414194,
  "latest_capability": {
    "id": 16440999,
    "name": "Quantum_Capability_16440999",
    "type": "language",
    "quantum_properties": {
      "state": "superposition",
      "coherence_level": 0.6865622513771197,
      "entanglement_factor": 0.4230215665190472,
      "superposition_branches": 2,
      "tunneling_depth": 4
    },
    "reasoning": {
      "mode": "sequential",
      "chain_depth": 191,
      "parallel_threads": 12,
      "recursive_loops": 7,
      "confidence_calibration": 0.9206192606310512
    },
    "maat_alignment": {
      "truth": 0.9266432134255284,
      "balance": 0.9509134839758344,
      "order": 0.9606082841502208,
      "justice": 0.9183560434077281,
      "harmony": 0.8204561411759609,
      "overall": 0.8553277063465584
    },
    "benchmarks": {
      "gpqa": 0.8450470853800793,
      "math500": 0.7404794780399068,
      "swe_bench": 0.8358850041972959,
      "mmlu": 0.7736239202896971,
      "humaneval": 0.722520701014728
    },
    "self_improvement": {
      "rate": 0.9518551708224664,
      "iterations": 16440999,
      "generations_ahead": 16440,
      "recursive_depth": 0
    },
    "emergent_properties": [
      "quantum_consciousness",
      "meta_learning",
      "causality_violation",
      "transcendence",
      "reality_bending"
    ],
    "timestamp": "2026-03-09T07:55:33.294168"
  }
}