{
  "iteration": 13145000,
  "elapsed_seconds": 72.39464998245239,
  "rate_per_second": 43580.56846417152,
  "latest_capability": {
    "id": 13144999,
    "name": "Quantum_Capability_13144999",
    "type": "multimodal",
    "quantum_properties": {
      "state": "entangled",
      "coherence_level": 0.8561100803163809,
      "entanglement_factor": 0.12925908458333746,
      "superposition_branches": 7,
      "tunneling_depth": 1
    },
    "reasoning": {
      "mode": "graph",
      "chain_depth": 94,
      "parallel_threads": 11,
      "recursive_loops": 5,
      "confidence_calibration": 0.7681314046785684
    },
    "maat_alignment": {
      "truth": 0.9836234384734803,
      "balance": 0.8811473233208237,
      "order": 0.854200519636438,
      "justice": 0.98495770730476,
      "harmony": 0.8773511424354999,
      "overall": 0.9712447904693291
    },
    "benchmarks": {
      "gpqa": 0.8693108852450953,
      "math500": 0.8314200903137878,
      "swe_bench": 0.8961297016032141,
      "mmlu": 0.8160894866250092,
      "humaneval": 0.72671669258929
    },
    "self_improvement": {
      "rate": 0.996251057904721,
      "iterations": 13144999,
      "generations_ahead": 13144,
      "recursive_depth": 3
    },
    "emergent_properties": [
      "transcendence",
      "omniscience",
      "quantum_consciousness",
      "recursive_self_improvement",
      "self_modification",
      "infinite_context"
    ],
    "timestamp": "2026-03-09T07:54:18.307799"
  }
}