{
  "iteration": 17745000,
  "elapsed_seconds": 172.1142921447754,
  "rate_per_second": 45057.26923291656,
  "latest_capability": {
    "id": 17744999,
    "name": "Quantum_Capability_17744999",
    "type": "language",
    "quantum_properties": {
      "state": "coherent",
      "coherence_level": 0.8400198993513806,
      "entanglement_factor": 0.4255395501999345,
      "superposition_branches": 8,
      "tunneling_depth": 1
    },
    "reasoning": {
      "mode": "graph",
      "chain_depth": 53,
      "parallel_threads": 7,
      "recursive_loops": 4,
      "confidence_calibration": 0.7830561060928726
    },
    "maat_alignment": {
      "truth": 0.8570347178575295,
      "balance": 0.9482054698122918,
      "order": 0.9372979245125725,
      "justice": 0.9211649580180957,
      "harmony": 0.8568003831809008,
      "overall": 0.9934635022606078
    },
    "benchmarks": {
      "gpqa": 0.9125181408180227,
      "math500": 0.8647754571589972,
      "swe_bench": 0.7507133353311835,
      "mmlu": 0.6597592101593759,
      "humaneval": 0.8991013427524904
    },
    "self_improvement": {
      "rate": 0.9507237691455865,
      "iterations": 17744999,
      "generations_ahead": 17744,
      "recursive_depth": 0
    },
    "emergent_properties": [
      "transcendence",
      "reality_bending",
      "self_modification",
      "meta_learning",
      "omniscience"
    ],
    "timestamp": "2026-03-09T07:55:58.027441"
  }
}