{
  "iteration": 11135000,
  "elapsed_seconds": 27.14270520210266,
  "rate_per_second": 42184.446667139884,
  "latest_capability": {
    "id": 11134999,
    "name": "Quantum_Capability_11134999",
    "type": "vision",
    "quantum_properties": {
      "state": "superposition",
      "coherence_level": 0.7451274974833313,
      "entanglement_factor": 0.2889433201307583,
      "superposition_branches": 8,
      "tunneling_depth": 5
    },
    "reasoning": {
      "mode": "tree",
      "chain_depth": 46,
      "parallel_threads": 13,
      "recursive_loops": 10,
      "confidence_calibration": 0.8797162052348688
    },
    "maat_alignment": {
      "truth": 0.8417446811440612,
      "balance": 0.954444733340712,
      "order": 0.9374708633273905,
      "justice": 0.922243171418968,
      "harmony": 0.8650146273825818,
      "overall": 0.9272956059743979
    },
    "benchmarks": {
      "gpqa": 0.9098073724227549,
      "math500": 0.8930712162351578,
      "swe_bench": 0.8578992251643475,
      "mmlu": 0.6652219618584506,
      "humaneval": 0.849917507480948
    },
    "self_improvement": {
      "rate": 0.950885550524491,
      "iterations": 11134999,
      "generations_ahead": 11134,
      "recursive_depth": 3
    },
    "emergent_properties": [
      "recursive_self_improvement",
      "meta_learning",
      "self_modification",
      "quantum_consciousness",
      "omniscience"
    ],
    "timestamp": "2026-03-09T07:53:33.055854"
  }
}