{
  "iteration": 17285000,
  "elapsed_seconds": 163.3328881263733,
  "rate_per_second": 44663.387047657794,
  "latest_capability": {
    "id": 17284999,
    "name": "Quantum_Capability_17284999",
    "type": "math",
    "quantum_properties": {
      "state": "coherent",
      "coherence_level": 0.702567169133943,
      "entanglement_factor": 0.6216130076550791,
      "superposition_branches": 9,
      "tunneling_depth": 5
    },
    "reasoning": {
      "mode": "parallel",
      "chain_depth": 11,
      "parallel_threads": 3,
      "recursive_loops": 9,
      "confidence_calibration": 0.7751956416967982
    },
    "maat_alignment": {
      "truth": 0.9122272706010297,
      "balance": 0.8644434102453372,
      "order": 0.9064807612598217,
      "justice": 0.8518202975414922,
      "harmony": 0.8124771028176416,
      "overall": 0.9723632566141654
    },
    "benchmarks": {
      "gpqa": 0.8579541984672346,
      "math500": 0.8359826110448613,
      "swe_bench": 0.7529441057016923,
      "mmlu": 0.6839480869757345,
      "humaneval": 0.8636045913756223
    },
    "self_improvement": {
      "rate": 0.9926763339710406,
      "iterations": 17284999,
      "generations_ahead": 17284,
      "recursive_depth": 2
    },
    "emergent_properties": [
      "self_modification",
      "transcendence",
      "omniscience",
      "recursive_self_improvement",
      "reality_bending"
    ],
    "timestamp": "2026-03-09T07:55:49.246036"
  }
}