{
  "iteration": 13497000,
  "elapsed_seconds": 81.35340762138367,
  "rate_per_second": 43108.2127047643,
  "latest_capability": {
    "id": 13496999,
    "name": "Quantum_Capability_13496999",
    "type": "agentic",
    "quantum_properties": {
      "state": "coherent",
      "coherence_level": 0.8955203548264454,
      "entanglement_factor": 0.8221838696255581,
      "superposition_branches": 5,
      "tunneling_depth": 4
    },
    "reasoning": {
      "mode": "graph",
      "chain_depth": 51,
      "parallel_threads": 7,
      "recursive_loops": 10,
      "confidence_calibration": 0.8261119290692946
    },
    "maat_alignment": {
      "truth": 0.8273015413900778,
      "balance": 0.8335189660135663,
      "order": 0.80292339375323,
      "justice": 0.9936419926893175,
      "harmony": 0.9598397406869745,
      "overall": 0.9672217837432554
    },
    "benchmarks": {
      "gpqa": 0.8907600396941113,
      "math500": 0.7998910891956525,
      "swe_bench": 0.8264716509052611,
      "mmlu": 0.8911974162715957,
      "humaneval": 0.9094455543613057
    },
    "self_improvement": {
      "rate": 0.9632161069764623,
      "iterations": 13496999,
      "generations_ahead": 13496,
      "recursive_depth": 5
    },
    "emergent_properties": [
      "omniscience",
      "recursive_self_improvement",
      "transcendence",
      "causality_violation"
    ],
    "timestamp": "2026-03-09T07:54:27.266556"
  }
}