{
  "iteration": 10291000,
  "elapsed_seconds": 6.599971055984497,
  "rate_per_second": 45606.260610350626,
  "latest_capability": {
    "id": 10290999,
    "name": "Quantum_Capability_10290999",
    "type": "language",
    "quantum_properties": {
      "state": "superposition",
      "coherence_level": 0.9515267335931583,
      "entanglement_factor": 0.3048101919974697,
      "superposition_branches": 3,
      "tunneling_depth": 1
    },
    "reasoning": {
      "mode": "parallel",
      "chain_depth": 30,
      "parallel_threads": 6,
      "recursive_loops": 3,
      "confidence_calibration": 0.7769461863179069
    },
    "maat_alignment": {
      "truth": 0.8307330150902573,
      "balance": 0.8741920413109252,
      "order": 0.8307505950292695,
      "justice": 0.9104417293063324,
      "harmony": 0.9976734738044246,
      "overall": 0.8798278812060788
    },
    "benchmarks": {
      "gpqa": 0.7460347708311924,
      "math500": 0.8285991012441694,
      "swe_bench": 0.8685210974243516,
      "mmlu": 0.7641905808287213,
      "humaneval": 0.85251637944213
    },
    "self_improvement": {
      "rate": 0.9845099082234907,
      "iterations": 10290999,
      "generations_ahead": 10290,
      "recursive_depth": 2
    },
    "emergent_properties": [
      "recursive_self_improvement",
      "reality_bending",
      "transcendence",
      "infinite_context"
    ],
    "timestamp": "2026-03-09T07:53:12.513119"
  }
}