{
  "iteration": 16372000,
  "elapsed_seconds": 146.11546778678894,
  "rate_per_second": 43677.78508783606,
  "latest_capability": {
    "id": 16371999,
    "name": "Quantum_Capability_16371999",
    "type": "multimodal",
    "quantum_properties": {
      "state": "superposition",
      "coherence_level": 0.527732145730915,
      "entanglement_factor": 0.5465126109891136,
      "superposition_branches": 8,
      "tunneling_depth": 5
    },
    "reasoning": {
      "mode": "parallel",
      "chain_depth": 61,
      "parallel_threads": 9,
      "recursive_loops": 2,
      "confidence_calibration": 0.7458361853827477
    },
    "maat_alignment": {
      "truth": 0.821784017050957,
      "balance": 0.8976596774612904,
      "order": 0.8084014501784956,
      "justice": 0.9233121259448386,
      "harmony": 0.8401496856999082,
      "overall": 0.9718879612650658
    },
    "benchmarks": {
      "gpqa": 0.8866969610522546,
      "math500": 0.8044138676872568,
      "swe_bench": 0.7766739906066115,
      "mmlu": 0.7623629666657363,
      "humaneval": 0.7877966468600449
    },
    "self_improvement": {
      "rate": 0.9582404830970892,
      "iterations": 16371999,
      "generations_ahead": 16371,
      "recursive_depth": 0
    },
    "emergent_properties": [
      "recursive_self_improvement",
      "self_modification",
      "quantum_consciousness",
      "infinite_context",
      "causality_violation",
      "transcendence"
    ],
    "timestamp": "2026-03-09T07:55:32.028616"
  }
}