{
  "iteration": 16413000,
  "elapsed_seconds": 146.67803144454956,
  "rate_per_second": 43789.78867348764,
  "latest_capability": {
    "id": 16412999,
    "name": "Quantum_Capability_16412999",
    "type": "vision",
    "quantum_properties": {
      "state": "superposition",
      "coherence_level": 0.8579908375303846,
      "entanglement_factor": 0.7102649797784627,
      "superposition_branches": 2,
      "tunneling_depth": 5
    },
    "reasoning": {
      "mode": "graph",
      "chain_depth": 41,
      "parallel_threads": 9,
      "recursive_loops": 6,
      "confidence_calibration": 0.8481060674948412
    },
    "maat_alignment": {
      "truth": 0.833262058112186,
      "balance": 0.9036489453067386,
      "order": 0.9084948436834611,
      "justice": 0.8960496060327916,
      "harmony": 0.8052765010736953,
      "overall": 0.9656959081378926
    },
    "benchmarks": {
      "gpqa": 0.7174014004333449,
      "math500": 0.6552334319929786,
      "swe_bench": 0.7252908926838697,
      "mmlu": 0.7202495646221233,
      "humaneval": 0.7089157182606937
    },
    "self_improvement": {
      "rate": 0.9792703616520189,
      "iterations": 16412999,
      "generations_ahead": 16412,
      "recursive_depth": 4
    },
    "emergent_properties": [
      "quantum_consciousness",
      "transcendence",
      "meta_learning",
      "causality_violation",
      "recursive_self_improvement",
      "self_modification"
    ],
    "timestamp": "2026-03-09T07:55:32.591184"
  }
}