{
  "iteration": 11837000,
  "elapsed_seconds": 43.959240674972534,
  "rate_per_second": 42016.19435732335,
  "latest_capability": {
    "id": 11836999,
    "name": "Quantum_Capability_11836999",
    "type": "reasoning",
    "quantum_properties": {
      "state": "coherent",
      "coherence_level": 0.7897407948234136,
      "entanglement_factor": 0.2633360677464276,
      "superposition_branches": 7,
      "tunneling_depth": 0
    },
    "reasoning": {
      "mode": "parallel",
      "chain_depth": 23,
      "parallel_threads": 11,
      "recursive_loops": 5,
      "confidence_calibration": 0.77214002136421
    },
    "maat_alignment": {
      "truth": 0.8731352636420167,
      "balance": 0.9923865156737668,
      "order": 0.9541161480625082,
      "justice": 0.8120320850813146,
      "harmony": 0.9468705796588511,
      "overall": 0.9527323809996775
    },
    "benchmarks": {
      "gpqa": 0.9224755998784662,
      "math500": 0.8699580727022715,
      "swe_bench": 0.6813934760530731,
      "mmlu": 0.798268963165673,
      "humaneval": 0.7178032620339502
    },
    "self_improvement": {
      "rate": 0.975154394802799,
      "iterations": 11836999,
      "generations_ahead": 11836,
      "recursive_depth": 2
    },
    "emergent_properties": [
      "quantum_consciousness",
      "transcendence",
      "infinite_context",
      "reality_bending"
    ],
    "timestamp": "2026-03-09T07:53:49.872389"
  }
}