{
  "iteration": 11433000,
  "elapsed_seconds": 35.080864667892456,
  "rate_per_second": 41133.53572270118,
  "latest_capability": {
    "id": 11432999,
    "name": "Quantum_Capability_11432999",
    "type": "multimodal",
    "quantum_properties": {
      "state": "collapsed",
      "coherence_level": 0.5147725965244017,
      "entanglement_factor": 0.08572260013396626,
      "superposition_branches": 3,
      "tunneling_depth": 4
    },
    "reasoning": {
      "mode": "sequential",
      "chain_depth": 149,
      "parallel_threads": 14,
      "recursive_loops": 5,
      "confidence_calibration": 0.7076116870972736
    },
    "maat_alignment": {
      "truth": 0.9516169206409683,
      "balance": 0.8821125899380129,
      "order": 0.8122415600104376,
      "justice": 0.9435879952554422,
      "harmony": 0.9619074707650133,
      "overall": 0.8970429346698814
    },
    "benchmarks": {
      "gpqa": 0.8379033388913545,
      "math500": 0.899717446811318,
      "swe_bench": 0.8384312196072099,
      "mmlu": 0.8108068557338911,
      "humaneval": 0.7203332828293459
    },
    "self_improvement": {
      "rate": 0.9848841143337899,
      "iterations": 11432999,
      "generations_ahead": 11432,
      "recursive_depth": 5
    },
    "emergent_properties": [
      "causality_violation",
      "infinite_context",
      "reality_bending",
      "transcendence",
      "meta_learning"
    ],
    "timestamp": "2026-03-09T07:53:40.994013"
  }
}