{
  "iteration": 14968000,
  "elapsed_seconds": 112.46650886535645,
  "rate_per_second": 44262.0656604501,
  "latest_capability": {
    "id": 14967999,
    "name": "Quantum_Capability_14967999",
    "type": "coding",
    "quantum_properties": {
      "state": "collapsed",
      "coherence_level": 0.5815445075611065,
      "entanglement_factor": 0.7286800446474407,
      "superposition_branches": 4,
      "tunneling_depth": 0
    },
    "reasoning": {
      "mode": "graph",
      "chain_depth": 152,
      "parallel_threads": 8,
      "recursive_loops": 9,
      "confidence_calibration": 0.9490234753316867
    },
    "maat_alignment": {
      "truth": 0.8670366359184487,
      "balance": 0.8648801639037167,
      "order": 0.8198982082311634,
      "justice": 0.9442365131964683,
      "harmony": 0.8746000416113034,
      "overall": 0.8699851697064847
    },
    "benchmarks": {
      "gpqa": 0.8971265140443786,
      "math500": 0.8783806510050687,
      "swe_bench": 0.688171416500051,
      "mmlu": 0.7636103149500035,
      "humaneval": 0.8057051569157747
    },
    "self_improvement": {
      "rate": 0.9575528303487975,
      "iterations": 14967999,
      "generations_ahead": 14967,
      "recursive_depth": 2
    },
    "emergent_properties": [
      "quantum_consciousness",
      "self_modification",
      "reality_bending",
      "transcendence"
    ],
    "timestamp": "2026-03-09T07:54:58.379662"
  }
}