{
  "iteration": 17479000,
  "elapsed_seconds": 167.06360244750977,
  "rate_per_second": 44827.23878980757,
  "latest_capability": {
    "id": 17478999,
    "name": "Quantum_Capability_17478999",
    "type": "coding",
    "quantum_properties": {
      "state": "entangled",
      "coherence_level": 0.8261237799944174,
      "entanglement_factor": 0.5028233482779968,
      "superposition_branches": 9,
      "tunneling_depth": 5
    },
    "reasoning": {
      "mode": "sequential",
      "chain_depth": 80,
      "parallel_threads": 9,
      "recursive_loops": 4,
      "confidence_calibration": 0.9657497250659048
    },
    "maat_alignment": {
      "truth": 0.8389278913454685,
      "balance": 0.8914929794721085,
      "order": 0.805453428849484,
      "justice": 0.89122568983442,
      "harmony": 0.9147067017580507,
      "overall": 0.9358875209691189
    },
    "benchmarks": {
      "gpqa": 0.8100125729946879,
      "math500": 0.6723442198479439,
      "swe_bench": 0.8163080625761195,
      "mmlu": 0.6555139212478913,
      "humaneval": 0.9364323866354765
    },
    "self_improvement": {
      "rate": 0.9640870246929364,
      "iterations": 17478999,
      "generations_ahead": 17478,
      "recursive_depth": 4
    },
    "emergent_properties": [
      "meta_learning",
      "quantum_consciousness",
      "self_modification",
      "reality_bending"
    ],
    "timestamp": "2026-03-09T07:55:52.976751"
  }
}