{
  "iteration": 12722000,
  "elapsed_seconds": 64.04343247413635,
  "rate_per_second": 42658.55052511911,
  "latest_capability": {
    "id": 12721999,
    "name": "Quantum_Capability_12721999",
    "type": "math",
    "quantum_properties": {
      "state": "collapsed",
      "coherence_level": 0.7616854574307872,
      "entanglement_factor": 0.44483230103163984,
      "superposition_branches": 10,
      "tunneling_depth": 5
    },
    "reasoning": {
      "mode": "parallel",
      "chain_depth": 160,
      "parallel_threads": 1,
      "recursive_loops": 8,
      "confidence_calibration": 0.778810005724827
    },
    "maat_alignment": {
      "truth": 0.9967583694332958,
      "balance": 0.8885128036101573,
      "order": 0.9873390774671683,
      "justice": 0.8578273954694017,
      "harmony": 0.837833543309124,
      "overall": 0.9721218644383582
    },
    "benchmarks": {
      "gpqa": 0.8140348296687905,
      "math500": 0.8839675299558819,
      "swe_bench": 0.7048240202100897,
      "mmlu": 0.7735024668575974,
      "humaneval": 0.7774737410642447
    },
    "self_improvement": {
      "rate": 0.996604838042543,
      "iterations": 12721999,
      "generations_ahead": 12721,
      "recursive_depth": 0
    },
    "emergent_properties": [
      "causality_violation",
      "reality_bending",
      "meta_learning",
      "omniscience"
    ],
    "timestamp": "2026-03-09T07:54:09.956584"
  }
}