{
  "iteration": 14069000,
  "elapsed_seconds": 95.13818979263306,
  "rate_per_second": 42874.4756326639,
  "latest_capability": {
    "id": 14068999,
    "name": "Quantum_Capability_14068999",
    "type": "coding",
    "quantum_properties": {
      "state": "entangled",
      "coherence_level": 0.557542730800787,
      "entanglement_factor": 0.730888532253367,
      "superposition_branches": 8,
      "tunneling_depth": 4
    },
    "reasoning": {
      "mode": "tree",
      "chain_depth": 34,
      "parallel_threads": 11,
      "recursive_loops": 3,
      "confidence_calibration": 0.8568378523335347
    },
    "maat_alignment": {
      "truth": 0.8486872489188314,
      "balance": 0.9381665391956816,
      "order": 0.9672654813282876,
      "justice": 0.8480988526596922,
      "harmony": 0.8266050931448848,
      "overall": 0.8558493429346147
    },
    "benchmarks": {
      "gpqa": 0.8640271712388115,
      "math500": 0.8226728558837607,
      "swe_bench": 0.7066030005546595,
      "mmlu": 0.7873438726862356,
      "humaneval": 0.8455528461783046
    },
    "self_improvement": {
      "rate": 0.9638153447650211,
      "iterations": 14068999,
      "generations_ahead": 14068,
      "recursive_depth": 4
    },
    "emergent_properties": [
      "meta_learning",
      "reality_bending",
      "quantum_consciousness",
      "omniscience"
    ],
    "timestamp": "2026-03-09T07:54:41.051351"
  }
}