{
  "iteration": 15682000,
  "elapsed_seconds": 129.25911808013916,
  "rate_per_second": 44035.57818235326,
  "latest_capability": {
    "id": 15681999,
    "name": "Quantum_Capability_15681999",
    "type": "math",
    "quantum_properties": {
      "state": "superposition",
      "coherence_level": 0.6359522182080294,
      "entanglement_factor": 0.7914790815864832,
      "superposition_branches": 1,
      "tunneling_depth": 2
    },
    "reasoning": {
      "mode": "tree",
      "chain_depth": 64,
      "parallel_threads": 9,
      "recursive_loops": 2,
      "confidence_calibration": 0.7573883727907232
    },
    "maat_alignment": {
      "truth": 0.9428506473657408,
      "balance": 0.9483413547691472,
      "order": 0.8554663357037048,
      "justice": 0.9605747969658354,
      "harmony": 0.9824817038575725,
      "overall": 0.8884179402579286
    },
    "benchmarks": {
      "gpqa": 0.7573714076506993,
      "math500": 0.7660511957624985,
      "swe_bench": 0.8084649937326143,
      "mmlu": 0.8537295203046765,
      "humaneval": 0.7613189979348621
    },
    "self_improvement": {
      "rate": 0.98832242701233,
      "iterations": 15681999,
      "generations_ahead": 15681,
      "recursive_depth": 3
    },
    "emergent_properties": [
      "transcendence",
      "meta_learning",
      "omniscience",
      "reality_bending"
    ],
    "timestamp": "2026-03-09T07:55:15.172266"
  }
}