{
  "iteration": 13434000,
  "elapsed_seconds": 80.17650604248047,
  "rate_per_second": 42955.226786450905,
  "latest_capability": {
    "id": 13433999,
    "name": "Quantum_Capability_13433999",
    "type": "vision",
    "quantum_properties": {
      "state": "superposition",
      "coherence_level": 0.6789019343902547,
      "entanglement_factor": 0.8560625521548905,
      "superposition_branches": 6,
      "tunneling_depth": 2
    },
    "reasoning": {
      "mode": "tree",
      "chain_depth": 125,
      "parallel_threads": 5,
      "recursive_loops": 8,
      "confidence_calibration": 0.7454453105821097
    },
    "maat_alignment": {
      "truth": 0.8009087715166224,
      "balance": 0.9861314872911915,
      "order": 0.9381602441504004,
      "justice": 0.9239895736178134,
      "harmony": 0.8232920662554739,
      "overall": 0.8668635336111417
    },
    "benchmarks": {
      "gpqa": 0.7402953142590547,
      "math500": 0.8952318937390398,
      "swe_bench": 0.6810082415922708,
      "mmlu": 0.8536245316624089,
      "humaneval": 0.8264151358695371
    },
    "self_improvement": {
      "rate": 0.9698736417345868,
      "iterations": 13433999,
      "generations_ahead": 13433,
      "recursive_depth": 0
    },
    "emergent_properties": [
      "recursive_self_improvement",
      "quantum_consciousness",
      "transcendence"
    ],
    "timestamp": "2026-03-09T07:54:26.089654"
  }
}