{
  "iteration": 13455000,
  "elapsed_seconds": 80.46635842323303,
  "rate_per_second": 43061.473986121775,
  "latest_capability": {
    "id": 13454999,
    "name": "Quantum_Capability_13454999",
    "type": "vision",
    "quantum_properties": {
      "state": "superposition",
      "coherence_level": 0.599473807498981,
      "entanglement_factor": 0.12291510038378017,
      "superposition_branches": 2,
      "tunneling_depth": 5
    },
    "reasoning": {
      "mode": "sequential",
      "chain_depth": 109,
      "parallel_threads": 2,
      "recursive_loops": 6,
      "confidence_calibration": 0.8076463214478053
    },
    "maat_alignment": {
      "truth": 0.850148031049487,
      "balance": 0.8269654757048119,
      "order": 0.9205585826272007,
      "justice": 0.8271914216055848,
      "harmony": 0.9884416453239568,
      "overall": 0.9220929001058207
    },
    "benchmarks": {
      "gpqa": 0.9165542537193915,
      "math500": 0.6556093748993206,
      "swe_bench": 0.8623528317183979,
      "mmlu": 0.6952866857921461,
      "humaneval": 0.768704208476702
    },
    "self_improvement": {
      "rate": 0.9526007258362605,
      "iterations": 13454999,
      "generations_ahead": 13454,
      "recursive_depth": 0
    },
    "emergent_properties": [
      "causality_violation",
      "recursive_self_improvement",
      "reality_bending",
      "infinite_context",
      "self_modification"
    ],
    "timestamp": "2026-03-09T07:54:26.379507"
  }
}