{
  "iteration": 16684000,
  "elapsed_seconds": 152.05941677093506,
  "rate_per_second": 44022.26538908773,
  "latest_capability": {
    "id": 16683999,
    "name": "Quantum_Capability_16683999",
    "type": "coding",
    "quantum_properties": {
      "state": "coherent",
      "coherence_level": 0.9705269404605343,
      "entanglement_factor": 0.6813213098852957,
      "superposition_branches": 7,
      "tunneling_depth": 3
    },
    "reasoning": {
      "mode": "parallel",
      "chain_depth": 89,
      "parallel_threads": 7,
      "recursive_loops": 10,
      "confidence_calibration": 0.9668009649136899
    },
    "maat_alignment": {
      "truth": 0.8933245860563047,
      "balance": 0.82815116349942,
      "order": 0.8804400916844878,
      "justice": 0.8719329412219508,
      "harmony": 0.8983435527513463,
      "overall": 0.9948652905559816
    },
    "benchmarks": {
      "gpqa": 0.880437549811046,
      "math500": 0.8857824034466982,
      "swe_bench": 0.8967213614122133,
      "mmlu": 0.8939754767379148,
      "humaneval": 0.8052614246488958
    },
    "self_improvement": {
      "rate": 0.9789633508410693,
      "iterations": 16683999,
      "generations_ahead": 16683,
      "recursive_depth": 4
    },
    "emergent_properties": [
      "meta_learning",
      "transcendence",
      "omniscience",
      "reality_bending"
    ],
    "timestamp": "2026-03-09T07:55:37.972581"
  }
}