{
  "iteration": 11666000,
  "elapsed_seconds": 40.67768454551697,
  "rate_per_second": 41201.9518496588,
  "latest_capability": {
    "id": 11665999,
    "name": "Quantum_Capability_11665999",
    "type": "language",
    "quantum_properties": {
      "state": "superposition",
      "coherence_level": 0.7498705051532562,
      "entanglement_factor": 0.8454323862147213,
      "superposition_branches": 8,
      "tunneling_depth": 5
    },
    "reasoning": {
      "mode": "parallel",
      "chain_depth": 45,
      "parallel_threads": 14,
      "recursive_loops": 8,
      "confidence_calibration": 0.8805625823101101
    },
    "maat_alignment": {
      "truth": 0.800376628244002,
      "balance": 0.9510920662983914,
      "order": 0.8513516235008244,
      "justice": 0.8984702097997898,
      "harmony": 0.9867104755237717,
      "overall": 0.8948164809362202
    },
    "benchmarks": {
      "gpqa": 0.7707897858475817,
      "math500": 0.8521668410546522,
      "swe_bench": 0.6820385742017473,
      "mmlu": 0.8668584740876326,
      "humaneval": 0.8475003145508
    },
    "self_improvement": {
      "rate": 0.9528350661238579,
      "iterations": 11665999,
      "generations_ahead": 11665,
      "recursive_depth": 0
    },
    "emergent_properties": [
      "reality_bending",
      "quantum_consciousness",
      "infinite_context"
    ],
    "timestamp": "2026-03-09T07:53:46.590833"
  }
}