{
  "iteration": 15599000,
  "elapsed_seconds": 127.4719717502594,
  "rate_per_second": 44001.82975900807,
  "latest_capability": {
    "id": 15598999,
    "name": "Quantum_Capability_15598999",
    "type": "reasoning",
    "quantum_properties": {
      "state": "coherent",
      "coherence_level": 0.9970408267254661,
      "entanglement_factor": 0.611671520290189,
      "superposition_branches": 4,
      "tunneling_depth": 3
    },
    "reasoning": {
      "mode": "tree",
      "chain_depth": 112,
      "parallel_threads": 7,
      "recursive_loops": 7,
      "confidence_calibration": 0.7975009113515636
    },
    "maat_alignment": {
      "truth": 0.8322810381615626,
      "balance": 0.8563671130137377,
      "order": 0.825899939258319,
      "justice": 0.9837281484895992,
      "harmony": 0.9046446071364566,
      "overall": 0.889593732464063
    },
    "benchmarks": {
      "gpqa": 0.9483205615821801,
      "math500": 0.6913361017489673,
      "swe_bench": 0.8796333671485203,
      "mmlu": 0.8135798211797836,
      "humaneval": 0.7233990608101553
    },
    "self_improvement": {
      "rate": 0.9583453700194426,
      "iterations": 15598999,
      "generations_ahead": 15598,
      "recursive_depth": 0
    },
    "emergent_properties": [
      "infinite_context",
      "causality_violation",
      "quantum_consciousness",
      "omniscience"
    ],
    "timestamp": "2026-03-09T07:55:13.385120"
  }
}