{
  "iteration": 15360000,
  "elapsed_seconds": 123.21811437606812,
  "rate_per_second": 43581.25448674275,
  "latest_capability": {
    "id": 15359999,
    "name": "Quantum_Capability_15359999",
    "type": "math",
    "quantum_properties": {
      "state": "coherent",
      "coherence_level": 0.6915317272304868,
      "entanglement_factor": 0.6407225125030873,
      "superposition_branches": 6,
      "tunneling_depth": 5
    },
    "reasoning": {
      "mode": "parallel",
      "chain_depth": 144,
      "parallel_threads": 14,
      "recursive_loops": 7,
      "confidence_calibration": 0.8702553286952288
    },
    "maat_alignment": {
      "truth": 0.9229478495571941,
      "balance": 0.8502939461982637,
      "order": 0.8287577138374261,
      "justice": 0.9569771714806219,
      "harmony": 0.982738539556792,
      "overall": 0.8923769890342267
    },
    "benchmarks": {
      "gpqa": 0.7179304875479985,
      "math500": 0.7145620491077532,
      "swe_bench": 0.7185028044094213,
      "mmlu": 0.877492631485846,
      "humaneval": 0.8929355390815217
    },
    "self_improvement": {
      "rate": 0.9932325597584996,
      "iterations": 15359999,
      "generations_ahead": 15359,
      "recursive_depth": 5
    },
    "emergent_properties": [
      "reality_bending",
      "recursive_self_improvement",
      "transcendence"
    ],
    "timestamp": "2026-03-09T07:55:09.131278"
  }
}