{
  "iteration": 14823000,
  "elapsed_seconds": 109.80464315414429,
  "rate_per_second": 44014.53218344703,
  "latest_capability": {
    "id": 14822999,
    "name": "Quantum_Capability_14822999",
    "type": "coding",
    "quantum_properties": {
      "state": "entangled",
      "coherence_level": 0.7358241497949924,
      "entanglement_factor": 0.33926477955931633,
      "superposition_branches": 5,
      "tunneling_depth": 2
    },
    "reasoning": {
      "mode": "parallel",
      "chain_depth": 90,
      "parallel_threads": 9,
      "recursive_loops": 4,
      "confidence_calibration": 0.9152419166030814
    },
    "maat_alignment": {
      "truth": 0.8110188818687588,
      "balance": 0.8239844292046666,
      "order": 0.8892601846954487,
      "justice": 0.8105705934162488,
      "harmony": 0.8896074916400197,
      "overall": 0.8632503976376109
    },
    "benchmarks": {
      "gpqa": 0.7341757125596107,
      "math500": 0.676463886064583,
      "swe_bench": 0.688890115218436,
      "mmlu": 0.6609295539751812,
      "humaneval": 0.7802413249682842
    },
    "self_improvement": {
      "rate": 0.9936540963167015,
      "iterations": 14822999,
      "generations_ahead": 14822,
      "recursive_depth": 2
    },
    "emergent_properties": [
      "transcendence",
      "quantum_consciousness",
      "infinite_context",
      "reality_bending"
    ],
    "timestamp": "2026-03-09T07:54:55.717795"
  }
}