{
  "iteration": 15790000,
  "elapsed_seconds": 131.40386366844177,
  "rate_per_second": 44138.732591870816,
  "latest_capability": {
    "id": 15789999,
    "name": "Quantum_Capability_15789999",
    "type": "reasoning",
    "quantum_properties": {
      "state": "entangled",
      "coherence_level": 0.5471721834735322,
      "entanglement_factor": 0.5707805376049567,
      "superposition_branches": 8,
      "tunneling_depth": 1
    },
    "reasoning": {
      "mode": "parallel",
      "chain_depth": 101,
      "parallel_threads": 15,
      "recursive_loops": 9,
      "confidence_calibration": 0.8469330166106113
    },
    "maat_alignment": {
      "truth": 0.8728374969340975,
      "balance": 0.9892730330690378,
      "order": 0.91744636558367,
      "justice": 0.9276807264389207,
      "harmony": 0.8048658687650561,
      "overall": 0.9686148242824744
    },
    "benchmarks": {
      "gpqa": 0.7157566633897053,
      "math500": 0.8617985208018636,
      "swe_bench": 0.7760871935679982,
      "mmlu": 0.744104115017857,
      "humaneval": 0.9072579937783802
    },
    "self_improvement": {
      "rate": 0.9888174750137149,
      "iterations": 15789999,
      "generations_ahead": 15789,
      "recursive_depth": 2
    },
    "emergent_properties": [
      "causality_violation",
      "quantum_consciousness",
      "infinite_context",
      "recursive_self_improvement",
      "reality_bending"
    ],
    "timestamp": "2026-03-09T07:55:17.317019"
  }
}