{
  "iteration": 13033000,
  "elapsed_seconds": 70.22431707382202,
  "rate_per_second": 43332.56807326588,
  "latest_capability": {
    "id": 13032999,
    "name": "Quantum_Capability_13032999",
    "type": "agentic",
    "quantum_properties": {
      "state": "coherent",
      "coherence_level": 0.8068219203052753,
      "entanglement_factor": 0.6256596176076207,
      "superposition_branches": 8,
      "tunneling_depth": 0
    },
    "reasoning": {
      "mode": "sequential",
      "chain_depth": 151,
      "parallel_threads": 16,
      "recursive_loops": 3,
      "confidence_calibration": 0.8193924909471599
    },
    "maat_alignment": {
      "truth": 0.802299740848662,
      "balance": 0.9874223199638898,
      "order": 0.8145456439448598,
      "justice": 0.8571401390474207,
      "harmony": 0.977555976480475,
      "overall": 0.9087003609481215
    },
    "benchmarks": {
      "gpqa": 0.9351697862734843,
      "math500": 0.7679899509767036,
      "swe_bench": 0.8845550329508568,
      "mmlu": 0.7203464333888073,
      "humaneval": 0.8626520406968038
    },
    "self_improvement": {
      "rate": 0.96345411066795,
      "iterations": 13032999,
      "generations_ahead": 13032,
      "recursive_depth": 3
    },
    "emergent_properties": [
      "recursive_self_improvement",
      "infinite_context",
      "self_modification",
      "causality_violation",
      "reality_bending",
      "quantum_consciousness"
    ],
    "timestamp": "2026-03-09T07:54:16.137466"
  }
}