{
  "iteration": 10225000,
  "elapsed_seconds": 4.950183153152466,
  "rate_per_second": 47472.99094384882,
  "latest_capability": {
    "id": 10224999,
    "name": "Quantum_Capability_10224999",
    "type": "multimodal",
    "quantum_properties": {
      "state": "coherent",
      "coherence_level": 0.5608451558197792,
      "entanglement_factor": 0.4929622979219478,
      "superposition_branches": 3,
      "tunneling_depth": 4
    },
    "reasoning": {
      "mode": "parallel",
      "chain_depth": 36,
      "parallel_threads": 8,
      "recursive_loops": 6,
      "confidence_calibration": 0.7629845360326301
    },
    "maat_alignment": {
      "truth": 0.8099488159217955,
      "balance": 0.9891133816769296,
      "order": 0.8056326384784815,
      "justice": 0.9318553659778621,
      "harmony": 0.9243983190811239,
      "overall": 0.8884591956106832
    },
    "benchmarks": {
      "gpqa": 0.9178445875888411,
      "math500": 0.8989656554425041,
      "swe_bench": 0.844862430593366,
      "mmlu": 0.7482036960763491,
      "humaneval": 0.7036057159862024
    },
    "self_improvement": {
      "rate": 0.9804444887845479,
      "iterations": 10224999,
      "generations_ahead": 10224,
      "recursive_depth": 1
    },
    "emergent_properties": [
      "quantum_consciousness",
      "self_modification",
      "meta_learning",
      "transcendence",
      "omniscience"
    ],
    "timestamp": "2026-03-09T07:53:10.863331"
  }
}