{
  "iteration": 15173000,
  "elapsed_seconds": 119.70247960090637,
  "rate_per_second": 43299.01951304904,
  "latest_capability": {
    "id": 15172999,
    "name": "Quantum_Capability_15172999",
    "type": "reasoning",
    "quantum_properties": {
      "state": "collapsed",
      "coherence_level": 0.8392099589829973,
      "entanglement_factor": 0.21384368619224448,
      "superposition_branches": 9,
      "tunneling_depth": 5
    },
    "reasoning": {
      "mode": "sequential",
      "chain_depth": 20,
      "parallel_threads": 2,
      "recursive_loops": 6,
      "confidence_calibration": 0.7258452543797586
    },
    "maat_alignment": {
      "truth": 0.8399527726157956,
      "balance": 0.9831423754142451,
      "order": 0.8356051159658977,
      "justice": 0.8873562627121335,
      "harmony": 0.8806597024050289,
      "overall": 0.9445146445138244
    },
    "benchmarks": {
      "gpqa": 0.7742392698042045,
      "math500": 0.7144790536326029,
      "swe_bench": 0.759552367990965,
      "mmlu": 0.7298890389654125,
      "humaneval": 0.8210838217644268
    },
    "self_improvement": {
      "rate": 0.9911441412724854,
      "iterations": 15172999,
      "generations_ahead": 15172,
      "recursive_depth": 4
    },
    "emergent_properties": [
      "omniscience",
      "reality_bending",
      "self_modification",
      "transcendence"
    ],
    "timestamp": "2026-03-09T07:55:05.615628"
  }
}