{
  "iteration": 11253000,
  "elapsed_seconds": 30.054808378219604,
  "rate_per_second": 42023.22583814184,
  "latest_capability": {
    "id": 11252999,
    "name": "Quantum_Capability_11252999",
    "type": "agentic",
    "quantum_properties": {
      "state": "entangled",
      "coherence_level": 0.6504375648835157,
      "entanglement_factor": 0.4505044455700503,
      "superposition_branches": 6,
      "tunneling_depth": 3
    },
    "reasoning": {
      "mode": "sequential",
      "chain_depth": 48,
      "parallel_threads": 16,
      "recursive_loops": 3,
      "confidence_calibration": 0.9184441647182952
    },
    "maat_alignment": {
      "truth": 0.8318887583559066,
      "balance": 0.9101612454145687,
      "order": 0.9382812058634219,
      "justice": 0.9113706535193651,
      "harmony": 0.943334377205955,
      "overall": 0.8690404094330584
    },
    "benchmarks": {
      "gpqa": 0.844440345176983,
      "math500": 0.7478361550600315,
      "swe_bench": 0.7797472126006352,
      "mmlu": 0.7573234822392044,
      "humaneval": 0.7250474398643505
    },
    "self_improvement": {
      "rate": 0.9628539739542701,
      "iterations": 11252999,
      "generations_ahead": 11252,
      "recursive_depth": 2
    },
    "emergent_properties": [
      "self_modification",
      "omniscience",
      "causality_violation"
    ],
    "timestamp": "2026-03-09T07:53:35.967956"
  }
}