{
  "iteration": 11844000,
  "elapsed_seconds": 44.05218553543091,
  "rate_per_second": 42086.44764080636,
  "latest_capability": {
    "id": 11843999,
    "name": "Quantum_Capability_11843999",
    "type": "math",
    "quantum_properties": {
      "state": "entangled",
      "coherence_level": 0.694213172488391,
      "entanglement_factor": 0.2667358056666649,
      "superposition_branches": 6,
      "tunneling_depth": 1
    },
    "reasoning": {
      "mode": "graph",
      "chain_depth": 43,
      "parallel_threads": 16,
      "recursive_loops": 5,
      "confidence_calibration": 0.7711841949815668
    },
    "maat_alignment": {
      "truth": 0.9375275068454131,
      "balance": 0.8291354622950847,
      "order": 0.9145423574428534,
      "justice": 0.9354240278346749,
      "harmony": 0.8147899935148442,
      "overall": 0.8860756659904929
    },
    "benchmarks": {
      "gpqa": 0.8351938444305924,
      "math500": 0.7803975454839694,
      "swe_bench": 0.8793319416777234,
      "mmlu": 0.7450290983433147,
      "humaneval": 0.9032885624197708
    },
    "self_improvement": {
      "rate": 0.9525452923568523,
      "iterations": 11843999,
      "generations_ahead": 11843,
      "recursive_depth": 2
    },
    "emergent_properties": [
      "transcendence",
      "quantum_consciousness",
      "reality_bending",
      "infinite_context"
    ],
    "timestamp": "2026-03-09T07:53:49.965334"
  }
}