{
  "iteration": 16718000,
  "elapsed_seconds": 152.52325105667114,
  "rate_per_second": 44111.30731471336,
  "latest_capability": {
    "id": 16717999,
    "name": "Quantum_Capability_16717999",
    "type": "reasoning",
    "quantum_properties": {
      "state": "collapsed",
      "coherence_level": 0.513691023603628,
      "entanglement_factor": 0.6359714984939276,
      "superposition_branches": 2,
      "tunneling_depth": 4
    },
    "reasoning": {
      "mode": "tree",
      "chain_depth": 73,
      "parallel_threads": 12,
      "recursive_loops": 7,
      "confidence_calibration": 0.7964321078679388
    },
    "maat_alignment": {
      "truth": 0.9717788442000812,
      "balance": 0.9570968651055222,
      "order": 0.9028048576631348,
      "justice": 0.9925370123598255,
      "harmony": 0.8538232172642867,
      "overall": 0.9092684118019181
    },
    "benchmarks": {
      "gpqa": 0.7888803731474936,
      "math500": 0.6959123482880915,
      "swe_bench": 0.878833002834817,
      "mmlu": 0.8366673725170662,
      "humaneval": 0.7707505908670136
    },
    "self_improvement": {
      "rate": 0.9717503590665889,
      "iterations": 16717999,
      "generations_ahead": 16717,
      "recursive_depth": 0
    },
    "emergent_properties": [
      "reality_bending",
      "causality_violation",
      "transcendence",
      "recursive_self_improvement"
    ],
    "timestamp": "2026-03-09T07:55:38.436399"
  }
}