{
  "iteration": 12422000,
  "elapsed_seconds": 56.54945635795593,
  "rate_per_second": 43006.60265601019,
  "latest_capability": {
    "id": 12421999,
    "name": "Quantum_Capability_12421999",
    "type": "multimodal",
    "quantum_properties": {
      "state": "collapsed",
      "coherence_level": 0.7681785867588361,
      "entanglement_factor": 0.13063408256806008,
      "superposition_branches": 9,
      "tunneling_depth": 4
    },
    "reasoning": {
      "mode": "tree",
      "chain_depth": 157,
      "parallel_threads": 14,
      "recursive_loops": 9,
      "confidence_calibration": 0.8246513925818935
    },
    "maat_alignment": {
      "truth": 0.8725362663551331,
      "balance": 0.8525138110580163,
      "order": 0.908766447735568,
      "justice": 0.879795573303088,
      "harmony": 0.8676897716497003,
      "overall": 0.9694042585185967
    },
    "benchmarks": {
      "gpqa": 0.7060365374376729,
      "math500": 0.7018945565274712,
      "swe_bench": 0.8996346447610731,
      "mmlu": 0.7211906597128699,
      "humaneval": 0.9077791520131073
    },
    "self_improvement": {
      "rate": 0.9624785678239304,
      "iterations": 12421999,
      "generations_ahead": 12421,
      "recursive_depth": 4
    },
    "emergent_properties": [
      "omniscience",
      "recursive_self_improvement",
      "transcendence",
      "infinite_context",
      "self_modification"
    ],
    "timestamp": "2026-03-09T07:54:02.462605"
  }
}