{
  "iteration": 17006000,
  "elapsed_seconds": 157.8720760345459,
  "rate_per_second": 44441.04477643497,
  "latest_capability": {
    "id": 17005999,
    "name": "Quantum_Capability_17005999",
    "type": "coding",
    "quantum_properties": {
      "state": "entangled",
      "coherence_level": 0.5021804999976383,
      "entanglement_factor": 0.43425346947456,
      "superposition_branches": 3,
      "tunneling_depth": 1
    },
    "reasoning": {
      "mode": "graph",
      "chain_depth": 92,
      "parallel_threads": 12,
      "recursive_loops": 4,
      "confidence_calibration": 0.9517288523224157
    },
    "maat_alignment": {
      "truth": 0.8303471635401987,
      "balance": 0.9590461054295587,
      "order": 0.884458826468702,
      "justice": 0.9672160961944998,
      "harmony": 0.8030451166104413,
      "overall": 0.8566364618546525
    },
    "benchmarks": {
      "gpqa": 0.9474590823422029,
      "math500": 0.8011067975523296,
      "swe_bench": 0.6697775652813793,
      "mmlu": 0.8576292129324412,
      "humaneval": 0.7704154699544267
    },
    "self_improvement": {
      "rate": 0.9592679717902703,
      "iterations": 17005999,
      "generations_ahead": 17005,
      "recursive_depth": 5
    },
    "emergent_properties": [
      "self_modification",
      "infinite_context",
      "reality_bending"
    ],
    "timestamp": "2026-03-09T07:55:43.785234"
  }
}