{
  "iteration": 12416000,
  "elapsed_seconds": 56.46678590774536,
  "rate_per_second": 42963.30951018825,
  "latest_capability": {
    "id": 12415999,
    "name": "Quantum_Capability_12415999",
    "type": "multimodal",
    "quantum_properties": {
      "state": "collapsed",
      "coherence_level": 0.9076434915665428,
      "entanglement_factor": 0.5770250232663108,
      "superposition_branches": 4,
      "tunneling_depth": 1
    },
    "reasoning": {
      "mode": "tree",
      "chain_depth": 47,
      "parallel_threads": 14,
      "recursive_loops": 4,
      "confidence_calibration": 0.9513858467310286
    },
    "maat_alignment": {
      "truth": 0.8959815209292131,
      "balance": 0.9121073542668409,
      "order": 0.9223574368161315,
      "justice": 0.9855786445271596,
      "harmony": 0.961987805054471,
      "overall": 0.8564798932666344
    },
    "benchmarks": {
      "gpqa": 0.70391524145903,
      "math500": 0.8984583842621654,
      "swe_bench": 0.7540505676519178,
      "mmlu": 0.7939607669687787,
      "humaneval": 0.7319416451319187
    },
    "self_improvement": {
      "rate": 0.9610052182701552,
      "iterations": 12415999,
      "generations_ahead": 12415,
      "recursive_depth": 2
    },
    "emergent_properties": [
      "omniscience",
      "self_modification",
      "recursive_self_improvement"
    ],
    "timestamp": "2026-03-09T07:54:02.379934"
  }
}