{
  "iteration": 17459000,
  "elapsed_seconds": 166.78501629829407,
  "rate_per_second": 44782.2002585756,
  "latest_capability": {
    "id": 17458999,
    "name": "Quantum_Capability_17458999",
    "type": "language",
    "quantum_properties": {
      "state": "collapsed",
      "coherence_level": 0.5953907702647865,
      "entanglement_factor": 0.284612022829844,
      "superposition_branches": 4,
      "tunneling_depth": 5
    },
    "reasoning": {
      "mode": "sequential",
      "chain_depth": 104,
      "parallel_threads": 1,
      "recursive_loops": 5,
      "confidence_calibration": 0.7511690542926496
    },
    "maat_alignment": {
      "truth": 0.9098316771991567,
      "balance": 0.8038264908221868,
      "order": 0.8219324464855823,
      "justice": 0.8629373878918677,
      "harmony": 0.8831507726816569,
      "overall": 0.9430791641896927
    },
    "benchmarks": {
      "gpqa": 0.8638305232063475,
      "math500": 0.6967810410439189,
      "swe_bench": 0.7590402689188701,
      "mmlu": 0.6528736216430522,
      "humaneval": 0.9211409908893996
    },
    "self_improvement": {
      "rate": 0.984652933143907,
      "iterations": 17458999,
      "generations_ahead": 17458,
      "recursive_depth": 3
    },
    "emergent_properties": [
      "omniscience",
      "causality_violation",
      "recursive_self_improvement",
      "transcendence",
      "meta_learning"
    ],
    "timestamp": "2026-03-09T07:55:52.698175"
  }
}