{
  "iteration": 13514000,
  "elapsed_seconds": 81.58638763427734,
  "rate_per_second": 43193.47996870304,
  "latest_capability": {
    "id": 13513999,
    "name": "Quantum_Capability_13513999",
    "type": "math",
    "quantum_properties": {
      "state": "entangled",
      "coherence_level": 0.6521658620461741,
      "entanglement_factor": 0.817555518534545,
      "superposition_branches": 8,
      "tunneling_depth": 0
    },
    "reasoning": {
      "mode": "tree",
      "chain_depth": 72,
      "parallel_threads": 15,
      "recursive_loops": 9,
      "confidence_calibration": 0.941869899530088
    },
    "maat_alignment": {
      "truth": 0.9480976199626274,
      "balance": 0.9797291198100687,
      "order": 0.9816908463298916,
      "justice": 0.8484977330091789,
      "harmony": 0.9244994930820221,
      "overall": 0.8660843598256269
    },
    "benchmarks": {
      "gpqa": 0.8026063143222952,
      "math500": 0.7364177924295412,
      "swe_bench": 0.7119168414229076,
      "mmlu": 0.7683043158546861,
      "humaneval": 0.8716478164748952
    },
    "self_improvement": {
      "rate": 0.9625008003771475,
      "iterations": 13513999,
      "generations_ahead": 13513,
      "recursive_depth": 5
    },
    "emergent_properties": [
      "recursive_self_improvement",
      "omniscience",
      "transcendence"
    ],
    "timestamp": "2026-03-09T07:54:27.499536"
  }
}