{
  "iteration": 14058000,
  "elapsed_seconds": 94.66832447052002,
  "rate_per_second": 42971.07847585056,
  "latest_capability": {
    "id": 14057999,
    "name": "Quantum_Capability_14057999",
    "type": "agentic",
    "quantum_properties": {
      "state": "collapsed",
      "coherence_level": 0.7037814710959013,
      "entanglement_factor": 0.619755390786404,
      "superposition_branches": 1,
      "tunneling_depth": 4
    },
    "reasoning": {
      "mode": "parallel",
      "chain_depth": 182,
      "parallel_threads": 2,
      "recursive_loops": 7,
      "confidence_calibration": 0.9286270813988976
    },
    "maat_alignment": {
      "truth": 0.9015645894618841,
      "balance": 0.9050450776265717,
      "order": 0.8617448585846897,
      "justice": 0.8707101072188048,
      "harmony": 0.9000308801867156,
      "overall": 0.9551285445759665
    },
    "benchmarks": {
      "gpqa": 0.7864129359262244,
      "math500": 0.8847538008271558,
      "swe_bench": 0.6884293705106407,
      "mmlu": 0.8902725192773084,
      "humaneval": 0.91212809655121
    },
    "self_improvement": {
      "rate": 0.9987148022006292,
      "iterations": 14057999,
      "generations_ahead": 14057,
      "recursive_depth": 3
    },
    "emergent_properties": [
      "self_modification",
      "quantum_consciousness",
      "transcendence",
      "omniscience"
    ],
    "timestamp": "2026-03-09T07:54:40.581477"
  }
}