{
  "iteration": 11028000,
  "elapsed_seconds": 24.4356529712677,
  "rate_per_second": 42478.91395497051,
  "latest_capability": {
    "id": 11027999,
    "name": "Quantum_Capability_11027999",
    "type": "language",
    "quantum_properties": {
      "state": "entangled",
      "coherence_level": 0.5798816609146162,
      "entanglement_factor": 0.3069442866528421,
      "superposition_branches": 8,
      "tunneling_depth": 1
    },
    "reasoning": {
      "mode": "graph",
      "chain_depth": 29,
      "parallel_threads": 14,
      "recursive_loops": 0,
      "confidence_calibration": 0.9585640470869956
    },
    "maat_alignment": {
      "truth": 0.9359054222468008,
      "balance": 0.8521453424534535,
      "order": 0.9557532596251053,
      "justice": 0.9030122456300366,
      "harmony": 0.9932495878783917,
      "overall": 0.9961118195911003
    },
    "benchmarks": {
      "gpqa": 0.8234354964534902,
      "math500": 0.6652027265926053,
      "swe_bench": 0.7318036311200091,
      "mmlu": 0.8743385892621403,
      "humaneval": 0.7184803010842604
    },
    "self_improvement": {
      "rate": 0.987554435692156,
      "iterations": 11027999,
      "generations_ahead": 11027,
      "recursive_depth": 2
    },
    "emergent_properties": [
      "infinite_context",
      "reality_bending",
      "causality_violation",
      "recursive_self_improvement",
      "omniscience",
      "meta_learning"
    ],
    "timestamp": "2026-03-09T07:53:30.348802"
  }
}