{
  "iteration": 10647000,
  "elapsed_seconds": 15.895119428634644,
  "rate_per_second": 41333.44218958378,
  "latest_capability": {
    "id": 10646999,
    "name": "Quantum_Capability_10646999",
    "type": "vision",
    "quantum_properties": {
      "state": "collapsed",
      "coherence_level": 0.5401804000796734,
      "entanglement_factor": 0.982935101078896,
      "superposition_branches": 2,
      "tunneling_depth": 0
    },
    "reasoning": {
      "mode": "graph",
      "chain_depth": 185,
      "parallel_threads": 11,
      "recursive_loops": 8,
      "confidence_calibration": 0.9256301826524405
    },
    "maat_alignment": {
      "truth": 0.9317245352435664,
      "balance": 0.8221559309932753,
      "order": 0.8517914242655291,
      "justice": 0.9757439495585807,
      "harmony": 0.9143004875405261,
      "overall": 0.8545637555051533
    },
    "benchmarks": {
      "gpqa": 0.9066744791499863,
      "math500": 0.6769146812409977,
      "swe_bench": 0.7186292525015345,
      "mmlu": 0.7774111504921548,
      "humaneval": 0.8605493331474129
    },
    "self_improvement": {
      "rate": 0.9627243356404429,
      "iterations": 10646999,
      "generations_ahead": 10646,
      "recursive_depth": 2
    },
    "emergent_properties": [
      "transcendence",
      "quantum_consciousness",
      "reality_bending",
      "recursive_self_improvement",
      "infinite_context"
    ],
    "timestamp": "2026-03-09T07:53:21.808272"
  }
}