{
  "iteration": 16299000,
  "elapsed_seconds": 144.44224882125854,
  "rate_per_second": 43678.35623915779,
  "latest_capability": {
    "id": 16298999,
    "name": "Quantum_Capability_16298999",
    "type": "vision",
    "quantum_properties": {
      "state": "coherent",
      "coherence_level": 0.6599232673088175,
      "entanglement_factor": 0.5468906363063916,
      "superposition_branches": 7,
      "tunneling_depth": 2
    },
    "reasoning": {
      "mode": "tree",
      "chain_depth": 172,
      "parallel_threads": 15,
      "recursive_loops": 2,
      "confidence_calibration": 0.8549108733048763
    },
    "maat_alignment": {
      "truth": 0.9547676861994014,
      "balance": 0.8927071013572271,
      "order": 0.9088977258539751,
      "justice": 0.8368488932218545,
      "harmony": 0.9191942007566776,
      "overall": 0.9176926666626145
    },
    "benchmarks": {
      "gpqa": 0.8713037914646452,
      "math500": 0.7899231940512621,
      "swe_bench": 0.8771505613106231,
      "mmlu": 0.826864420762927,
      "humaneval": 0.9448862389372339
    },
    "self_improvement": {
      "rate": 0.9825588290396747,
      "iterations": 16298999,
      "generations_ahead": 16298,
      "recursive_depth": 3
    },
    "emergent_properties": [
      "recursive_self_improvement",
      "causality_violation",
      "quantum_consciousness",
      "infinite_context"
    ],
    "timestamp": "2026-03-09T07:55:30.355397"
  }
}