{
  "iteration": 14600000,
  "elapsed_seconds": 105.33744502067566,
  "rate_per_second": 43764.11445232176,
  "latest_capability": {
    "id": 14599999,
    "name": "Quantum_Capability_14599999",
    "type": "math",
    "quantum_properties": {
      "state": "superposition",
      "coherence_level": 0.6757233438654586,
      "entanglement_factor": 0.9313706872143315,
      "superposition_branches": 6,
      "tunneling_depth": 5
    },
    "reasoning": {
      "mode": "graph",
      "chain_depth": 114,
      "parallel_threads": 6,
      "recursive_loops": 8,
      "confidence_calibration": 0.8916604221809397
    },
    "maat_alignment": {
      "truth": 0.9220884916129959,
      "balance": 0.8859164927086388,
      "order": 0.8819846324940411,
      "justice": 0.9868413005343942,
      "harmony": 0.8844252581898625,
      "overall": 0.9070505319152327
    },
    "benchmarks": {
      "gpqa": 0.9325565913685165,
      "math500": 0.755703003049226,
      "swe_bench": 0.7203408418677772,
      "mmlu": 0.7876756856739103,
      "humaneval": 0.8845472589229704
    },
    "self_improvement": {
      "rate": 0.9950087564113064,
      "iterations": 14599999,
      "generations_ahead": 14599,
      "recursive_depth": 5
    },
    "emergent_properties": [
      "omniscience",
      "meta_learning",
      "causality_violation",
      "self_modification",
      "transcendence",
      "infinite_context"
    ],
    "timestamp": "2026-03-09T07:54:51.250598"
  }
}