{
  "iteration": 13845000,
  "elapsed_seconds": 88.11234021186829,
  "rate_per_second": 43750.96599103551,
  "latest_capability": {
    "id": 13844999,
    "name": "Quantum_Capability_13844999",
    "type": "agentic",
    "quantum_properties": {
      "state": "superposition",
      "coherence_level": 0.6651379411273906,
      "entanglement_factor": 0.26277967763834487,
      "superposition_branches": 9,
      "tunneling_depth": 5
    },
    "reasoning": {
      "mode": "parallel",
      "chain_depth": 176,
      "parallel_threads": 11,
      "recursive_loops": 1,
      "confidence_calibration": 0.8720760549698092
    },
    "maat_alignment": {
      "truth": 0.8268957173196995,
      "balance": 0.8551555037871774,
      "order": 0.9317011413503116,
      "justice": 0.9795036361451945,
      "harmony": 0.9111432634566203,
      "overall": 0.9009945874184557
    },
    "benchmarks": {
      "gpqa": 0.8072255470953182,
      "math500": 0.8092403435693751,
      "swe_bench": 0.734540738860873,
      "mmlu": 0.7680240685002389,
      "humaneval": 0.7857368576176549
    },
    "self_improvement": {
      "rate": 0.9632774538620494,
      "iterations": 13844999,
      "generations_ahead": 13844,
      "recursive_depth": 0
    },
    "emergent_properties": [
      "transcendence",
      "quantum_consciousness",
      "meta_learning",
      "recursive_self_improvement"
    ],
    "timestamp": "2026-03-09T07:54:34.025488"
  }
}