{
  "iteration": 12102000,
  "elapsed_seconds": 50.22081422805786,
  "rate_per_second": 42054.276348630905,
  "latest_capability": {
    "id": 12101999,
    "name": "Quantum_Capability_12101999",
    "type": "reasoning",
    "quantum_properties": {
      "state": "coherent",
      "coherence_level": 0.6410909438605537,
      "entanglement_factor": 0.9685767200674118,
      "superposition_branches": 1,
      "tunneling_depth": 3
    },
    "reasoning": {
      "mode": "sequential",
      "chain_depth": 69,
      "parallel_threads": 8,
      "recursive_loops": 10,
      "confidence_calibration": 0.9234614371590967
    },
    "maat_alignment": {
      "truth": 0.8604601797973517,
      "balance": 0.967427599263954,
      "order": 0.8972098351779216,
      "justice": 0.9968741408282087,
      "harmony": 0.9040584919357224,
      "overall": 0.870546183313405
    },
    "benchmarks": {
      "gpqa": 0.8842677553606187,
      "math500": 0.7473231407937476,
      "swe_bench": 0.7983486241803497,
      "mmlu": 0.6531060095067062,
      "humaneval": 0.7939606616124651
    },
    "self_improvement": {
      "rate": 0.9750363029292144,
      "iterations": 12101999,
      "generations_ahead": 12101,
      "recursive_depth": 2
    },
    "emergent_properties": [
      "infinite_context",
      "reality_bending",
      "omniscience",
      "self_modification",
      "quantum_consciousness"
    ],
    "timestamp": "2026-03-09T07:53:56.133963"
  }
}