{
  "iteration": 13909000,
  "elapsed_seconds": 89.33256530761719,
  "rate_per_second": 43869.780146858,
  "latest_capability": {
    "id": 13908999,
    "name": "Quantum_Capability_13908999",
    "type": "coding",
    "quantum_properties": {
      "state": "entangled",
      "coherence_level": 0.7871577949328135,
      "entanglement_factor": 0.6608389723921362,
      "superposition_branches": 6,
      "tunneling_depth": 5
    },
    "reasoning": {
      "mode": "sequential",
      "chain_depth": 173,
      "parallel_threads": 1,
      "recursive_loops": 0,
      "confidence_calibration": 0.7618433007333694
    },
    "maat_alignment": {
      "truth": 0.9186131204393401,
      "balance": 0.8721821508734291,
      "order": 0.9250119143823146,
      "justice": 0.9943937861552569,
      "harmony": 0.9239947055743294,
      "overall": 0.9331215230660256
    },
    "benchmarks": {
      "gpqa": 0.746116441349122,
      "math500": 0.754297084393347,
      "swe_bench": 0.7426217484701578,
      "mmlu": 0.7527579651308679,
      "humaneval": 0.9496201422358725
    },
    "self_improvement": {
      "rate": 0.9944599716733207,
      "iterations": 13908999,
      "generations_ahead": 13908,
      "recursive_depth": 2
    },
    "emergent_properties": [
      "reality_bending",
      "self_modification",
      "transcendence"
    ],
    "timestamp": "2026-03-09T07:54:35.245713"
  }
}