{
  "iteration": 17405000,
  "elapsed_seconds": 165.70159530639648,
  "rate_per_second": 44749.11654464779,
  "latest_capability": {
    "id": 17404999,
    "name": "Quantum_Capability_17404999",
    "type": "language",
    "quantum_properties": {
      "state": "collapsed",
      "coherence_level": 0.6931636098755121,
      "entanglement_factor": 0.17929168999114165,
      "superposition_branches": 6,
      "tunneling_depth": 2
    },
    "reasoning": {
      "mode": "sequential",
      "chain_depth": 114,
      "parallel_threads": 8,
      "recursive_loops": 7,
      "confidence_calibration": 0.8136696115068542
    },
    "maat_alignment": {
      "truth": 0.9854679526795227,
      "balance": 0.9430367217338973,
      "order": 0.9605999421510425,
      "justice": 0.8263502732825606,
      "harmony": 0.858389779429929,
      "overall": 0.909438042147277
    },
    "benchmarks": {
      "gpqa": 0.8873759748714225,
      "math500": 0.880713529267717,
      "swe_bench": 0.7047896599064305,
      "mmlu": 0.7650242118595284,
      "humaneval": 0.7266275608988416
    },
    "self_improvement": {
      "rate": 0.9775897573219081,
      "iterations": 17404999,
      "generations_ahead": 17404,
      "recursive_depth": 1
    },
    "emergent_properties": [
      "self_modification",
      "meta_learning",
      "causality_violation",
      "omniscience",
      "infinite_context"
    ],
    "timestamp": "2026-03-09T07:55:51.614744"
  }
}