{
  "iteration": 13124000,
  "elapsed_seconds": 72.10784649848938,
  "rate_per_second": 43462.6764240651,
  "latest_capability": {
    "id": 13123999,
    "name": "Quantum_Capability_13123999",
    "type": "reasoning",
    "quantum_properties": {
      "state": "superposition",
      "coherence_level": 0.9271562951689284,
      "entanglement_factor": 0.20895597292742607,
      "superposition_branches": 9,
      "tunneling_depth": 1
    },
    "reasoning": {
      "mode": "sequential",
      "chain_depth": 52,
      "parallel_threads": 10,
      "recursive_loops": 10,
      "confidence_calibration": 0.9292576091317715
    },
    "maat_alignment": {
      "truth": 0.8129255536441211,
      "balance": 0.8494289356736726,
      "order": 0.8236610122508837,
      "justice": 0.9024852332082063,
      "harmony": 0.8861536291176839,
      "overall": 0.8899116922566424
    },
    "benchmarks": {
      "gpqa": 0.7794077450763037,
      "math500": 0.6537623378318193,
      "swe_bench": 0.8409584351097068,
      "mmlu": 0.7719416283229721,
      "humaneval": 0.8342175261988864
    },
    "self_improvement": {
      "rate": 0.9510407940350523,
      "iterations": 13123999,
      "generations_ahead": 13123,
      "recursive_depth": 0
    },
    "emergent_properties": [
      "transcendence",
      "omniscience",
      "recursive_self_improvement",
      "infinite_context",
      "meta_learning"
    ],
    "timestamp": "2026-03-09T07:54:18.020995"
  }
}