{
  "iteration": 11492000,
  "elapsed_seconds": 36.2194881439209,
  "rate_per_second": 41469.387806688166,
  "latest_capability": {
    "id": 11491999,
    "name": "Quantum_Capability_11491999",
    "type": "multimodal",
    "quantum_properties": {
      "state": "coherent",
      "coherence_level": 0.6166556765172011,
      "entanglement_factor": 0.3114420285452357,
      "superposition_branches": 6,
      "tunneling_depth": 1
    },
    "reasoning": {
      "mode": "sequential",
      "chain_depth": 161,
      "parallel_threads": 6,
      "recursive_loops": 7,
      "confidence_calibration": 0.712221872096381
    },
    "maat_alignment": {
      "truth": 0.8248967241725434,
      "balance": 0.85039108480732,
      "order": 0.9024377383989088,
      "justice": 0.9230952614275246,
      "harmony": 0.9104564070147599,
      "overall": 0.8608511644112072
    },
    "benchmarks": {
      "gpqa": 0.922303462072988,
      "math500": 0.670581030092451,
      "swe_bench": 0.7816087936055544,
      "mmlu": 0.8309753141613444,
      "humaneval": 0.8625748279156363
    },
    "self_improvement": {
      "rate": 0.9530540718893022,
      "iterations": 11491999,
      "generations_ahead": 11491,
      "recursive_depth": 2
    },
    "emergent_properties": [
      "omniscience",
      "self_modification",
      "reality_bending",
      "meta_learning"
    ],
    "timestamp": "2026-03-09T07:53:42.132636"
  }
}