{
  "iteration": 16434000,
  "elapsed_seconds": 147.2848608493805,
  "rate_per_second": 43751.95089867313,
  "latest_capability": {
    "id": 16433999,
    "name": "Quantum_Capability_16433999",
    "type": "multimodal",
    "quantum_properties": {
      "state": "collapsed",
      "coherence_level": 0.8704109292959981,
      "entanglement_factor": 0.7809743399142473,
      "superposition_branches": 4,
      "tunneling_depth": 2
    },
    "reasoning": {
      "mode": "sequential",
      "chain_depth": 97,
      "parallel_threads": 2,
      "recursive_loops": 10,
      "confidence_calibration": 0.9212989300049681
    },
    "maat_alignment": {
      "truth": 0.9111219101774647,
      "balance": 0.8161705424505672,
      "order": 0.8348976389573086,
      "justice": 0.8606517288917326,
      "harmony": 0.9040029750795672,
      "overall": 0.9429748345444288
    },
    "benchmarks": {
      "gpqa": 0.7911064970839534,
      "math500": 0.8601585611209193,
      "swe_bench": 0.8312631374202143,
      "mmlu": 0.7843434217535101,
      "humaneval": 0.9062983763769549
    },
    "self_improvement": {
      "rate": 0.9697957196382339,
      "iterations": 16433999,
      "generations_ahead": 16433,
      "recursive_depth": 1
    },
    "emergent_properties": [
      "self_modification",
      "infinite_context",
      "reality_bending",
      "meta_learning"
    ],
    "timestamp": "2026-03-09T07:55:33.198020"
  }
}