{
  "iteration": 13948000,
  "elapsed_seconds": 90.19159245491028,
  "rate_per_second": 43884.35653776413,
  "latest_capability": {
    "id": 13947999,
    "name": "Quantum_Capability_13947999",
    "type": "math",
    "quantum_properties": {
      "state": "coherent",
      "coherence_level": 0.9332871588980969,
      "entanglement_factor": 0.7349342407585976,
      "superposition_branches": 9,
      "tunneling_depth": 4
    },
    "reasoning": {
      "mode": "tree",
      "chain_depth": 132,
      "parallel_threads": 16,
      "recursive_loops": 3,
      "confidence_calibration": 0.700214313415298
    },
    "maat_alignment": {
      "truth": 0.999466624728572,
      "balance": 0.8866185509359318,
      "order": 0.9003583640746404,
      "justice": 0.8186136816654176,
      "harmony": 0.946970310231181,
      "overall": 0.8551165130231541
    },
    "benchmarks": {
      "gpqa": 0.7885596090949445,
      "math500": 0.7016796618292532,
      "swe_bench": 0.7814893141532214,
      "mmlu": 0.8469367927494392,
      "humaneval": 0.888792957192351
    },
    "self_improvement": {
      "rate": 0.9511695335828434,
      "iterations": 13947999,
      "generations_ahead": 13947,
      "recursive_depth": 1
    },
    "emergent_properties": [
      "causality_violation",
      "transcendence",
      "omniscience",
      "recursive_self_improvement",
      "reality_bending",
      "self_modification"
    ],
    "timestamp": "2026-03-09T07:54:36.104741"
  }
}