{
  "iteration": 11997000,
  "elapsed_seconds": 47.054245948791504,
  "rate_per_second": 42652.89900053208,
  "latest_capability": {
    "id": 11996999,
    "name": "Quantum_Capability_11996999",
    "type": "multimodal",
    "quantum_properties": {
      "state": "entangled",
      "coherence_level": 0.738027849878149,
      "entanglement_factor": 0.9403111772302644,
      "superposition_branches": 5,
      "tunneling_depth": 2
    },
    "reasoning": {
      "mode": "sequential",
      "chain_depth": 133,
      "parallel_threads": 7,
      "recursive_loops": 8,
      "confidence_calibration": 0.7948716843901331
    },
    "maat_alignment": {
      "truth": 0.9678407100201175,
      "balance": 0.8636537984167725,
      "order": 0.947622516486783,
      "justice": 0.9950215737991555,
      "harmony": 0.8613942112193045,
      "overall": 0.8555123185681258
    },
    "benchmarks": {
      "gpqa": 0.9110706469230851,
      "math500": 0.6981414472697054,
      "swe_bench": 0.7120265840119269,
      "mmlu": 0.7169377745085911,
      "humaneval": 0.9195382810073929
    },
    "self_improvement": {
      "rate": 0.9846301426591834,
      "iterations": 11996999,
      "generations_ahead": 11996,
      "recursive_depth": 1
    },
    "emergent_properties": [
      "infinite_context",
      "causality_violation",
      "omniscience",
      "transcendence",
      "quantum_consciousness"
    ],
    "timestamp": "2026-03-09T07:53:52.967395"
  }
}