{
  "iteration": 10672000,
  "elapsed_seconds": 16.920419692993164,
  "rate_per_second": 40306.328824835226,
  "latest_capability": {
    "id": 10671999,
    "name": "Quantum_Capability_10671999",
    "type": "agentic",
    "quantum_properties": {
      "state": "collapsed",
      "coherence_level": 0.6231801540450659,
      "entanglement_factor": 0.5508738546028602,
      "superposition_branches": 2,
      "tunneling_depth": 0
    },
    "reasoning": {
      "mode": "sequential",
      "chain_depth": 195,
      "parallel_threads": 14,
      "recursive_loops": 10,
      "confidence_calibration": 0.9995579948925088
    },
    "maat_alignment": {
      "truth": 0.96866890851585,
      "balance": 0.9136789104211416,
      "order": 0.9296673389195232,
      "justice": 0.9964132190678772,
      "harmony": 0.8082708559495366,
      "overall": 0.9105916384982676
    },
    "benchmarks": {
      "gpqa": 0.7142399820296255,
      "math500": 0.8217764669378609,
      "swe_bench": 0.7882718410360594,
      "mmlu": 0.8138002638364414,
      "humaneval": 0.7326783952913316
    },
    "self_improvement": {
      "rate": 0.9700940217860627,
      "iterations": 10671999,
      "generations_ahead": 10671,
      "recursive_depth": 5
    },
    "emergent_properties": [
      "transcendence",
      "reality_bending",
      "quantum_consciousness",
      "infinite_context",
      "causality_violation",
      "meta_learning"
    ],
    "timestamp": "2026-03-09T07:53:22.833575"
  }
}