{
  "iteration": 10970000,
  "elapsed_seconds": 23.32628059387207,
  "rate_per_second": 42012.69876936363,
  "latest_capability": {
    "id": 10969999,
    "name": "Quantum_Capability_10969999",
    "type": "agentic",
    "quantum_properties": {
      "state": "entangled",
      "coherence_level": 0.5928170434155446,
      "entanglement_factor": 0.11767566065783375,
      "superposition_branches": 10,
      "tunneling_depth": 3
    },
    "reasoning": {
      "mode": "sequential",
      "chain_depth": 37,
      "parallel_threads": 8,
      "recursive_loops": 4,
      "confidence_calibration": 0.8786858017805058
    },
    "maat_alignment": {
      "truth": 0.938766933908472,
      "balance": 0.8926052340959246,
      "order": 0.9624363472610147,
      "justice": 0.8675934568073406,
      "harmony": 0.9620719971870303,
      "overall": 0.8888796578426393
    },
    "benchmarks": {
      "gpqa": 0.9302859705112096,
      "math500": 0.8471769720090054,
      "swe_bench": 0.723592892182443,
      "mmlu": 0.7627362477901007,
      "humaneval": 0.8305746729968347
    },
    "self_improvement": {
      "rate": 0.9744988463497797,
      "iterations": 10969999,
      "generations_ahead": 10969,
      "recursive_depth": 0
    },
    "emergent_properties": [
      "causality_violation",
      "infinite_context",
      "omniscience"
    ],
    "timestamp": "2026-03-09T07:53:29.239428"
  }
}