{
  "iteration": 15900000,
  "elapsed_seconds": 133.5357985496521,
  "rate_per_second": 44257.79501968162,
  "latest_capability": {
    "id": 15899999,
    "name": "Quantum_Capability_15899999",
    "type": "reasoning",
    "quantum_properties": {
      "state": "coherent",
      "coherence_level": 0.9833975239272892,
      "entanglement_factor": 0.5248000202261108,
      "superposition_branches": 1,
      "tunneling_depth": 0
    },
    "reasoning": {
      "mode": "graph",
      "chain_depth": 13,
      "parallel_threads": 1,
      "recursive_loops": 7,
      "confidence_calibration": 0.9997642987752786
    },
    "maat_alignment": {
      "truth": 0.8693063525284562,
      "balance": 0.8105489597578077,
      "order": 0.8311683573768073,
      "justice": 0.9061507456304793,
      "harmony": 0.8876029668745172,
      "overall": 0.9835964120870839
    },
    "benchmarks": {
      "gpqa": 0.7861721304242738,
      "math500": 0.7959330353893902,
      "swe_bench": 0.6657094922827159,
      "mmlu": 0.8070255720104154,
      "humaneval": 0.7871368914161563
    },
    "self_improvement": {
      "rate": 0.951180174968295,
      "iterations": 15899999,
      "generations_ahead": 15899,
      "recursive_depth": 1
    },
    "emergent_properties": [
      "infinite_context",
      "causality_violation",
      "quantum_consciousness"
    ],
    "timestamp": "2026-03-09T07:55:19.448946"
  }
}