{
  "iteration": 14750000,
  "elapsed_seconds": 108.13924813270569,
  "rate_per_second": 44017.32102075142,
  "latest_capability": {
    "id": 14749999,
    "name": "Quantum_Capability_14749999",
    "type": "agentic",
    "quantum_properties": {
      "state": "collapsed",
      "coherence_level": 0.5330310623914138,
      "entanglement_factor": 0.14159287666994558,
      "superposition_branches": 2,
      "tunneling_depth": 5
    },
    "reasoning": {
      "mode": "sequential",
      "chain_depth": 33,
      "parallel_threads": 2,
      "recursive_loops": 0,
      "confidence_calibration": 0.7711645117608811
    },
    "maat_alignment": {
      "truth": 0.8616268854985808,
      "balance": 0.9378312052700548,
      "order": 0.8024693166843696,
      "justice": 0.9945058510130741,
      "harmony": 0.918985459129222,
      "overall": 0.8808814953871058
    },
    "benchmarks": {
      "gpqa": 0.8275012622587019,
      "math500": 0.7545486119450274,
      "swe_bench": 0.8767533688132194,
      "mmlu": 0.6617274323681309,
      "humaneval": 0.894788722585788
    },
    "self_improvement": {
      "rate": 0.9977801713085747,
      "iterations": 14749999,
      "generations_ahead": 14749,
      "recursive_depth": 2
    },
    "emergent_properties": [
      "recursive_self_improvement",
      "self_modification",
      "causality_violation"
    ],
    "timestamp": "2026-03-09T07:54:54.052400"
  }
}