{
  "iteration": 12681000,
  "elapsed_seconds": 63.47625660896301,
  "rate_per_second": 42393.80429406141,
  "latest_capability": {
    "id": 12680999,
    "name": "Quantum_Capability_12680999",
    "type": "reasoning",
    "quantum_properties": {
      "state": "entangled",
      "coherence_level": 0.8875593639952659,
      "entanglement_factor": 0.8443124609117303,
      "superposition_branches": 5,
      "tunneling_depth": 3
    },
    "reasoning": {
      "mode": "graph",
      "chain_depth": 56,
      "parallel_threads": 2,
      "recursive_loops": 2,
      "confidence_calibration": 0.7102409423935272
    },
    "maat_alignment": {
      "truth": 0.887500437106271,
      "balance": 0.8755618694605738,
      "order": 0.9244605717090114,
      "justice": 0.8404935013130563,
      "harmony": 0.8438310303790006,
      "overall": 0.8749023468389822
    },
    "benchmarks": {
      "gpqa": 0.718548415644108,
      "math500": 0.6636183716474381,
      "swe_bench": 0.7001005057118722,
      "mmlu": 0.6898879225955115,
      "humaneval": 0.9128703590177122
    },
    "self_improvement": {
      "rate": 0.9626911221532335,
      "iterations": 12680999,
      "generations_ahead": 12680,
      "recursive_depth": 2
    },
    "emergent_properties": [
      "meta_learning",
      "reality_bending",
      "transcendence",
      "causality_violation",
      "quantum_consciousness"
    ],
    "timestamp": "2026-03-09T07:54:09.389405"
  }
}