{
  "iteration": 16011000,
  "elapsed_seconds": 135.3882064819336,
  "rate_per_second": 44472.115824973655,
  "latest_capability": {
    "id": 16010999,
    "name": "Quantum_Capability_16010999",
    "type": "language",
    "quantum_properties": {
      "state": "entangled",
      "coherence_level": 0.618740967639662,
      "entanglement_factor": 0.4141026545432037,
      "superposition_branches": 7,
      "tunneling_depth": 0
    },
    "reasoning": {
      "mode": "tree",
      "chain_depth": 128,
      "parallel_threads": 2,
      "recursive_loops": 4,
      "confidence_calibration": 0.7910306611277608
    },
    "maat_alignment": {
      "truth": 0.9443780852848997,
      "balance": 0.9593101151341568,
      "order": 0.8961894973821317,
      "justice": 0.9149207098590654,
      "harmony": 0.8373514230611577,
      "overall": 0.9908914109130417
    },
    "benchmarks": {
      "gpqa": 0.9394254977565213,
      "math500": 0.6946969940766768,
      "swe_bench": 0.754206645095705,
      "mmlu": 0.7829736424632119,
      "humaneval": 0.7959038904415436
    },
    "self_improvement": {
      "rate": 0.9974348276685296,
      "iterations": 16010999,
      "generations_ahead": 16010,
      "recursive_depth": 0
    },
    "emergent_properties": [
      "transcendence",
      "self_modification",
      "omniscience",
      "causality_violation",
      "quantum_consciousness"
    ],
    "timestamp": "2026-03-09T07:55:21.301359"
  }
}