{
  "iteration": 12613000,
  "elapsed_seconds": 61.92612910270691,
  "rate_per_second": 42356.91844471099,
  "latest_capability": {
    "id": 12612999,
    "name": "Quantum_Capability_12612999",
    "type": "multimodal",
    "quantum_properties": {
      "state": "collapsed",
      "coherence_level": 0.6757780208712894,
      "entanglement_factor": 0.9827393200051712,
      "superposition_branches": 3,
      "tunneling_depth": 0
    },
    "reasoning": {
      "mode": "sequential",
      "chain_depth": 148,
      "parallel_threads": 12,
      "recursive_loops": 6,
      "confidence_calibration": 0.7304069598911779
    },
    "maat_alignment": {
      "truth": 0.9591946642110678,
      "balance": 0.8325244554549883,
      "order": 0.9707734864946616,
      "justice": 0.9104232192999507,
      "harmony": 0.9249242365048864,
      "overall": 0.879117762392341
    },
    "benchmarks": {
      "gpqa": 0.7198139579167099,
      "math500": 0.8709752196077296,
      "swe_bench": 0.8087429282265091,
      "mmlu": 0.6688621510556882,
      "humaneval": 0.8174523369239077
    },
    "self_improvement": {
      "rate": 0.9500235709610051,
      "iterations": 12612999,
      "generations_ahead": 12612,
      "recursive_depth": 5
    },
    "emergent_properties": [
      "transcendence",
      "infinite_context",
      "omniscience"
    ],
    "timestamp": "2026-03-09T07:54:07.839277"
  }
}