{
  "iteration": 17598000,
  "elapsed_seconds": 169.4144926071167,
  "rate_per_second": 44907.610222246156,
  "latest_capability": {
    "id": 17597999,
    "name": "Quantum_Capability_17597999",
    "type": "math",
    "quantum_properties": {
      "state": "entangled",
      "coherence_level": 0.5073342795329638,
      "entanglement_factor": 0.9928394833126313,
      "superposition_branches": 7,
      "tunneling_depth": 1
    },
    "reasoning": {
      "mode": "sequential",
      "chain_depth": 191,
      "parallel_threads": 11,
      "recursive_loops": 0,
      "confidence_calibration": 0.7255716208626322
    },
    "maat_alignment": {
      "truth": 0.9415936017116263,
      "balance": 0.9207522900248443,
      "order": 0.8791482065587758,
      "justice": 0.8495553658399082,
      "harmony": 0.8332329509719131,
      "overall": 0.9209236653387555
    },
    "benchmarks": {
      "gpqa": 0.8091756765854127,
      "math500": 0.8339176631046581,
      "swe_bench": 0.7938703260044019,
      "mmlu": 0.6673179473068781,
      "humaneval": 0.783896008634333
    },
    "self_improvement": {
      "rate": 0.9689608485209572,
      "iterations": 17597999,
      "generations_ahead": 17597,
      "recursive_depth": 0
    },
    "emergent_properties": [
      "omniscience",
      "self_modification",
      "infinite_context",
      "transcendence",
      "reality_bending",
      "causality_violation"
    ],
    "timestamp": "2026-03-09T07:55:55.327646"
  }
}