{
  "iteration": 15658000,
  "elapsed_seconds": 128.61099481582642,
  "rate_per_second": 44070.882183258844,
  "latest_capability": {
    "id": 15657999,
    "name": "Quantum_Capability_15657999",
    "type": "language",
    "quantum_properties": {
      "state": "collapsed",
      "coherence_level": 0.7652279032022905,
      "entanglement_factor": 0.5493449743616452,
      "superposition_branches": 3,
      "tunneling_depth": 1
    },
    "reasoning": {
      "mode": "parallel",
      "chain_depth": 59,
      "parallel_threads": 15,
      "recursive_loops": 4,
      "confidence_calibration": 0.8803478381240901
    },
    "maat_alignment": {
      "truth": 0.9583665001980319,
      "balance": 0.9545832668382828,
      "order": 0.9300495277836289,
      "justice": 0.8352624743022043,
      "harmony": 0.987771535615011,
      "overall": 0.8908688602388043
    },
    "benchmarks": {
      "gpqa": 0.856902881759732,
      "math500": 0.87759976132276,
      "swe_bench": 0.7996896397009892,
      "mmlu": 0.8835372503223595,
      "humaneval": 0.793900116624592
    },
    "self_improvement": {
      "rate": 0.9737024431266226,
      "iterations": 15657999,
      "generations_ahead": 15657,
      "recursive_depth": 2
    },
    "emergent_properties": [
      "meta_learning",
      "omniscience",
      "quantum_consciousness",
      "transcendence"
    ],
    "timestamp": "2026-03-09T07:55:14.524143"
  }
}