{
  "iteration": 13165000,
  "elapsed_seconds": 72.67304420471191,
  "rate_per_second": 43688.82623186084,
  "latest_capability": {
    "id": 13164999,
    "name": "Quantum_Capability_13164999",
    "type": "multimodal",
    "quantum_properties": {
      "state": "collapsed",
      "coherence_level": 0.8792118640162274,
      "entanglement_factor": 0.5147446114071624,
      "superposition_branches": 4,
      "tunneling_depth": 5
    },
    "reasoning": {
      "mode": "graph",
      "chain_depth": 88,
      "parallel_threads": 7,
      "recursive_loops": 3,
      "confidence_calibration": 0.9623626825421371
    },
    "maat_alignment": {
      "truth": 0.9378326490233906,
      "balance": 0.8084195227316736,
      "order": 0.8804856627643117,
      "justice": 0.8760144358816,
      "harmony": 0.9306275434928091,
      "overall": 0.9600947929401143
    },
    "benchmarks": {
      "gpqa": 0.831329775549262,
      "math500": 0.676058141052438,
      "swe_bench": 0.8247897921900373,
      "mmlu": 0.6952544436773448,
      "humaneval": 0.9142112573524157
    },
    "self_improvement": {
      "rate": 0.9846728434958621,
      "iterations": 13164999,
      "generations_ahead": 13164,
      "recursive_depth": 5
    },
    "emergent_properties": [
      "transcendence",
      "quantum_consciousness",
      "infinite_context"
    ],
    "timestamp": "2026-03-09T07:54:18.586192"
  }
}