{
  "iteration": 10776000,
  "elapsed_seconds": 18.941320657730103,
  "rate_per_second": 41496.57852285116,
  "latest_capability": {
    "id": 10775999,
    "name": "Quantum_Capability_10775999",
    "type": "agentic",
    "quantum_properties": {
      "state": "coherent",
      "coherence_level": 0.5977865159015168,
      "entanglement_factor": 0.7265830700952861,
      "superposition_branches": 7,
      "tunneling_depth": 3
    },
    "reasoning": {
      "mode": "parallel",
      "chain_depth": 152,
      "parallel_threads": 13,
      "recursive_loops": 5,
      "confidence_calibration": 0.724268361460316
    },
    "maat_alignment": {
      "truth": 0.808770371246742,
      "balance": 0.9798563205636871,
      "order": 0.8213297831629249,
      "justice": 0.9637237458802514,
      "harmony": 0.8571556265502247,
      "overall": 0.8621301751363606
    },
    "benchmarks": {
      "gpqa": 0.8355854281286366,
      "math500": 0.6512349517637339,
      "swe_bench": 0.7082299912735168,
      "mmlu": 0.786319378552658,
      "humaneval": 0.7647234948139394
    },
    "self_improvement": {
      "rate": 0.9886126110663512,
      "iterations": 10775999,
      "generations_ahead": 10775,
      "recursive_depth": 5
    },
    "emergent_properties": [
      "transcendence",
      "self_modification",
      "recursive_self_improvement"
    ],
    "timestamp": "2026-03-09T07:53:24.854472"
  }
}