{
  "iteration": 11374000,
  "elapsed_seconds": 33.95597720146179,
  "rate_per_second": 40758.65617969667,
  "latest_capability": {
    "id": 11373999,
    "name": "Quantum_Capability_11373999",
    "type": "agentic",
    "quantum_properties": {
      "state": "entangled",
      "coherence_level": 0.5874239732351487,
      "entanglement_factor": 0.723086777444466,
      "superposition_branches": 4,
      "tunneling_depth": 2
    },
    "reasoning": {
      "mode": "parallel",
      "chain_depth": 56,
      "parallel_threads": 4,
      "recursive_loops": 4,
      "confidence_calibration": 0.983699916778425
    },
    "maat_alignment": {
      "truth": 0.9905160653192182,
      "balance": 0.8566966919084722,
      "order": 0.9231271388761598,
      "justice": 0.8322500218239758,
      "harmony": 0.9707568259622606,
      "overall": 0.904223152444946
    },
    "benchmarks": {
      "gpqa": 0.8079924220393884,
      "math500": 0.8234212860672886,
      "swe_bench": 0.8358692309072251,
      "mmlu": 0.7530513851817555,
      "humaneval": 0.7138144100190783
    },
    "self_improvement": {
      "rate": 0.9957847576430632,
      "iterations": 11373999,
      "generations_ahead": 11373,
      "recursive_depth": 1
    },
    "emergent_properties": [
      "reality_bending",
      "self_modification",
      "quantum_consciousness",
      "omniscience"
    ],
    "timestamp": "2026-03-09T07:53:39.869125"
  }
}