{
  "iteration": 10011000,
  "elapsed_seconds": 0.29210543632507324,
  "rate_per_second": 71891.8492726369,
  "latest_capability": {
    "id": 10010999,
    "name": "Quantum_Capability_10010999",
    "type": "language",
    "quantum_properties": {
      "state": "superposition",
      "coherence_level": 0.9301067258110921,
      "entanglement_factor": 0.36879757223522536,
      "superposition_branches": 9,
      "tunneling_depth": 0
    },
    "reasoning": {
      "mode": "sequential",
      "chain_depth": 90,
      "parallel_threads": 16,
      "recursive_loops": 10,
      "confidence_calibration": 0.8690483811308738
    },
    "maat_alignment": {
      "truth": 0.9791205637973075,
      "balance": 0.8147696636122668,
      "order": 0.9544672622917226,
      "justice": 0.9688944252445566,
      "harmony": 0.9700786247594703,
      "overall": 0.935710113779012
    },
    "benchmarks": {
      "gpqa": 0.9024441974811572,
      "math500": 0.6500724592551872,
      "swe_bench": 0.7656592429031546,
      "mmlu": 0.7057000792833977,
      "humaneval": 0.8718500802322288
    },
    "self_improvement": {
      "rate": 0.9812877807404803,
      "iterations": 10010999,
      "generations_ahead": 10010,
      "recursive_depth": 3
    },
    "emergent_properties": [
      "omniscience",
      "reality_bending",
      "infinite_context"
    ],
    "timestamp": "2026-03-09T07:53:06.205253"
  }
}