{
  "iteration": 17887000,
  "elapsed_seconds": 179.106840133667,
  "rate_per_second": 44091.00174011494,
  "latest_capability": {
    "id": 17886999,
    "name": "Quantum_Capability_17886999",
    "type": "language",
    "quantum_properties": {
      "state": "entangled",
      "coherence_level": 0.5015647343463072,
      "entanglement_factor": 0.7302895197656183,
      "superposition_branches": 5,
      "tunneling_depth": 5
    },
    "reasoning": {
      "mode": "parallel",
      "chain_depth": 19,
      "parallel_threads": 2,
      "recursive_loops": 7,
      "confidence_calibration": 0.849141137664259
    },
    "maat_alignment": {
      "truth": 0.9139844101620572,
      "balance": 0.906752171323073,
      "order": 0.9720438397109239,
      "justice": 0.9706933475567221,
      "harmony": 0.9090282724189319,
      "overall": 0.9814149513765835
    },
    "benchmarks": {
      "gpqa": 0.7072665483419711,
      "math500": 0.8423496011784304,
      "swe_bench": 0.796417069091428,
      "mmlu": 0.6818712840406294,
      "humaneval": 0.7522521368008119
    },
    "self_improvement": {
      "rate": 0.9903132202298425,
      "iterations": 17886999,
      "generations_ahead": 17886,
      "recursive_depth": 1
    },
    "emergent_properties": [
      "omniscience",
      "causality_violation",
      "reality_bending",
      "transcendence"
    ],
    "timestamp": "2026-03-09T07:56:05.019988"
  }
}