{
  "iteration": 14898000,
  "elapsed_seconds": 111.18904089927673,
  "rate_per_second": 44141.04088231168,
  "latest_capability": {
    "id": 14897999,
    "name": "Quantum_Capability_14897999",
    "type": "math",
    "quantum_properties": {
      "state": "superposition",
      "coherence_level": 0.6260625584809936,
      "entanglement_factor": 0.9812948684781406,
      "superposition_branches": 9,
      "tunneling_depth": 2
    },
    "reasoning": {
      "mode": "tree",
      "chain_depth": 142,
      "parallel_threads": 14,
      "recursive_loops": 4,
      "confidence_calibration": 0.9686345701479152
    },
    "maat_alignment": {
      "truth": 0.8018748399371255,
      "balance": 0.8898786332500805,
      "order": 0.8575452997185827,
      "justice": 0.8336936944153601,
      "harmony": 0.8154017829384661,
      "overall": 0.9747896496644955
    },
    "benchmarks": {
      "gpqa": 0.8020629302894517,
      "math500": 0.7331930265287561,
      "swe_bench": 0.7748781537577744,
      "mmlu": 0.8206908351312757,
      "humaneval": 0.7850924256048194
    },
    "self_improvement": {
      "rate": 0.9880653412881315,
      "iterations": 14897999,
      "generations_ahead": 14897,
      "recursive_depth": 0
    },
    "emergent_properties": [
      "quantum_consciousness",
      "reality_bending",
      "infinite_context",
      "omniscience"
    ],
    "timestamp": "2026-03-09T07:54:57.102189"
  }
}