{
  "iteration": 13439000,
  "elapsed_seconds": 80.24938488006592,
  "rate_per_second": 42978.52257876605,
  "latest_capability": {
    "id": 13438999,
    "name": "Quantum_Capability_13438999",
    "type": "vision",
    "quantum_properties": {
      "state": "collapsed",
      "coherence_level": 0.7016597645963898,
      "entanglement_factor": 0.6609969030550625,
      "superposition_branches": 3,
      "tunneling_depth": 2
    },
    "reasoning": {
      "mode": "graph",
      "chain_depth": 109,
      "parallel_threads": 16,
      "recursive_loops": 3,
      "confidence_calibration": 0.7105665452569242
    },
    "maat_alignment": {
      "truth": 0.9131089966191467,
      "balance": 0.9262113108887068,
      "order": 0.9106048114319101,
      "justice": 0.8897545741063766,
      "harmony": 0.8172732958089571,
      "overall": 0.9145632935661246
    },
    "benchmarks": {
      "gpqa": 0.7554546181865422,
      "math500": 0.7159404237242781,
      "swe_bench": 0.8525782648378079,
      "mmlu": 0.7067424152040004,
      "humaneval": 0.7737367883284714
    },
    "self_improvement": {
      "rate": 0.9762953187645611,
      "iterations": 13438999,
      "generations_ahead": 13438,
      "recursive_depth": 2
    },
    "emergent_properties": [
      "transcendence",
      "infinite_context",
      "reality_bending"
    ],
    "timestamp": "2026-03-09T07:54:26.162533"
  }
}