{
  "iteration": 16127000,
  "elapsed_seconds": 137.63327765464783,
  "rate_per_second": 44589.50701878279,
  "latest_capability": {
    "id": 16126999,
    "name": "Quantum_Capability_16126999",
    "type": "vision",
    "quantum_properties": {
      "state": "entangled",
      "coherence_level": 0.9893330917632221,
      "entanglement_factor": 0.6623815573468759,
      "superposition_branches": 3,
      "tunneling_depth": 3
    },
    "reasoning": {
      "mode": "tree",
      "chain_depth": 93,
      "parallel_threads": 15,
      "recursive_loops": 0,
      "confidence_calibration": 0.8144652342108587
    },
    "maat_alignment": {
      "truth": 0.9836497428452995,
      "balance": 0.8860268819235491,
      "order": 0.8362986528582613,
      "justice": 0.9042311107716289,
      "harmony": 0.9856844568363516,
      "overall": 0.9262776618697515
    },
    "benchmarks": {
      "gpqa": 0.8578493177973758,
      "math500": 0.708218642681046,
      "swe_bench": 0.832658818675,
      "mmlu": 0.8887015342945225,
      "humaneval": 0.8419133579093571
    },
    "self_improvement": {
      "rate": 0.9891971420034628,
      "iterations": 16126999,
      "generations_ahead": 16126,
      "recursive_depth": 4
    },
    "emergent_properties": [
      "transcendence",
      "quantum_consciousness",
      "omniscience"
    ],
    "timestamp": "2026-03-09T07:55:23.546425"
  }
}