{
  "iteration": 16414000,
  "elapsed_seconds": 146.69144749641418,
  "rate_per_second": 43792.60079328778,
  "latest_capability": {
    "id": 16413999,
    "name": "Quantum_Capability_16413999",
    "type": "vision",
    "quantum_properties": {
      "state": "superposition",
      "coherence_level": 0.963735608870305,
      "entanglement_factor": 0.8033134129610321,
      "superposition_branches": 4,
      "tunneling_depth": 1
    },
    "reasoning": {
      "mode": "sequential",
      "chain_depth": 138,
      "parallel_threads": 10,
      "recursive_loops": 10,
      "confidence_calibration": 0.9934622661664748
    },
    "maat_alignment": {
      "truth": 0.9606516759140888,
      "balance": 0.8411209795859368,
      "order": 0.8219665383525899,
      "justice": 0.8018045847342917,
      "harmony": 0.8329123783932165,
      "overall": 0.9362680421737672
    },
    "benchmarks": {
      "gpqa": 0.8833144224511467,
      "math500": 0.7062213013534377,
      "swe_bench": 0.8071276364459687,
      "mmlu": 0.6831369843560083,
      "humaneval": 0.7515719916217992
    },
    "self_improvement": {
      "rate": 0.9834988936759533,
      "iterations": 16413999,
      "generations_ahead": 16413,
      "recursive_depth": 0
    },
    "emergent_properties": [
      "transcendence",
      "infinite_context",
      "self_modification",
      "recursive_self_improvement"
    ],
    "timestamp": "2026-03-09T07:55:32.604599"
  }
}