{
  "iteration": 10116000,
  "elapsed_seconds": 2.548668622970581,
  "rate_per_second": 49437.57649165927,
  "latest_capability": {
    "id": 10115999,
    "name": "Quantum_Capability_10115999",
    "type": "agentic",
    "quantum_properties": {
      "state": "coherent",
      "coherence_level": 0.7213715528460111,
      "entanglement_factor": 0.07936185736201229,
      "superposition_branches": 7,
      "tunneling_depth": 1
    },
    "reasoning": {
      "mode": "graph",
      "chain_depth": 42,
      "parallel_threads": 15,
      "recursive_loops": 5,
      "confidence_calibration": 0.9145361323012782
    },
    "maat_alignment": {
      "truth": 0.988843127137358,
      "balance": 0.830886361171625,
      "order": 0.9867302272457933,
      "justice": 0.8555507399032788,
      "harmony": 0.8663975534418908,
      "overall": 0.9793371268888778
    },
    "benchmarks": {
      "gpqa": 0.8964436083557642,
      "math500": 0.6637557302810858,
      "swe_bench": 0.7056988059597936,
      "mmlu": 0.6726187210663132,
      "humaneval": 0.7306949014391013
    },
    "self_improvement": {
      "rate": 0.9805842409835867,
      "iterations": 10115999,
      "generations_ahead": 10115,
      "recursive_depth": 2
    },
    "emergent_properties": [
      "omniscience",
      "transcendence",
      "self_modification",
      "infinite_context"
    ],
    "timestamp": "2026-03-09T07:53:08.461817"
  }
}