{
  "iteration": 15871000,
  "elapsed_seconds": 132.84016513824463,
  "rate_per_second": 44271.24878894676,
  "latest_capability": {
    "id": 15870999,
    "name": "Quantum_Capability_15870999",
    "type": "multimodal",
    "quantum_properties": {
      "state": "superposition",
      "coherence_level": 0.9478345153718702,
      "entanglement_factor": 0.16627355245778297,
      "superposition_branches": 8,
      "tunneling_depth": 5
    },
    "reasoning": {
      "mode": "tree",
      "chain_depth": 186,
      "parallel_threads": 3,
      "recursive_loops": 7,
      "confidence_calibration": 0.9562040229841025
    },
    "maat_alignment": {
      "truth": 0.8731399196959991,
      "balance": 0.8683412406817366,
      "order": 0.9443830021223291,
      "justice": 0.9160241366352063,
      "harmony": 0.8809523421110137,
      "overall": 0.9728260240939718
    },
    "benchmarks": {
      "gpqa": 0.9061436536717546,
      "math500": 0.7799477235296333,
      "swe_bench": 0.7671808703190339,
      "mmlu": 0.8544785911641632,
      "humaneval": 0.853288739445929
    },
    "self_improvement": {
      "rate": 0.9874172399952547,
      "iterations": 15870999,
      "generations_ahead": 15870,
      "recursive_depth": 2
    },
    "emergent_properties": [
      "transcendence",
      "recursive_self_improvement",
      "omniscience"
    ],
    "timestamp": "2026-03-09T07:55:18.753317"
  }
}