{
  "iteration": 13893000,
  "elapsed_seconds": 89.10613298416138,
  "rate_per_second": 43801.698820144724,
  "latest_capability": {
    "id": 13892999,
    "name": "Quantum_Capability_13892999",
    "type": "vision",
    "quantum_properties": {
      "state": "superposition",
      "coherence_level": 0.7211727609330473,
      "entanglement_factor": 0.24742327451615898,
      "superposition_branches": 10,
      "tunneling_depth": 3
    },
    "reasoning": {
      "mode": "tree",
      "chain_depth": 110,
      "parallel_threads": 16,
      "recursive_loops": 6,
      "confidence_calibration": 0.7037972959081357
    },
    "maat_alignment": {
      "truth": 0.8751498882998138,
      "balance": 0.9661479739742205,
      "order": 0.8746721144827512,
      "justice": 0.9735517076375315,
      "harmony": 0.8356345266310876,
      "overall": 0.8658886707936282
    },
    "benchmarks": {
      "gpqa": 0.7230645841768301,
      "math500": 0.812238099632002,
      "swe_bench": 0.7832441503774086,
      "mmlu": 0.7756046551374229,
      "humaneval": 0.7482733694523065
    },
    "self_improvement": {
      "rate": 0.9620732401377041,
      "iterations": 13892999,
      "generations_ahead": 13892,
      "recursive_depth": 3
    },
    "emergent_properties": [
      "causality_violation",
      "reality_bending",
      "infinite_context",
      "omniscience",
      "transcendence"
    ],
    "timestamp": "2026-03-09T07:54:35.019282"
  }
}