{
  "iteration": 13127000,
  "elapsed_seconds": 72.15097832679749,
  "rate_per_second": 43478.27392986148,
  "latest_capability": {
    "id": 13126999,
    "name": "Quantum_Capability_13126999",
    "type": "agentic",
    "quantum_properties": {
      "state": "entangled",
      "coherence_level": 0.5080973992627427,
      "entanglement_factor": 0.41110024946832846,
      "superposition_branches": 5,
      "tunneling_depth": 3
    },
    "reasoning": {
      "mode": "sequential",
      "chain_depth": 131,
      "parallel_threads": 12,
      "recursive_loops": 4,
      "confidence_calibration": 0.8178635614191978
    },
    "maat_alignment": {
      "truth": 0.9854289114809629,
      "balance": 0.9468107076708354,
      "order": 0.9963279224755336,
      "justice": 0.9930434905210992,
      "harmony": 0.8421245109236893,
      "overall": 0.9919317229144505
    },
    "benchmarks": {
      "gpqa": 0.7067991432921549,
      "math500": 0.8568353437244223,
      "swe_bench": 0.809771838392277,
      "mmlu": 0.8286534057854185,
      "humaneval": 0.9433590976408677
    },
    "self_improvement": {
      "rate": 0.9534824871610399,
      "iterations": 13126999,
      "generations_ahead": 13126,
      "recursive_depth": 2
    },
    "emergent_properties": [
      "transcendence",
      "reality_bending",
      "infinite_context",
      "quantum_consciousness",
      "self_modification"
    ],
    "timestamp": "2026-03-09T07:54:18.064130"
  }
}