{
  "iteration": 16097000,
  "elapsed_seconds": 137.20776772499084,
  "rate_per_second": 44509.14187482753,
  "latest_capability": {
    "id": 16096999,
    "name": "Quantum_Capability_16096999",
    "type": "multimodal",
    "quantum_properties": {
      "state": "coherent",
      "coherence_level": 0.5026171779738833,
      "entanglement_factor": 0.5256693390921725,
      "superposition_branches": 9,
      "tunneling_depth": 0
    },
    "reasoning": {
      "mode": "parallel",
      "chain_depth": 76,
      "parallel_threads": 2,
      "recursive_loops": 5,
      "confidence_calibration": 0.9729433139274738
    },
    "maat_alignment": {
      "truth": 0.9507949175837724,
      "balance": 0.8968441645518415,
      "order": 0.8745501236727561,
      "justice": 0.8142650795763912,
      "harmony": 0.8143755196108731,
      "overall": 0.9405310689810988
    },
    "benchmarks": {
      "gpqa": 0.8470333954653209,
      "math500": 0.6999649130406635,
      "swe_bench": 0.7859865925751255,
      "mmlu": 0.7241938654403669,
      "humaneval": 0.8976812484270087
    },
    "self_improvement": {
      "rate": 0.9528850916373584,
      "iterations": 16096999,
      "generations_ahead": 16096,
      "recursive_depth": 3
    },
    "emergent_properties": [
      "transcendence",
      "reality_bending",
      "quantum_consciousness",
      "self_modification",
      "infinite_context",
      "omniscience"
    ],
    "timestamp": "2026-03-09T07:55:23.120921"
  }
}