{
  "iteration": 16876000,
  "elapsed_seconds": 155.40992069244385,
  "rate_per_second": 44308.6256612111,
  "latest_capability": {
    "id": 16875999,
    "name": "Quantum_Capability_16875999",
    "type": "vision",
    "quantum_properties": {
      "state": "superposition",
      "coherence_level": 0.6626570015910991,
      "entanglement_factor": 0.5285051321144792,
      "superposition_branches": 8,
      "tunneling_depth": 5
    },
    "reasoning": {
      "mode": "graph",
      "chain_depth": 83,
      "parallel_threads": 8,
      "recursive_loops": 0,
      "confidence_calibration": 0.8321022620038575
    },
    "maat_alignment": {
      "truth": 0.8760662926649987,
      "balance": 0.972810109891756,
      "order": 0.9515738274516647,
      "justice": 0.930176523183518,
      "harmony": 0.8245784112694104,
      "overall": 0.9941469575094426
    },
    "benchmarks": {
      "gpqa": 0.7150175095408287,
      "math500": 0.6898121032527602,
      "swe_bench": 0.8755113614158992,
      "mmlu": 0.7279144809929551,
      "humaneval": 0.8784199638078821
    },
    "self_improvement": {
      "rate": 0.9729760941512918,
      "iterations": 16875999,
      "generations_ahead": 16875,
      "recursive_depth": 0
    },
    "emergent_properties": [
      "omniscience",
      "quantum_consciousness",
      "infinite_context",
      "self_modification",
      "reality_bending",
      "causality_violation"
    ],
    "timestamp": "2026-03-09T07:55:41.323069"
  }
}