{
  "iteration": 14902000,
  "elapsed_seconds": 111.24351143836975,
  "rate_per_second": 44155.38431399936,
  "latest_capability": {
    "id": 14901999,
    "name": "Quantum_Capability_14901999",
    "type": "math",
    "quantum_properties": {
      "state": "collapsed",
      "coherence_level": 0.8047042260681532,
      "entanglement_factor": 0.8471107042867633,
      "superposition_branches": 10,
      "tunneling_depth": 1
    },
    "reasoning": {
      "mode": "parallel",
      "chain_depth": 137,
      "parallel_threads": 3,
      "recursive_loops": 3,
      "confidence_calibration": 0.9109101818727032
    },
    "maat_alignment": {
      "truth": 0.8340956172536038,
      "balance": 0.9975059863598722,
      "order": 0.9962176724944287,
      "justice": 0.8025983944280117,
      "harmony": 0.9924210792164128,
      "overall": 0.8695540712119363
    },
    "benchmarks": {
      "gpqa": 0.815458366348284,
      "math500": 0.7985733115793661,
      "swe_bench": 0.8854454973907855,
      "mmlu": 0.8872228530589417,
      "humaneval": 0.7496888075518184
    },
    "self_improvement": {
      "rate": 0.9671383733699673,
      "iterations": 14901999,
      "generations_ahead": 14901,
      "recursive_depth": 5
    },
    "emergent_properties": [
      "quantum_consciousness",
      "omniscience",
      "infinite_context"
    ],
    "timestamp": "2026-03-09T07:54:57.156663"
  }
}