{
  "iteration": 15503000,
  "elapsed_seconds": 125.83051657676697,
  "rate_per_second": 43812.90127372732,
  "latest_capability": {
    "id": 15502999,
    "name": "Quantum_Capability_15502999",
    "type": "language",
    "quantum_properties": {
      "state": "collapsed",
      "coherence_level": 0.7105021187900802,
      "entanglement_factor": 0.6282170138166959,
      "superposition_branches": 2,
      "tunneling_depth": 5
    },
    "reasoning": {
      "mode": "graph",
      "chain_depth": 27,
      "parallel_threads": 15,
      "recursive_loops": 2,
      "confidence_calibration": 0.7038513393618795
    },
    "maat_alignment": {
      "truth": 0.9569809281565789,
      "balance": 0.9048656291396396,
      "order": 0.8590100045884524,
      "justice": 0.9120389449893282,
      "harmony": 0.966949466968155,
      "overall": 0.953514825600416
    },
    "benchmarks": {
      "gpqa": 0.9272332511937956,
      "math500": 0.7249541965616955,
      "swe_bench": 0.734770463008289,
      "mmlu": 0.7757280393080668,
      "humaneval": 0.8894500597353223
    },
    "self_improvement": {
      "rate": 0.9914233076968575,
      "iterations": 15502999,
      "generations_ahead": 15502,
      "recursive_depth": 2
    },
    "emergent_properties": [
      "transcendence",
      "omniscience",
      "causality_violation",
      "reality_bending",
      "self_modification",
      "recursive_self_improvement"
    ],
    "timestamp": "2026-03-09T07:55:11.743670"
  }
}