{
  "iteration": 13996000,
  "elapsed_seconds": 91.18213534355164,
  "rate_per_second": 43934.0445900547,
  "latest_capability": {
    "id": 13995999,
    "name": "Quantum_Capability_13995999",
    "type": "language",
    "quantum_properties": {
      "state": "superposition",
      "coherence_level": 0.6261571443617259,
      "entanglement_factor": 0.8945324507291466,
      "superposition_branches": 3,
      "tunneling_depth": 4
    },
    "reasoning": {
      "mode": "sequential",
      "chain_depth": 133,
      "parallel_threads": 7,
      "recursive_loops": 5,
      "confidence_calibration": 0.9250207329669802
    },
    "maat_alignment": {
      "truth": 0.9593052155095695,
      "balance": 0.8873621434872346,
      "order": 0.8020884480345928,
      "justice": 0.9454229512940467,
      "harmony": 0.9595702173029895,
      "overall": 0.9558014633442088
    },
    "benchmarks": {
      "gpqa": 0.8765541239454604,
      "math500": 0.8110932340294718,
      "swe_bench": 0.6873360960501206,
      "mmlu": 0.7709007365226058,
      "humaneval": 0.9136425419599928
    },
    "self_improvement": {
      "rate": 0.9844595525789555,
      "iterations": 13995999,
      "generations_ahead": 13995,
      "recursive_depth": 1
    },
    "emergent_properties": [
      "quantum_consciousness",
      "omniscience",
      "recursive_self_improvement",
      "infinite_context",
      "causality_violation",
      "transcendence"
    ],
    "timestamp": "2026-03-09T07:54:37.095289"
  }
}