{
  "iteration": 16480000,
  "elapsed_seconds": 147.94672107696533,
  "rate_per_second": 43867.14320369257,
  "latest_capability": {
    "id": 16479999,
    "name": "Quantum_Capability_16479999",
    "type": "reasoning",
    "quantum_properties": {
      "state": "superposition",
      "coherence_level": 0.8664492160639117,
      "entanglement_factor": 0.01443338153650342,
      "superposition_branches": 5,
      "tunneling_depth": 5
    },
    "reasoning": {
      "mode": "parallel",
      "chain_depth": 115,
      "parallel_threads": 7,
      "recursive_loops": 1,
      "confidence_calibration": 0.8840583921934451
    },
    "maat_alignment": {
      "truth": 0.8912715978082427,
      "balance": 0.8222123798701633,
      "order": 0.8289708358286811,
      "justice": 0.9322449705490626,
      "harmony": 0.8461273322454556,
      "overall": 0.9640412232317688
    },
    "benchmarks": {
      "gpqa": 0.7548403674665752,
      "math500": 0.8000069652056192,
      "swe_bench": 0.7622553489430687,
      "mmlu": 0.6521374340330492,
      "humaneval": 0.9233257500439327
    },
    "self_improvement": {
      "rate": 0.9767283477797084,
      "iterations": 16479999,
      "generations_ahead": 16479,
      "recursive_depth": 5
    },
    "emergent_properties": [
      "infinite_context",
      "meta_learning",
      "self_modification",
      "reality_bending"
    ],
    "timestamp": "2026-03-09T07:55:33.859870"
  }
}