{
  "iteration": 12182000,
  "elapsed_seconds": 51.92469263076782,
  "rate_per_second": 42214.98267860977,
  "latest_capability": {
    "id": 12181999,
    "name": "Quantum_Capability_12181999",
    "type": "math",
    "quantum_properties": {
      "state": "entangled",
      "coherence_level": 0.9332408408596392,
      "entanglement_factor": 0.7252898322872955,
      "superposition_branches": 3,
      "tunneling_depth": 0
    },
    "reasoning": {
      "mode": "graph",
      "chain_depth": 59,
      "parallel_threads": 10,
      "recursive_loops": 4,
      "confidence_calibration": 0.7202661197681596
    },
    "maat_alignment": {
      "truth": 0.9424905506461373,
      "balance": 0.9793400942571956,
      "order": 0.9308602977661188,
      "justice": 0.8781930638021335,
      "harmony": 0.8366229960100311,
      "overall": 0.9230684205361792
    },
    "benchmarks": {
      "gpqa": 0.9406553476529936,
      "math500": 0.831809052265484,
      "swe_bench": 0.8608841402902889,
      "mmlu": 0.8017771818174261,
      "humaneval": 0.7627317138946961
    },
    "self_improvement": {
      "rate": 0.9696603359002376,
      "iterations": 12181999,
      "generations_ahead": 12181,
      "recursive_depth": 4
    },
    "emergent_properties": [
      "meta_learning",
      "self_modification",
      "recursive_self_improvement",
      "causality_violation"
    ],
    "timestamp": "2026-03-09T07:53:57.837841"
  }
}