{
  "iteration": 11289000,
  "elapsed_seconds": 30.859068155288696,
  "rate_per_second": 42094.59577532235,
  "latest_capability": {
    "id": 11288999,
    "name": "Quantum_Capability_11288999",
    "type": "agentic",
    "quantum_properties": {
      "state": "coherent",
      "coherence_level": 0.8182590064008322,
      "entanglement_factor": 0.09191392498691375,
      "superposition_branches": 2,
      "tunneling_depth": 2
    },
    "reasoning": {
      "mode": "graph",
      "chain_depth": 131,
      "parallel_threads": 4,
      "recursive_loops": 4,
      "confidence_calibration": 0.7677617648003032
    },
    "maat_alignment": {
      "truth": 0.9340730794632214,
      "balance": 0.9091479000580601,
      "order": 0.853474919661313,
      "justice": 0.952093933250109,
      "harmony": 0.9279406192109241,
      "overall": 0.8617044642920664
    },
    "benchmarks": {
      "gpqa": 0.8469362968845227,
      "math500": 0.7940136904570367,
      "swe_bench": 0.761598341927334,
      "mmlu": 0.7683690331928543,
      "humaneval": 0.9418954774202343
    },
    "self_improvement": {
      "rate": 0.9994233319122845,
      "iterations": 11288999,
      "generations_ahead": 11288,
      "recursive_depth": 5
    },
    "emergent_properties": [
      "meta_learning",
      "causality_violation",
      "transcendence",
      "reality_bending",
      "omniscience",
      "recursive_self_improvement"
    ],
    "timestamp": "2026-03-09T07:53:36.772217"
  }
}