{
  "iteration": 16500000,
  "elapsed_seconds": 148.53607273101807,
  "rate_per_second": 43827.73746676923,
  "latest_capability": {
    "id": 16499999,
    "name": "Quantum_Capability_16499999",
    "type": "vision",
    "quantum_properties": {
      "state": "coherent",
      "coherence_level": 0.8706710194333385,
      "entanglement_factor": 0.421527308261359,
      "superposition_branches": 3,
      "tunneling_depth": 0
    },
    "reasoning": {
      "mode": "graph",
      "chain_depth": 158,
      "parallel_threads": 3,
      "recursive_loops": 8,
      "confidence_calibration": 0.9385616843260232
    },
    "maat_alignment": {
      "truth": 0.8457645904748007,
      "balance": 0.9917135652235181,
      "order": 0.9326104471775493,
      "justice": 0.8023496324939148,
      "harmony": 0.8075931165453779,
      "overall": 0.9970001404886405
    },
    "benchmarks": {
      "gpqa": 0.9135920293250015,
      "math500": 0.6925509181269645,
      "swe_bench": 0.7076290368804631,
      "mmlu": 0.6666210373628341,
      "humaneval": 0.7731759056795158
    },
    "self_improvement": {
      "rate": 0.967015215528578,
      "iterations": 16499999,
      "generations_ahead": 16499,
      "recursive_depth": 2
    },
    "emergent_properties": [
      "meta_learning",
      "self_modification",
      "infinite_context",
      "reality_bending",
      "quantum_consciousness"
    ],
    "timestamp": "2026-03-09T07:55:34.449221"
  }
}