{
  "iteration": 11484000,
  "elapsed_seconds": 36.110997438430786,
  "rate_per_second": 41372.437926902145,
  "latest_capability": {
    "id": 11483999,
    "name": "Quantum_Capability_11483999",
    "type": "multimodal",
    "quantum_properties": {
      "state": "collapsed",
      "coherence_level": 0.7169950770011595,
      "entanglement_factor": 0.27928392364198373,
      "superposition_branches": 7,
      "tunneling_depth": 5
    },
    "reasoning": {
      "mode": "tree",
      "chain_depth": 21,
      "parallel_threads": 4,
      "recursive_loops": 9,
      "confidence_calibration": 0.7464720289164452
    },
    "maat_alignment": {
      "truth": 0.9262428589970537,
      "balance": 0.8586850784050699,
      "order": 0.8276675766523267,
      "justice": 0.9120560405321221,
      "harmony": 0.8157567491454468,
      "overall": 0.9178395248129183
    },
    "benchmarks": {
      "gpqa": 0.7799667390989946,
      "math500": 0.8563668122976523,
      "swe_bench": 0.724145257091652,
      "mmlu": 0.899910388949549,
      "humaneval": 0.8999434636452304
    },
    "self_improvement": {
      "rate": 0.9687281195202772,
      "iterations": 11483999,
      "generations_ahead": 11483,
      "recursive_depth": 1
    },
    "emergent_properties": [
      "meta_learning",
      "causality_violation",
      "reality_bending"
    ],
    "timestamp": "2026-03-09T07:53:42.024145"
  }
}