{
  "iteration": 16240000,
  "elapsed_seconds": 139.8252558708191,
  "rate_per_second": 44698.64876037997,
  "latest_capability": {
    "id": 16239999,
    "name": "Quantum_Capability_16239999",
    "type": "language",
    "quantum_properties": {
      "state": "coherent",
      "coherence_level": 0.9849626834843992,
      "entanglement_factor": 0.814652627851572,
      "superposition_branches": 3,
      "tunneling_depth": 3
    },
    "reasoning": {
      "mode": "tree",
      "chain_depth": 145,
      "parallel_threads": 14,
      "recursive_loops": 9,
      "confidence_calibration": 0.9442590978094151
    },
    "maat_alignment": {
      "truth": 0.8373323990353747,
      "balance": 0.8618667358042915,
      "order": 0.9060916798756112,
      "justice": 0.8020577129971221,
      "harmony": 0.9436526932131902,
      "overall": 0.8538859459351094
    },
    "benchmarks": {
      "gpqa": 0.7218096514347823,
      "math500": 0.7656045371070903,
      "swe_bench": 0.6960030837345822,
      "mmlu": 0.6686343809147498,
      "humaneval": 0.7907335097147702
    },
    "self_improvement": {
      "rate": 0.985509175393166,
      "iterations": 16239999,
      "generations_ahead": 16239,
      "recursive_depth": 5
    },
    "emergent_properties": [
      "meta_learning",
      "infinite_context",
      "omniscience",
      "recursive_self_improvement"
    ],
    "timestamp": "2026-03-09T07:55:25.738405"
  }
}