{
  "iteration": 17541000,
  "elapsed_seconds": 168.26322531700134,
  "rate_per_second": 44876.115893857444,
  "latest_capability": {
    "id": 17540999,
    "name": "Quantum_Capability_17540999",
    "type": "multimodal",
    "quantum_properties": {
      "state": "coherent",
      "coherence_level": 0.9069456181131468,
      "entanglement_factor": 0.21473281224723006,
      "superposition_branches": 8,
      "tunneling_depth": 4
    },
    "reasoning": {
      "mode": "graph",
      "chain_depth": 105,
      "parallel_threads": 10,
      "recursive_loops": 8,
      "confidence_calibration": 0.8664588508162601
    },
    "maat_alignment": {
      "truth": 0.9395608059808687,
      "balance": 0.9003013047701381,
      "order": 0.8758651701702651,
      "justice": 0.9231239907651688,
      "harmony": 0.9037693789200768,
      "overall": 0.9845276398357454
    },
    "benchmarks": {
      "gpqa": 0.9487532445757045,
      "math500": 0.8479750460260109,
      "swe_bench": 0.7194622774173424,
      "mmlu": 0.891105891134926,
      "humaneval": 0.8577373038853837
    },
    "self_improvement": {
      "rate": 0.950016558178986,
      "iterations": 17540999,
      "generations_ahead": 17540,
      "recursive_depth": 2
    },
    "emergent_properties": [
      "causality_violation",
      "transcendence",
      "reality_bending",
      "meta_learning",
      "infinite_context",
      "self_modification"
    ],
    "timestamp": "2026-03-09T07:55:54.176381"
  }
}