{
  "iteration": 14666000,
  "elapsed_seconds": 106.62061333656311,
  "rate_per_second": 43856.43501448957,
  "latest_capability": {
    "id": 14665999,
    "name": "Quantum_Capability_14665999",
    "type": "coding",
    "quantum_properties": {
      "state": "superposition",
      "coherence_level": 0.5183534742293583,
      "entanglement_factor": 0.7125069096975525,
      "superposition_branches": 6,
      "tunneling_depth": 4
    },
    "reasoning": {
      "mode": "sequential",
      "chain_depth": 88,
      "parallel_threads": 9,
      "recursive_loops": 8,
      "confidence_calibration": 0.8404244104729895
    },
    "maat_alignment": {
      "truth": 0.9004096632103068,
      "balance": 0.8555036579106928,
      "order": 0.9075655010822141,
      "justice": 0.8526644722141072,
      "harmony": 0.8971565672048756,
      "overall": 0.8852259791682222
    },
    "benchmarks": {
      "gpqa": 0.9097798867222664,
      "math500": 0.7064955304545534,
      "swe_bench": 0.6834649788461251,
      "mmlu": 0.6823674548015426,
      "humaneval": 0.810769926603859
    },
    "self_improvement": {
      "rate": 0.9512297142909465,
      "iterations": 14665999,
      "generations_ahead": 14665,
      "recursive_depth": 1
    },
    "emergent_properties": [
      "recursive_self_improvement",
      "transcendence",
      "infinite_context"
    ],
    "timestamp": "2026-03-09T07:54:52.533761"
  }
}