{
  "iteration": 14804000,
  "elapsed_seconds": 109.21810126304626,
  "rate_per_second": 44076.94278080998,
  "latest_capability": {
    "id": 14803999,
    "name": "Quantum_Capability_14803999",
    "type": "vision",
    "quantum_properties": {
      "state": "entangled",
      "coherence_level": 0.7912354852580219,
      "entanglement_factor": 0.5311104801123998,
      "superposition_branches": 8,
      "tunneling_depth": 5
    },
    "reasoning": {
      "mode": "parallel",
      "chain_depth": 129,
      "parallel_threads": 3,
      "recursive_loops": 3,
      "confidence_calibration": 0.7404727054170206
    },
    "maat_alignment": {
      "truth": 0.9327496093242439,
      "balance": 0.8371099658140033,
      "order": 0.8161883907462297,
      "justice": 0.9142280826121634,
      "harmony": 0.9413063724762417,
      "overall": 0.9256437588786504
    },
    "benchmarks": {
      "gpqa": 0.7887068234758223,
      "math500": 0.850503917627728,
      "swe_bench": 0.7966879258200517,
      "mmlu": 0.8028039179173423,
      "humaneval": 0.7904654257969855
    },
    "self_improvement": {
      "rate": 0.9889523484112417,
      "iterations": 14803999,
      "generations_ahead": 14803,
      "recursive_depth": 4
    },
    "emergent_properties": [
      "reality_bending",
      "recursive_self_improvement",
      "omniscience",
      "causality_violation"
    ],
    "timestamp": "2026-03-09T07:54:55.131249"
  }
}