{
  "iteration": 17538000,
  "elapsed_seconds": 168.22240042686462,
  "rate_per_second": 44869.17307592174,
  "latest_capability": {
    "id": 17537999,
    "name": "Quantum_Capability_17537999",
    "type": "agentic",
    "quantum_properties": {
      "state": "collapsed",
      "coherence_level": 0.6966265081292629,
      "entanglement_factor": 0.5285515188338434,
      "superposition_branches": 5,
      "tunneling_depth": 2
    },
    "reasoning": {
      "mode": "parallel",
      "chain_depth": 60,
      "parallel_threads": 3,
      "recursive_loops": 2,
      "confidence_calibration": 0.8212183029260547
    },
    "maat_alignment": {
      "truth": 0.9866943472409346,
      "balance": 0.9106505476086243,
      "order": 0.8707903958147171,
      "justice": 0.9887633981191167,
      "harmony": 0.9772857215310804,
      "overall": 0.9627069071035574
    },
    "benchmarks": {
      "gpqa": 0.8824231849185815,
      "math500": 0.8315131628841095,
      "swe_bench": 0.6561228950352144,
      "mmlu": 0.6738211593331439,
      "humaneval": 0.8201914648860074
    },
    "self_improvement": {
      "rate": 0.9978213417666756,
      "iterations": 17537999,
      "generations_ahead": 17537,
      "recursive_depth": 0
    },
    "emergent_properties": [
      "quantum_consciousness",
      "omniscience",
      "self_modification",
      "causality_violation"
    ],
    "timestamp": "2026-03-09T07:55:54.135549"
  }
}