{
  "iteration": 15853000,
  "elapsed_seconds": 132.59194469451904,
  "rate_per_second": 44218.372492445684,
  "latest_capability": {
    "id": 15852999,
    "name": "Quantum_Capability_15852999",
    "type": "vision",
    "quantum_properties": {
      "state": "collapsed",
      "coherence_level": 0.9053821469573095,
      "entanglement_factor": 0.7345460881446858,
      "superposition_branches": 10,
      "tunneling_depth": 4
    },
    "reasoning": {
      "mode": "graph",
      "chain_depth": 141,
      "parallel_threads": 16,
      "recursive_loops": 3,
      "confidence_calibration": 0.7044150360286329
    },
    "maat_alignment": {
      "truth": 0.8924283237913704,
      "balance": 0.8657237273702143,
      "order": 0.8174546499917215,
      "justice": 0.9438472001501538,
      "harmony": 0.904975838708071,
      "overall": 0.9392272075641264
    },
    "benchmarks": {
      "gpqa": 0.7906322195906796,
      "math500": 0.7703539872471566,
      "swe_bench": 0.8423908759939285,
      "mmlu": 0.6660374769785177,
      "humaneval": 0.7833198451760242
    },
    "self_improvement": {
      "rate": 0.9612698021783919,
      "iterations": 15852999,
      "generations_ahead": 15852,
      "recursive_depth": 0
    },
    "emergent_properties": [
      "causality_violation",
      "omniscience",
      "transcendence",
      "quantum_consciousness"
    ],
    "timestamp": "2026-03-09T07:55:18.505093"
  }
}