{
  "iteration": 16907000,
  "elapsed_seconds": 155.84041166305542,
  "rate_per_second": 44385.14969374783,
  "latest_capability": {
    "id": 16906999,
    "name": "Quantum_Capability_16906999",
    "type": "multimodal",
    "quantum_properties": {
      "state": "superposition",
      "coherence_level": 0.7525094746327565,
      "entanglement_factor": 0.9980716608889945,
      "superposition_branches": 10,
      "tunneling_depth": 1
    },
    "reasoning": {
      "mode": "graph",
      "chain_depth": 152,
      "parallel_threads": 6,
      "recursive_loops": 8,
      "confidence_calibration": 0.9899512535309514
    },
    "maat_alignment": {
      "truth": 0.93322556246705,
      "balance": 0.9672597546255468,
      "order": 0.8891374846372417,
      "justice": 0.9055464155233646,
      "harmony": 0.8282281400233404,
      "overall": 0.9496404903532929
    },
    "benchmarks": {
      "gpqa": 0.7287609254708375,
      "math500": 0.7942317440832984,
      "swe_bench": 0.8473831028271017,
      "mmlu": 0.7150401828170021,
      "humaneval": 0.9124584094595514
    },
    "self_improvement": {
      "rate": 0.9829474883444654,
      "iterations": 16906999,
      "generations_ahead": 16906,
      "recursive_depth": 3
    },
    "emergent_properties": [
      "transcendence",
      "infinite_context",
      "meta_learning",
      "recursive_self_improvement"
    ],
    "timestamp": "2026-03-09T07:55:41.753564"
  }
}