{
  "iteration": 17427000,
  "elapsed_seconds": 166.00889205932617,
  "rate_per_second": 44798.80509859832,
  "latest_capability": {
    "id": 17426999,
    "name": "Quantum_Capability_17426999",
    "type": "agentic",
    "quantum_properties": {
      "state": "coherent",
      "coherence_level": 0.5206656587629364,
      "entanglement_factor": 0.4039402282305591,
      "superposition_branches": 7,
      "tunneling_depth": 1
    },
    "reasoning": {
      "mode": "parallel",
      "chain_depth": 159,
      "parallel_threads": 13,
      "recursive_loops": 0,
      "confidence_calibration": 0.7221664710491851
    },
    "maat_alignment": {
      "truth": 0.9086372937277875,
      "balance": 0.8717272668451174,
      "order": 0.8210399573142166,
      "justice": 0.9161811767538114,
      "harmony": 0.878367598362815,
      "overall": 0.989935131129731
    },
    "benchmarks": {
      "gpqa": 0.898376210486033,
      "math500": 0.663624893017368,
      "swe_bench": 0.6521427084860589,
      "mmlu": 0.8170402021124953,
      "humaneval": 0.7224991933390794
    },
    "self_improvement": {
      "rate": 0.9634233485995944,
      "iterations": 17426999,
      "generations_ahead": 17426,
      "recursive_depth": 1
    },
    "emergent_properties": [
      "recursive_self_improvement",
      "omniscience",
      "meta_learning",
      "quantum_consciousness",
      "transcendence"
    ],
    "timestamp": "2026-03-09T07:55:51.922041"
  }
}