{
  "iteration": 10608000,
  "elapsed_seconds": 15.06611943244934,
  "rate_per_second": 41019.188967064365,
  "latest_capability": {
    "id": 10607999,
    "name": "Quantum_Capability_10607999",
    "type": "agentic",
    "quantum_properties": {
      "state": "collapsed",
      "coherence_level": 0.6486671222287559,
      "entanglement_factor": 0.7985494510134502,
      "superposition_branches": 4,
      "tunneling_depth": 5
    },
    "reasoning": {
      "mode": "parallel",
      "chain_depth": 11,
      "parallel_threads": 4,
      "recursive_loops": 3,
      "confidence_calibration": 0.8775034156996372
    },
    "maat_alignment": {
      "truth": 0.9403898289565331,
      "balance": 0.8555803569611998,
      "order": 0.8438463532820295,
      "justice": 0.9199774484090514,
      "harmony": 0.8106887143247117,
      "overall": 0.9943071384324208
    },
    "benchmarks": {
      "gpqa": 0.9113646502707515,
      "math500": 0.8401871587992259,
      "swe_bench": 0.7120924663633277,
      "mmlu": 0.7528837084411153,
      "humaneval": 0.9292681174979787
    },
    "self_improvement": {
      "rate": 0.9657315643874999,
      "iterations": 10607999,
      "generations_ahead": 10607,
      "recursive_depth": 1
    },
    "emergent_properties": [
      "transcendence",
      "meta_learning",
      "infinite_context"
    ],
    "timestamp": "2026-03-09T07:53:20.979267"
  }
}