{
  "iteration": 10179000,
  "elapsed_seconds": 3.8990590572357178,
  "rate_per_second": 48473.23347135801,
  "latest_capability": {
    "id": 10178999,
    "name": "Quantum_Capability_10178999",
    "type": "vision",
    "quantum_properties": {
      "state": "collapsed",
      "coherence_level": 0.5771989958983351,
      "entanglement_factor": 0.21479452751838235,
      "superposition_branches": 3,
      "tunneling_depth": 5
    },
    "reasoning": {
      "mode": "sequential",
      "chain_depth": 99,
      "parallel_threads": 5,
      "recursive_loops": 10,
      "confidence_calibration": 0.8720747919653903
    },
    "maat_alignment": {
      "truth": 0.9358650885715014,
      "balance": 0.8460605533106901,
      "order": 0.9415653570060375,
      "justice": 0.9205965590645407,
      "harmony": 0.910558373760477,
      "overall": 0.8795393786302051
    },
    "benchmarks": {
      "gpqa": 0.8656595619315229,
      "math500": 0.6996028080299742,
      "swe_bench": 0.8463236236236308,
      "mmlu": 0.7005753699231398,
      "humaneval": 0.9283355684681087
    },
    "self_improvement": {
      "rate": 0.9885103508552814,
      "iterations": 10178999,
      "generations_ahead": 10178,
      "recursive_depth": 0
    },
    "emergent_properties": [
      "causality_violation",
      "meta_learning",
      "infinite_context",
      "quantum_consciousness"
    ],
    "timestamp": "2026-03-09T07:53:09.812207"
  }
}