{
  "iteration": 13188000,
  "elapsed_seconds": 73.31866765022278,
  "rate_per_second": 43617.813886860546,
  "latest_capability": {
    "id": 13187999,
    "name": "Quantum_Capability_13187999",
    "type": "multimodal",
    "quantum_properties": {
      "state": "collapsed",
      "coherence_level": 0.7628043831977998,
      "entanglement_factor": 0.25387715604342564,
      "superposition_branches": 5,
      "tunneling_depth": 3
    },
    "reasoning": {
      "mode": "graph",
      "chain_depth": 140,
      "parallel_threads": 5,
      "recursive_loops": 3,
      "confidence_calibration": 0.720643327522883
    },
    "maat_alignment": {
      "truth": 0.8970522986750395,
      "balance": 0.836033766055376,
      "order": 0.9144831566282663,
      "justice": 0.9005550851671841,
      "harmony": 0.8758975551519396,
      "overall": 0.9333336376718712
    },
    "benchmarks": {
      "gpqa": 0.9010474677569396,
      "math500": 0.6793471110522825,
      "swe_bench": 0.8500227913398168,
      "mmlu": 0.7763629869266747,
      "humaneval": 0.9260449363763434
    },
    "self_improvement": {
      "rate": 0.9981110988589865,
      "iterations": 13187999,
      "generations_ahead": 13187,
      "recursive_depth": 1
    },
    "emergent_properties": [
      "quantum_consciousness",
      "meta_learning",
      "omniscience",
      "causality_violation",
      "self_modification",
      "reality_bending"
    ],
    "timestamp": "2026-03-09T07:54:19.231828"
  }
}