{
  "iteration": 17324000,
  "elapsed_seconds": 163.88296127319336,
  "rate_per_second": 44751.449101375474,
  "latest_capability": {
    "id": 17323999,
    "name": "Quantum_Capability_17323999",
    "type": "math",
    "quantum_properties": {
      "state": "superposition",
      "coherence_level": 0.8399271942202489,
      "entanglement_factor": 0.5624289282745761,
      "superposition_branches": 1,
      "tunneling_depth": 3
    },
    "reasoning": {
      "mode": "parallel",
      "chain_depth": 81,
      "parallel_threads": 9,
      "recursive_loops": 3,
      "confidence_calibration": 0.8811663132735308
    },
    "maat_alignment": {
      "truth": 0.9045495665736976,
      "balance": 0.9797519885040651,
      "order": 0.8326947306223851,
      "justice": 0.9397645460086157,
      "harmony": 0.9400261021689736,
      "overall": 0.8643866280467977
    },
    "benchmarks": {
      "gpqa": 0.8550765305587401,
      "math500": 0.6640098745787304,
      "swe_bench": 0.8475609125789748,
      "mmlu": 0.8461062343828701,
      "humaneval": 0.9325114908926726
    },
    "self_improvement": {
      "rate": 0.9502734465706059,
      "iterations": 17323999,
      "generations_ahead": 17323,
      "recursive_depth": 0
    },
    "emergent_properties": [
      "quantum_consciousness",
      "reality_bending",
      "self_modification",
      "infinite_context"
    ],
    "timestamp": "2026-03-09T07:55:49.796110"
  }
}