{
  "iteration": 11750000,
  "elapsed_seconds": 42.445454835891724,
  "rate_per_second": 41464.981511088685,
  "latest_capability": {
    "id": 11749999,
    "name": "Quantum_Capability_11749999",
    "type": "coding",
    "quantum_properties": {
      "state": "entangled",
      "coherence_level": 0.5954192039580913,
      "entanglement_factor": 0.4417423969694244,
      "superposition_branches": 5,
      "tunneling_depth": 4
    },
    "reasoning": {
      "mode": "parallel",
      "chain_depth": 19,
      "parallel_threads": 16,
      "recursive_loops": 0,
      "confidence_calibration": 0.8686013711911448
    },
    "maat_alignment": {
      "truth": 0.8120348347268965,
      "balance": 0.9171044099109011,
      "order": 0.8433174911781964,
      "justice": 0.8425429559640987,
      "harmony": 0.838607080367472,
      "overall": 0.9382274608844289
    },
    "benchmarks": {
      "gpqa": 0.9094581296110016,
      "math500": 0.8934219001390359,
      "swe_bench": 0.8399061512265463,
      "mmlu": 0.7854937226159623,
      "humaneval": 0.9360404050778153
    },
    "self_improvement": {
      "rate": 0.9857324462806923,
      "iterations": 11749999,
      "generations_ahead": 11749,
      "recursive_depth": 1
    },
    "emergent_properties": [
      "self_modification",
      "recursive_self_improvement",
      "infinite_context"
    ],
    "timestamp": "2026-03-09T07:53:48.358603"
  }
}