{
  "iteration": 10846000,
  "elapsed_seconds": 20.980124473571777,
  "rate_per_second": 40800.520563082704,
  "latest_capability": {
    "id": 10845999,
    "name": "Quantum_Capability_10845999",
    "type": "language",
    "quantum_properties": {
      "state": "coherent",
      "coherence_level": 0.9326141086552581,
      "entanglement_factor": 0.4859409343185308,
      "superposition_branches": 6,
      "tunneling_depth": 5
    },
    "reasoning": {
      "mode": "tree",
      "chain_depth": 54,
      "parallel_threads": 14,
      "recursive_loops": 5,
      "confidence_calibration": 0.9327748583912073
    },
    "maat_alignment": {
      "truth": 0.9674244605883537,
      "balance": 0.9689972276258194,
      "order": 0.9859274953609961,
      "justice": 0.803859412898371,
      "harmony": 0.8249662114054289,
      "overall": 0.8634626875494609
    },
    "benchmarks": {
      "gpqa": 0.9144081726572284,
      "math500": 0.7572865818360911,
      "swe_bench": 0.654864541240167,
      "mmlu": 0.7095315135804101,
      "humaneval": 0.8234475057636755
    },
    "self_improvement": {
      "rate": 0.9579723009968301,
      "iterations": 10845999,
      "generations_ahead": 10845,
      "recursive_depth": 5
    },
    "emergent_properties": [
      "omniscience",
      "transcendence",
      "self_modification",
      "infinite_context",
      "reality_bending",
      "causality_violation"
    ],
    "timestamp": "2026-03-09T07:53:26.893273"
  }
}