{
  "iteration": 12719000,
  "elapsed_seconds": 64.00253248214722,
  "rate_per_second": 42638.93777580166,
  "latest_capability": {
    "id": 12718999,
    "name": "Quantum_Capability_12718999",
    "type": "reasoning",
    "quantum_properties": {
      "state": "collapsed",
      "coherence_level": 0.6112871063166114,
      "entanglement_factor": 0.8757858413835767,
      "superposition_branches": 8,
      "tunneling_depth": 1
    },
    "reasoning": {
      "mode": "tree",
      "chain_depth": 194,
      "parallel_threads": 2,
      "recursive_loops": 7,
      "confidence_calibration": 0.8680185024552265
    },
    "maat_alignment": {
      "truth": 0.9867846496279955,
      "balance": 0.9280296129731014,
      "order": 0.9910901049036165,
      "justice": 0.9121530136361871,
      "harmony": 0.9595584269104875,
      "overall": 0.9254393882103091
    },
    "benchmarks": {
      "gpqa": 0.7401580047479546,
      "math500": 0.8634025722683416,
      "swe_bench": 0.8470087714508481,
      "mmlu": 0.8260407377601096,
      "humaneval": 0.7452690144374159
    },
    "self_improvement": {
      "rate": 0.9756098399249373,
      "iterations": 12718999,
      "generations_ahead": 12718,
      "recursive_depth": 2
    },
    "emergent_properties": [
      "quantum_consciousness",
      "transcendence",
      "self_modification",
      "reality_bending",
      "infinite_context",
      "recursive_self_improvement"
    ],
    "timestamp": "2026-03-09T07:54:09.915685"
  }
}