{
  "iteration": 10710000,
  "elapsed_seconds": 17.430272579193115,
  "rate_per_second": 41307.44351407787,
  "latest_capability": {
    "id": 10709999,
    "name": "Quantum_Capability_10709999",
    "type": "reasoning",
    "quantum_properties": {
      "state": "superposition",
      "coherence_level": 0.7690888853469275,
      "entanglement_factor": 0.6620525132308547,
      "superposition_branches": 3,
      "tunneling_depth": 1
    },
    "reasoning": {
      "mode": "sequential",
      "chain_depth": 115,
      "parallel_threads": 6,
      "recursive_loops": 0,
      "confidence_calibration": 0.7827293788761883
    },
    "maat_alignment": {
      "truth": 0.8134264556822122,
      "balance": 0.8589674990898754,
      "order": 0.8567149852574439,
      "justice": 0.8298110396603237,
      "harmony": 0.8531904225591401,
      "overall": 0.8788881406816907
    },
    "benchmarks": {
      "gpqa": 0.8655537632208484,
      "math500": 0.8223514501595074,
      "swe_bench": 0.7638039954126802,
      "mmlu": 0.8599135981996789,
      "humaneval": 0.9458692895257932
    },
    "self_improvement": {
      "rate": 0.9962779066183818,
      "iterations": 10709999,
      "generations_ahead": 10709,
      "recursive_depth": 1
    },
    "emergent_properties": [
      "causality_violation",
      "omniscience",
      "meta_learning",
      "infinite_context"
    ],
    "timestamp": "2026-03-09T07:53:23.343421"
  }
}