{
  "iteration": 10483000,
  "elapsed_seconds": 11.848600625991821,
  "rate_per_second": 41608.2890766463,
  "latest_capability": {
    "id": 10482999,
    "name": "Quantum_Capability_10482999",
    "type": "language",
    "quantum_properties": {
      "state": "superposition",
      "coherence_level": 0.7053743760325055,
      "entanglement_factor": 0.3822927938141467,
      "superposition_branches": 5,
      "tunneling_depth": 5
    },
    "reasoning": {
      "mode": "parallel",
      "chain_depth": 155,
      "parallel_threads": 11,
      "recursive_loops": 1,
      "confidence_calibration": 0.7626578539136364
    },
    "maat_alignment": {
      "truth": 0.8186469907391254,
      "balance": 0.8832757592516074,
      "order": 0.8943193458873256,
      "justice": 0.9539646995234892,
      "harmony": 0.907135764555022,
      "overall": 0.9725249326397595
    },
    "benchmarks": {
      "gpqa": 0.9448040091219816,
      "math500": 0.7149460650294586,
      "swe_bench": 0.7025583837193268,
      "mmlu": 0.8902885621240646,
      "humaneval": 0.9481823560277288
    },
    "self_improvement": {
      "rate": 0.9590869240217015,
      "iterations": 10482999,
      "generations_ahead": 10482,
      "recursive_depth": 0
    },
    "emergent_properties": [
      "omniscience",
      "transcendence",
      "quantum_consciousness",
      "causality_violation"
    ],
    "timestamp": "2026-03-09T07:53:17.761749"
  }
}