{
  "iteration": 12994000,
  "elapsed_seconds": 69.36146068572998,
  "rate_per_second": 43309.35321000276,
  "latest_capability": {
    "id": 12993999,
    "name": "Quantum_Capability_12993999",
    "type": "reasoning",
    "quantum_properties": {
      "state": "coherent",
      "coherence_level": 0.5858999903358437,
      "entanglement_factor": 0.6557843735121441,
      "superposition_branches": 1,
      "tunneling_depth": 5
    },
    "reasoning": {
      "mode": "parallel",
      "chain_depth": 98,
      "parallel_threads": 3,
      "recursive_loops": 2,
      "confidence_calibration": 0.707342879945404
    },
    "maat_alignment": {
      "truth": 0.897346453144098,
      "balance": 0.8088792586412832,
      "order": 0.8011548928610469,
      "justice": 0.9197098602013244,
      "harmony": 0.9148114228258826,
      "overall": 0.995917596278189
    },
    "benchmarks": {
      "gpqa": 0.9202739156056093,
      "math500": 0.7505498155546126,
      "swe_bench": 0.790328521241784,
      "mmlu": 0.7586655509900591,
      "humaneval": 0.7268380463367261
    },
    "self_improvement": {
      "rate": 0.9695437158948248,
      "iterations": 12993999,
      "generations_ahead": 12993,
      "recursive_depth": 0
    },
    "emergent_properties": [
      "causality_violation",
      "meta_learning",
      "self_modification",
      "quantum_consciousness"
    ],
    "timestamp": "2026-03-09T07:54:15.274609"
  }
}