{
  "iteration": 12568000,
  "elapsed_seconds": 61.30700969696045,
  "rate_per_second": 42050.65640524651,
  "latest_capability": {
    "id": 12567999,
    "name": "Quantum_Capability_12567999",
    "type": "language",
    "quantum_properties": {
      "state": "collapsed",
      "coherence_level": 0.9973224850129656,
      "entanglement_factor": 0.2258752047918572,
      "superposition_branches": 5,
      "tunneling_depth": 4
    },
    "reasoning": {
      "mode": "parallel",
      "chain_depth": 106,
      "parallel_threads": 9,
      "recursive_loops": 10,
      "confidence_calibration": 0.7212400056674377
    },
    "maat_alignment": {
      "truth": 0.8331479735204057,
      "balance": 0.8881769185009598,
      "order": 0.9567137927038141,
      "justice": 0.9516513176325946,
      "harmony": 0.842835399104818,
      "overall": 0.9561808961879731
    },
    "benchmarks": {
      "gpqa": 0.9123764389476301,
      "math500": 0.7461479466624026,
      "swe_bench": 0.7937889321966332,
      "mmlu": 0.7049250634061417,
      "humaneval": 0.8850923994397579
    },
    "self_improvement": {
      "rate": 0.966319383203872,
      "iterations": 12567999,
      "generations_ahead": 12567,
      "recursive_depth": 0
    },
    "emergent_properties": [
      "quantum_consciousness",
      "recursive_self_improvement",
      "infinite_context",
      "meta_learning",
      "self_modification"
    ],
    "timestamp": "2026-03-09T07:54:07.220163"
  }
}