{
  "iteration": 17179000,
  "elapsed_seconds": 161.21638870239258,
  "rate_per_second": 44592.24063920066,
  "latest_capability": {
    "id": 17178999,
    "name": "Quantum_Capability_17178999",
    "type": "coding",
    "quantum_properties": {
      "state": "entangled",
      "coherence_level": 0.9331860419285081,
      "entanglement_factor": 0.9563688078066251,
      "superposition_branches": 5,
      "tunneling_depth": 5
    },
    "reasoning": {
      "mode": "graph",
      "chain_depth": 55,
      "parallel_threads": 14,
      "recursive_loops": 0,
      "confidence_calibration": 0.832574688128334
    },
    "maat_alignment": {
      "truth": 0.8654014764254572,
      "balance": 0.975830900353151,
      "order": 0.9132051118515421,
      "justice": 0.970324051784448,
      "harmony": 0.9854173357779353,
      "overall": 0.8783195228771439
    },
    "benchmarks": {
      "gpqa": 0.8505078276677978,
      "math500": 0.7476230881653636,
      "swe_bench": 0.8310769287811487,
      "mmlu": 0.7972676909523051,
      "humaneval": 0.9022102127354801
    },
    "self_improvement": {
      "rate": 0.9884016419338761,
      "iterations": 17178999,
      "generations_ahead": 17178,
      "recursive_depth": 0
    },
    "emergent_properties": [
      "transcendence",
      "infinite_context",
      "recursive_self_improvement"
    ],
    "timestamp": "2026-03-09T07:55:47.129537"
  }
}