{
  "iteration": 15930000,
  "elapsed_seconds": 133.95270347595215,
  "rate_per_second": 44344.00983229411,
  "latest_capability": {
    "id": 15929999,
    "name": "Quantum_Capability_15929999",
    "type": "multimodal",
    "quantum_properties": {
      "state": "superposition",
      "coherence_level": 0.9790282661905866,
      "entanglement_factor": 0.6253610817193994,
      "superposition_branches": 8,
      "tunneling_depth": 2
    },
    "reasoning": {
      "mode": "tree",
      "chain_depth": 92,
      "parallel_threads": 16,
      "recursive_loops": 9,
      "confidence_calibration": 0.7640557838124751
    },
    "maat_alignment": {
      "truth": 0.8940824451667814,
      "balance": 0.9672646268639085,
      "order": 0.8356981931791299,
      "justice": 0.9505606015200826,
      "harmony": 0.8697342553971551,
      "overall": 0.9997389397279673
    },
    "benchmarks": {
      "gpqa": 0.784689994817086,
      "math500": 0.6830507309225419,
      "swe_bench": 0.7112451513280407,
      "mmlu": 0.6668699913826113,
      "humaneval": 0.7333715972505517
    },
    "self_improvement": {
      "rate": 0.9660814054806268,
      "iterations": 15929999,
      "generations_ahead": 15929,
      "recursive_depth": 1
    },
    "emergent_properties": [
      "recursive_self_improvement",
      "infinite_context",
      "causality_violation",
      "self_modification"
    ],
    "timestamp": "2026-03-09T07:55:19.865852"
  }
}