{
  "iteration": 12596000,
  "elapsed_seconds": 61.69274711608887,
  "rate_per_second": 42241.594382176256,
  "latest_capability": {
    "id": 12595999,
    "name": "Quantum_Capability_12595999",
    "type": "coding",
    "quantum_properties": {
      "state": "collapsed",
      "coherence_level": 0.8947323441035309,
      "entanglement_factor": 0.14726648081146876,
      "superposition_branches": 9,
      "tunneling_depth": 4
    },
    "reasoning": {
      "mode": "tree",
      "chain_depth": 33,
      "parallel_threads": 16,
      "recursive_loops": 3,
      "confidence_calibration": 0.7574448277300186
    },
    "maat_alignment": {
      "truth": 0.9181263048090162,
      "balance": 0.8886126219278331,
      "order": 0.8561643404066369,
      "justice": 0.9352585046190384,
      "harmony": 0.9033547287952503,
      "overall": 0.9622156768269972
    },
    "benchmarks": {
      "gpqa": 0.7928190076894357,
      "math500": 0.7130404047254406,
      "swe_bench": 0.8407957296038171,
      "mmlu": 0.7199140883921382,
      "humaneval": 0.7263508693706566
    },
    "self_improvement": {
      "rate": 0.9938056214114243,
      "iterations": 12595999,
      "generations_ahead": 12595,
      "recursive_depth": 4
    },
    "emergent_properties": [
      "reality_bending",
      "recursive_self_improvement",
      "infinite_context",
      "meta_learning",
      "self_modification",
      "causality_violation"
    ],
    "timestamp": "2026-03-09T07:54:07.605896"
  }
}