{
  "iteration": 10528000,
  "elapsed_seconds": 13.627435684204102,
  "rate_per_second": 39479.18100421557,
  "latest_capability": {
    "id": 10527999,
    "name": "Quantum_Capability_10527999",
    "type": "language",
    "quantum_properties": {
      "state": "entangled",
      "coherence_level": 0.802805099030962,
      "entanglement_factor": 0.2760758379922479,
      "superposition_branches": 5,
      "tunneling_depth": 5
    },
    "reasoning": {
      "mode": "tree",
      "chain_depth": 21,
      "parallel_threads": 1,
      "recursive_loops": 2,
      "confidence_calibration": 0.7571973960388627
    },
    "maat_alignment": {
      "truth": 0.9453958960970119,
      "balance": 0.8355844696512228,
      "order": 0.8350464876858343,
      "justice": 0.8663676303168018,
      "harmony": 0.8798967330899128,
      "overall": 0.9363208059596757
    },
    "benchmarks": {
      "gpqa": 0.7281412661594684,
      "math500": 0.7132207924068457,
      "swe_bench": 0.8278414885177199,
      "mmlu": 0.7655392263943291,
      "humaneval": 0.9165744010498081
    },
    "self_improvement": {
      "rate": 0.9660936912980457,
      "iterations": 10527999,
      "generations_ahead": 10527,
      "recursive_depth": 3
    },
    "emergent_properties": [
      "meta_learning",
      "causality_violation",
      "infinite_context"
    ],
    "timestamp": "2026-03-09T07:53:19.540588"
  }
}