{
  "iteration": 13053000,
  "elapsed_seconds": 70.49897861480713,
  "rate_per_second": 43447.43796552916,
  "latest_capability": {
    "id": 13052999,
    "name": "Quantum_Capability_13052999",
    "type": "coding",
    "quantum_properties": {
      "state": "collapsed",
      "coherence_level": 0.9102085785739448,
      "entanglement_factor": 0.13333056155124012,
      "superposition_branches": 10,
      "tunneling_depth": 0
    },
    "reasoning": {
      "mode": "parallel",
      "chain_depth": 93,
      "parallel_threads": 5,
      "recursive_loops": 9,
      "confidence_calibration": 0.941761536912064
    },
    "maat_alignment": {
      "truth": 0.8706989436208615,
      "balance": 0.9964329313485276,
      "order": 0.8800418762033755,
      "justice": 0.99894996679676,
      "harmony": 0.8406806019884243,
      "overall": 0.8557942206430463
    },
    "benchmarks": {
      "gpqa": 0.7358179052949745,
      "math500": 0.6989342408226773,
      "swe_bench": 0.6685530972200653,
      "mmlu": 0.6675371873620176,
      "humaneval": 0.7727292935708048
    },
    "self_improvement": {
      "rate": 0.9921074424665343,
      "iterations": 13052999,
      "generations_ahead": 13052,
      "recursive_depth": 2
    },
    "emergent_properties": [
      "reality_bending",
      "quantum_consciousness",
      "infinite_context"
    ],
    "timestamp": "2026-03-09T07:54:16.412126"
  }
}