{
  "iteration": 15904000,
  "elapsed_seconds": 133.59244203567505,
  "rate_per_second": 44268.97143193701,
  "latest_capability": {
    "id": 15903999,
    "name": "Quantum_Capability_15903999",
    "type": "vision",
    "quantum_properties": {
      "state": "superposition",
      "coherence_level": 0.9506216792360255,
      "entanglement_factor": 0.8850114295820023,
      "superposition_branches": 8,
      "tunneling_depth": 3
    },
    "reasoning": {
      "mode": "graph",
      "chain_depth": 59,
      "parallel_threads": 14,
      "recursive_loops": 8,
      "confidence_calibration": 0.712304635417674
    },
    "maat_alignment": {
      "truth": 0.8956167279233804,
      "balance": 0.8098811536708036,
      "order": 0.8339676357635862,
      "justice": 0.8676705421996516,
      "harmony": 0.9551594581395331,
      "overall": 0.878958047390942
    },
    "benchmarks": {
      "gpqa": 0.9337550736808641,
      "math500": 0.695772469741062,
      "swe_bench": 0.8768960513558687,
      "mmlu": 0.8899726602420256,
      "humaneval": 0.7624484682733066
    },
    "self_improvement": {
      "rate": 0.9894403943728645,
      "iterations": 15903999,
      "generations_ahead": 15903,
      "recursive_depth": 2
    },
    "emergent_properties": [
      "recursive_self_improvement",
      "transcendence",
      "quantum_consciousness",
      "causality_violation",
      "self_modification"
    ],
    "timestamp": "2026-03-09T07:55:19.505595"
  }
}