{
  "iteration": 12585000,
  "elapsed_seconds": 61.53840446472168,
  "rate_per_second": 42168.78910937062,
  "latest_capability": {
    "id": 12584999,
    "name": "Quantum_Capability_12584999",
    "type": "coding",
    "quantum_properties": {
      "state": "collapsed",
      "coherence_level": 0.7622207683125357,
      "entanglement_factor": 0.02929661536157413,
      "superposition_branches": 10,
      "tunneling_depth": 0
    },
    "reasoning": {
      "mode": "sequential",
      "chain_depth": 168,
      "parallel_threads": 11,
      "recursive_loops": 5,
      "confidence_calibration": 0.8148496505511738
    },
    "maat_alignment": {
      "truth": 0.9836312074150522,
      "balance": 0.8972250386416292,
      "order": 0.8182691893894912,
      "justice": 0.9405661534539687,
      "harmony": 0.9458435696082254,
      "overall": 0.8952733664677546
    },
    "benchmarks": {
      "gpqa": 0.7365854326176446,
      "math500": 0.8242227847543828,
      "swe_bench": 0.840155180737516,
      "mmlu": 0.7999353349318127,
      "humaneval": 0.9070128556209626
    },
    "self_improvement": {
      "rate": 0.9918787709174728,
      "iterations": 12584999,
      "generations_ahead": 12584,
      "recursive_depth": 4
    },
    "emergent_properties": [
      "meta_learning",
      "infinite_context",
      "causality_violation",
      "recursive_self_improvement"
    ],
    "timestamp": "2026-03-09T07:54:07.451553"
  }
}