{
  "iteration": 15062000,
  "elapsed_seconds": 117.54211807250977,
  "rate_per_second": 43150.4900811058,
  "latest_capability": {
    "id": 15061999,
    "name": "Quantum_Capability_15061999",
    "type": "language",
    "quantum_properties": {
      "state": "coherent",
      "coherence_level": 0.7281185663844192,
      "entanglement_factor": 0.30923398192568274,
      "superposition_branches": 5,
      "tunneling_depth": 0
    },
    "reasoning": {
      "mode": "sequential",
      "chain_depth": 124,
      "parallel_threads": 4,
      "recursive_loops": 3,
      "confidence_calibration": 0.865509556769564
    },
    "maat_alignment": {
      "truth": 0.9675610940919034,
      "balance": 0.9302272287365654,
      "order": 0.839532826335315,
      "justice": 0.8901963160383535,
      "harmony": 0.9907823640427177,
      "overall": 0.9200912891838425
    },
    "benchmarks": {
      "gpqa": 0.8525158575297895,
      "math500": 0.7717705637612209,
      "swe_bench": 0.6658444551181256,
      "mmlu": 0.6868620690659486,
      "humaneval": 0.7349250878349807
    },
    "self_improvement": {
      "rate": 0.960430651405042,
      "iterations": 15061999,
      "generations_ahead": 15061,
      "recursive_depth": 5
    },
    "emergent_properties": [
      "omniscience",
      "meta_learning",
      "causality_violation",
      "self_modification",
      "reality_bending"
    ],
    "timestamp": "2026-03-09T07:55:03.455271"
  }
}