{
  "iteration": 10164000,
  "elapsed_seconds": 3.694283962249756,
  "rate_per_second": 47099.79031878128,
  "latest_capability": {
    "id": 10163999,
    "name": "Quantum_Capability_10163999",
    "type": "math",
    "quantum_properties": {
      "state": "coherent",
      "coherence_level": 0.8185312319026312,
      "entanglement_factor": 0.5459969002657836,
      "superposition_branches": 6,
      "tunneling_depth": 3
    },
    "reasoning": {
      "mode": "tree",
      "chain_depth": 145,
      "parallel_threads": 9,
      "recursive_loops": 8,
      "confidence_calibration": 0.787787273054682
    },
    "maat_alignment": {
      "truth": 0.8797956948193161,
      "balance": 0.8817749421711844,
      "order": 0.8454326631855575,
      "justice": 0.9228897632810356,
      "harmony": 0.9252285890000617,
      "overall": 0.9628378775273044
    },
    "benchmarks": {
      "gpqa": 0.9096963856704054,
      "math500": 0.7203368937790915,
      "swe_bench": 0.7671488293354936,
      "mmlu": 0.7880055696075707,
      "humaneval": 0.9341200564586228
    },
    "self_improvement": {
      "rate": 0.969670354397642,
      "iterations": 10163999,
      "generations_ahead": 10163,
      "recursive_depth": 1
    },
    "emergent_properties": [
      "reality_bending",
      "self_modification",
      "omniscience",
      "causality_violation",
      "infinite_context"
    ],
    "timestamp": "2026-03-09T07:53:09.607432"
  }
}