{
  "iteration": 13249000,
  "elapsed_seconds": 76.33138704299927,
  "rate_per_second": 42695.41175983254,
  "latest_capability": {
    "id": 13248999,
    "name": "Quantum_Capability_13248999",
    "type": "coding",
    "quantum_properties": {
      "state": "collapsed",
      "coherence_level": 0.6848212871843524,
      "entanglement_factor": 0.0418773744621489,
      "superposition_branches": 6,
      "tunneling_depth": 5
    },
    "reasoning": {
      "mode": "graph",
      "chain_depth": 98,
      "parallel_threads": 8,
      "recursive_loops": 4,
      "confidence_calibration": 0.7504951644852339
    },
    "maat_alignment": {
      "truth": 0.8679068838235098,
      "balance": 0.8914764338788639,
      "order": 0.9068045405633457,
      "justice": 0.8458110467212021,
      "harmony": 0.8851269262810003,
      "overall": 0.9059177281103385
    },
    "benchmarks": {
      "gpqa": 0.7369154371292465,
      "math500": 0.7238606009567284,
      "swe_bench": 0.7030143054150721,
      "mmlu": 0.7401746256978832,
      "humaneval": 0.7543184870309957
    },
    "self_improvement": {
      "rate": 0.9876762968010666,
      "iterations": 13248999,
      "generations_ahead": 13248,
      "recursive_depth": 2
    },
    "emergent_properties": [
      "recursive_self_improvement",
      "meta_learning",
      "reality_bending"
    ],
    "timestamp": "2026-03-09T07:54:22.244535"
  }
}