{
  "iteration": 13000000,
  "elapsed_seconds": 69.76563262939453,
  "rate_per_second": 43144.452168728545,
  "latest_capability": {
    "id": 12999999,
    "name": "Quantum_Capability_12999999",
    "type": "reasoning",
    "quantum_properties": {
      "state": "superposition",
      "coherence_level": 0.5350418915904533,
      "entanglement_factor": 0.3163612712262528,
      "superposition_branches": 5,
      "tunneling_depth": 2
    },
    "reasoning": {
      "mode": "tree",
      "chain_depth": 120,
      "parallel_threads": 1,
      "recursive_loops": 4,
      "confidence_calibration": 0.7732794785327073
    },
    "maat_alignment": {
      "truth": 0.9924698477472739,
      "balance": 0.8371552560839999,
      "order": 0.9063272192867354,
      "justice": 0.9340249654978893,
      "harmony": 0.8925450384384643,
      "overall": 0.8667904831646323
    },
    "benchmarks": {
      "gpqa": 0.9420208367058891,
      "math500": 0.8785670490561562,
      "swe_bench": 0.6703250076006932,
      "mmlu": 0.7582561677757649,
      "humaneval": 0.8738881502193179
    },
    "self_improvement": {
      "rate": 0.9590390973835123,
      "iterations": 12999999,
      "generations_ahead": 12999,
      "recursive_depth": 4
    },
    "emergent_properties": [
      "reality_bending",
      "infinite_context",
      "causality_violation",
      "self_modification"
    ],
    "timestamp": "2026-03-09T07:54:15.678781"
  }
}