{
  "iteration": 14851000,
  "elapsed_seconds": 110.19830656051636,
  "rate_per_second": 44111.38566208855,
  "latest_capability": {
    "id": 14850999,
    "name": "Quantum_Capability_14850999",
    "type": "agentic",
    "quantum_properties": {
      "state": "coherent",
      "coherence_level": 0.8604495106215682,
      "entanglement_factor": 0.13677823093833008,
      "superposition_branches": 6,
      "tunneling_depth": 2
    },
    "reasoning": {
      "mode": "sequential",
      "chain_depth": 190,
      "parallel_threads": 3,
      "recursive_loops": 3,
      "confidence_calibration": 0.9066329281311496
    },
    "maat_alignment": {
      "truth": 0.8512087774848818,
      "balance": 0.9388323782356028,
      "order": 0.8493003845837922,
      "justice": 0.9098309791934661,
      "harmony": 0.8002800051457689,
      "overall": 0.8500565282861701
    },
    "benchmarks": {
      "gpqa": 0.8495953493387838,
      "math500": 0.8720069961068054,
      "swe_bench": 0.7208260281785349,
      "mmlu": 0.6832314867271722,
      "humaneval": 0.8298422665118881
    },
    "self_improvement": {
      "rate": 0.9615448183000879,
      "iterations": 14850999,
      "generations_ahead": 14850,
      "recursive_depth": 1
    },
    "emergent_properties": [
      "self_modification",
      "causality_violation",
      "quantum_consciousness",
      "reality_bending",
      "omniscience"
    ],
    "timestamp": "2026-03-09T07:54:56.111467"
  }
}