{
  "iteration": 10660000,
  "elapsed_seconds": 16.435277223587036,
  "rate_per_second": 40765.96889028751,
  "latest_capability": {
    "id": 10659999,
    "name": "Quantum_Capability_10659999",
    "type": "vision",
    "quantum_properties": {
      "state": "coherent",
      "coherence_level": 0.9391870527421817,
      "entanglement_factor": 0.6851824535942017,
      "superposition_branches": 1,
      "tunneling_depth": 4
    },
    "reasoning": {
      "mode": "parallel",
      "chain_depth": 158,
      "parallel_threads": 15,
      "recursive_loops": 4,
      "confidence_calibration": 0.8743441256798856
    },
    "maat_alignment": {
      "truth": 0.9607976456438222,
      "balance": 0.9380516081610276,
      "order": 0.9163097240738307,
      "justice": 0.8001667060781993,
      "harmony": 0.883206725331588,
      "overall": 0.929131815087139
    },
    "benchmarks": {
      "gpqa": 0.8930470878728678,
      "math500": 0.8490699335643795,
      "swe_bench": 0.7021962891579507,
      "mmlu": 0.8035735977914751,
      "humaneval": 0.8582071915700322
    },
    "self_improvement": {
      "rate": 0.9546190400931058,
      "iterations": 10659999,
      "generations_ahead": 10659,
      "recursive_depth": 0
    },
    "emergent_properties": [
      "meta_learning",
      "omniscience",
      "self_modification",
      "causality_violation"
    ],
    "timestamp": "2026-03-09T07:53:22.348425"
  }
}