{
  "iteration": 15302000,
  "elapsed_seconds": 122.10788297653198,
  "rate_per_second": 43502.51491151409,
  "latest_capability": {
    "id": 15301999,
    "name": "Quantum_Capability_15301999",
    "type": "multimodal",
    "quantum_properties": {
      "state": "superposition",
      "coherence_level": 0.9731141556768239,
      "entanglement_factor": 0.4026568609003548,
      "superposition_branches": 5,
      "tunneling_depth": 4
    },
    "reasoning": {
      "mode": "parallel",
      "chain_depth": 103,
      "parallel_threads": 2,
      "recursive_loops": 5,
      "confidence_calibration": 0.8613992191798584
    },
    "maat_alignment": {
      "truth": 0.9601834226646867,
      "balance": 0.875352102197064,
      "order": 0.9226422016170153,
      "justice": 0.9118715652843641,
      "harmony": 0.9544913576985503,
      "overall": 0.8834360814864892
    },
    "benchmarks": {
      "gpqa": 0.8837999725285769,
      "math500": 0.8044738113477995,
      "swe_bench": 0.8684087835676805,
      "mmlu": 0.7047527861253234,
      "humaneval": 0.7177460959968766
    },
    "self_improvement": {
      "rate": 0.9605800570685231,
      "iterations": 15301999,
      "generations_ahead": 15301,
      "recursive_depth": 5
    },
    "emergent_properties": [
      "causality_violation",
      "infinite_context",
      "recursive_self_improvement",
      "quantum_consciousness",
      "self_modification"
    ],
    "timestamp": "2026-03-09T07:55:08.021035"
  }
}