{
  "iteration": 12178000,
  "elapsed_seconds": 51.86870098114014,
  "rate_per_second": 42183.43545552787,
  "latest_capability": {
    "id": 12177999,
    "name": "Quantum_Capability_12177999",
    "type": "agentic",
    "quantum_properties": {
      "state": "superposition",
      "coherence_level": 0.94471438381649,
      "entanglement_factor": 0.48642077913686255,
      "superposition_branches": 9,
      "tunneling_depth": 2
    },
    "reasoning": {
      "mode": "graph",
      "chain_depth": 37,
      "parallel_threads": 11,
      "recursive_loops": 2,
      "confidence_calibration": 0.8358742323835596
    },
    "maat_alignment": {
      "truth": 0.8579232548022095,
      "balance": 0.926168062583183,
      "order": 0.8703261923320398,
      "justice": 0.890922265553306,
      "harmony": 0.9358155385923839,
      "overall": 0.9740752862436889
    },
    "benchmarks": {
      "gpqa": 0.8575134360647529,
      "math500": 0.7265961705734837,
      "swe_bench": 0.8935896863610371,
      "mmlu": 0.8566267376570798,
      "humaneval": 0.8600508824860191
    },
    "self_improvement": {
      "rate": 0.9801394682422769,
      "iterations": 12177999,
      "generations_ahead": 12177,
      "recursive_depth": 2
    },
    "emergent_properties": [
      "causality_violation",
      "self_modification",
      "transcendence"
    ],
    "timestamp": "2026-03-09T07:53:57.781853"
  }
}