{
  "iteration": 17498000,
  "elapsed_seconds": 167.33056092262268,
  "rate_per_second": 44869.26929906046,
  "latest_capability": {
    "id": 17497999,
    "name": "Quantum_Capability_17497999",
    "type": "multimodal",
    "quantum_properties": {
      "state": "collapsed",
      "coherence_level": 0.711296669427221,
      "entanglement_factor": 0.2634126710716841,
      "superposition_branches": 1,
      "tunneling_depth": 5
    },
    "reasoning": {
      "mode": "parallel",
      "chain_depth": 55,
      "parallel_threads": 8,
      "recursive_loops": 2,
      "confidence_calibration": 0.8363548589754044
    },
    "maat_alignment": {
      "truth": 0.8729020762782604,
      "balance": 0.9744175700377589,
      "order": 0.8262271246016727,
      "justice": 0.8731592358548762,
      "harmony": 0.8298931068310349,
      "overall": 0.9030985898944931
    },
    "benchmarks": {
      "gpqa": 0.7261289588049147,
      "math500": 0.8243639740098363,
      "swe_bench": 0.7394690998199576,
      "mmlu": 0.6933519097870051,
      "humaneval": 0.7910062248800931
    },
    "self_improvement": {
      "rate": 0.9669187427834642,
      "iterations": 17497999,
      "generations_ahead": 17497,
      "recursive_depth": 3
    },
    "emergent_properties": [
      "reality_bending",
      "self_modification",
      "causality_violation",
      "meta_learning",
      "infinite_context"
    ],
    "timestamp": "2026-03-09T07:55:53.243709"
  }
}