{
  "iteration": 11697000,
  "elapsed_seconds": 41.40180063247681,
  "rate_per_second": 41230.0908154458,
  "latest_capability": {
    "id": 11696999,
    "name": "Quantum_Capability_11696999",
    "type": "math",
    "quantum_properties": {
      "state": "coherent",
      "coherence_level": 0.825829709214878,
      "entanglement_factor": 0.5273472579881227,
      "superposition_branches": 9,
      "tunneling_depth": 4
    },
    "reasoning": {
      "mode": "parallel",
      "chain_depth": 198,
      "parallel_threads": 6,
      "recursive_loops": 2,
      "confidence_calibration": 0.8286627710425696
    },
    "maat_alignment": {
      "truth": 0.8196248531614212,
      "balance": 0.9106524667597934,
      "order": 0.8580084002772866,
      "justice": 0.924855194544424,
      "harmony": 0.8257065773310424,
      "overall": 0.9470376437164743
    },
    "benchmarks": {
      "gpqa": 0.8421155800796891,
      "math500": 0.8608594076228607,
      "swe_bench": 0.820514454573342,
      "mmlu": 0.7599722716845019,
      "humaneval": 0.8528361148612456
    },
    "self_improvement": {
      "rate": 0.9953537341337305,
      "iterations": 11696999,
      "generations_ahead": 11696,
      "recursive_depth": 4
    },
    "emergent_properties": [
      "recursive_self_improvement",
      "causality_violation",
      "reality_bending",
      "meta_learning"
    ],
    "timestamp": "2026-03-09T07:53:47.314949"
  }
}