{
  "iteration": 17703000,
  "elapsed_seconds": 171.52493834495544,
  "rate_per_second": 44967.22211022348,
  "latest_capability": {
    "id": 17702999,
    "name": "Quantum_Capability_17702999",
    "type": "multimodal",
    "quantum_properties": {
      "state": "superposition",
      "coherence_level": 0.8347063219012748,
      "entanglement_factor": 0.5632737054588868,
      "superposition_branches": 4,
      "tunneling_depth": 5
    },
    "reasoning": {
      "mode": "graph",
      "chain_depth": 104,
      "parallel_threads": 7,
      "recursive_loops": 3,
      "confidence_calibration": 0.7967200684016957
    },
    "maat_alignment": {
      "truth": 0.8389350160575166,
      "balance": 0.9501794265103112,
      "order": 0.9470292456306777,
      "justice": 0.8194822829433737,
      "harmony": 0.9731341568805308,
      "overall": 0.982663828995708
    },
    "benchmarks": {
      "gpqa": 0.9241744872301789,
      "math500": 0.8767547852825438,
      "swe_bench": 0.6608836813981777,
      "mmlu": 0.7453123110717899,
      "humaneval": 0.7052005861760245
    },
    "self_improvement": {
      "rate": 0.958338584382004,
      "iterations": 17702999,
      "generations_ahead": 17702,
      "recursive_depth": 3
    },
    "emergent_properties": [
      "transcendence",
      "recursive_self_improvement",
      "causality_violation",
      "reality_bending",
      "omniscience"
    ],
    "timestamp": "2026-03-09T07:55:57.438091"
  }
}