{
  "iteration": 16662000,
  "elapsed_seconds": 151.42315673828125,
  "rate_per_second": 44061.95289886764,
  "latest_capability": {
    "id": 16661999,
    "name": "Quantum_Capability_16661999",
    "type": "agentic",
    "quantum_properties": {
      "state": "collapsed",
      "coherence_level": 0.6616136619675317,
      "entanglement_factor": 0.06825043353242988,
      "superposition_branches": 9,
      "tunneling_depth": 2
    },
    "reasoning": {
      "mode": "tree",
      "chain_depth": 112,
      "parallel_threads": 9,
      "recursive_loops": 6,
      "confidence_calibration": 0.8598538563205946
    },
    "maat_alignment": {
      "truth": 0.8287169986834982,
      "balance": 0.9715066431730249,
      "order": 0.8215601011835957,
      "justice": 0.9082477392370889,
      "harmony": 0.8624455675257349,
      "overall": 0.9606771869630347
    },
    "benchmarks": {
      "gpqa": 0.7577257535842459,
      "math500": 0.8530634268567835,
      "swe_bench": 0.6860174365121692,
      "mmlu": 0.8250802189882016,
      "humaneval": 0.8406144821865964
    },
    "self_improvement": {
      "rate": 0.9531624641704063,
      "iterations": 16661999,
      "generations_ahead": 16661,
      "recursive_depth": 5
    },
    "emergent_properties": [
      "meta_learning",
      "transcendence",
      "quantum_consciousness",
      "causality_violation"
    ],
    "timestamp": "2026-03-09T07:55:37.336305"
  }
}