{
  "iteration": 16833000,
  "elapsed_seconds": 154.48756742477417,
  "rate_per_second": 44294.82652920997,
  "latest_capability": {
    "id": 16832999,
    "name": "Quantum_Capability_16832999",
    "type": "reasoning",
    "quantum_properties": {
      "state": "coherent",
      "coherence_level": 0.5252667630406874,
      "entanglement_factor": 0.3881235841240429,
      "superposition_branches": 4,
      "tunneling_depth": 2
    },
    "reasoning": {
      "mode": "graph",
      "chain_depth": 156,
      "parallel_threads": 5,
      "recursive_loops": 3,
      "confidence_calibration": 0.7283928118345321
    },
    "maat_alignment": {
      "truth": 0.9609222680347127,
      "balance": 0.9662966214014498,
      "order": 0.8700335676690772,
      "justice": 0.900024221184102,
      "harmony": 0.8173953701409116,
      "overall": 0.9471722662993088
    },
    "benchmarks": {
      "gpqa": 0.7478455761406968,
      "math500": 0.7870374573425207,
      "swe_bench": 0.8487732085029736,
      "mmlu": 0.7406176045362676,
      "humaneval": 0.9309691056184508
    },
    "self_improvement": {
      "rate": 0.9583998393090342,
      "iterations": 16832999,
      "generations_ahead": 16832,
      "recursive_depth": 0
    },
    "emergent_properties": [
      "causality_violation",
      "omniscience",
      "meta_learning",
      "reality_bending",
      "transcendence",
      "self_modification"
    ],
    "timestamp": "2026-03-09T07:55:40.400721"
  }
}