{
  "iteration": 15687000,
  "elapsed_seconds": 129.32559490203857,
  "rate_per_second": 44051.604822041285,
  "latest_capability": {
    "id": 15686999,
    "name": "Quantum_Capability_15686999",
    "type": "math",
    "quantum_properties": {
      "state": "coherent",
      "coherence_level": 0.5112881888044162,
      "entanglement_factor": 0.9128557279455153,
      "superposition_branches": 3,
      "tunneling_depth": 1
    },
    "reasoning": {
      "mode": "sequential",
      "chain_depth": 152,
      "parallel_threads": 7,
      "recursive_loops": 1,
      "confidence_calibration": 0.968223293489875
    },
    "maat_alignment": {
      "truth": 0.8763008346466299,
      "balance": 0.9051267879861749,
      "order": 0.93111597999066,
      "justice": 0.8800780486570274,
      "harmony": 0.9347274048161339,
      "overall": 0.9885092218324606
    },
    "benchmarks": {
      "gpqa": 0.7203465489353688,
      "math500": 0.8966765502381504,
      "swe_bench": 0.7764702821342655,
      "mmlu": 0.7275430598558825,
      "humaneval": 0.872689558423474
    },
    "self_improvement": {
      "rate": 0.9778245357442528,
      "iterations": 15686999,
      "generations_ahead": 15686,
      "recursive_depth": 0
    },
    "emergent_properties": [
      "reality_bending",
      "transcendence",
      "meta_learning",
      "infinite_context",
      "quantum_consciousness"
    ],
    "timestamp": "2026-03-09T07:55:15.238743"
  }
}