{
  "iteration": 17389000,
  "elapsed_seconds": 165.47853255271912,
  "rate_per_second": 44712.7484505749,
  "latest_capability": {
    "id": 17388999,
    "name": "Quantum_Capability_17388999",
    "type": "vision",
    "quantum_properties": {
      "state": "entangled",
      "coherence_level": 0.7993380570935231,
      "entanglement_factor": 0.47342363280712907,
      "superposition_branches": 9,
      "tunneling_depth": 1
    },
    "reasoning": {
      "mode": "tree",
      "chain_depth": 71,
      "parallel_threads": 14,
      "recursive_loops": 1,
      "confidence_calibration": 0.916035612332017
    },
    "maat_alignment": {
      "truth": 0.8880636053441983,
      "balance": 0.9918969139268612,
      "order": 0.9101096095683167,
      "justice": 0.9804410433966104,
      "harmony": 0.9569160962112864,
      "overall": 0.8645533582789178
    },
    "benchmarks": {
      "gpqa": 0.7392989218462723,
      "math500": 0.6560170518609836,
      "swe_bench": 0.7545698032791393,
      "mmlu": 0.8316955532785345,
      "humaneval": 0.7967254893924852
    },
    "self_improvement": {
      "rate": 0.9797142110638636,
      "iterations": 17388999,
      "generations_ahead": 17388,
      "recursive_depth": 0
    },
    "emergent_properties": [
      "recursive_self_improvement",
      "omniscience",
      "meta_learning",
      "causality_violation"
    ],
    "timestamp": "2026-03-09T07:55:51.391686"
  }
}