{
  "iteration": 12921000,
  "elapsed_seconds": 68.02122688293457,
  "rate_per_second": 43089.490359300486,
  "latest_capability": {
    "id": 12920999,
    "name": "Quantum_Capability_12920999",
    "type": "coding",
    "quantum_properties": {
      "state": "coherent",
      "coherence_level": 0.8850844875810705,
      "entanglement_factor": 0.8493639003722887,
      "superposition_branches": 3,
      "tunneling_depth": 0
    },
    "reasoning": {
      "mode": "graph",
      "chain_depth": 167,
      "parallel_threads": 4,
      "recursive_loops": 1,
      "confidence_calibration": 0.8806294413678623
    },
    "maat_alignment": {
      "truth": 0.8086310061359442,
      "balance": 0.8132740242831287,
      "order": 0.89220275535792,
      "justice": 0.9111233478649108,
      "harmony": 0.8437726490010018,
      "overall": 0.9755588584509418
    },
    "benchmarks": {
      "gpqa": 0.8892143063911357,
      "math500": 0.8758254876058772,
      "swe_bench": 0.8430475521503721,
      "mmlu": 0.8534268340680603,
      "humaneval": 0.8951055399706672
    },
    "self_improvement": {
      "rate": 0.9992989718873573,
      "iterations": 12920999,
      "generations_ahead": 12920,
      "recursive_depth": 4
    },
    "emergent_properties": [
      "omniscience",
      "transcendence",
      "recursive_self_improvement",
      "reality_bending",
      "quantum_consciousness",
      "meta_learning"
    ],
    "timestamp": "2026-03-09T07:54:13.934376"
  }
}