{
  "iteration": 14310000,
  "elapsed_seconds": 99.71716666221619,
  "rate_per_second": 43322.53055919298,
  "latest_capability": {
    "id": 14309999,
    "name": "Quantum_Capability_14309999",
    "type": "coding",
    "quantum_properties": {
      "state": "coherent",
      "coherence_level": 0.8752430619097196,
      "entanglement_factor": 0.6930385186641967,
      "superposition_branches": 3,
      "tunneling_depth": 0
    },
    "reasoning": {
      "mode": "tree",
      "chain_depth": 192,
      "parallel_threads": 16,
      "recursive_loops": 7,
      "confidence_calibration": 0.8012079727810482
    },
    "maat_alignment": {
      "truth": 0.9847791956229613,
      "balance": 0.9830722535228026,
      "order": 0.9054104291060897,
      "justice": 0.9813529841033757,
      "harmony": 0.8621941745891959,
      "overall": 0.9353218205866805
    },
    "benchmarks": {
      "gpqa": 0.9409459798436284,
      "math500": 0.7740726373152749,
      "swe_bench": 0.7875232851928173,
      "mmlu": 0.6564239103288546,
      "humaneval": 0.8236220947456478
    },
    "self_improvement": {
      "rate": 0.9524828682795883,
      "iterations": 14309999,
      "generations_ahead": 14309,
      "recursive_depth": 3
    },
    "emergent_properties": [
      "transcendence",
      "meta_learning",
      "causality_violation"
    ],
    "timestamp": "2026-03-09T07:54:45.630319"
  }
}