{
  "iteration": 14887000,
  "elapsed_seconds": 111.03966641426086,
  "rate_per_second": 44101.35727290943,
  "latest_capability": {
    "id": 14886999,
    "name": "Quantum_Capability_14886999",
    "type": "coding",
    "quantum_properties": {
      "state": "entangled",
      "coherence_level": 0.7559580203817909,
      "entanglement_factor": 0.5295291366710759,
      "superposition_branches": 3,
      "tunneling_depth": 0
    },
    "reasoning": {
      "mode": "parallel",
      "chain_depth": 57,
      "parallel_threads": 2,
      "recursive_loops": 10,
      "confidence_calibration": 0.8784419885574684
    },
    "maat_alignment": {
      "truth": 0.8279451421004882,
      "balance": 0.920461003533909,
      "order": 0.9795222517324811,
      "justice": 0.8856639218840757,
      "harmony": 0.8853382050780118,
      "overall": 0.8585438400883721
    },
    "benchmarks": {
      "gpqa": 0.7482047088242376,
      "math500": 0.7226911478305964,
      "swe_bench": 0.8562611464496219,
      "mmlu": 0.7921606132053155,
      "humaneval": 0.9012076697505974
    },
    "self_improvement": {
      "rate": 0.9578440857443609,
      "iterations": 14886999,
      "generations_ahead": 14886,
      "recursive_depth": 0
    },
    "emergent_properties": [
      "quantum_consciousness",
      "causality_violation",
      "meta_learning",
      "omniscience",
      "transcendence",
      "recursive_self_improvement"
    ],
    "timestamp": "2026-03-09T07:54:56.952816"
  }
}