{
  "iteration": 16423000,
  "elapsed_seconds": 146.8172538280487,
  "rate_per_second": 43816.37602031627,
  "latest_capability": {
    "id": 16422999,
    "name": "Quantum_Capability_16422999",
    "type": "reasoning",
    "quantum_properties": {
      "state": "collapsed",
      "coherence_level": 0.7467071962507668,
      "entanglement_factor": 0.887593988672633,
      "superposition_branches": 8,
      "tunneling_depth": 2
    },
    "reasoning": {
      "mode": "sequential",
      "chain_depth": 148,
      "parallel_threads": 15,
      "recursive_loops": 9,
      "confidence_calibration": 0.9432089219279064
    },
    "maat_alignment": {
      "truth": 0.8148595412181621,
      "balance": 0.8043623725726048,
      "order": 0.8611004360224397,
      "justice": 0.8800708785524016,
      "harmony": 0.923762611962468,
      "overall": 0.9918857302800752
    },
    "benchmarks": {
      "gpqa": 0.7861264091295642,
      "math500": 0.8111163835870383,
      "swe_bench": 0.7727863260270188,
      "mmlu": 0.6947416514502295,
      "humaneval": 0.7494859822170554
    },
    "self_improvement": {
      "rate": 0.9844213757134868,
      "iterations": 16422999,
      "generations_ahead": 16422,
      "recursive_depth": 2
    },
    "emergent_properties": [
      "meta_learning",
      "infinite_context",
      "quantum_consciousness",
      "recursive_self_improvement",
      "omniscience",
      "reality_bending"
    ],
    "timestamp": "2026-03-09T07:55:32.730403"
  }
}