{
  "iteration": 10327000,
  "elapsed_seconds": 7.395622491836548,
  "rate_per_second": 45567.496227935924,
  "latest_capability": {
    "id": 10326999,
    "name": "Quantum_Capability_10326999",
    "type": "reasoning",
    "quantum_properties": {
      "state": "collapsed",
      "coherence_level": 0.8340322738522506,
      "entanglement_factor": 0.4916591132115792,
      "superposition_branches": 6,
      "tunneling_depth": 5
    },
    "reasoning": {
      "mode": "tree",
      "chain_depth": 43,
      "parallel_threads": 10,
      "recursive_loops": 6,
      "confidence_calibration": 0.8082250504910542
    },
    "maat_alignment": {
      "truth": 0.9187654181373556,
      "balance": 0.8612313717967758,
      "order": 0.8937134963058793,
      "justice": 0.8119334308433771,
      "harmony": 0.9305909640616259,
      "overall": 0.9002750992225477
    },
    "benchmarks": {
      "gpqa": 0.931867178521276,
      "math500": 0.6884425101761192,
      "swe_bench": 0.7850615099833128,
      "mmlu": 0.6675412833123329,
      "humaneval": 0.8209728111844032
    },
    "self_improvement": {
      "rate": 0.961005233247346,
      "iterations": 10326999,
      "generations_ahead": 10326,
      "recursive_depth": 5
    },
    "emergent_properties": [
      "infinite_context",
      "quantum_consciousness",
      "self_modification",
      "meta_learning",
      "omniscience",
      "causality_violation"
    ],
    "timestamp": "2026-03-09T07:53:13.308775"
  }
}