{
  "iteration": 10681000,
  "elapsed_seconds": 17.04115629196167,
  "rate_per_second": 40548.8916456887,
  "latest_capability": {
    "id": 10680999,
    "name": "Quantum_Capability_10680999",
    "type": "multimodal",
    "quantum_properties": {
      "state": "superposition",
      "coherence_level": 0.5841429967843128,
      "entanglement_factor": 0.9247991256590098,
      "superposition_branches": 1,
      "tunneling_depth": 5
    },
    "reasoning": {
      "mode": "graph",
      "chain_depth": 26,
      "parallel_threads": 9,
      "recursive_loops": 7,
      "confidence_calibration": 0.79030739484111
    },
    "maat_alignment": {
      "truth": 0.8957748685078386,
      "balance": 0.8286460257098204,
      "order": 0.8778569495754763,
      "justice": 0.8818242600956652,
      "harmony": 0.9891513358334155,
      "overall": 0.9756486903105391
    },
    "benchmarks": {
      "gpqa": 0.8195966093134889,
      "math500": 0.6708885644070113,
      "swe_bench": 0.7567190181333086,
      "mmlu": 0.8104553279123705,
      "humaneval": 0.8424195357607129
    },
    "self_improvement": {
      "rate": 0.9539582137711942,
      "iterations": 10680999,
      "generations_ahead": 10680,
      "recursive_depth": 0
    },
    "emergent_properties": [
      "meta_learning",
      "omniscience",
      "causality_violation",
      "transcendence",
      "reality_bending"
    ],
    "timestamp": "2026-03-09T07:53:22.954309"
  }
}