{
  "iteration": 10763000,
  "elapsed_seconds": 18.44903540611267,
  "rate_per_second": 41899.20952419463,
  "latest_capability": {
    "id": 10762999,
    "name": "Quantum_Capability_10762999",
    "type": "language",
    "quantum_properties": {
      "state": "collapsed",
      "coherence_level": 0.8079870532149351,
      "entanglement_factor": 0.6229123272481756,
      "superposition_branches": 9,
      "tunneling_depth": 3
    },
    "reasoning": {
      "mode": "graph",
      "chain_depth": 102,
      "parallel_threads": 12,
      "recursive_loops": 8,
      "confidence_calibration": 0.8914111702536198
    },
    "maat_alignment": {
      "truth": 0.8777699441164832,
      "balance": 0.8153136264384268,
      "order": 0.9280048928888618,
      "justice": 0.8819685609784514,
      "harmony": 0.9256164755139162,
      "overall": 0.999436547136376
    },
    "benchmarks": {
      "gpqa": 0.827881138856268,
      "math500": 0.7492308067061334,
      "swe_bench": 0.8227846582846348,
      "mmlu": 0.7047326315434792,
      "humaneval": 0.9298109443161564
    },
    "self_improvement": {
      "rate": 0.9613753536760212,
      "iterations": 10762999,
      "generations_ahead": 10762,
      "recursive_depth": 5
    },
    "emergent_properties": [
      "reality_bending",
      "omniscience",
      "transcendence",
      "self_modification"
    ],
    "timestamp": "2026-03-09T07:53:24.362184"
  }
}