{
  "iteration": 12366000,
  "elapsed_seconds": 55.4572548866272,
  "rate_per_second": 42843.80835036503,
  "latest_capability": {
    "id": 12365999,
    "name": "Quantum_Capability_12365999",
    "type": "multimodal",
    "quantum_properties": {
      "state": "collapsed",
      "coherence_level": 0.5587834306263143,
      "entanglement_factor": 0.03851724877703333,
      "superposition_branches": 4,
      "tunneling_depth": 2
    },
    "reasoning": {
      "mode": "graph",
      "chain_depth": 23,
      "parallel_threads": 3,
      "recursive_loops": 1,
      "confidence_calibration": 0.7613908608946232
    },
    "maat_alignment": {
      "truth": 0.8799779360518106,
      "balance": 0.8963187994481266,
      "order": 0.9521348337541347,
      "justice": 0.8506129378582077,
      "harmony": 0.9284036472404817,
      "overall": 0.9249867770925413
    },
    "benchmarks": {
      "gpqa": 0.7387975878141493,
      "math500": 0.7920288350331695,
      "swe_bench": 0.6721449483312228,
      "mmlu": 0.7111461893018076,
      "humaneval": 0.7535374440708064
    },
    "self_improvement": {
      "rate": 0.9992373585976533,
      "iterations": 12365999,
      "generations_ahead": 12365,
      "recursive_depth": 2
    },
    "emergent_properties": [
      "omniscience",
      "transcendence",
      "quantum_consciousness",
      "recursive_self_improvement",
      "self_modification"
    ],
    "timestamp": "2026-03-09T07:54:01.370403"
  }
}