{
  "iteration": 15863000,
  "elapsed_seconds": 132.72955203056335,
  "rate_per_second": 44247.87027569894,
  "latest_capability": {
    "id": 15862999,
    "name": "Quantum_Capability_15862999",
    "type": "language",
    "quantum_properties": {
      "state": "coherent",
      "coherence_level": 0.5616857822819441,
      "entanglement_factor": 0.20678729391954298,
      "superposition_branches": 5,
      "tunneling_depth": 2
    },
    "reasoning": {
      "mode": "graph",
      "chain_depth": 139,
      "parallel_threads": 2,
      "recursive_loops": 0,
      "confidence_calibration": 0.9552887676877136
    },
    "maat_alignment": {
      "truth": 0.9048029587348455,
      "balance": 0.9309755731942394,
      "order": 0.8779265258379775,
      "justice": 0.8989123190099976,
      "harmony": 0.906722937361983,
      "overall": 0.9374020184468912
    },
    "benchmarks": {
      "gpqa": 0.7567738667688068,
      "math500": 0.7097277317209836,
      "swe_bench": 0.8130462041354818,
      "mmlu": 0.8755456248743834,
      "humaneval": 0.830369586801709
    },
    "self_improvement": {
      "rate": 0.9511919026632972,
      "iterations": 15862999,
      "generations_ahead": 15862,
      "recursive_depth": 2
    },
    "emergent_properties": [
      "quantum_consciousness",
      "reality_bending",
      "meta_learning",
      "transcendence"
    ],
    "timestamp": "2026-03-09T07:55:18.642700"
  }
}