{
  "iteration": 10932000,
  "elapsed_seconds": 22.447503089904785,
  "rate_per_second": 41964.57825296576,
  "latest_capability": {
    "id": 10931999,
    "name": "Quantum_Capability_10931999",
    "type": "language",
    "quantum_properties": {
      "state": "entangled",
      "coherence_level": 0.8926868636045907,
      "entanglement_factor": 0.5420598004268997,
      "superposition_branches": 1,
      "tunneling_depth": 3
    },
    "reasoning": {
      "mode": "tree",
      "chain_depth": 92,
      "parallel_threads": 5,
      "recursive_loops": 2,
      "confidence_calibration": 0.7150931825438392
    },
    "maat_alignment": {
      "truth": 0.8041249677992446,
      "balance": 0.9135410562250764,
      "order": 0.936800024548553,
      "justice": 0.9374929392352956,
      "harmony": 0.9721034860021189,
      "overall": 0.8868731884339066
    },
    "benchmarks": {
      "gpqa": 0.9009329110572554,
      "math500": 0.7523308669846628,
      "swe_bench": 0.8699458606530258,
      "mmlu": 0.7884127960809291,
      "humaneval": 0.8763763499530761
    },
    "self_improvement": {
      "rate": 0.9979089636938687,
      "iterations": 10931999,
      "generations_ahead": 10931,
      "recursive_depth": 1
    },
    "emergent_properties": [
      "meta_learning",
      "reality_bending",
      "omniscience",
      "self_modification",
      "causality_violation",
      "transcendence"
    ],
    "timestamp": "2026-03-09T07:53:28.360657"
  }
}