{
  "iteration": 17028000,
  "elapsed_seconds": 158.490234375,
  "rate_per_second": 44406.521498022106,
  "latest_capability": {
    "id": 17027999,
    "name": "Quantum_Capability_17027999",
    "type": "reasoning",
    "quantum_properties": {
      "state": "entangled",
      "coherence_level": 0.7102818411226421,
      "entanglement_factor": 0.0657330413005296,
      "superposition_branches": 10,
      "tunneling_depth": 3
    },
    "reasoning": {
      "mode": "parallel",
      "chain_depth": 28,
      "parallel_threads": 1,
      "recursive_loops": 10,
      "confidence_calibration": 0.888424018799949
    },
    "maat_alignment": {
      "truth": 0.8981102682908835,
      "balance": 0.9517717336853397,
      "order": 0.9266455703991505,
      "justice": 0.9624116873782862,
      "harmony": 0.9622968856971829,
      "overall": 0.8985057712743286
    },
    "benchmarks": {
      "gpqa": 0.7961898577992981,
      "math500": 0.7518091889129122,
      "swe_bench": 0.8231637298425061,
      "mmlu": 0.8829607888849621,
      "humaneval": 0.8632753083833716
    },
    "self_improvement": {
      "rate": 0.976476830902853,
      "iterations": 17027999,
      "generations_ahead": 17027,
      "recursive_depth": 2
    },
    "emergent_properties": [
      "quantum_consciousness",
      "infinite_context",
      "reality_bending",
      "meta_learning"
    ],
    "timestamp": "2026-03-09T07:55:44.403386"
  }
}