{
  "iteration": 11744000,
  "elapsed_seconds": 42.364890813827515,
  "rate_per_second": 41402.207495540395,
  "latest_capability": {
    "id": 11743999,
    "name": "Quantum_Capability_11743999",
    "type": "coding",
    "quantum_properties": {
      "state": "entangled",
      "coherence_level": 0.8297705957970452,
      "entanglement_factor": 0.6834626479698306,
      "superposition_branches": 3,
      "tunneling_depth": 5
    },
    "reasoning": {
      "mode": "parallel",
      "chain_depth": 198,
      "parallel_threads": 14,
      "recursive_loops": 9,
      "confidence_calibration": 0.7350296341267744
    },
    "maat_alignment": {
      "truth": 0.8580228387372029,
      "balance": 0.808056732615905,
      "order": 0.9788540366844385,
      "justice": 0.933133156905317,
      "harmony": 0.8445193425487099,
      "overall": 0.9191998075800187
    },
    "benchmarks": {
      "gpqa": 0.7616737760145826,
      "math500": 0.6507152348955327,
      "swe_bench": 0.8701893088203949,
      "mmlu": 0.717523952716169,
      "humaneval": 0.7820772506886059
    },
    "self_improvement": {
      "rate": 0.9867593093644061,
      "iterations": 11743999,
      "generations_ahead": 11743,
      "recursive_depth": 4
    },
    "emergent_properties": [
      "reality_bending",
      "quantum_consciousness",
      "meta_learning",
      "causality_violation",
      "self_modification"
    ],
    "timestamp": "2026-03-09T07:53:48.278039"
  }
}