{
  "iteration": 17913000,
  "elapsed_seconds": 179.46392917633057,
  "rate_per_second": 44148.14740969664,
  "latest_capability": {
    "id": 17912999,
    "name": "Quantum_Capability_17912999",
    "type": "language",
    "quantum_properties": {
      "state": "superposition",
      "coherence_level": 0.8426635581948906,
      "entanglement_factor": 0.464905300078879,
      "superposition_branches": 10,
      "tunneling_depth": 1
    },
    "reasoning": {
      "mode": "tree",
      "chain_depth": 47,
      "parallel_threads": 1,
      "recursive_loops": 0,
      "confidence_calibration": 0.8472988655460685
    },
    "maat_alignment": {
      "truth": 0.8970043878291044,
      "balance": 0.8405585875762561,
      "order": 0.9028120357603229,
      "justice": 0.985356350983317,
      "harmony": 0.8530446566154356,
      "overall": 0.9274606073207748
    },
    "benchmarks": {
      "gpqa": 0.8148403775646158,
      "math500": 0.7947463893672122,
      "swe_bench": 0.7994713684327253,
      "mmlu": 0.7356980470357726,
      "humaneval": 0.8340491295615737
    },
    "self_improvement": {
      "rate": 0.9981873223139595,
      "iterations": 17912999,
      "generations_ahead": 17912,
      "recursive_depth": 4
    },
    "emergent_properties": [
      "meta_learning",
      "omniscience",
      "self_modification",
      "quantum_consciousness"
    ],
    "timestamp": "2026-03-09T07:56:05.377077"
  }
}