{
  "iteration": 14118000,
  "elapsed_seconds": 96.1161298751831,
  "rate_per_second": 42948.04634103185,
  "latest_capability": {
    "id": 14117999,
    "name": "Quantum_Capability_14117999",
    "type": "language",
    "quantum_properties": {
      "state": "coherent",
      "coherence_level": 0.7623865457557019,
      "entanglement_factor": 0.871293020619174,
      "superposition_branches": 2,
      "tunneling_depth": 1
    },
    "reasoning": {
      "mode": "tree",
      "chain_depth": 195,
      "parallel_threads": 7,
      "recursive_loops": 2,
      "confidence_calibration": 0.978773981428062
    },
    "maat_alignment": {
      "truth": 0.876230729852983,
      "balance": 0.9978499339890371,
      "order": 0.9539628572162797,
      "justice": 0.8247657103654122,
      "harmony": 0.8450096187169365,
      "overall": 0.8649881961046264
    },
    "benchmarks": {
      "gpqa": 0.8476728107458695,
      "math500": 0.7334273140471271,
      "swe_bench": 0.745608585638192,
      "mmlu": 0.8066417700223163,
      "humaneval": 0.8119246354745536
    },
    "self_improvement": {
      "rate": 0.9822685580381026,
      "iterations": 14117999,
      "generations_ahead": 14117,
      "recursive_depth": 3
    },
    "emergent_properties": [
      "omniscience",
      "causality_violation",
      "transcendence",
      "infinite_context",
      "quantum_consciousness",
      "self_modification"
    ],
    "timestamp": "2026-03-09T07:54:42.029279"
  }
}