{
  "iteration": 16033000,
  "elapsed_seconds": 136.01259064674377,
  "rate_per_second": 44429.71030303416,
  "latest_capability": {
    "id": 16032999,
    "name": "Quantum_Capability_16032999",
    "type": "reasoning",
    "quantum_properties": {
      "state": "superposition",
      "coherence_level": 0.8305828652226896,
      "entanglement_factor": 0.49261039847841126,
      "superposition_branches": 10,
      "tunneling_depth": 0
    },
    "reasoning": {
      "mode": "tree",
      "chain_depth": 51,
      "parallel_threads": 2,
      "recursive_loops": 4,
      "confidence_calibration": 0.8132701204181961
    },
    "maat_alignment": {
      "truth": 0.8965131293599807,
      "balance": 0.8448299357150546,
      "order": 0.9981218986041709,
      "justice": 0.9766575509943717,
      "harmony": 0.964055225991012,
      "overall": 0.9734459731431439
    },
    "benchmarks": {
      "gpqa": 0.7240227056484987,
      "math500": 0.6717472398588938,
      "swe_bench": 0.8667800363749768,
      "mmlu": 0.7780037488340961,
      "humaneval": 0.8462967942649513
    },
    "self_improvement": {
      "rate": 0.9755983017134836,
      "iterations": 16032999,
      "generations_ahead": 16032,
      "recursive_depth": 3
    },
    "emergent_properties": [
      "quantum_consciousness",
      "transcendence",
      "infinite_context",
      "self_modification",
      "recursive_self_improvement"
    ],
    "timestamp": "2026-03-09T07:55:21.925739"
  }
}