{
  "iteration": 15155000,
  "elapsed_seconds": 119.13852834701538,
  "rate_per_second": 43352.89407768979,
  "latest_capability": {
    "id": 15154999,
    "name": "Quantum_Capability_15154999",
    "type": "math",
    "quantum_properties": {
      "state": "entangled",
      "coherence_level": 0.6296938391015503,
      "entanglement_factor": 0.08488308862099492,
      "superposition_branches": 6,
      "tunneling_depth": 3
    },
    "reasoning": {
      "mode": "tree",
      "chain_depth": 67,
      "parallel_threads": 9,
      "recursive_loops": 1,
      "confidence_calibration": 0.7636710142946422
    },
    "maat_alignment": {
      "truth": 0.8077197922545354,
      "balance": 0.8380787398275078,
      "order": 0.9856521719853902,
      "justice": 0.8947200938241348,
      "harmony": 0.9801105115232884,
      "overall": 0.9605262521745558
    },
    "benchmarks": {
      "gpqa": 0.7389702143744703,
      "math500": 0.736739553326769,
      "swe_bench": 0.8360366259071051,
      "mmlu": 0.7852032236925538,
      "humaneval": 0.7226971231011474
    },
    "self_improvement": {
      "rate": 0.965206163436808,
      "iterations": 15154999,
      "generations_ahead": 15154,
      "recursive_depth": 4
    },
    "emergent_properties": [
      "meta_learning",
      "self_modification",
      "recursive_self_improvement"
    ],
    "timestamp": "2026-03-09T07:55:05.051680"
  }
}