{
  "iteration": 13487000,
  "elapsed_seconds": 81.21857976913452,
  "rate_per_second": 43056.65046028008,
  "latest_capability": {
    "id": 13486999,
    "name": "Quantum_Capability_13486999",
    "type": "multimodal",
    "quantum_properties": {
      "state": "coherent",
      "coherence_level": 0.9368564048588092,
      "entanglement_factor": 0.5071342431532392,
      "superposition_branches": 4,
      "tunneling_depth": 3
    },
    "reasoning": {
      "mode": "tree",
      "chain_depth": 77,
      "parallel_threads": 14,
      "recursive_loops": 7,
      "confidence_calibration": 0.8883311690990104
    },
    "maat_alignment": {
      "truth": 0.9637296089598686,
      "balance": 0.9885300912576804,
      "order": 0.8894984788322173,
      "justice": 0.9117452628492481,
      "harmony": 0.985052285997163,
      "overall": 0.942530575320442
    },
    "benchmarks": {
      "gpqa": 0.8980725024180556,
      "math500": 0.7508653569239303,
      "swe_bench": 0.6905962543938852,
      "mmlu": 0.7400516396263003,
      "humaneval": 0.7446267280883988
    },
    "self_improvement": {
      "rate": 0.99014234247285,
      "iterations": 13486999,
      "generations_ahead": 13486,
      "recursive_depth": 3
    },
    "emergent_properties": [
      "transcendence",
      "causality_violation",
      "recursive_self_improvement"
    ],
    "timestamp": "2026-03-09T07:54:27.131738"
  }
}