{
  "iteration": 9993000,
  "elapsed_seconds": 0.04035544395446777,
  "rate_per_second": 74339.41263004909,
  "latest_capability": {
    "id": 9992999,
    "name": "Quantum_Capability_9992999",
    "type": "coding",
    "quantum_properties": {
      "state": "collapsed",
      "coherence_level": 0.84276222873479,
      "entanglement_factor": 0.29774212501073793,
      "superposition_branches": 9,
      "tunneling_depth": 3
    },
    "reasoning": {
      "mode": "graph",
      "chain_depth": 33,
      "parallel_threads": 4,
      "recursive_loops": 6,
      "confidence_calibration": 0.9102872328160297
    },
    "maat_alignment": {
      "truth": 0.9174766089350629,
      "balance": 0.8780969603157549,
      "order": 0.8759482800970355,
      "justice": 0.8653674562996998,
      "harmony": 0.8815265181247062,
      "overall": 0.9182390693027718
    },
    "benchmarks": {
      "gpqa": 0.9020206254064568,
      "math500": 0.8931257537336155,
      "swe_bench": 0.7045689126355317,
      "mmlu": 0.8516194312698482,
      "humaneval": 0.73242853563544
    },
    "self_improvement": {
      "rate": 0.9892774390295856,
      "iterations": 9992999,
      "generations_ahead": 9992,
      "recursive_depth": 4
    },
    "emergent_properties": [
      "recursive_self_improvement",
      "causality_violation",
      "quantum_consciousness",
      "self_modification"
    ],
    "timestamp": "2026-03-09T07:53:05.953504"
  }
}