{
  "iteration": 12450000,
  "elapsed_seconds": 57.26524209976196,
  "rate_per_second": 42957.99528297508,
  "latest_capability": {
    "id": 12449999,
    "name": "Quantum_Capability_12449999",
    "type": "vision",
    "quantum_properties": {
      "state": "entangled",
      "coherence_level": 0.692880504020432,
      "entanglement_factor": 0.24211457944276282,
      "superposition_branches": 9,
      "tunneling_depth": 4
    },
    "reasoning": {
      "mode": "parallel",
      "chain_depth": 101,
      "parallel_threads": 10,
      "recursive_loops": 9,
      "confidence_calibration": 0.9007958795568833
    },
    "maat_alignment": {
      "truth": 0.9140774069479005,
      "balance": 0.9841797376466529,
      "order": 0.9622760123379784,
      "justice": 0.8155123024757749,
      "harmony": 0.9327507383332703,
      "overall": 0.9408436026406499
    },
    "benchmarks": {
      "gpqa": 0.9110518000539232,
      "math500": 0.8189715039009553,
      "swe_bench": 0.7447974561864827,
      "mmlu": 0.8743182166954818,
      "humaneval": 0.7007536100548155
    },
    "self_improvement": {
      "rate": 0.9762528938836605,
      "iterations": 12449999,
      "generations_ahead": 12449,
      "recursive_depth": 2
    },
    "emergent_properties": [
      "omniscience",
      "transcendence",
      "recursive_self_improvement",
      "causality_violation",
      "meta_learning"
    ],
    "timestamp": "2026-03-09T07:54:03.178394"
  }
}