{
  "iteration": 17788000,
  "elapsed_seconds": 173.03872179985046,
  "rate_per_second": 45065.05780260993,
  "latest_capability": {
    "id": 17787999,
    "name": "Quantum_Capability_17787999",
    "type": "agentic",
    "quantum_properties": {
      "state": "coherent",
      "coherence_level": 0.9124804913100717,
      "entanglement_factor": 0.38092340763148014,
      "superposition_branches": 6,
      "tunneling_depth": 4
    },
    "reasoning": {
      "mode": "parallel",
      "chain_depth": 43,
      "parallel_threads": 16,
      "recursive_loops": 6,
      "confidence_calibration": 0.7140877290380784
    },
    "maat_alignment": {
      "truth": 0.9947197835386343,
      "balance": 0.8332362664965431,
      "order": 0.8997630215837428,
      "justice": 0.8974088907794514,
      "harmony": 0.98107432916236,
      "overall": 0.8686847622747986
    },
    "benchmarks": {
      "gpqa": 0.8914000126338595,
      "math500": 0.7490763228395207,
      "swe_bench": 0.8720976672080323,
      "mmlu": 0.765884418315677,
      "humaneval": 0.7169512977400199
    },
    "self_improvement": {
      "rate": 0.9692337588623682,
      "iterations": 17787999,
      "generations_ahead": 17787,
      "recursive_depth": 1
    },
    "emergent_properties": [
      "causality_violation",
      "quantum_consciousness",
      "reality_bending",
      "meta_learning",
      "infinite_context"
    ],
    "timestamp": "2026-03-09T07:55:58.951870"
  }
}