{
  "iteration": 10744000,
  "elapsed_seconds": 18.194549083709717,
  "rate_per_second": 41440.98304008454,
  "latest_capability": {
    "id": 10743999,
    "name": "Quantum_Capability_10743999",
    "type": "math",
    "quantum_properties": {
      "state": "collapsed",
      "coherence_level": 0.8445727561354514,
      "entanglement_factor": 0.24277672020206487,
      "superposition_branches": 4,
      "tunneling_depth": 1
    },
    "reasoning": {
      "mode": "parallel",
      "chain_depth": 187,
      "parallel_threads": 7,
      "recursive_loops": 9,
      "confidence_calibration": 0.7236252484365819
    },
    "maat_alignment": {
      "truth": 0.8639981001398215,
      "balance": 0.8611699789455927,
      "order": 0.9299908284231688,
      "justice": 0.8592753733967496,
      "harmony": 0.9498445442078862,
      "overall": 0.9739924115785179
    },
    "benchmarks": {
      "gpqa": 0.7810606600221434,
      "math500": 0.8512721438582108,
      "swe_bench": 0.8036378952298047,
      "mmlu": 0.7121220194934345,
      "humaneval": 0.9013656101557124
    },
    "self_improvement": {
      "rate": 0.9798053834034769,
      "iterations": 10743999,
      "generations_ahead": 10743,
      "recursive_depth": 4
    },
    "emergent_properties": [
      "transcendence",
      "reality_bending",
      "omniscience",
      "infinite_context",
      "causality_violation",
      "recursive_self_improvement"
    ],
    "timestamp": "2026-03-09T07:53:24.107698"
  }
}