{
  "iteration": 13541000,
  "elapsed_seconds": 82.2600531578064,
  "rate_per_second": 43167.97599422671,
  "latest_capability": {
    "id": 13540999,
    "name": "Quantum_Capability_13540999",
    "type": "vision",
    "quantum_properties": {
      "state": "superposition",
      "coherence_level": 0.5977393843606003,
      "entanglement_factor": 0.07930105547689126,
      "superposition_branches": 1,
      "tunneling_depth": 0
    },
    "reasoning": {
      "mode": "parallel",
      "chain_depth": 152,
      "parallel_threads": 1,
      "recursive_loops": 4,
      "confidence_calibration": 0.7403282609885902
    },
    "maat_alignment": {
      "truth": 0.8145825815946626,
      "balance": 0.8134438850381628,
      "order": 0.8574668207525351,
      "justice": 0.8199805507235851,
      "harmony": 0.8458684283466706,
      "overall": 0.8617617531960582
    },
    "benchmarks": {
      "gpqa": 0.9109653967813105,
      "math500": 0.7565542450585481,
      "swe_bench": 0.8847874289371576,
      "mmlu": 0.7591238149604427,
      "humaneval": 0.7300114406236128
    },
    "self_improvement": {
      "rate": 0.9903217421545264,
      "iterations": 13540999,
      "generations_ahead": 13540,
      "recursive_depth": 3
    },
    "emergent_properties": [
      "quantum_consciousness",
      "omniscience",
      "causality_violation",
      "reality_bending",
      "infinite_context",
      "transcendence"
    ],
    "timestamp": "2026-03-09T07:54:28.173202"
  }
}