{
  "iteration": 14124000,
  "elapsed_seconds": 96.19785737991333,
  "rate_per_second": 42973.93011232705,
  "latest_capability": {
    "id": 14123999,
    "name": "Quantum_Capability_14123999",
    "type": "reasoning",
    "quantum_properties": {
      "state": "coherent",
      "coherence_level": 0.8131203733238617,
      "entanglement_factor": 0.5901470134929825,
      "superposition_branches": 6,
      "tunneling_depth": 5
    },
    "reasoning": {
      "mode": "graph",
      "chain_depth": 26,
      "parallel_threads": 6,
      "recursive_loops": 10,
      "confidence_calibration": 0.9466921800056471
    },
    "maat_alignment": {
      "truth": 0.9220625486496781,
      "balance": 0.9045711330984155,
      "order": 0.8164235746578822,
      "justice": 0.8137414506605488,
      "harmony": 0.8970104947216948,
      "overall": 0.9055255544006128
    },
    "benchmarks": {
      "gpqa": 0.8947116883095372,
      "math500": 0.8764319163422568,
      "swe_bench": 0.8048183420460908,
      "mmlu": 0.6537841062444373,
      "humaneval": 0.7994004626516554
    },
    "self_improvement": {
      "rate": 0.9728846197979552,
      "iterations": 14123999,
      "generations_ahead": 14123,
      "recursive_depth": 4
    },
    "emergent_properties": [
      "infinite_context",
      "transcendence",
      "causality_violation",
      "omniscience",
      "reality_bending"
    ],
    "timestamp": "2026-03-09T07:54:42.111005"
  }
}