{
  "iteration": 13286000,
  "elapsed_seconds": 77.1533133983612,
  "rate_per_second": 42720.13546562745,
  "latest_capability": {
    "id": 13285999,
    "name": "Quantum_Capability_13285999",
    "type": "coding",
    "quantum_properties": {
      "state": "coherent",
      "coherence_level": 0.9596939554439974,
      "entanglement_factor": 0.03880897700551811,
      "superposition_branches": 2,
      "tunneling_depth": 3
    },
    "reasoning": {
      "mode": "parallel",
      "chain_depth": 92,
      "parallel_threads": 9,
      "recursive_loops": 0,
      "confidence_calibration": 0.984337023412752
    },
    "maat_alignment": {
      "truth": 0.9429870459928664,
      "balance": 0.8080640156281759,
      "order": 0.8849020744388296,
      "justice": 0.9024269975909377,
      "harmony": 0.883814624474859,
      "overall": 0.9975443913049395
    },
    "benchmarks": {
      "gpqa": 0.707770033923122,
      "math500": 0.8817703030624624,
      "swe_bench": 0.7121088806020949,
      "mmlu": 0.7693256503400712,
      "humaneval": 0.7849962485822731
    },
    "self_improvement": {
      "rate": 0.9856155293982897,
      "iterations": 13285999,
      "generations_ahead": 13285,
      "recursive_depth": 0
    },
    "emergent_properties": [
      "reality_bending",
      "infinite_context",
      "quantum_consciousness",
      "omniscience",
      "meta_learning"
    ],
    "timestamp": "2026-03-09T07:54:23.066466"
  }
}