{
  "iteration": 11483000,
  "elapsed_seconds": 36.09757041931152,
  "rate_per_second": 41360.124314662266,
  "latest_capability": {
    "id": 11482999,
    "name": "Quantum_Capability_11482999",
    "type": "multimodal",
    "quantum_properties": {
      "state": "superposition",
      "coherence_level": 0.84289191809787,
      "entanglement_factor": 0.45267133076024246,
      "superposition_branches": 7,
      "tunneling_depth": 5
    },
    "reasoning": {
      "mode": "sequential",
      "chain_depth": 141,
      "parallel_threads": 8,
      "recursive_loops": 1,
      "confidence_calibration": 0.9833892481792348
    },
    "maat_alignment": {
      "truth": 0.9461484311432362,
      "balance": 0.9759220619920795,
      "order": 0.8865124552496245,
      "justice": 0.8533782682097523,
      "harmony": 0.8116518047764009,
      "overall": 0.8950917146920672
    },
    "benchmarks": {
      "gpqa": 0.8773479145533389,
      "math500": 0.6907844975859924,
      "swe_bench": 0.7465160593634476,
      "mmlu": 0.7802994022317274,
      "humaneval": 0.7164526049732604
    },
    "self_improvement": {
      "rate": 0.9858038367928194,
      "iterations": 11482999,
      "generations_ahead": 11482,
      "recursive_depth": 0
    },
    "emergent_properties": [
      "reality_bending",
      "transcendence",
      "omniscience",
      "causality_violation"
    ],
    "timestamp": "2026-03-09T07:53:42.010724"
  }
}