{
  "iteration": 11575000,
  "elapsed_seconds": 37.94097566604614,
  "rate_per_second": 41775.414895786045,
  "latest_capability": {
    "id": 11574999,
    "name": "Quantum_Capability_11574999",
    "type": "reasoning",
    "quantum_properties": {
      "state": "superposition",
      "coherence_level": 0.5793861623910692,
      "entanglement_factor": 0.25424393950811286,
      "superposition_branches": 6,
      "tunneling_depth": 4
    },
    "reasoning": {
      "mode": "graph",
      "chain_depth": 89,
      "parallel_threads": 16,
      "recursive_loops": 9,
      "confidence_calibration": 0.787686076101517
    },
    "maat_alignment": {
      "truth": 0.8719249620610399,
      "balance": 0.9580468381990097,
      "order": 0.8734778510584265,
      "justice": 0.9878697286959384,
      "harmony": 0.9807451840359439,
      "overall": 0.8773864842733405
    },
    "benchmarks": {
      "gpqa": 0.7851281289331086,
      "math500": 0.7624573493187098,
      "swe_bench": 0.6587307475795483,
      "mmlu": 0.6760910698867125,
      "humaneval": 0.8705598228492388
    },
    "self_improvement": {
      "rate": 0.9844245656106195,
      "iterations": 11574999,
      "generations_ahead": 11574,
      "recursive_depth": 2
    },
    "emergent_properties": [
      "self_modification",
      "transcendence",
      "infinite_context",
      "reality_bending",
      "quantum_consciousness",
      "causality_violation"
    ],
    "timestamp": "2026-03-09T07:53:43.854125"
  }
}