{
  "iteration": 17066000,
  "elapsed_seconds": 159.02490735054016,
  "rate_per_second": 44496.17432822837,
  "latest_capability": {
    "id": 17065999,
    "name": "Quantum_Capability_17065999",
    "type": "multimodal",
    "quantum_properties": {
      "state": "coherent",
      "coherence_level": 0.7117883589788954,
      "entanglement_factor": 0.4443920861746332,
      "superposition_branches": 1,
      "tunneling_depth": 2
    },
    "reasoning": {
      "mode": "graph",
      "chain_depth": 144,
      "parallel_threads": 10,
      "recursive_loops": 0,
      "confidence_calibration": 0.7366327177503144
    },
    "maat_alignment": {
      "truth": 0.8301579146096083,
      "balance": 0.8820781588431188,
      "order": 0.8686546225765316,
      "justice": 0.8658036631812399,
      "harmony": 0.9177197903718943,
      "overall": 0.8587040820369719
    },
    "benchmarks": {
      "gpqa": 0.8354736055416658,
      "math500": 0.6940535740525742,
      "swe_bench": 0.7251605671794465,
      "mmlu": 0.8134575697516856,
      "humaneval": 0.7022191665315141
    },
    "self_improvement": {
      "rate": 0.9766291078298409,
      "iterations": 17065999,
      "generations_ahead": 17065,
      "recursive_depth": 3
    },
    "emergent_properties": [
      "omniscience",
      "transcendence",
      "infinite_context",
      "meta_learning",
      "recursive_self_improvement"
    ],
    "timestamp": "2026-03-09T07:55:44.938060"
  }
}