{
  "iteration": 14879000,
  "elapsed_seconds": 110.9161913394928,
  "rate_per_second": 44078.32563449394,
  "latest_capability": {
    "id": 14878999,
    "name": "Quantum_Capability_14878999",
    "type": "math",
    "quantum_properties": {
      "state": "superposition",
      "coherence_level": 0.7099535381287354,
      "entanglement_factor": 0.6204567281585769,
      "superposition_branches": 4,
      "tunneling_depth": 5
    },
    "reasoning": {
      "mode": "graph",
      "chain_depth": 142,
      "parallel_threads": 10,
      "recursive_loops": 1,
      "confidence_calibration": 0.7116278555509084
    },
    "maat_alignment": {
      "truth": 0.9561418341460441,
      "balance": 0.8743378885575555,
      "order": 0.8047635943320414,
      "justice": 0.8397474216529766,
      "harmony": 0.8568292002280413,
      "overall": 0.8722235331924659
    },
    "benchmarks": {
      "gpqa": 0.7781334948739366,
      "math500": 0.6983761877586748,
      "swe_bench": 0.8400202378652886,
      "mmlu": 0.6971027506406441,
      "humaneval": 0.7481786074017526
    },
    "self_improvement": {
      "rate": 0.9525824189823539,
      "iterations": 14878999,
      "generations_ahead": 14878,
      "recursive_depth": 0
    },
    "emergent_properties": [
      "transcendence",
      "recursive_self_improvement",
      "reality_bending"
    ],
    "timestamp": "2026-03-09T07:54:56.829345"
  }
}