{
  "iteration": 10698000,
  "elapsed_seconds": 17.268563985824585,
  "rate_per_second": 40999.35585733608,
  "latest_capability": {
    "id": 10697999,
    "name": "Quantum_Capability_10697999",
    "type": "reasoning",
    "quantum_properties": {
      "state": "entangled",
      "coherence_level": 0.8533862688176286,
      "entanglement_factor": 0.22426440050654972,
      "superposition_branches": 9,
      "tunneling_depth": 1
    },
    "reasoning": {
      "mode": "parallel",
      "chain_depth": 77,
      "parallel_threads": 12,
      "recursive_loops": 8,
      "confidence_calibration": 0.8131107611898477
    },
    "maat_alignment": {
      "truth": 0.8991088560558145,
      "balance": 0.84142143558589,
      "order": 0.9421146217962368,
      "justice": 0.8157397233230691,
      "harmony": 0.9314834676851769,
      "overall": 0.8984860628475912
    },
    "benchmarks": {
      "gpqa": 0.7286449747186852,
      "math500": 0.8311575816001882,
      "swe_bench": 0.6582818535005607,
      "mmlu": 0.7127599933896284,
      "humaneval": 0.8749245003090969
    },
    "self_improvement": {
      "rate": 0.99303423926987,
      "iterations": 10697999,
      "generations_ahead": 10697,
      "recursive_depth": 3
    },
    "emergent_properties": [
      "quantum_consciousness",
      "causality_violation",
      "omniscience",
      "reality_bending",
      "meta_learning",
      "self_modification"
    ],
    "timestamp": "2026-03-09T07:53:23.181713"
  }
}