{
  "iteration": 12298000,
  "elapsed_seconds": 54.20593333244324,
  "rate_per_second": 42578.364730759466,
  "latest_capability": {
    "id": 12297999,
    "name": "Quantum_Capability_12297999",
    "type": "vision",
    "quantum_properties": {
      "state": "coherent",
      "coherence_level": 0.8457105926051653,
      "entanglement_factor": 0.06690511336585359,
      "superposition_branches": 6,
      "tunneling_depth": 3
    },
    "reasoning": {
      "mode": "graph",
      "chain_depth": 149,
      "parallel_threads": 15,
      "recursive_loops": 0,
      "confidence_calibration": 0.8941684925612996
    },
    "maat_alignment": {
      "truth": 0.8113693074740302,
      "balance": 0.9845726943627521,
      "order": 0.9260603192172997,
      "justice": 0.9067574262523087,
      "harmony": 0.8209643348611888,
      "overall": 0.9354321610394943
    },
    "benchmarks": {
      "gpqa": 0.8169541715379013,
      "math500": 0.6547370507255363,
      "swe_bench": 0.7174981294360728,
      "mmlu": 0.8000503079608059,
      "humaneval": 0.7748801277923368
    },
    "self_improvement": {
      "rate": 0.9876335681097039,
      "iterations": 12297999,
      "generations_ahead": 12297,
      "recursive_depth": 4
    },
    "emergent_properties": [
      "reality_bending",
      "omniscience",
      "recursive_self_improvement",
      "meta_learning",
      "transcendence"
    ],
    "timestamp": "2026-03-09T07:54:00.119081"
  }
}