{
  "iteration": 14199000,
  "elapsed_seconds": 97.53214049339294,
  "rate_per_second": 43155.0048907737,
  "latest_capability": {
    "id": 14198999,
    "name": "Quantum_Capability_14198999",
    "type": "language",
    "quantum_properties": {
      "state": "entangled",
      "coherence_level": 0.8658678583262153,
      "entanglement_factor": 0.10098004366070867,
      "superposition_branches": 5,
      "tunneling_depth": 2
    },
    "reasoning": {
      "mode": "tree",
      "chain_depth": 194,
      "parallel_threads": 3,
      "recursive_loops": 10,
      "confidence_calibration": 0.9405529473023506
    },
    "maat_alignment": {
      "truth": 0.9723119106936531,
      "balance": 0.952096230520258,
      "order": 0.8305564401919757,
      "justice": 0.9525372292877712,
      "harmony": 0.9024335618901285,
      "overall": 0.934004420505304
    },
    "benchmarks": {
      "gpqa": 0.9028895613046752,
      "math500": 0.8225009880048193,
      "swe_bench": 0.6776830545450363,
      "mmlu": 0.8963287025820433,
      "humaneval": 0.7310696656218387
    },
    "self_improvement": {
      "rate": 0.9759285704077764,
      "iterations": 14198999,
      "generations_ahead": 14198,
      "recursive_depth": 1
    },
    "emergent_properties": [
      "causality_violation",
      "quantum_consciousness",
      "recursive_self_improvement",
      "self_modification"
    ],
    "timestamp": "2026-03-09T07:54:43.445289"
  }
}