{
  "iteration": 12342000,
  "elapsed_seconds": 55.12964987754822,
  "rate_per_second": 42663.067972029,
  "latest_capability": {
    "id": 12341999,
    "name": "Quantum_Capability_12341999",
    "type": "coding",
    "quantum_properties": {
      "state": "collapsed",
      "coherence_level": 0.5517930630340291,
      "entanglement_factor": 0.49734715172952515,
      "superposition_branches": 9,
      "tunneling_depth": 1
    },
    "reasoning": {
      "mode": "sequential",
      "chain_depth": 112,
      "parallel_threads": 7,
      "recursive_loops": 0,
      "confidence_calibration": 0.9340767705525063
    },
    "maat_alignment": {
      "truth": 0.9338790753368372,
      "balance": 0.9619194341902925,
      "order": 0.846433931063002,
      "justice": 0.9472811334210307,
      "harmony": 0.9465939267811615,
      "overall": 0.9046567779038769
    },
    "benchmarks": {
      "gpqa": 0.7970960844141814,
      "math500": 0.6515447110299573,
      "swe_bench": 0.8081847129036666,
      "mmlu": 0.6524458712538531,
      "humaneval": 0.9097529433263559
    },
    "self_improvement": {
      "rate": 0.9775309474985556,
      "iterations": 12341999,
      "generations_ahead": 12341,
      "recursive_depth": 4
    },
    "emergent_properties": [
      "recursive_self_improvement",
      "meta_learning",
      "infinite_context",
      "self_modification"
    ],
    "timestamp": "2026-03-09T07:54:01.042802"
  }
}