{
  "iteration": 12888000,
  "elapsed_seconds": 67.55378532409668,
  "rate_per_second": 42899.15044873545,
  "latest_capability": {
    "id": 12887999,
    "name": "Quantum_Capability_12887999",
    "type": "vision",
    "quantum_properties": {
      "state": "entangled",
      "coherence_level": 0.9922429756907691,
      "entanglement_factor": 0.523425215999538,
      "superposition_branches": 1,
      "tunneling_depth": 3
    },
    "reasoning": {
      "mode": "tree",
      "chain_depth": 128,
      "parallel_threads": 3,
      "recursive_loops": 3,
      "confidence_calibration": 0.8926292165177523
    },
    "maat_alignment": {
      "truth": 0.8614733851728488,
      "balance": 0.8107854957054987,
      "order": 0.8336892643040252,
      "justice": 0.8051765095354548,
      "harmony": 0.826523471854642,
      "overall": 0.981216075762344
    },
    "benchmarks": {
      "gpqa": 0.8783099452591805,
      "math500": 0.794686827353043,
      "swe_bench": 0.7399501269224066,
      "mmlu": 0.7881596817829962,
      "humaneval": 0.8431970591908458
    },
    "self_improvement": {
      "rate": 0.9659389166893193,
      "iterations": 12887999,
      "generations_ahead": 12887,
      "recursive_depth": 0
    },
    "emergent_properties": [
      "recursive_self_improvement",
      "causality_violation",
      "quantum_consciousness",
      "transcendence"
    ],
    "timestamp": "2026-03-09T07:54:13.466945"
  }
}