{
  "iteration": 17236000,
  "elapsed_seconds": 162.33712220191956,
  "rate_per_second": 44635.50851287864,
  "latest_capability": {
    "id": 17235999,
    "name": "Quantum_Capability_17235999",
    "type": "math",
    "quantum_properties": {
      "state": "collapsed",
      "coherence_level": 0.740870069895206,
      "entanglement_factor": 0.09527397601468846,
      "superposition_branches": 3,
      "tunneling_depth": 1
    },
    "reasoning": {
      "mode": "sequential",
      "chain_depth": 78,
      "parallel_threads": 15,
      "recursive_loops": 7,
      "confidence_calibration": 0.9554907700972047
    },
    "maat_alignment": {
      "truth": 0.8180347115534498,
      "balance": 0.8924238688440911,
      "order": 0.97299035919347,
      "justice": 0.8083935241243838,
      "harmony": 0.8668417546343352,
      "overall": 0.9015856934099302
    },
    "benchmarks": {
      "gpqa": 0.8394704772584571,
      "math500": 0.7354102431101314,
      "swe_bench": 0.7268969696293374,
      "mmlu": 0.7127729835113558,
      "humaneval": 0.8897091810423063
    },
    "self_improvement": {
      "rate": 0.9926009999701153,
      "iterations": 17235999,
      "generations_ahead": 17235,
      "recursive_depth": 2
    },
    "emergent_properties": [
      "causality_violation",
      "recursive_self_improvement",
      "self_modification"
    ],
    "timestamp": "2026-03-09T07:55:48.250270"
  }
}