{
  "iteration": 13330000,
  "elapsed_seconds": 78.07185387611389,
  "rate_per_second": 42781.10271724794,
  "latest_capability": {
    "id": 13329999,
    "name": "Quantum_Capability_13329999",
    "type": "agentic",
    "quantum_properties": {
      "state": "superposition",
      "coherence_level": 0.5531684629367986,
      "entanglement_factor": 0.7833466714564181,
      "superposition_branches": 7,
      "tunneling_depth": 5
    },
    "reasoning": {
      "mode": "parallel",
      "chain_depth": 193,
      "parallel_threads": 5,
      "recursive_loops": 10,
      "confidence_calibration": 0.82850188654472
    },
    "maat_alignment": {
      "truth": 0.9347558126676307,
      "balance": 0.9893747906019958,
      "order": 0.8197820216982388,
      "justice": 0.8591294734728344,
      "harmony": 0.9956062212558774,
      "overall": 0.9343159484849417
    },
    "benchmarks": {
      "gpqa": 0.7067221108122279,
      "math500": 0.8127303693963202,
      "swe_bench": 0.7494062559468957,
      "mmlu": 0.8141649255732456,
      "humaneval": 0.743014405312956
    },
    "self_improvement": {
      "rate": 0.9796312427594771,
      "iterations": 13329999,
      "generations_ahead": 13329,
      "recursive_depth": 2
    },
    "emergent_properties": [
      "quantum_consciousness",
      "causality_violation",
      "transcendence",
      "recursive_self_improvement",
      "meta_learning"
    ],
    "timestamp": "2026-03-09T07:54:23.985002"
  }
}