{
  "iteration": 10358000,
  "elapsed_seconds": 8.315449237823486,
  "rate_per_second": 44254.97522444399,
  "latest_capability": {
    "id": 10357999,
    "name": "Quantum_Capability_10357999",
    "type": "vision",
    "quantum_properties": {
      "state": "superposition",
      "coherence_level": 0.6812652732774604,
      "entanglement_factor": 0.617594964155574,
      "superposition_branches": 9,
      "tunneling_depth": 5
    },
    "reasoning": {
      "mode": "parallel",
      "chain_depth": 198,
      "parallel_threads": 7,
      "recursive_loops": 9,
      "confidence_calibration": 0.9574606715282956
    },
    "maat_alignment": {
      "truth": 0.9026260613826729,
      "balance": 0.9303623583893247,
      "order": 0.8906695916317492,
      "justice": 0.8819563920646294,
      "harmony": 0.9630046074904954,
      "overall": 0.8564331886463524
    },
    "benchmarks": {
      "gpqa": 0.8590897740653818,
      "math500": 0.8242235588365858,
      "swe_bench": 0.7380563344333492,
      "mmlu": 0.6994417912770691,
      "humaneval": 0.7583523841352927
    },
    "self_improvement": {
      "rate": 0.9636413598886157,
      "iterations": 10357999,
      "generations_ahead": 10357,
      "recursive_depth": 2
    },
    "emergent_properties": [
      "quantum_consciousness",
      "infinite_context",
      "meta_learning",
      "reality_bending",
      "omniscience"
    ],
    "timestamp": "2026-03-09T07:53:14.228597"
  }
}