{
  "iteration": 16916000,
  "elapsed_seconds": 156.29535269737244,
  "rate_per_second": 44313.53767383281,
  "latest_capability": {
    "id": 16915999,
    "name": "Quantum_Capability_16915999",
    "type": "reasoning",
    "quantum_properties": {
      "state": "entangled",
      "coherence_level": 0.5013087743208855,
      "entanglement_factor": 0.311234026389801,
      "superposition_branches": 4,
      "tunneling_depth": 5
    },
    "reasoning": {
      "mode": "tree",
      "chain_depth": 155,
      "parallel_threads": 6,
      "recursive_loops": 4,
      "confidence_calibration": 0.8558975297684301
    },
    "maat_alignment": {
      "truth": 0.8978857540578405,
      "balance": 0.9538046578609625,
      "order": 0.948498837350658,
      "justice": 0.9166749373648381,
      "harmony": 0.8365160430146215,
      "overall": 0.9862254812786895
    },
    "benchmarks": {
      "gpqa": 0.7525995819653215,
      "math500": 0.698558721916495,
      "swe_bench": 0.8075279222185116,
      "mmlu": 0.6832605065795906,
      "humaneval": 0.8207742243303451
    },
    "self_improvement": {
      "rate": 0.989719018955328,
      "iterations": 16915999,
      "generations_ahead": 16915,
      "recursive_depth": 3
    },
    "emergent_properties": [
      "meta_learning",
      "quantum_consciousness",
      "omniscience",
      "infinite_context",
      "recursive_self_improvement"
    ],
    "timestamp": "2026-03-09T07:55:42.208501"
  }
}