{
  "iteration": 14475000,
  "elapsed_seconds": 102.97263383865356,
  "rate_per_second": 43555.261556458645,
  "latest_capability": {
    "id": 14474999,
    "name": "Quantum_Capability_14474999",
    "type": "vision",
    "quantum_properties": {
      "state": "entangled",
      "coherence_level": 0.502459673632684,
      "entanglement_factor": 0.9189945285952472,
      "superposition_branches": 6,
      "tunneling_depth": 5
    },
    "reasoning": {
      "mode": "sequential",
      "chain_depth": 162,
      "parallel_threads": 12,
      "recursive_loops": 1,
      "confidence_calibration": 0.9875609457388159
    },
    "maat_alignment": {
      "truth": 0.9286535107124526,
      "balance": 0.9464357416739444,
      "order": 0.8999016297089852,
      "justice": 0.8195244861425628,
      "harmony": 0.8120872657336495,
      "overall": 0.8885342966697953
    },
    "benchmarks": {
      "gpqa": 0.7945470246780831,
      "math500": 0.6551739692093209,
      "swe_bench": 0.7378231043091961,
      "mmlu": 0.7333235059084756,
      "humaneval": 0.7820633849110183
    },
    "self_improvement": {
      "rate": 0.9689384404100492,
      "iterations": 14474999,
      "generations_ahead": 14474,
      "recursive_depth": 1
    },
    "emergent_properties": [
      "omniscience",
      "causality_violation",
      "meta_learning"
    ],
    "timestamp": "2026-03-09T07:54:48.885787"
  }
}