{
  "iteration": 11644000,
  "elapsed_seconds": 40.37792348861694,
  "rate_per_second": 40962.97820927527,
  "latest_capability": {
    "id": 11643999,
    "name": "Quantum_Capability_11643999",
    "type": "vision",
    "quantum_properties": {
      "state": "coherent",
      "coherence_level": 0.7550544010109637,
      "entanglement_factor": 0.5650186027139393,
      "superposition_branches": 10,
      "tunneling_depth": 1
    },
    "reasoning": {
      "mode": "sequential",
      "chain_depth": 60,
      "parallel_threads": 11,
      "recursive_loops": 7,
      "confidence_calibration": 0.9899035406306593
    },
    "maat_alignment": {
      "truth": 0.8634685949791576,
      "balance": 0.874860690213683,
      "order": 0.8749931586399902,
      "justice": 0.9642537766972729,
      "harmony": 0.9877077206501699,
      "overall": 0.9371407714955762
    },
    "benchmarks": {
      "gpqa": 0.7022627657077096,
      "math500": 0.8156644642607813,
      "swe_bench": 0.654450690992217,
      "mmlu": 0.8515509295534629,
      "humaneval": 0.8012692996568835
    },
    "self_improvement": {
      "rate": 0.9858735315142629,
      "iterations": 11643999,
      "generations_ahead": 11643,
      "recursive_depth": 5
    },
    "emergent_properties": [
      "transcendence",
      "recursive_self_improvement",
      "quantum_consciousness",
      "self_modification",
      "meta_learning"
    ],
    "timestamp": "2026-03-09T07:53:46.291072"
  }
}