{
  "iteration": 15126000,
  "elapsed_seconds": 118.74082446098328,
  "rate_per_second": 43253.868442589635,
  "latest_capability": {
    "id": 15125999,
    "name": "Quantum_Capability_15125999",
    "type": "multimodal",
    "quantum_properties": {
      "state": "coherent",
      "coherence_level": 0.950677129904546,
      "entanglement_factor": 0.19821185749453685,
      "superposition_branches": 9,
      "tunneling_depth": 5
    },
    "reasoning": {
      "mode": "tree",
      "chain_depth": 197,
      "parallel_threads": 8,
      "recursive_loops": 8,
      "confidence_calibration": 0.8737933883962853
    },
    "maat_alignment": {
      "truth": 0.8304544959012047,
      "balance": 0.9176911871580338,
      "order": 0.8056575691939197,
      "justice": 0.8023075981077975,
      "harmony": 0.9813040560003002,
      "overall": 0.932495341200243
    },
    "benchmarks": {
      "gpqa": 0.7916316488078761,
      "math500": 0.8491697258952643,
      "swe_bench": 0.6660995590012879,
      "mmlu": 0.869930233923458,
      "humaneval": 0.8954548456452175
    },
    "self_improvement": {
      "rate": 0.9773724929946316,
      "iterations": 15125999,
      "generations_ahead": 15125,
      "recursive_depth": 0
    },
    "emergent_properties": [
      "recursive_self_improvement",
      "transcendence",
      "reality_bending",
      "self_modification",
      "meta_learning"
    ],
    "timestamp": "2026-03-09T07:55:04.653973"
  }
}