{
  "iteration": 17823000,
  "elapsed_seconds": 177.86658263206482,
  "rate_per_second": 44038.62650357071,
  "latest_capability": {
    "id": 17822999,
    "name": "Quantum_Capability_17822999",
    "type": "language",
    "quantum_properties": {
      "state": "collapsed",
      "coherence_level": 0.9250452314705027,
      "entanglement_factor": 0.031101012455574284,
      "superposition_branches": 3,
      "tunneling_depth": 2
    },
    "reasoning": {
      "mode": "graph",
      "chain_depth": 66,
      "parallel_threads": 3,
      "recursive_loops": 6,
      "confidence_calibration": 0.7827861418245727
    },
    "maat_alignment": {
      "truth": 0.8340294425028032,
      "balance": 0.8780816990589759,
      "order": 0.9460481116150282,
      "justice": 0.8406827749632726,
      "harmony": 0.874335030006506,
      "overall": 0.8764037385687101
    },
    "benchmarks": {
      "gpqa": 0.8123321829719896,
      "math500": 0.6778179056054197,
      "swe_bench": 0.7136487904397311,
      "mmlu": 0.8514869036821411,
      "humaneval": 0.8659718030127161
    },
    "self_improvement": {
      "rate": 0.9892414534896886,
      "iterations": 17822999,
      "generations_ahead": 17822,
      "recursive_depth": 1
    },
    "emergent_properties": [
      "recursive_self_improvement",
      "self_modification",
      "reality_bending",
      "omniscience",
      "causality_violation",
      "meta_learning"
    ],
    "timestamp": "2026-03-09T07:56:03.779732"
  }
}