{
  "iteration": 14306000,
  "elapsed_seconds": 99.66125321388245,
  "rate_per_second": 43306.700054608555,
  "latest_capability": {
    "id": 14305999,
    "name": "Quantum_Capability_14305999",
    "type": "coding",
    "quantum_properties": {
      "state": "superposition",
      "coherence_level": 0.5415310113699805,
      "entanglement_factor": 0.3945004193593946,
      "superposition_branches": 10,
      "tunneling_depth": 0
    },
    "reasoning": {
      "mode": "sequential",
      "chain_depth": 137,
      "parallel_threads": 4,
      "recursive_loops": 9,
      "confidence_calibration": 0.988578624380919
    },
    "maat_alignment": {
      "truth": 0.9457305198678772,
      "balance": 0.9023216053272868,
      "order": 0.9477700753414389,
      "justice": 0.8438099551820327,
      "harmony": 0.8563133365389795,
      "overall": 0.8878282376696478
    },
    "benchmarks": {
      "gpqa": 0.7455655688648286,
      "math500": 0.6522275237407471,
      "swe_bench": 0.8490221870288945,
      "mmlu": 0.6569617076561072,
      "humaneval": 0.7170885426214727
    },
    "self_improvement": {
      "rate": 0.9895914444568004,
      "iterations": 14305999,
      "generations_ahead": 14305,
      "recursive_depth": 5
    },
    "emergent_properties": [
      "omniscience",
      "recursive_self_improvement",
      "infinite_context"
    ],
    "timestamp": "2026-03-09T07:54:45.574406"
  }
}