{
  "iteration": 11866000,
  "elapsed_seconds": 44.64874029159546,
  "rate_per_second": 42016.86291142983,
  "latest_capability": {
    "id": 11865999,
    "name": "Quantum_Capability_11865999",
    "type": "reasoning",
    "quantum_properties": {
      "state": "coherent",
      "coherence_level": 0.9275101988238562,
      "entanglement_factor": 0.5126417974977262,
      "superposition_branches": 7,
      "tunneling_depth": 0
    },
    "reasoning": {
      "mode": "sequential",
      "chain_depth": 140,
      "parallel_threads": 6,
      "recursive_loops": 4,
      "confidence_calibration": 0.8572367702058099
    },
    "maat_alignment": {
      "truth": 0.8715461424859796,
      "balance": 0.9822623209828105,
      "order": 0.8659020046829414,
      "justice": 0.8694695265378832,
      "harmony": 0.8146467412557339,
      "overall": 0.9393006013751889
    },
    "benchmarks": {
      "gpqa": 0.7763661181945587,
      "math500": 0.7846227048521468,
      "swe_bench": 0.7008549787776264,
      "mmlu": 0.8755554055741428,
      "humaneval": 0.8599904659129242
    },
    "self_improvement": {
      "rate": 0.962792678744305,
      "iterations": 11865999,
      "generations_ahead": 11865,
      "recursive_depth": 2
    },
    "emergent_properties": [
      "infinite_context",
      "self_modification",
      "causality_violation",
      "recursive_self_improvement"
    ],
    "timestamp": "2026-03-09T07:53:50.561892"
  }
}