{
  "iteration": 15054000,
  "elapsed_seconds": 117.1212363243103,
  "rate_per_second": 43237.24850357381,
  "latest_capability": {
    "id": 15053999,
    "name": "Quantum_Capability_15053999",
    "type": "coding",
    "quantum_properties": {
      "state": "collapsed",
      "coherence_level": 0.7282340273996151,
      "entanglement_factor": 0.06155250091578912,
      "superposition_branches": 4,
      "tunneling_depth": 0
    },
    "reasoning": {
      "mode": "graph",
      "chain_depth": 129,
      "parallel_threads": 15,
      "recursive_loops": 3,
      "confidence_calibration": 0.7674221031659779
    },
    "maat_alignment": {
      "truth": 0.9175681440878545,
      "balance": 0.8499640798480508,
      "order": 0.8878064298283095,
      "justice": 0.9900793737235869,
      "harmony": 0.821336050375518,
      "overall": 0.9696841227590247
    },
    "benchmarks": {
      "gpqa": 0.884103997272156,
      "math500": 0.6553584462585366,
      "swe_bench": 0.8896130582505208,
      "mmlu": 0.6855798606059977,
      "humaneval": 0.9079697062999692
    },
    "self_improvement": {
      "rate": 0.9774590547082826,
      "iterations": 15053999,
      "generations_ahead": 15053,
      "recursive_depth": 2
    },
    "emergent_properties": [
      "quantum_consciousness",
      "causality_violation",
      "recursive_self_improvement",
      "transcendence"
    ],
    "timestamp": "2026-03-09T07:55:03.034384"
  }
}