{
  "iteration": 11259000,
  "elapsed_seconds": 30.13852620124817,
  "rate_per_second": 42105.57581768697,
  "latest_capability": {
    "id": 11258999,
    "name": "Quantum_Capability_11258999",
    "type": "agentic",
    "quantum_properties": {
      "state": "entangled",
      "coherence_level": 0.9939721842103436,
      "entanglement_factor": 0.6038205846486248,
      "superposition_branches": 4,
      "tunneling_depth": 1
    },
    "reasoning": {
      "mode": "parallel",
      "chain_depth": 181,
      "parallel_threads": 7,
      "recursive_loops": 7,
      "confidence_calibration": 0.8383318165637926
    },
    "maat_alignment": {
      "truth": 0.9764991958618718,
      "balance": 0.8904643377972853,
      "order": 0.9182476722678972,
      "justice": 0.8064177655887824,
      "harmony": 0.9738662789533348,
      "overall": 0.964123426749758
    },
    "benchmarks": {
      "gpqa": 0.8931268737611628,
      "math500": 0.8962210316186265,
      "swe_bench": 0.7736487819750482,
      "mmlu": 0.7219210877687897,
      "humaneval": 0.903670025939546
    },
    "self_improvement": {
      "rate": 0.9828006159786776,
      "iterations": 11258999,
      "generations_ahead": 11258,
      "recursive_depth": 1
    },
    "emergent_properties": [
      "reality_bending",
      "transcendence",
      "omniscience",
      "meta_learning",
      "quantum_consciousness",
      "causality_violation"
    ],
    "timestamp": "2026-03-09T07:53:36.051675"
  }
}