{
  "iteration": 17492000,
  "elapsed_seconds": 167.24493646621704,
  "rate_per_second": 44856.36551104422,
  "latest_capability": {
    "id": 17491999,
    "name": "Quantum_Capability_17491999",
    "type": "vision",
    "quantum_properties": {
      "state": "entangled",
      "coherence_level": 0.7056823996762476,
      "entanglement_factor": 0.22775143753709237,
      "superposition_branches": 4,
      "tunneling_depth": 4
    },
    "reasoning": {
      "mode": "graph",
      "chain_depth": 198,
      "parallel_threads": 3,
      "recursive_loops": 10,
      "confidence_calibration": 0.8630455416676639
    },
    "maat_alignment": {
      "truth": 0.8428187464376679,
      "balance": 0.8696831059890571,
      "order": 0.9607401396104644,
      "justice": 0.8331417226949758,
      "harmony": 0.8272193020004602,
      "overall": 0.9079242528423265
    },
    "benchmarks": {
      "gpqa": 0.9216813636560817,
      "math500": 0.8492262759173717,
      "swe_bench": 0.7521436725429461,
      "mmlu": 0.7368217069358123,
      "humaneval": 0.9160157424363375
    },
    "self_improvement": {
      "rate": 0.9708697766608434,
      "iterations": 17491999,
      "generations_ahead": 17491,
      "recursive_depth": 1
    },
    "emergent_properties": [
      "meta_learning",
      "transcendence",
      "infinite_context",
      "self_modification",
      "reality_bending",
      "omniscience"
    ],
    "timestamp": "2026-03-09T07:55:53.158086"
  }
}