{
  "iteration": 10603000,
  "elapsed_seconds": 14.998952865600586,
  "rate_per_second": 40869.51972533279,
  "latest_capability": {
    "id": 10602999,
    "name": "Quantum_Capability_10602999",
    "type": "coding",
    "quantum_properties": {
      "state": "coherent",
      "coherence_level": 0.6717154666003067,
      "entanglement_factor": 0.03414360586471843,
      "superposition_branches": 8,
      "tunneling_depth": 5
    },
    "reasoning": {
      "mode": "parallel",
      "chain_depth": 55,
      "parallel_threads": 5,
      "recursive_loops": 0,
      "confidence_calibration": 0.8547598703239762
    },
    "maat_alignment": {
      "truth": 0.8201838397565677,
      "balance": 0.8557760497286073,
      "order": 0.9285283791986848,
      "justice": 0.9302735018707617,
      "harmony": 0.9218143825149498,
      "overall": 0.9206176801982318
    },
    "benchmarks": {
      "gpqa": 0.7460314570366107,
      "math500": 0.7887510360435999,
      "swe_bench": 0.8719329884865142,
      "mmlu": 0.8974298701077277,
      "humaneval": 0.7316046923498815
    },
    "self_improvement": {
      "rate": 0.9911870759985366,
      "iterations": 10602999,
      "generations_ahead": 10602,
      "recursive_depth": 3
    },
    "emergent_properties": [
      "omniscience",
      "transcendence",
      "infinite_context",
      "self_modification",
      "quantum_consciousness"
    ],
    "timestamp": "2026-03-09T07:53:20.912101"
  }
}