{
  "iteration": 10884000,
  "elapsed_seconds": 21.487059116363525,
  "rate_per_second": 41606.43832916027,
  "latest_capability": {
    "id": 10883999,
    "name": "Quantum_Capability_10883999",
    "type": "agentic",
    "quantum_properties": {
      "state": "entangled",
      "coherence_level": 0.5253126662512146,
      "entanglement_factor": 0.96223291823036,
      "superposition_branches": 4,
      "tunneling_depth": 0
    },
    "reasoning": {
      "mode": "parallel",
      "chain_depth": 13,
      "parallel_threads": 10,
      "recursive_loops": 4,
      "confidence_calibration": 0.9701976899514755
    },
    "maat_alignment": {
      "truth": 0.9846536129830707,
      "balance": 0.9630993012531122,
      "order": 0.9751567948992497,
      "justice": 0.8986604662245677,
      "harmony": 0.8708642943057712,
      "overall": 0.9963943469268243
    },
    "benchmarks": {
      "gpqa": 0.881197961499208,
      "math500": 0.7248701586599898,
      "swe_bench": 0.8692327475619342,
      "mmlu": 0.8842042665549238,
      "humaneval": 0.8691850678786451
    },
    "self_improvement": {
      "rate": 0.9633857181973154,
      "iterations": 10883999,
      "generations_ahead": 10883,
      "recursive_depth": 0
    },
    "emergent_properties": [
      "infinite_context",
      "self_modification",
      "transcendence",
      "causality_violation",
      "meta_learning"
    ],
    "timestamp": "2026-03-09T07:53:27.400207"
  }
}