{
  "iteration": 13398000,
  "elapsed_seconds": 79.3340699672699,
  "rate_per_second": 42957.58431914569,
  "latest_capability": {
    "id": 13397999,
    "name": "Quantum_Capability_13397999",
    "type": "language",
    "quantum_properties": {
      "state": "collapsed",
      "coherence_level": 0.5893277690863952,
      "entanglement_factor": 0.5744434469918162,
      "superposition_branches": 5,
      "tunneling_depth": 1
    },
    "reasoning": {
      "mode": "graph",
      "chain_depth": 176,
      "parallel_threads": 15,
      "recursive_loops": 8,
      "confidence_calibration": 0.9025155247686444
    },
    "maat_alignment": {
      "truth": 0.9240835714352555,
      "balance": 0.8595325799602944,
      "order": 0.8900703597677255,
      "justice": 0.9335102582328759,
      "harmony": 0.9870258836513653,
      "overall": 0.959210280491271
    },
    "benchmarks": {
      "gpqa": 0.7988415795719053,
      "math500": 0.8644678629058975,
      "swe_bench": 0.7527896971629788,
      "mmlu": 0.8874727483201115,
      "humaneval": 0.8012550139659349
    },
    "self_improvement": {
      "rate": 0.9688181420430925,
      "iterations": 13397999,
      "generations_ahead": 13397,
      "recursive_depth": 0
    },
    "emergent_properties": [
      "omniscience",
      "meta_learning",
      "quantum_consciousness",
      "causality_violation"
    ],
    "timestamp": "2026-03-09T07:54:25.247218"
  }
}