{
  "iteration": 13113000,
  "elapsed_seconds": 71.95767593383789,
  "rate_per_second": 43400.512307699726,
  "latest_capability": {
    "id": 13112999,
    "name": "Quantum_Capability_13112999",
    "type": "agentic",
    "quantum_properties": {
      "state": "superposition",
      "coherence_level": 0.6714482090899374,
      "entanglement_factor": 0.12682949669316623,
      "superposition_branches": 9,
      "tunneling_depth": 5
    },
    "reasoning": {
      "mode": "sequential",
      "chain_depth": 76,
      "parallel_threads": 15,
      "recursive_loops": 1,
      "confidence_calibration": 0.7638912633355449
    },
    "maat_alignment": {
      "truth": 0.9620634190279846,
      "balance": 0.8196416939696408,
      "order": 0.8343001119609136,
      "justice": 0.9652514842688162,
      "harmony": 0.866756087786416,
      "overall": 0.9524516671792236
    },
    "benchmarks": {
      "gpqa": 0.9358770461170215,
      "math500": 0.8143800636511662,
      "swe_bench": 0.8095808726081141,
      "mmlu": 0.8065465898500036,
      "humaneval": 0.8922922669262848
    },
    "self_improvement": {
      "rate": 0.9591181817928882,
      "iterations": 13112999,
      "generations_ahead": 13112,
      "recursive_depth": 4
    },
    "emergent_properties": [
      "meta_learning",
      "reality_bending",
      "infinite_context",
      "causality_violation"
    ],
    "timestamp": "2026-03-09T07:54:17.870842"
  }
}