{
  "iteration": 15058000,
  "elapsed_seconds": 117.18258595466614,
  "rate_per_second": 43248.7468911177,
  "latest_capability": {
    "id": 15057999,
    "name": "Quantum_Capability_15057999",
    "type": "agentic",
    "quantum_properties": {
      "state": "entangled",
      "coherence_level": 0.7702328851017813,
      "entanglement_factor": 0.4672269674803736,
      "superposition_branches": 7,
      "tunneling_depth": 4
    },
    "reasoning": {
      "mode": "graph",
      "chain_depth": 67,
      "parallel_threads": 14,
      "recursive_loops": 5,
      "confidence_calibration": 0.8878006070441729
    },
    "maat_alignment": {
      "truth": 0.8744882992949417,
      "balance": 0.923599909669818,
      "order": 0.9122238598074844,
      "justice": 0.8382608923645435,
      "harmony": 0.8680733195589015,
      "overall": 0.926212298101751
    },
    "benchmarks": {
      "gpqa": 0.8350495548009803,
      "math500": 0.7111994445800952,
      "swe_bench": 0.7594953587910513,
      "mmlu": 0.8890247905783542,
      "humaneval": 0.7013320792155509
    },
    "self_improvement": {
      "rate": 0.98624981614139,
      "iterations": 15057999,
      "generations_ahead": 15057,
      "recursive_depth": 4
    },
    "emergent_properties": [
      "causality_violation",
      "recursive_self_improvement",
      "omniscience",
      "transcendence",
      "quantum_consciousness"
    ],
    "timestamp": "2026-03-09T07:55:03.095734"
  }
}