{
  "iteration": 17556000,
  "elapsed_seconds": 168.4693500995636,
  "rate_per_second": 44910.24625861365,
  "latest_capability": {
    "id": 17555999,
    "name": "Quantum_Capability_17555999",
    "type": "math",
    "quantum_properties": {
      "state": "coherent",
      "coherence_level": 0.59691272048748,
      "entanglement_factor": 0.5125404554096279,
      "superposition_branches": 1,
      "tunneling_depth": 0
    },
    "reasoning": {
      "mode": "sequential",
      "chain_depth": 69,
      "parallel_threads": 16,
      "recursive_loops": 2,
      "confidence_calibration": 0.7869808125585728
    },
    "maat_alignment": {
      "truth": 0.8627459346211626,
      "balance": 0.948756673045654,
      "order": 0.8058956732478127,
      "justice": 0.9146099840768634,
      "harmony": 0.8363867192545744,
      "overall": 0.9468432337266647
    },
    "benchmarks": {
      "gpqa": 0.8434628652521801,
      "math500": 0.8402865201331143,
      "swe_bench": 0.7548267965925866,
      "mmlu": 0.7767259993738714,
      "humaneval": 0.7939786169215997
    },
    "self_improvement": {
      "rate": 0.9882898641214829,
      "iterations": 17555999,
      "generations_ahead": 17555,
      "recursive_depth": 3
    },
    "emergent_properties": [
      "quantum_consciousness",
      "self_modification",
      "reality_bending",
      "infinite_context",
      "omniscience",
      "meta_learning"
    ],
    "timestamp": "2026-03-09T07:55:54.382499"
  }
}