{
  "iteration": 13921000,
  "elapsed_seconds": 89.8186240196228,
  "rate_per_second": 43765.97885914161,
  "latest_capability": {
    "id": 13920999,
    "name": "Quantum_Capability_13920999",
    "type": "multimodal",
    "quantum_properties": {
      "state": "coherent",
      "coherence_level": 0.5707235668795516,
      "entanglement_factor": 0.8474939406757787,
      "superposition_branches": 9,
      "tunneling_depth": 5
    },
    "reasoning": {
      "mode": "parallel",
      "chain_depth": 195,
      "parallel_threads": 10,
      "recursive_loops": 7,
      "confidence_calibration": 0.9939540663443871
    },
    "maat_alignment": {
      "truth": 0.9820247357183166,
      "balance": 0.8097717336949491,
      "order": 0.8381411586626639,
      "justice": 0.8273059742261273,
      "harmony": 0.8436329713848539,
      "overall": 0.9829556407122495
    },
    "benchmarks": {
      "gpqa": 0.7583137171132208,
      "math500": 0.7526420814385589,
      "swe_bench": 0.695185468936812,
      "mmlu": 0.6879694047837244,
      "humaneval": 0.8766415825530686
    },
    "self_improvement": {
      "rate": 0.9705933966541205,
      "iterations": 13920999,
      "generations_ahead": 13920,
      "recursive_depth": 4
    },
    "emergent_properties": [
      "causality_violation",
      "quantum_consciousness",
      "omniscience"
    ],
    "timestamp": "2026-03-09T07:54:35.731772"
  }
}