{
  "iteration": 10825000,
  "elapsed_seconds": 19.91236186027527,
  "rate_per_second": 41933.74979116902,
  "latest_capability": {
    "id": 10824999,
    "name": "Quantum_Capability_10824999",
    "type": "language",
    "quantum_properties": {
      "state": "coherent",
      "coherence_level": 0.8892039505772209,
      "entanglement_factor": 0.7244862378392893,
      "superposition_branches": 9,
      "tunneling_depth": 5
    },
    "reasoning": {
      "mode": "parallel",
      "chain_depth": 90,
      "parallel_threads": 1,
      "recursive_loops": 9,
      "confidence_calibration": 0.7196497421946365
    },
    "maat_alignment": {
      "truth": 0.9654676808915206,
      "balance": 0.802297545354591,
      "order": 0.9733037521996054,
      "justice": 0.905411260761707,
      "harmony": 0.8794770011525346,
      "overall": 0.9839819511342831
    },
    "benchmarks": {
      "gpqa": 0.8168663301951378,
      "math500": 0.7627108446682073,
      "swe_bench": 0.8829069841593222,
      "mmlu": 0.7859930172485294,
      "humaneval": 0.765553517599332
    },
    "self_improvement": {
      "rate": 0.9658730176504151,
      "iterations": 10824999,
      "generations_ahead": 10824,
      "recursive_depth": 4
    },
    "emergent_properties": [
      "self_modification",
      "reality_bending",
      "transcendence",
      "omniscience",
      "quantum_consciousness",
      "meta_learning"
    ],
    "timestamp": "2026-03-09T07:53:25.825515"
  }
}