{
  "iteration": 13559000,
  "elapsed_seconds": 82.50358247756958,
  "rate_per_second": 43258.72759489337,
  "latest_capability": {
    "id": 13558999,
    "name": "Quantum_Capability_13558999",
    "type": "language",
    "quantum_properties": {
      "state": "entangled",
      "coherence_level": 0.8717069431042015,
      "entanglement_factor": 0.04135235082538913,
      "superposition_branches": 3,
      "tunneling_depth": 0
    },
    "reasoning": {
      "mode": "tree",
      "chain_depth": 114,
      "parallel_threads": 1,
      "recursive_loops": 8,
      "confidence_calibration": 0.9693965905132744
    },
    "maat_alignment": {
      "truth": 0.9866710732278596,
      "balance": 0.852693503545247,
      "order": 0.9306607224167711,
      "justice": 0.8578863238607968,
      "harmony": 0.9379903642573525,
      "overall": 0.8693716748544755
    },
    "benchmarks": {
      "gpqa": 0.8847718977147172,
      "math500": 0.7598207430525713,
      "swe_bench": 0.705901819951672,
      "mmlu": 0.7743554929437043,
      "humaneval": 0.8450409482806247
    },
    "self_improvement": {
      "rate": 0.9865397146164949,
      "iterations": 13558999,
      "generations_ahead": 13558,
      "recursive_depth": 5
    },
    "emergent_properties": [
      "recursive_self_improvement",
      "causality_violation",
      "omniscience"
    ],
    "timestamp": "2026-03-09T07:54:28.416731"
  }
}