{
  "iteration": 13273000,
  "elapsed_seconds": 76.97826719284058,
  "rate_per_second": 42648.400902239824,
  "latest_capability": {
    "id": 13272999,
    "name": "Quantum_Capability_13272999",
    "type": "language",
    "quantum_properties": {
      "state": "collapsed",
      "coherence_level": 0.7464103275147338,
      "entanglement_factor": 0.7488829042876892,
      "superposition_branches": 7,
      "tunneling_depth": 5
    },
    "reasoning": {
      "mode": "tree",
      "chain_depth": 46,
      "parallel_threads": 1,
      "recursive_loops": 9,
      "confidence_calibration": 0.906262578821881
    },
    "maat_alignment": {
      "truth": 0.909110289575726,
      "balance": 0.9758415197153176,
      "order": 0.9501636178161155,
      "justice": 0.8304641101499228,
      "harmony": 0.8828520953530576,
      "overall": 0.8540327650621543
    },
    "benchmarks": {
      "gpqa": 0.7186151687009402,
      "math500": 0.7234569927714573,
      "swe_bench": 0.8121957615939244,
      "mmlu": 0.70236460273347,
      "humaneval": 0.7915221497254563
    },
    "self_improvement": {
      "rate": 0.9619880963309033,
      "iterations": 13272999,
      "generations_ahead": 13272,
      "recursive_depth": 3
    },
    "emergent_properties": [
      "reality_bending",
      "infinite_context",
      "omniscience",
      "recursive_self_improvement",
      "transcendence"
    ],
    "timestamp": "2026-03-09T07:54:22.891419"
  }
}