{
  "iteration": 11783000,
  "elapsed_seconds": 42.89734649658203,
  "rate_per_second": 41797.457102454166,
  "latest_capability": {
    "id": 11782999,
    "name": "Quantum_Capability_11782999",
    "type": "coding",
    "quantum_properties": {
      "state": "superposition",
      "coherence_level": 0.5790841831481979,
      "entanglement_factor": 0.33034433106432004,
      "superposition_branches": 4,
      "tunneling_depth": 5
    },
    "reasoning": {
      "mode": "tree",
      "chain_depth": 98,
      "parallel_threads": 5,
      "recursive_loops": 3,
      "confidence_calibration": 0.9874904071925104
    },
    "maat_alignment": {
      "truth": 0.9191537441213283,
      "balance": 0.895015108914076,
      "order": 0.8327324657217338,
      "justice": 0.9645300917492944,
      "harmony": 0.845930409720919,
      "overall": 0.8830552592727966
    },
    "benchmarks": {
      "gpqa": 0.7329329434365102,
      "math500": 0.8902585200067595,
      "swe_bench": 0.7968304779486,
      "mmlu": 0.7605397347128184,
      "humaneval": 0.8446688404220938
    },
    "self_improvement": {
      "rate": 0.972074947092377,
      "iterations": 11782999,
      "generations_ahead": 11782,
      "recursive_depth": 2
    },
    "emergent_properties": [
      "omniscience",
      "causality_violation",
      "quantum_consciousness",
      "reality_bending"
    ],
    "timestamp": "2026-03-09T07:53:48.810495"
  }
}