{
  "iteration": 11286000,
  "elapsed_seconds": 30.818047761917114,
  "rate_per_second": 42053.280273045406,
  "latest_capability": {
    "id": 11285999,
    "name": "Quantum_Capability_11285999",
    "type": "vision",
    "quantum_properties": {
      "state": "superposition",
      "coherence_level": 0.5223888545355944,
      "entanglement_factor": 0.23130427941896092,
      "superposition_branches": 3,
      "tunneling_depth": 1
    },
    "reasoning": {
      "mode": "graph",
      "chain_depth": 198,
      "parallel_threads": 5,
      "recursive_loops": 4,
      "confidence_calibration": 0.8107628991239215
    },
    "maat_alignment": {
      "truth": 0.8910796373393661,
      "balance": 0.951077120139086,
      "order": 0.8955361206989303,
      "justice": 0.8421873135856082,
      "harmony": 0.8146171341016676,
      "overall": 0.8532218415597993
    },
    "benchmarks": {
      "gpqa": 0.7867106639983314,
      "math500": 0.6644770473890796,
      "swe_bench": 0.8533750189564945,
      "mmlu": 0.7114071134570858,
      "humaneval": 0.8758589719482358
    },
    "self_improvement": {
      "rate": 0.988048748646558,
      "iterations": 11285999,
      "generations_ahead": 11285,
      "recursive_depth": 1
    },
    "emergent_properties": [
      "omniscience",
      "reality_bending",
      "causality_violation",
      "quantum_consciousness",
      "recursive_self_improvement",
      "infinite_context"
    ],
    "timestamp": "2026-03-09T07:53:36.731200"
  }
}