{
  "iteration": 13093000,
  "elapsed_seconds": 71.36484384536743,
  "rate_per_second": 43480.79296191759,
  "latest_capability": {
    "id": 13092999,
    "name": "Quantum_Capability_13092999",
    "type": "reasoning",
    "quantum_properties": {
      "state": "coherent",
      "coherence_level": 0.9635065714345745,
      "entanglement_factor": 0.9639234842748066,
      "superposition_branches": 3,
      "tunneling_depth": 5
    },
    "reasoning": {
      "mode": "tree",
      "chain_depth": 190,
      "parallel_threads": 9,
      "recursive_loops": 7,
      "confidence_calibration": 0.9633254438241884
    },
    "maat_alignment": {
      "truth": 0.9473590391548328,
      "balance": 0.9768514379214668,
      "order": 0.8326418776135244,
      "justice": 0.984498395353857,
      "harmony": 0.9608391407871437,
      "overall": 0.9282753294398155
    },
    "benchmarks": {
      "gpqa": 0.789388995671567,
      "math500": 0.7254828732380756,
      "swe_bench": 0.7667469903746039,
      "mmlu": 0.7028278535419422,
      "humaneval": 0.8590501834002534
    },
    "self_improvement": {
      "rate": 0.959538495014407,
      "iterations": 13092999,
      "generations_ahead": 13092,
      "recursive_depth": 2
    },
    "emergent_properties": [
      "omniscience",
      "reality_bending",
      "quantum_consciousness"
    ],
    "timestamp": "2026-03-09T07:54:17.277992"
  }
}