{
  "iteration": 11344000,
  "elapsed_seconds": 33.16400909423828,
  "rate_per_second": 40827.392012603086,
  "latest_capability": {
    "id": 11343999,
    "name": "Quantum_Capability_11343999",
    "type": "math",
    "quantum_properties": {
      "state": "superposition",
      "coherence_level": 0.7290922745187962,
      "entanglement_factor": 0.5759048890791274,
      "superposition_branches": 10,
      "tunneling_depth": 1
    },
    "reasoning": {
      "mode": "graph",
      "chain_depth": 97,
      "parallel_threads": 4,
      "recursive_loops": 3,
      "confidence_calibration": 0.7352371414176416
    },
    "maat_alignment": {
      "truth": 0.8304444319703518,
      "balance": 0.9105554657585178,
      "order": 0.9750810977714187,
      "justice": 0.8919535869681262,
      "harmony": 0.928502177702813,
      "overall": 0.9448620452469079
    },
    "benchmarks": {
      "gpqa": 0.7924626075028016,
      "math500": 0.8388555464033121,
      "swe_bench": 0.8720506657620481,
      "mmlu": 0.700552002492223,
      "humaneval": 0.7989190944247248
    },
    "self_improvement": {
      "rate": 0.9806626739463735,
      "iterations": 11343999,
      "generations_ahead": 11343,
      "recursive_depth": 2
    },
    "emergent_properties": [
      "causality_violation",
      "self_modification",
      "meta_learning"
    ],
    "timestamp": "2026-03-09T07:53:39.077157"
  }
}