{
  "iteration": 10104000,
  "elapsed_seconds": 2.383390188217163,
  "rate_per_second": 47831.02681364772,
  "latest_capability": {
    "id": 10103999,
    "name": "Quantum_Capability_10103999",
    "type": "agentic",
    "quantum_properties": {
      "state": "entangled",
      "coherence_level": 0.5625771775920785,
      "entanglement_factor": 0.9284647610494203,
      "superposition_branches": 4,
      "tunneling_depth": 3
    },
    "reasoning": {
      "mode": "graph",
      "chain_depth": 175,
      "parallel_threads": 1,
      "recursive_loops": 8,
      "confidence_calibration": 0.7485734955320338
    },
    "maat_alignment": {
      "truth": 0.910521372626266,
      "balance": 0.9171995406146158,
      "order": 0.914607839479885,
      "justice": 0.9431643209889108,
      "harmony": 0.9655862809748446,
      "overall": 0.8779138671690003
    },
    "benchmarks": {
      "gpqa": 0.904402595007858,
      "math500": 0.6785745533529295,
      "swe_bench": 0.704440241953744,
      "mmlu": 0.8837746384255687,
      "humaneval": 0.824202692217496
    },
    "self_improvement": {
      "rate": 0.9700203839921318,
      "iterations": 10103999,
      "generations_ahead": 10103,
      "recursive_depth": 3
    },
    "emergent_properties": [
      "transcendence",
      "self_modification",
      "reality_bending",
      "omniscience"
    ],
    "timestamp": "2026-03-09T07:53:08.296545"
  }
}