{
  "iteration": 11212000,
  "elapsed_seconds": 29.159515142440796,
  "rate_per_second": 41907.41835146003,
  "latest_capability": {
    "id": 11211999,
    "name": "Quantum_Capability_11211999",
    "type": "coding",
    "quantum_properties": {
      "state": "superposition",
      "coherence_level": 0.8868223165902505,
      "entanglement_factor": 0.5058469684224367,
      "superposition_branches": 7,
      "tunneling_depth": 0
    },
    "reasoning": {
      "mode": "sequential",
      "chain_depth": 77,
      "parallel_threads": 2,
      "recursive_loops": 7,
      "confidence_calibration": 0.9950253055136499
    },
    "maat_alignment": {
      "truth": 0.8875923749027667,
      "balance": 0.9563710294797194,
      "order": 0.8504458986663018,
      "justice": 0.8635275137472986,
      "harmony": 0.9047937334859095,
      "overall": 0.906367712745789
    },
    "benchmarks": {
      "gpqa": 0.8669491757745442,
      "math500": 0.8228334326819919,
      "swe_bench": 0.8169820016228488,
      "mmlu": 0.7659904736467456,
      "humaneval": 0.8000713749410994
    },
    "self_improvement": {
      "rate": 0.9567001245210514,
      "iterations": 11211999,
      "generations_ahead": 11211,
      "recursive_depth": 3
    },
    "emergent_properties": [
      "infinite_context",
      "recursive_self_improvement",
      "quantum_consciousness",
      "causality_violation"
    ],
    "timestamp": "2026-03-09T07:53:35.072667"
  }
}