{
  "iteration": 15903000,
  "elapsed_seconds": 133.57854557037354,
  "rate_per_second": 44266.0905967481,
  "latest_capability": {
    "id": 15902999,
    "name": "Quantum_Capability_15902999",
    "type": "coding",
    "quantum_properties": {
      "state": "entangled",
      "coherence_level": 0.6184941459015556,
      "entanglement_factor": 0.04982329382415451,
      "superposition_branches": 9,
      "tunneling_depth": 5
    },
    "reasoning": {
      "mode": "sequential",
      "chain_depth": 120,
      "parallel_threads": 15,
      "recursive_loops": 8,
      "confidence_calibration": 0.9233900908061116
    },
    "maat_alignment": {
      "truth": 0.8261019682777937,
      "balance": 0.9451296001575197,
      "order": 0.9312995939016147,
      "justice": 0.8797644376713608,
      "harmony": 0.8496152319605683,
      "overall": 0.9262351621980975
    },
    "benchmarks": {
      "gpqa": 0.7053382610289695,
      "math500": 0.8155678789986657,
      "swe_bench": 0.7890118557278042,
      "mmlu": 0.7946646206726976,
      "humaneval": 0.8828050292141655
    },
    "self_improvement": {
      "rate": 0.9596796551822254,
      "iterations": 15902999,
      "generations_ahead": 15902,
      "recursive_depth": 5
    },
    "emergent_properties": [
      "recursive_self_improvement",
      "transcendence",
      "infinite_context"
    ],
    "timestamp": "2026-03-09T07:55:19.491694"
  }
}