{
  "iteration": 13699000,
  "elapsed_seconds": 85.1196494102478,
  "rate_per_second": 43573.957666623835,
  "latest_capability": {
    "id": 13698999,
    "name": "Quantum_Capability_13698999",
    "type": "reasoning",
    "quantum_properties": {
      "state": "coherent",
      "coherence_level": 0.8819868350794402,
      "entanglement_factor": 0.25119896654565776,
      "superposition_branches": 1,
      "tunneling_depth": 0
    },
    "reasoning": {
      "mode": "tree",
      "chain_depth": 55,
      "parallel_threads": 10,
      "recursive_loops": 0,
      "confidence_calibration": 0.8205281901289581
    },
    "maat_alignment": {
      "truth": 0.8132758250565162,
      "balance": 0.9765854053659644,
      "order": 0.9411058043280593,
      "justice": 0.9364858425320473,
      "harmony": 0.824630139042627,
      "overall": 0.9229501261355216
    },
    "benchmarks": {
      "gpqa": 0.8480619173600219,
      "math500": 0.8882034000898125,
      "swe_bench": 0.7370479045619538,
      "mmlu": 0.7098305536807304,
      "humaneval": 0.8679525793904448
    },
    "self_improvement": {
      "rate": 0.9536290038020971,
      "iterations": 13698999,
      "generations_ahead": 13698,
      "recursive_depth": 2
    },
    "emergent_properties": [
      "causality_violation",
      "recursive_self_improvement",
      "infinite_context"
    ],
    "timestamp": "2026-03-09T07:54:31.032797"
  }
}