{
  "iteration": 15917000,
  "elapsed_seconds": 133.77373671531677,
  "rate_per_second": 44306.15564408744,
  "latest_capability": {
    "id": 15916999,
    "name": "Quantum_Capability_15916999",
    "type": "multimodal",
    "quantum_properties": {
      "state": "collapsed",
      "coherence_level": 0.9457375996639091,
      "entanglement_factor": 0.12414144923896298,
      "superposition_branches": 1,
      "tunneling_depth": 4
    },
    "reasoning": {
      "mode": "tree",
      "chain_depth": 177,
      "parallel_threads": 12,
      "recursive_loops": 7,
      "confidence_calibration": 0.9500434055257156
    },
    "maat_alignment": {
      "truth": 0.8002654209850742,
      "balance": 0.990976300797471,
      "order": 0.946974831597146,
      "justice": 0.8682583540906439,
      "harmony": 0.8019242170253866,
      "overall": 0.897112516658074
    },
    "benchmarks": {
      "gpqa": 0.7273387760403851,
      "math500": 0.66816298851691,
      "swe_bench": 0.88331965113492,
      "mmlu": 0.6944383387577219,
      "humaneval": 0.7227061659146088
    },
    "self_improvement": {
      "rate": 0.9673073515412359,
      "iterations": 15916999,
      "generations_ahead": 15916,
      "recursive_depth": 4
    },
    "emergent_properties": [
      "reality_bending",
      "quantum_consciousness",
      "transcendence",
      "omniscience"
    ],
    "timestamp": "2026-03-09T07:55:19.686885"
  }
}