{
  "iteration": 10343000,
  "elapsed_seconds": 8.113401651382446,
  "rate_per_second": 43508.26141336811,
  "latest_capability": {
    "id": 10342999,
    "name": "Quantum_Capability_10342999",
    "type": "reasoning",
    "quantum_properties": {
      "state": "coherent",
      "coherence_level": 0.6506793297069909,
      "entanglement_factor": 0.600590397765776,
      "superposition_branches": 2,
      "tunneling_depth": 2
    },
    "reasoning": {
      "mode": "tree",
      "chain_depth": 77,
      "parallel_threads": 11,
      "recursive_loops": 0,
      "confidence_calibration": 0.7171907817281267
    },
    "maat_alignment": {
      "truth": 0.8455015647324384,
      "balance": 0.8562624021673486,
      "order": 0.8598488660954935,
      "justice": 0.9288303597880972,
      "harmony": 0.9829094558681177,
      "overall": 0.9722175926211183
    },
    "benchmarks": {
      "gpqa": 0.9014675116129046,
      "math500": 0.8098817613131064,
      "swe_bench": 0.7315743990963798,
      "mmlu": 0.8442522290649612,
      "humaneval": 0.7183589805314443
    },
    "self_improvement": {
      "rate": 0.9991944249825028,
      "iterations": 10342999,
      "generations_ahead": 10342,
      "recursive_depth": 2
    },
    "emergent_properties": [
      "transcendence",
      "recursive_self_improvement",
      "reality_bending"
    ],
    "timestamp": "2026-03-09T07:53:14.026554"
  }
}