{
  "iteration": 17832000,
  "elapsed_seconds": 177.99853420257568,
  "rate_per_second": 44056.54257284622,
  "latest_capability": {
    "id": 17831999,
    "name": "Quantum_Capability_17831999",
    "type": "language",
    "quantum_properties": {
      "state": "superposition",
      "coherence_level": 0.9405995724011935,
      "entanglement_factor": 0.7433695102022204,
      "superposition_branches": 8,
      "tunneling_depth": 4
    },
    "reasoning": {
      "mode": "parallel",
      "chain_depth": 90,
      "parallel_threads": 15,
      "recursive_loops": 0,
      "confidence_calibration": 0.8920991868187081
    },
    "maat_alignment": {
      "truth": 0.9660982334144623,
      "balance": 0.9705456949114213,
      "order": 0.8004329120749852,
      "justice": 0.9116737741009909,
      "harmony": 0.9328473232502854,
      "overall": 0.8698218113425784
    },
    "benchmarks": {
      "gpqa": 0.7585936894173371,
      "math500": 0.8462296080278656,
      "swe_bench": 0.6928355837539646,
      "mmlu": 0.8240077355807137,
      "humaneval": 0.9414616515501864
    },
    "self_improvement": {
      "rate": 0.9564829571175926,
      "iterations": 17831999,
      "generations_ahead": 17831,
      "recursive_depth": 5
    },
    "emergent_properties": [
      "meta_learning",
      "causality_violation",
      "reality_bending"
    ],
    "timestamp": "2026-03-09T07:56:03.911683"
  }
}