{
  "iteration": 17118000,
  "elapsed_seconds": 160.05688285827637,
  "rate_per_second": 44534.16730795353,
  "latest_capability": {
    "id": 17117999,
    "name": "Quantum_Capability_17117999",
    "type": "vision",
    "quantum_properties": {
      "state": "collapsed",
      "coherence_level": 0.7847129442047,
      "entanglement_factor": 0.1257054116979407,
      "superposition_branches": 9,
      "tunneling_depth": 0
    },
    "reasoning": {
      "mode": "graph",
      "chain_depth": 75,
      "parallel_threads": 8,
      "recursive_loops": 9,
      "confidence_calibration": 0.9592889118708977
    },
    "maat_alignment": {
      "truth": 0.810329022180013,
      "balance": 0.9709352905126369,
      "order": 0.8514812344402444,
      "justice": 0.9397963545163517,
      "harmony": 0.8879730498636357,
      "overall": 0.9887443822407457
    },
    "benchmarks": {
      "gpqa": 0.7606834762364671,
      "math500": 0.8038603196675811,
      "swe_bench": 0.7574809327930577,
      "mmlu": 0.8551457055823207,
      "humaneval": 0.819027017165312
    },
    "self_improvement": {
      "rate": 0.9999988291157857,
      "iterations": 17117999,
      "generations_ahead": 17117,
      "recursive_depth": 5
    },
    "emergent_properties": [
      "infinite_context",
      "reality_bending",
      "quantum_consciousness",
      "omniscience",
      "recursive_self_improvement",
      "meta_learning"
    ],
    "timestamp": "2026-03-09T07:55:45.970039"
  }
}