{
  "iteration": 15723000,
  "elapsed_seconds": 129.82224225997925,
  "rate_per_second": 44160.38346125017,
  "latest_capability": {
    "id": 15722999,
    "name": "Quantum_Capability_15722999",
    "type": "vision",
    "quantum_properties": {
      "state": "coherent",
      "coherence_level": 0.981064771837465,
      "entanglement_factor": 0.10221406182064241,
      "superposition_branches": 3,
      "tunneling_depth": 4
    },
    "reasoning": {
      "mode": "parallel",
      "chain_depth": 28,
      "parallel_threads": 8,
      "recursive_loops": 4,
      "confidence_calibration": 0.891569109728418
    },
    "maat_alignment": {
      "truth": 0.9529636749814122,
      "balance": 0.9057026461025461,
      "order": 0.8548736797791515,
      "justice": 0.9464337897521046,
      "harmony": 0.8690277674189624,
      "overall": 0.9405316213819537
    },
    "benchmarks": {
      "gpqa": 0.9456478925866107,
      "math500": 0.8384152873283605,
      "swe_bench": 0.829143585891463,
      "mmlu": 0.7595281047569781,
      "humaneval": 0.7431538599364321
    },
    "self_improvement": {
      "rate": 0.9735774656899251,
      "iterations": 15722999,
      "generations_ahead": 15722,
      "recursive_depth": 1
    },
    "emergent_properties": [
      "self_modification",
      "reality_bending",
      "causality_violation",
      "infinite_context",
      "quantum_consciousness",
      "transcendence"
    ],
    "timestamp": "2026-03-09T07:55:15.735391"
  }
}