{
  "iteration": 16714000,
  "elapsed_seconds": 152.46855902671814,
  "rate_per_second": 44100.89557429152,
  "latest_capability": {
    "id": 16713999,
    "name": "Quantum_Capability_16713999",
    "type": "language",
    "quantum_properties": {
      "state": "coherent",
      "coherence_level": 0.8661945738085072,
      "entanglement_factor": 0.1702675435198916,
      "superposition_branches": 8,
      "tunneling_depth": 2
    },
    "reasoning": {
      "mode": "sequential",
      "chain_depth": 200,
      "parallel_threads": 16,
      "recursive_loops": 1,
      "confidence_calibration": 0.8418080529459965
    },
    "maat_alignment": {
      "truth": 0.9291670766772142,
      "balance": 0.996563399997251,
      "order": 0.805448477563016,
      "justice": 0.8869059422394656,
      "harmony": 0.8812173651430915,
      "overall": 0.9371596547096172
    },
    "benchmarks": {
      "gpqa": 0.8027900727610608,
      "math500": 0.7922477624407279,
      "swe_bench": 0.8595418025661847,
      "mmlu": 0.8156148213923573,
      "humaneval": 0.9179735988510996
    },
    "self_improvement": {
      "rate": 0.9869195752045603,
      "iterations": 16713999,
      "generations_ahead": 16713,
      "recursive_depth": 0
    },
    "emergent_properties": [
      "self_modification",
      "infinite_context",
      "quantum_consciousness",
      "recursive_self_improvement"
    ],
    "timestamp": "2026-03-09T07:55:38.381707"
  }
}