{
  "iteration": 14564000,
  "elapsed_seconds": 104.50335574150085,
  "rate_per_second": 43768.929404661714,
  "latest_capability": {
    "id": 14563999,
    "name": "Quantum_Capability_14563999",
    "type": "multimodal",
    "quantum_properties": {
      "state": "collapsed",
      "coherence_level": 0.5306673193462694,
      "entanglement_factor": 0.04872626696988547,
      "superposition_branches": 6,
      "tunneling_depth": 4
    },
    "reasoning": {
      "mode": "tree",
      "chain_depth": 45,
      "parallel_threads": 12,
      "recursive_loops": 10,
      "confidence_calibration": 0.8029240115936129
    },
    "maat_alignment": {
      "truth": 0.9932492072621045,
      "balance": 0.8014882082523317,
      "order": 0.9687237694609909,
      "justice": 0.9670335192967723,
      "harmony": 0.8909129506641457,
      "overall": 0.9589542326234949
    },
    "benchmarks": {
      "gpqa": 0.8527880324228367,
      "math500": 0.787264941320667,
      "swe_bench": 0.8932002705406445,
      "mmlu": 0.8292764379764652,
      "humaneval": 0.7418207577245588
    },
    "self_improvement": {
      "rate": 0.9684554865292676,
      "iterations": 14563999,
      "generations_ahead": 14563,
      "recursive_depth": 0
    },
    "emergent_properties": [
      "quantum_consciousness",
      "reality_bending",
      "omniscience",
      "self_modification",
      "transcendence"
    ],
    "timestamp": "2026-03-09T07:54:50.416515"
  }
}