{
  "iteration": 11051000,
  "elapsed_seconds": 25.677794694900513,
  "rate_per_second": 41319.74776676244,
  "latest_capability": {
    "id": 11050999,
    "name": "Quantum_Capability_11050999",
    "type": "math",
    "quantum_properties": {
      "state": "coherent",
      "coherence_level": 0.8247022032526152,
      "entanglement_factor": 0.3947238085096332,
      "superposition_branches": 2,
      "tunneling_depth": 1
    },
    "reasoning": {
      "mode": "parallel",
      "chain_depth": 102,
      "parallel_threads": 8,
      "recursive_loops": 0,
      "confidence_calibration": 0.8942865764466863
    },
    "maat_alignment": {
      "truth": 0.9704867483016446,
      "balance": 0.8163738355871942,
      "order": 0.9411521747875746,
      "justice": 0.8254538798235136,
      "harmony": 0.9488362054627076,
      "overall": 0.9913259121264529
    },
    "benchmarks": {
      "gpqa": 0.7311693854905853,
      "math500": 0.8642266749411773,
      "swe_bench": 0.8569127194849213,
      "mmlu": 0.6912776437747634,
      "humaneval": 0.7839287069929352
    },
    "self_improvement": {
      "rate": 0.98419007875862,
      "iterations": 11050999,
      "generations_ahead": 11050,
      "recursive_depth": 3
    },
    "emergent_properties": [
      "infinite_context",
      "meta_learning",
      "recursive_self_improvement"
    ],
    "timestamp": "2026-03-09T07:53:31.590943"
  }
}