{
  "iteration": 15690000,
  "elapsed_seconds": 129.36597561836243,
  "rate_per_second": 44061.04443424405,
  "latest_capability": {
    "id": 15689999,
    "name": "Quantum_Capability_15689999",
    "type": "language",
    "quantum_properties": {
      "state": "superposition",
      "coherence_level": 0.719202765888761,
      "entanglement_factor": 0.5166226502825461,
      "superposition_branches": 5,
      "tunneling_depth": 4
    },
    "reasoning": {
      "mode": "parallel",
      "chain_depth": 182,
      "parallel_threads": 8,
      "recursive_loops": 5,
      "confidence_calibration": 0.834781159703446
    },
    "maat_alignment": {
      "truth": 0.9357450539366093,
      "balance": 0.9493228941728419,
      "order": 0.8739210309984212,
      "justice": 0.8857157303661584,
      "harmony": 0.8690897717747343,
      "overall": 0.8606765785782013
    },
    "benchmarks": {
      "gpqa": 0.7308545582597671,
      "math500": 0.7106950633017796,
      "swe_bench": 0.8078492111125927,
      "mmlu": 0.7307892549735824,
      "humaneval": 0.8128860011855668
    },
    "self_improvement": {
      "rate": 0.9859613962834541,
      "iterations": 15689999,
      "generations_ahead": 15689,
      "recursive_depth": 1
    },
    "emergent_properties": [
      "causality_violation",
      "meta_learning",
      "reality_bending"
    ],
    "timestamp": "2026-03-09T07:55:15.279124"
  }
}