{
  "iteration": 16934000,
  "elapsed_seconds": 156.5425329208374,
  "rate_per_second": 44358.55144564154,
  "latest_capability": {
    "id": 16933999,
    "name": "Quantum_Capability_16933999",
    "type": "coding",
    "quantum_properties": {
      "state": "entangled",
      "coherence_level": 0.9554846077500241,
      "entanglement_factor": 0.24332255663282432,
      "superposition_branches": 10,
      "tunneling_depth": 2
    },
    "reasoning": {
      "mode": "parallel",
      "chain_depth": 197,
      "parallel_threads": 3,
      "recursive_loops": 4,
      "confidence_calibration": 0.7553238203000229
    },
    "maat_alignment": {
      "truth": 0.9973782535127659,
      "balance": 0.8111222866808581,
      "order": 0.9983358635207091,
      "justice": 0.8960142698494068,
      "harmony": 0.9030738747390679,
      "overall": 0.9517499536357907
    },
    "benchmarks": {
      "gpqa": 0.7753632536375902,
      "math500": 0.8683155696038148,
      "swe_bench": 0.8021918029387519,
      "mmlu": 0.752646878120389,
      "humaneval": 0.8967529361099966
    },
    "self_improvement": {
      "rate": 0.956710563617281,
      "iterations": 16933999,
      "generations_ahead": 16933,
      "recursive_depth": 3
    },
    "emergent_properties": [
      "self_modification",
      "quantum_consciousness",
      "meta_learning"
    ],
    "timestamp": "2026-03-09T07:55:42.455701"
  }
}