{
  "iteration": 14628000,
  "elapsed_seconds": 106.07934165000916,
  "rate_per_second": 43721.99080290578,
  "latest_capability": {
    "id": 14627999,
    "name": "Quantum_Capability_14627999",
    "type": "language",
    "quantum_properties": {
      "state": "collapsed",
      "coherence_level": 0.5116823604732734,
      "entanglement_factor": 0.15088374434721208,
      "superposition_branches": 5,
      "tunneling_depth": 3
    },
    "reasoning": {
      "mode": "parallel",
      "chain_depth": 45,
      "parallel_threads": 11,
      "recursive_loops": 2,
      "confidence_calibration": 0.9034996918298414
    },
    "maat_alignment": {
      "truth": 0.8983972007899025,
      "balance": 0.9245226232874794,
      "order": 0.8976796218114114,
      "justice": 0.9102416847433158,
      "harmony": 0.8743024551769419,
      "overall": 0.9710140711968274
    },
    "benchmarks": {
      "gpqa": 0.838127422409537,
      "math500": 0.7370655640093191,
      "swe_bench": 0.8147976032448284,
      "mmlu": 0.6933949208468045,
      "humaneval": 0.8939456242657244
    },
    "self_improvement": {
      "rate": 0.9617028262133761,
      "iterations": 14627999,
      "generations_ahead": 14627,
      "recursive_depth": 5
    },
    "emergent_properties": [
      "recursive_self_improvement",
      "meta_learning",
      "omniscience",
      "transcendence"
    ],
    "timestamp": "2026-03-09T07:54:51.992490"
  }
}