{
  "iteration": 14390000,
  "elapsed_seconds": 101.15955018997192,
  "rate_per_second": 43495.64615241021,
  "latest_capability": {
    "id": 14389999,
    "name": "Quantum_Capability_14389999",
    "type": "math",
    "quantum_properties": {
      "state": "entangled",
      "coherence_level": 0.5752183357398122,
      "entanglement_factor": 0.4847802631455421,
      "superposition_branches": 2,
      "tunneling_depth": 4
    },
    "reasoning": {
      "mode": "parallel",
      "chain_depth": 68,
      "parallel_threads": 6,
      "recursive_loops": 6,
      "confidence_calibration": 0.75848207335702
    },
    "maat_alignment": {
      "truth": 0.8928564028326124,
      "balance": 0.8770994465964344,
      "order": 0.9387011092699225,
      "justice": 0.869899409121707,
      "harmony": 0.851165475268096,
      "overall": 0.8632389257042171
    },
    "benchmarks": {
      "gpqa": 0.9138210840314677,
      "math500": 0.6692040605928113,
      "swe_bench": 0.82499710467946,
      "mmlu": 0.8369388049043641,
      "humaneval": 0.8666019029672819
    },
    "self_improvement": {
      "rate": 0.9620153162409617,
      "iterations": 14389999,
      "generations_ahead": 14389,
      "recursive_depth": 1
    },
    "emergent_properties": [
      "reality_bending",
      "transcendence",
      "quantum_consciousness",
      "causality_violation"
    ],
    "timestamp": "2026-03-09T07:54:47.072703"
  }
}