{
  "iteration": 11160000,
  "elapsed_seconds": 27.773164987564087,
  "rate_per_second": 42126.9956277539,
  "latest_capability": {
    "id": 11159999,
    "name": "Quantum_Capability_11159999",
    "type": "coding",
    "quantum_properties": {
      "state": "entangled",
      "coherence_level": 0.5429399233672334,
      "entanglement_factor": 0.8812080944630456,
      "superposition_branches": 3,
      "tunneling_depth": 0
    },
    "reasoning": {
      "mode": "sequential",
      "chain_depth": 137,
      "parallel_threads": 6,
      "recursive_loops": 1,
      "confidence_calibration": 0.8744629797324774
    },
    "maat_alignment": {
      "truth": 0.8543485675477521,
      "balance": 0.8890460853300449,
      "order": 0.8015050153436839,
      "justice": 0.8161546245613885,
      "harmony": 0.9240372004087568,
      "overall": 0.9039196432151542
    },
    "benchmarks": {
      "gpqa": 0.9019799675079545,
      "math500": 0.8662239673057297,
      "swe_bench": 0.8580467249188597,
      "mmlu": 0.6719721901156697,
      "humaneval": 0.8640101171589608
    },
    "self_improvement": {
      "rate": 0.9601512620657735,
      "iterations": 11159999,
      "generations_ahead": 11159,
      "recursive_depth": 0
    },
    "emergent_properties": [
      "self_modification",
      "causality_violation",
      "quantum_consciousness",
      "meta_learning",
      "recursive_self_improvement",
      "reality_bending"
    ],
    "timestamp": "2026-03-09T07:53:33.686314"
  }
}