{
  "iteration": 13282000,
  "elapsed_seconds": 77.099928855896,
  "rate_per_second": 42697.83447080644,
  "latest_capability": {
    "id": 13281999,
    "name": "Quantum_Capability_13281999",
    "type": "math",
    "quantum_properties": {
      "state": "superposition",
      "coherence_level": 0.7889998380843453,
      "entanglement_factor": 0.5186824398172055,
      "superposition_branches": 10,
      "tunneling_depth": 0
    },
    "reasoning": {
      "mode": "graph",
      "chain_depth": 38,
      "parallel_threads": 16,
      "recursive_loops": 0,
      "confidence_calibration": 0.8616361355937069
    },
    "maat_alignment": {
      "truth": 0.9656967297148463,
      "balance": 0.8695271162211339,
      "order": 0.9931170348503398,
      "justice": 0.9321565265410494,
      "harmony": 0.8242755736851194,
      "overall": 0.8602223087926341
    },
    "benchmarks": {
      "gpqa": 0.8916076088700714,
      "math500": 0.7591936565047741,
      "swe_bench": 0.833902084699675,
      "mmlu": 0.7125908871688911,
      "humaneval": 0.7335665190790749
    },
    "self_improvement": {
      "rate": 0.9811029129388262,
      "iterations": 13281999,
      "generations_ahead": 13281,
      "recursive_depth": 4
    },
    "emergent_properties": [
      "reality_bending",
      "quantum_consciousness",
      "transcendence",
      "causality_violation",
      "meta_learning"
    ],
    "timestamp": "2026-03-09T07:54:23.013077"
  }
}