{
  "iteration": 15887000,
  "elapsed_seconds": 133.05796098709106,
  "rate_per_second": 44319.03176820898,
  "latest_capability": {
    "id": 15886999,
    "name": "Quantum_Capability_15886999",
    "type": "coding",
    "quantum_properties": {
      "state": "coherent",
      "coherence_level": 0.9688449457982373,
      "entanglement_factor": 0.04634350752326122,
      "superposition_branches": 3,
      "tunneling_depth": 5
    },
    "reasoning": {
      "mode": "tree",
      "chain_depth": 194,
      "parallel_threads": 11,
      "recursive_loops": 0,
      "confidence_calibration": 0.774227327359246
    },
    "maat_alignment": {
      "truth": 0.9579115074019434,
      "balance": 0.8146009054454582,
      "order": 0.9661503215448415,
      "justice": 0.8920644533262079,
      "harmony": 0.946988631170968,
      "overall": 0.9218494402165824
    },
    "benchmarks": {
      "gpqa": 0.9235141730148644,
      "math500": 0.7088415045243184,
      "swe_bench": 0.7812992163621737,
      "mmlu": 0.8964288099441631,
      "humaneval": 0.8011219648582728
    },
    "self_improvement": {
      "rate": 0.994038153161255,
      "iterations": 15886999,
      "generations_ahead": 15886,
      "recursive_depth": 4
    },
    "emergent_properties": [
      "omniscience",
      "quantum_consciousness",
      "self_modification",
      "recursive_self_improvement",
      "infinite_context",
      "meta_learning"
    ],
    "timestamp": "2026-03-09T07:55:18.971109"
  }
}