{
  "iteration": 14211000,
  "elapsed_seconds": 97.69658041000366,
  "rate_per_second": 43205.196970924786,
  "latest_capability": {
    "id": 14210999,
    "name": "Quantum_Capability_14210999",
    "type": "math",
    "quantum_properties": {
      "state": "entangled",
      "coherence_level": 0.8247333043515482,
      "entanglement_factor": 0.2636467544171651,
      "superposition_branches": 5,
      "tunneling_depth": 3
    },
    "reasoning": {
      "mode": "parallel",
      "chain_depth": 93,
      "parallel_threads": 14,
      "recursive_loops": 8,
      "confidence_calibration": 0.7757079150019643
    },
    "maat_alignment": {
      "truth": 0.9847118869794337,
      "balance": 0.8506363673018207,
      "order": 0.9832434714021435,
      "justice": 0.9027397212901263,
      "harmony": 0.808714118421402,
      "overall": 0.9760366832047237
    },
    "benchmarks": {
      "gpqa": 0.9126782800776858,
      "math500": 0.7159490249188656,
      "swe_bench": 0.6629000155132221,
      "mmlu": 0.8760773413511151,
      "humaneval": 0.7892597682450739
    },
    "self_improvement": {
      "rate": 0.9784453577388388,
      "iterations": 14210999,
      "generations_ahead": 14210,
      "recursive_depth": 2
    },
    "emergent_properties": [
      "infinite_context",
      "transcendence",
      "quantum_consciousness",
      "recursive_self_improvement",
      "self_modification"
    ],
    "timestamp": "2026-03-09T07:54:43.609744"
  }
}