{
  "iteration": 12057000,
  "elapsed_seconds": 49.60395526885986,
  "rate_per_second": 41670.064187353455,
  "latest_capability": {
    "id": 12056999,
    "name": "Quantum_Capability_12056999",
    "type": "vision",
    "quantum_properties": {
      "state": "collapsed",
      "coherence_level": 0.7417359462377255,
      "entanglement_factor": 0.8928094458313004,
      "superposition_branches": 8,
      "tunneling_depth": 2
    },
    "reasoning": {
      "mode": "parallel",
      "chain_depth": 194,
      "parallel_threads": 13,
      "recursive_loops": 10,
      "confidence_calibration": 0.7886096267927996
    },
    "maat_alignment": {
      "truth": 0.8679563277706712,
      "balance": 0.8691928397680031,
      "order": 0.8057535495883306,
      "justice": 0.8495223183790261,
      "harmony": 0.8277478445638508,
      "overall": 0.9182941638457783
    },
    "benchmarks": {
      "gpqa": 0.9028780711906672,
      "math500": 0.8011165873187927,
      "swe_bench": 0.8950594219558275,
      "mmlu": 0.7221283765554426,
      "humaneval": 0.8964376093306037
    },
    "self_improvement": {
      "rate": 0.9611724233817736,
      "iterations": 12056999,
      "generations_ahead": 12056,
      "recursive_depth": 5
    },
    "emergent_properties": [
      "quantum_consciousness",
      "self_modification",
      "meta_learning",
      "infinite_context",
      "reality_bending"
    ],
    "timestamp": "2026-03-09T07:53:55.517104"
  }
}