{
  "iteration": 16380000,
  "elapsed_seconds": 146.2247416973114,
  "rate_per_second": 43699.85493445048,
  "latest_capability": {
    "id": 16379999,
    "name": "Quantum_Capability_16379999",
    "type": "reasoning",
    "quantum_properties": {
      "state": "collapsed",
      "coherence_level": 0.6904657022117252,
      "entanglement_factor": 0.27765342541516613,
      "superposition_branches": 10,
      "tunneling_depth": 2
    },
    "reasoning": {
      "mode": "tree",
      "chain_depth": 39,
      "parallel_threads": 12,
      "recursive_loops": 9,
      "confidence_calibration": 0.7621480879569253
    },
    "maat_alignment": {
      "truth": 0.8839243992387881,
      "balance": 0.9645546415007022,
      "order": 0.9278082884075302,
      "justice": 0.8646549867084454,
      "harmony": 0.8807690919872669,
      "overall": 0.9823579522899646
    },
    "benchmarks": {
      "gpqa": 0.9318519306609198,
      "math500": 0.6685446189648531,
      "swe_bench": 0.8700310942184414,
      "mmlu": 0.6929858969156567,
      "humaneval": 0.8405866478840849
    },
    "self_improvement": {
      "rate": 0.9914743240949666,
      "iterations": 16379999,
      "generations_ahead": 16379,
      "recursive_depth": 4
    },
    "emergent_properties": [
      "reality_bending",
      "self_modification",
      "meta_learning"
    ],
    "timestamp": "2026-03-09T07:55:32.137890"
  }
}