{
  "iteration": 12058000,
  "elapsed_seconds": 49.617594957351685,
  "rate_per_second": 41678.76338580153,
  "latest_capability": {
    "id": 12057999,
    "name": "Quantum_Capability_12057999",
    "type": "language",
    "quantum_properties": {
      "state": "superposition",
      "coherence_level": 0.9012701992658112,
      "entanglement_factor": 0.5673163287514504,
      "superposition_branches": 8,
      "tunneling_depth": 3
    },
    "reasoning": {
      "mode": "sequential",
      "chain_depth": 166,
      "parallel_threads": 11,
      "recursive_loops": 4,
      "confidence_calibration": 0.847342912285646
    },
    "maat_alignment": {
      "truth": 0.9017292012501079,
      "balance": 0.9886431492725594,
      "order": 0.829029585148178,
      "justice": 0.9078228306496067,
      "harmony": 0.8203702638821897,
      "overall": 0.9423027384146643
    },
    "benchmarks": {
      "gpqa": 0.8937025089064274,
      "math500": 0.8698828239475507,
      "swe_bench": 0.7887460213768773,
      "mmlu": 0.7989907451755985,
      "humaneval": 0.922164251180898
    },
    "self_improvement": {
      "rate": 0.9512596859614867,
      "iterations": 12057999,
      "generations_ahead": 12057,
      "recursive_depth": 2
    },
    "emergent_properties": [
      "quantum_consciousness",
      "causality_violation",
      "transcendence"
    ],
    "timestamp": "2026-03-09T07:53:55.530742"
  }
}