{
  "iteration": 11830000,
  "elapsed_seconds": 43.864935636520386,
  "rate_per_second": 41946.94402943752,
  "latest_capability": {
    "id": 11829999,
    "name": "Quantum_Capability_11829999",
    "type": "multimodal",
    "quantum_properties": {
      "state": "coherent",
      "coherence_level": 0.6906716525238767,
      "entanglement_factor": 0.9094928106106395,
      "superposition_branches": 5,
      "tunneling_depth": 1
    },
    "reasoning": {
      "mode": "sequential",
      "chain_depth": 121,
      "parallel_threads": 10,
      "recursive_loops": 0,
      "confidence_calibration": 0.7148742370872362
    },
    "maat_alignment": {
      "truth": 0.9410543845579662,
      "balance": 0.9021488703008856,
      "order": 0.8360124910318891,
      "justice": 0.8408784645133889,
      "harmony": 0.9292101458279693,
      "overall": 0.9734251780174686
    },
    "benchmarks": {
      "gpqa": 0.7190984685152564,
      "math500": 0.7075002171677391,
      "swe_bench": 0.8508528300478291,
      "mmlu": 0.7959097641680842,
      "humaneval": 0.8936310769398884
    },
    "self_improvement": {
      "rate": 0.9935461564962743,
      "iterations": 11829999,
      "generations_ahead": 11829,
      "recursive_depth": 1
    },
    "emergent_properties": [
      "meta_learning",
      "quantum_consciousness",
      "omniscience",
      "transcendence"
    ],
    "timestamp": "2026-03-09T07:53:49.778087"
  }
}