{
  "iteration": 10046000,
  "elapsed_seconds": 0.8467586040496826,
  "rate_per_second": 66134.55090054717,
  "latest_capability": {
    "id": 10045999,
    "name": "Quantum_Capability_10045999",
    "type": "math",
    "quantum_properties": {
      "state": "superposition",
      "coherence_level": 0.8862404740526698,
      "entanglement_factor": 0.9372963937512403,
      "superposition_branches": 5,
      "tunneling_depth": 3
    },
    "reasoning": {
      "mode": "tree",
      "chain_depth": 42,
      "parallel_threads": 9,
      "recursive_loops": 2,
      "confidence_calibration": 0.759810696137096
    },
    "maat_alignment": {
      "truth": 0.8749093312816085,
      "balance": 0.9607036557194562,
      "order": 0.8998349351728018,
      "justice": 0.8068576713370755,
      "harmony": 0.8527573205252276,
      "overall": 0.9642860753394142
    },
    "benchmarks": {
      "gpqa": 0.8767594908453749,
      "math500": 0.830415077730408,
      "swe_bench": 0.8060139835513368,
      "mmlu": 0.7236301977883367,
      "humaneval": 0.7221079551784637
    },
    "self_improvement": {
      "rate": 0.9713673665131374,
      "iterations": 10045999,
      "generations_ahead": 10045,
      "recursive_depth": 0
    },
    "emergent_properties": [
      "causality_violation",
      "quantum_consciousness",
      "recursive_self_improvement",
      "self_modification"
    ],
    "timestamp": "2026-03-09T07:53:06.759911"
  }
}