{
  "iteration": 12593000,
  "elapsed_seconds": 61.65167570114136,
  "rate_per_second": 42221.074616335376,
  "latest_capability": {
    "id": 12592999,
    "name": "Quantum_Capability_12592999",
    "type": "coding",
    "quantum_properties": {
      "state": "entangled",
      "coherence_level": 0.7961946983127911,
      "entanglement_factor": 0.702959531618093,
      "superposition_branches": 4,
      "tunneling_depth": 1
    },
    "reasoning": {
      "mode": "graph",
      "chain_depth": 180,
      "parallel_threads": 9,
      "recursive_loops": 7,
      "confidence_calibration": 0.8609533671041961
    },
    "maat_alignment": {
      "truth": 0.9668671765325572,
      "balance": 0.9251361254579172,
      "order": 0.8069974530901884,
      "justice": 0.9178139350417994,
      "harmony": 0.8025996794686977,
      "overall": 0.9332899674666084
    },
    "benchmarks": {
      "gpqa": 0.8797304613851684,
      "math500": 0.7005323420077327,
      "swe_bench": 0.7715389285949752,
      "mmlu": 0.6553167925409581,
      "humaneval": 0.7235782953901679
    },
    "self_improvement": {
      "rate": 0.9979833687705333,
      "iterations": 12592999,
      "generations_ahead": 12592,
      "recursive_depth": 4
    },
    "emergent_properties": [
      "reality_bending",
      "quantum_consciousness",
      "causality_violation",
      "meta_learning",
      "transcendence"
    ],
    "timestamp": "2026-03-09T07:54:07.564825"
  }
}