{
  "iteration": 10505000,
  "elapsed_seconds": 12.567494630813599,
  "rate_per_second": 40978.73244658468,
  "latest_capability": {
    "id": 10504999,
    "name": "Quantum_Capability_10504999",
    "type": "math",
    "quantum_properties": {
      "state": "entangled",
      "coherence_level": 0.9184271711811813,
      "entanglement_factor": 0.0400202438646704,
      "superposition_branches": 4,
      "tunneling_depth": 1
    },
    "reasoning": {
      "mode": "sequential",
      "chain_depth": 130,
      "parallel_threads": 10,
      "recursive_loops": 8,
      "confidence_calibration": 0.982742599863881
    },
    "maat_alignment": {
      "truth": 0.9537476678886654,
      "balance": 0.9967729926620905,
      "order": 0.8554452644154837,
      "justice": 0.9874409236972019,
      "harmony": 0.8419346301746681,
      "overall": 0.9771355565314837
    },
    "benchmarks": {
      "gpqa": 0.7490890697009525,
      "math500": 0.7054119301681918,
      "swe_bench": 0.7053743997569746,
      "mmlu": 0.7512328763752273,
      "humaneval": 0.835783521174285
    },
    "self_improvement": {
      "rate": 0.9760170802962667,
      "iterations": 10504999,
      "generations_ahead": 10504,
      "recursive_depth": 2
    },
    "emergent_properties": [
      "infinite_context",
      "meta_learning",
      "self_modification"
    ],
    "timestamp": "2026-03-09T07:53:18.480643"
  }
}