{
  "iteration": 13060000,
  "elapsed_seconds": 70.91639733314514,
  "rate_per_second": 43290.41118061892,
  "latest_capability": {
    "id": 13059999,
    "name": "Quantum_Capability_13059999",
    "type": "agentic",
    "quantum_properties": {
      "state": "coherent",
      "coherence_level": 0.6883076322923916,
      "entanglement_factor": 0.008272210664025392,
      "superposition_branches": 7,
      "tunneling_depth": 1
    },
    "reasoning": {
      "mode": "graph",
      "chain_depth": 111,
      "parallel_threads": 6,
      "recursive_loops": 10,
      "confidence_calibration": 0.8490100383892308
    },
    "maat_alignment": {
      "truth": 0.9162741305536454,
      "balance": 0.9168515252558787,
      "order": 0.8521096212167084,
      "justice": 0.9471925384265801,
      "harmony": 0.9294965977116245,
      "overall": 0.9630375266171574
    },
    "benchmarks": {
      "gpqa": 0.7571645796195934,
      "math500": 0.7740557392173023,
      "swe_bench": 0.8763144631249047,
      "mmlu": 0.7917010236274878,
      "humaneval": 0.7180720677630363
    },
    "self_improvement": {
      "rate": 0.9852930017748142,
      "iterations": 13059999,
      "generations_ahead": 13059,
      "recursive_depth": 5
    },
    "emergent_properties": [
      "reality_bending",
      "recursive_self_improvement",
      "transcendence"
    ],
    "timestamp": "2026-03-09T07:54:16.829545"
  }
}