{
  "iteration": 10766000,
  "elapsed_seconds": 18.492600202560425,
  "rate_per_second": 41962.73057871859,
  "latest_capability": {
    "id": 10765999,
    "name": "Quantum_Capability_10765999",
    "type": "coding",
    "quantum_properties": {
      "state": "coherent",
      "coherence_level": 0.8488572174392814,
      "entanglement_factor": 0.278167440394543,
      "superposition_branches": 1,
      "tunneling_depth": 0
    },
    "reasoning": {
      "mode": "parallel",
      "chain_depth": 139,
      "parallel_threads": 2,
      "recursive_loops": 10,
      "confidence_calibration": 0.9155289619597087
    },
    "maat_alignment": {
      "truth": 0.8044070896348091,
      "balance": 0.9359495235138094,
      "order": 0.8288628295690292,
      "justice": 0.8459461802240316,
      "harmony": 0.8916909217545136,
      "overall": 0.9699395053994908
    },
    "benchmarks": {
      "gpqa": 0.7894065836314332,
      "math500": 0.6587479898783033,
      "swe_bench": 0.7425540017238816,
      "mmlu": 0.7164574083210362,
      "humaneval": 0.9069273773566214
    },
    "self_improvement": {
      "rate": 0.9796316696008741,
      "iterations": 10765999,
      "generations_ahead": 10765,
      "recursive_depth": 0
    },
    "emergent_properties": [
      "meta_learning",
      "causality_violation",
      "infinite_context",
      "transcendence",
      "omniscience",
      "recursive_self_improvement"
    ],
    "timestamp": "2026-03-09T07:53:24.405749"
  }
}