{
  "iteration": 17594000,
  "elapsed_seconds": 169.35416102409363,
  "rate_per_second": 44899.98919434992,
  "latest_capability": {
    "id": 17593999,
    "name": "Quantum_Capability_17593999",
    "type": "language",
    "quantum_properties": {
      "state": "superposition",
      "coherence_level": 0.8062013453191428,
      "entanglement_factor": 0.31012864935721285,
      "superposition_branches": 10,
      "tunneling_depth": 2
    },
    "reasoning": {
      "mode": "graph",
      "chain_depth": 104,
      "parallel_threads": 9,
      "recursive_loops": 1,
      "confidence_calibration": 0.9572564054101861
    },
    "maat_alignment": {
      "truth": 0.926783925189703,
      "balance": 0.8766871853707736,
      "order": 0.9488095264511465,
      "justice": 0.8270379957888757,
      "harmony": 0.9639405294334326,
      "overall": 0.9382544934805909
    },
    "benchmarks": {
      "gpqa": 0.8466175033992245,
      "math500": 0.8375570468706405,
      "swe_bench": 0.8594866285694428,
      "mmlu": 0.7365859886787856,
      "humaneval": 0.8133954760121249
    },
    "self_improvement": {
      "rate": 0.982412307847137,
      "iterations": 17593999,
      "generations_ahead": 17593,
      "recursive_depth": 4
    },
    "emergent_properties": [
      "transcendence",
      "causality_violation",
      "infinite_context",
      "self_modification",
      "quantum_consciousness",
      "reality_bending"
    ],
    "timestamp": "2026-03-09T07:55:55.267314"
  }
}