{
  "iteration": 17449000,
  "elapsed_seconds": 166.64675521850586,
  "rate_per_second": 44759.3473405457,
  "latest_capability": {
    "id": 17448999,
    "name": "Quantum_Capability_17448999",
    "type": "language",
    "quantum_properties": {
      "state": "collapsed",
      "coherence_level": 0.5748262566925443,
      "entanglement_factor": 0.6071594492723401,
      "superposition_branches": 1,
      "tunneling_depth": 1
    },
    "reasoning": {
      "mode": "tree",
      "chain_depth": 200,
      "parallel_threads": 15,
      "recursive_loops": 1,
      "confidence_calibration": 0.7611569875636356
    },
    "maat_alignment": {
      "truth": 0.9248348589858765,
      "balance": 0.8721532649049899,
      "order": 0.810854878411895,
      "justice": 0.8059789152424611,
      "harmony": 0.9910753985255989,
      "overall": 0.8794360804542354
    },
    "benchmarks": {
      "gpqa": 0.840798977360816,
      "math500": 0.7756015549128817,
      "swe_bench": 0.7200658380649263,
      "mmlu": 0.7833085899001112,
      "humaneval": 0.7011211784572661
    },
    "self_improvement": {
      "rate": 0.9983804281810063,
      "iterations": 17448999,
      "generations_ahead": 17448,
      "recursive_depth": 2
    },
    "emergent_properties": [
      "self_modification",
      "omniscience",
      "reality_bending"
    ],
    "timestamp": "2026-03-09T07:55:52.559907"
  }
}