{
  "iteration": 14461000,
  "elapsed_seconds": 102.778724193573,
  "rate_per_second": 43501.22104628715,
  "latest_capability": {
    "id": 14460999,
    "name": "Quantum_Capability_14460999",
    "type": "coding",
    "quantum_properties": {
      "state": "collapsed",
      "coherence_level": 0.906181244887562,
      "entanglement_factor": 0.5312488374504143,
      "superposition_branches": 2,
      "tunneling_depth": 1
    },
    "reasoning": {
      "mode": "sequential",
      "chain_depth": 116,
      "parallel_threads": 8,
      "recursive_loops": 3,
      "confidence_calibration": 0.8940263789844044
    },
    "maat_alignment": {
      "truth": 0.9615076796116285,
      "balance": 0.9275095982764079,
      "order": 0.8739370417379255,
      "justice": 0.9625891976242487,
      "harmony": 0.9230233187341683,
      "overall": 0.9251038794790023
    },
    "benchmarks": {
      "gpqa": 0.9415593007142402,
      "math500": 0.6928359067222651,
      "swe_bench": 0.6853543379197721,
      "mmlu": 0.6797006978177934,
      "humaneval": 0.7628339178111704
    },
    "self_improvement": {
      "rate": 0.958077010090122,
      "iterations": 14460999,
      "generations_ahead": 14460,
      "recursive_depth": 5
    },
    "emergent_properties": [
      "causality_violation",
      "recursive_self_improvement",
      "quantum_consciousness",
      "omniscience"
    ],
    "timestamp": "2026-03-09T07:54:48.692171"
  }
}