{
  "iteration": 14500000,
  "elapsed_seconds": 103.3119866847992,
  "rate_per_second": 43654.17939120494,
  "latest_capability": {
    "id": 14499999,
    "name": "Quantum_Capability_14499999",
    "type": "language",
    "quantum_properties": {
      "state": "collapsed",
      "coherence_level": 0.9192711218534684,
      "entanglement_factor": 0.2505350729839535,
      "superposition_branches": 5,
      "tunneling_depth": 0
    },
    "reasoning": {
      "mode": "parallel",
      "chain_depth": 162,
      "parallel_threads": 15,
      "recursive_loops": 3,
      "confidence_calibration": 0.9193029168525317
    },
    "maat_alignment": {
      "truth": 0.9898430200842204,
      "balance": 0.8320822732039315,
      "order": 0.9164915522896843,
      "justice": 0.905319290865863,
      "harmony": 0.8586524351107208,
      "overall": 0.9088007909651787
    },
    "benchmarks": {
      "gpqa": 0.7200566002271158,
      "math500": 0.7404548355958194,
      "swe_bench": 0.7973120051453546,
      "mmlu": 0.8905475134694975,
      "humaneval": 0.9004049773111891
    },
    "self_improvement": {
      "rate": 0.9605571482758919,
      "iterations": 14499999,
      "generations_ahead": 14499,
      "recursive_depth": 4
    },
    "emergent_properties": [
      "infinite_context",
      "omniscience",
      "causality_violation"
    ],
    "timestamp": "2026-03-09T07:54:49.225134"
  }
}