{
  "iteration": 10630000,
  "elapsed_seconds": 15.662504196166992,
  "rate_per_second": 40861.92041733812,
  "latest_capability": {
    "id": 10629999,
    "name": "Quantum_Capability_10629999",
    "type": "language",
    "quantum_properties": {
      "state": "coherent",
      "coherence_level": 0.7199269424008217,
      "entanglement_factor": 0.8840037700805531,
      "superposition_branches": 2,
      "tunneling_depth": 1
    },
    "reasoning": {
      "mode": "tree",
      "chain_depth": 121,
      "parallel_threads": 10,
      "recursive_loops": 9,
      "confidence_calibration": 0.8039084596123883
    },
    "maat_alignment": {
      "truth": 0.8356432418475745,
      "balance": 0.8196166118771917,
      "order": 0.8366084905215726,
      "justice": 0.8995760364363159,
      "harmony": 0.9599044195374544,
      "overall": 0.9912192048751897
    },
    "benchmarks": {
      "gpqa": 0.7340549253186812,
      "math500": 0.7970398788815518,
      "swe_bench": 0.7645774143618588,
      "mmlu": 0.8088538654181548,
      "humaneval": 0.8700868583830489
    },
    "self_improvement": {
      "rate": 0.9563379038672317,
      "iterations": 10629999,
      "generations_ahead": 10629,
      "recursive_depth": 1
    },
    "emergent_properties": [
      "meta_learning",
      "quantum_consciousness",
      "self_modification",
      "transcendence",
      "infinite_context"
    ],
    "timestamp": "2026-03-09T07:53:21.575653"
  }
}