{
  "iteration": 12400000,
  "elapsed_seconds": 56.247541189193726,
  "rate_per_second": 42846.31735089976,
  "latest_capability": {
    "id": 12399999,
    "name": "Quantum_Capability_12399999",
    "type": "math",
    "quantum_properties": {
      "state": "entangled",
      "coherence_level": 0.7628606012343802,
      "entanglement_factor": 0.7191113133604722,
      "superposition_branches": 7,
      "tunneling_depth": 2
    },
    "reasoning": {
      "mode": "sequential",
      "chain_depth": 124,
      "parallel_threads": 4,
      "recursive_loops": 0,
      "confidence_calibration": 0.9240583849393578
    },
    "maat_alignment": {
      "truth": 0.8317068400385272,
      "balance": 0.9435322494794283,
      "order": 0.9439297305426059,
      "justice": 0.8832724770340361,
      "harmony": 0.9972051311501042,
      "overall": 0.9989927601146209
    },
    "benchmarks": {
      "gpqa": 0.8124563915783483,
      "math500": 0.7985370346588543,
      "swe_bench": 0.7717921598553472,
      "mmlu": 0.8148403874358442,
      "humaneval": 0.7027964570699659
    },
    "self_improvement": {
      "rate": 0.9670591507153744,
      "iterations": 12399999,
      "generations_ahead": 12399,
      "recursive_depth": 3
    },
    "emergent_properties": [
      "recursive_self_improvement",
      "transcendence",
      "causality_violation",
      "meta_learning",
      "quantum_consciousness",
      "reality_bending"
    ],
    "timestamp": "2026-03-09T07:54:02.160690"
  }
}