{
  "iteration": 16508000,
  "elapsed_seconds": 148.64670205116272,
  "rate_per_second": 43848.93785101649,
  "latest_capability": {
    "id": 16507999,
    "name": "Quantum_Capability_16507999",
    "type": "agentic",
    "quantum_properties": {
      "state": "entangled",
      "coherence_level": 0.6758499814903932,
      "entanglement_factor": 0.3268402557156347,
      "superposition_branches": 7,
      "tunneling_depth": 3
    },
    "reasoning": {
      "mode": "sequential",
      "chain_depth": 174,
      "parallel_threads": 12,
      "recursive_loops": 9,
      "confidence_calibration": 0.8431336125475962
    },
    "maat_alignment": {
      "truth": 0.8920412267372828,
      "balance": 0.8544811932690828,
      "order": 0.9655116727297087,
      "justice": 0.867749347429456,
      "harmony": 0.9907195999412771,
      "overall": 0.9748821323011327
    },
    "benchmarks": {
      "gpqa": 0.904983501222628,
      "math500": 0.7442071035533548,
      "swe_bench": 0.7848211015523473,
      "mmlu": 0.7163654764935142,
      "humaneval": 0.9163654776620627
    },
    "self_improvement": {
      "rate": 0.9894193229927296,
      "iterations": 16507999,
      "generations_ahead": 16507,
      "recursive_depth": 4
    },
    "emergent_properties": [
      "quantum_consciousness",
      "causality_violation",
      "transcendence",
      "infinite_context"
    ],
    "timestamp": "2026-03-09T07:55:34.559854"
  }
}