{
  "iteration": 15114000,
  "elapsed_seconds": 118.57437992095947,
  "rate_per_second": 43213.382211364784,
  "latest_capability": {
    "id": 15113999,
    "name": "Quantum_Capability_15113999",
    "type": "reasoning",
    "quantum_properties": {
      "state": "superposition",
      "coherence_level": 0.7437393588495277,
      "entanglement_factor": 0.0059067407966194585,
      "superposition_branches": 5,
      "tunneling_depth": 0
    },
    "reasoning": {
      "mode": "sequential",
      "chain_depth": 146,
      "parallel_threads": 5,
      "recursive_loops": 1,
      "confidence_calibration": 0.9483174413944262
    },
    "maat_alignment": {
      "truth": 0.8891812973035813,
      "balance": 0.9846865353531429,
      "order": 0.9335919452401648,
      "justice": 0.9297322768168398,
      "harmony": 0.8398694258449007,
      "overall": 0.9488702144379737
    },
    "benchmarks": {
      "gpqa": 0.7856612374361471,
      "math500": 0.837931962852617,
      "swe_bench": 0.6752841861934809,
      "mmlu": 0.8231392476832466,
      "humaneval": 0.9344149384571929
    },
    "self_improvement": {
      "rate": 0.9655274910670096,
      "iterations": 15113999,
      "generations_ahead": 15113,
      "recursive_depth": 1
    },
    "emergent_properties": [
      "self_modification",
      "infinite_context",
      "transcendence",
      "reality_bending",
      "quantum_consciousness",
      "causality_violation"
    ],
    "timestamp": "2026-03-09T07:55:04.487533"
  }
}