{
  "iteration": 15608000,
  "elapsed_seconds": 127.92764377593994,
  "rate_per_second": 43915.44965714915,
  "latest_capability": {
    "id": 15607999,
    "name": "Quantum_Capability_15607999",
    "type": "coding",
    "quantum_properties": {
      "state": "entangled",
      "coherence_level": 0.5030396687134856,
      "entanglement_factor": 0.8606391053951794,
      "superposition_branches": 6,
      "tunneling_depth": 0
    },
    "reasoning": {
      "mode": "graph",
      "chain_depth": 135,
      "parallel_threads": 1,
      "recursive_loops": 6,
      "confidence_calibration": 0.9612848753363405
    },
    "maat_alignment": {
      "truth": 0.9199214515451888,
      "balance": 0.8433193201013806,
      "order": 0.8926550107560641,
      "justice": 0.9711374875972539,
      "harmony": 0.8158536825937147,
      "overall": 0.9068981476275759
    },
    "benchmarks": {
      "gpqa": 0.7257428606849072,
      "math500": 0.7991781604078829,
      "swe_bench": 0.7122010346354422,
      "mmlu": 0.6608145857196182,
      "humaneval": 0.8799042461878815
    },
    "self_improvement": {
      "rate": 0.9946050584384806,
      "iterations": 15607999,
      "generations_ahead": 15607,
      "recursive_depth": 1
    },
    "emergent_properties": [
      "recursive_self_improvement",
      "causality_violation",
      "self_modification",
      "reality_bending"
    ],
    "timestamp": "2026-03-09T07:55:13.840796"
  }
}