{
  "iteration": 10185000,
  "elapsed_seconds": 3.980426549911499,
  "rate_per_second": 48989.72448174823,
  "latest_capability": {
    "id": 10184999,
    "name": "Quantum_Capability_10184999",
    "type": "reasoning",
    "quantum_properties": {
      "state": "superposition",
      "coherence_level": 0.6605012174807754,
      "entanglement_factor": 0.23394831239782332,
      "superposition_branches": 5,
      "tunneling_depth": 1
    },
    "reasoning": {
      "mode": "graph",
      "chain_depth": 128,
      "parallel_threads": 7,
      "recursive_loops": 2,
      "confidence_calibration": 0.757017503034704
    },
    "maat_alignment": {
      "truth": 0.8582161978651259,
      "balance": 0.8433605580988125,
      "order": 0.8603788450612732,
      "justice": 0.9852119300263475,
      "harmony": 0.8688298697184719,
      "overall": 0.9457305541837057
    },
    "benchmarks": {
      "gpqa": 0.8925907305177103,
      "math500": 0.8741387789928631,
      "swe_bench": 0.6850806869118339,
      "mmlu": 0.8449068979679754,
      "humaneval": 0.8658131550575658
    },
    "self_improvement": {
      "rate": 0.9808403803258716,
      "iterations": 10184999,
      "generations_ahead": 10184,
      "recursive_depth": 1
    },
    "emergent_properties": [
      "quantum_consciousness",
      "causality_violation",
      "reality_bending",
      "omniscience",
      "meta_learning"
    ],
    "timestamp": "2026-03-09T07:53:09.893582"
  }
}