{
  "iteration": 11835000,
  "elapsed_seconds": 43.93286919593811,
  "rate_per_second": 41995.89131707753,
  "latest_capability": {
    "id": 11834999,
    "name": "Quantum_Capability_11834999",
    "type": "math",
    "quantum_properties": {
      "state": "collapsed",
      "coherence_level": 0.6062711734941717,
      "entanglement_factor": 0.47439636024569376,
      "superposition_branches": 10,
      "tunneling_depth": 2
    },
    "reasoning": {
      "mode": "parallel",
      "chain_depth": 30,
      "parallel_threads": 11,
      "recursive_loops": 6,
      "confidence_calibration": 0.9388517162928848
    },
    "maat_alignment": {
      "truth": 0.9316979862531628,
      "balance": 0.8387303944923825,
      "order": 0.9248057108677564,
      "justice": 0.9306388364650675,
      "harmony": 0.8817611396105456,
      "overall": 0.9210601031141
    },
    "benchmarks": {
      "gpqa": 0.7942045349077207,
      "math500": 0.706686990965367,
      "swe_bench": 0.7465567624542291,
      "mmlu": 0.6933340301208081,
      "humaneval": 0.7354185842273407
    },
    "self_improvement": {
      "rate": 0.9703979074808643,
      "iterations": 11834999,
      "generations_ahead": 11834,
      "recursive_depth": 3
    },
    "emergent_properties": [
      "omniscience",
      "infinite_context",
      "recursive_self_improvement",
      "transcendence"
    ],
    "timestamp": "2026-03-09T07:53:49.846021"
  }
}