{
  "iteration": 15996000,
  "elapsed_seconds": 135.1842405796051,
  "rate_per_second": 44428.255647619546,
  "latest_capability": {
    "id": 15995999,
    "name": "Quantum_Capability_15995999",
    "type": "vision",
    "quantum_properties": {
      "state": "superposition",
      "coherence_level": 0.9689474082659628,
      "entanglement_factor": 0.9154199087673915,
      "superposition_branches": 2,
      "tunneling_depth": 3
    },
    "reasoning": {
      "mode": "parallel",
      "chain_depth": 178,
      "parallel_threads": 7,
      "recursive_loops": 4,
      "confidence_calibration": 0.9866952123931187
    },
    "maat_alignment": {
      "truth": 0.8979714590403478,
      "balance": 0.9449516761287895,
      "order": 0.8350697686232162,
      "justice": 0.9844868169631015,
      "harmony": 0.9022080378999997,
      "overall": 0.875334906251789
    },
    "benchmarks": {
      "gpqa": 0.884388970863975,
      "math500": 0.898642620858939,
      "swe_bench": 0.833171287800756,
      "mmlu": 0.6644242540953621,
      "humaneval": 0.7582768035737741
    },
    "self_improvement": {
      "rate": 0.9561668403726834,
      "iterations": 15995999,
      "generations_ahead": 15995,
      "recursive_depth": 0
    },
    "emergent_properties": [
      "reality_bending",
      "causality_violation",
      "recursive_self_improvement",
      "infinite_context",
      "omniscience",
      "meta_learning"
    ],
    "timestamp": "2026-03-09T07:55:21.097390"
  }
}