{
  "iteration": 10309000,
  "elapsed_seconds": 7.152214765548706,
  "rate_per_second": 44601.56894848597,
  "latest_capability": {
    "id": 10308999,
    "name": "Quantum_Capability_10308999",
    "type": "agentic",
    "quantum_properties": {
      "state": "entangled",
      "coherence_level": 0.5379033767656123,
      "entanglement_factor": 0.8672295877433287,
      "superposition_branches": 10,
      "tunneling_depth": 1
    },
    "reasoning": {
      "mode": "sequential",
      "chain_depth": 23,
      "parallel_threads": 8,
      "recursive_loops": 7,
      "confidence_calibration": 0.958297298361021
    },
    "maat_alignment": {
      "truth": 0.8735542063750521,
      "balance": 0.9559774710486048,
      "order": 0.8443453263414258,
      "justice": 0.9758460933380806,
      "harmony": 0.8327733210326871,
      "overall": 0.9055285697170213
    },
    "benchmarks": {
      "gpqa": 0.872001472091345,
      "math500": 0.7194479228872548,
      "swe_bench": 0.881786265326622,
      "mmlu": 0.7895403223782139,
      "humaneval": 0.7430896187770175
    },
    "self_improvement": {
      "rate": 0.9866871099433837,
      "iterations": 10308999,
      "generations_ahead": 10308,
      "recursive_depth": 0
    },
    "emergent_properties": [
      "omniscience",
      "self_modification",
      "reality_bending"
    ],
    "timestamp": "2026-03-09T07:53:13.065363"
  }
}