{
  "iteration": 15349000,
  "elapsed_seconds": 122.76427054405212,
  "rate_per_second": 43652.76620184863,
  "latest_capability": {
    "id": 15348999,
    "name": "Quantum_Capability_15348999",
    "type": "reasoning",
    "quantum_properties": {
      "state": "coherent",
      "coherence_level": 0.6299175321188348,
      "entanglement_factor": 0.12565842969893581,
      "superposition_branches": 10,
      "tunneling_depth": 2
    },
    "reasoning": {
      "mode": "graph",
      "chain_depth": 116,
      "parallel_threads": 9,
      "recursive_loops": 8,
      "confidence_calibration": 0.9332388429858007
    },
    "maat_alignment": {
      "truth": 0.8875148582126242,
      "balance": 0.9338373910858299,
      "order": 0.9249301636106628,
      "justice": 0.9932438941432558,
      "harmony": 0.989425293616633,
      "overall": 0.9097222849267317
    },
    "benchmarks": {
      "gpqa": 0.7935346163767037,
      "math500": 0.8878942983498825,
      "swe_bench": 0.6733409188595112,
      "mmlu": 0.8844056081508694,
      "humaneval": 0.7308163056638851
    },
    "self_improvement": {
      "rate": 0.9684635521913123,
      "iterations": 15348999,
      "generations_ahead": 15348,
      "recursive_depth": 1
    },
    "emergent_properties": [
      "self_modification",
      "causality_violation",
      "meta_learning",
      "reality_bending"
    ],
    "timestamp": "2026-03-09T07:55:08.677423"
  }
}