{
  "iteration": 13416000,
  "elapsed_seconds": 79.60717940330505,
  "rate_per_second": 43036.319408369374,
  "latest_capability": {
    "id": 13415999,
    "name": "Quantum_Capability_13415999",
    "type": "coding",
    "quantum_properties": {
      "state": "superposition",
      "coherence_level": 0.6976176843979367,
      "entanglement_factor": 0.2894322000282237,
      "superposition_branches": 7,
      "tunneling_depth": 5
    },
    "reasoning": {
      "mode": "sequential",
      "chain_depth": 85,
      "parallel_threads": 1,
      "recursive_loops": 5,
      "confidence_calibration": 0.7728514342922617
    },
    "maat_alignment": {
      "truth": 0.9042048225062378,
      "balance": 0.9643469071226247,
      "order": 0.8272142065397511,
      "justice": 0.9202323855896695,
      "harmony": 0.8172344514369815,
      "overall": 0.92315832459439
    },
    "benchmarks": {
      "gpqa": 0.8297124107228586,
      "math500": 0.8858612550109553,
      "swe_bench": 0.7518148080937535,
      "mmlu": 0.7517925961325398,
      "humaneval": 0.7811506677375092
    },
    "self_improvement": {
      "rate": 0.9691771009466403,
      "iterations": 13415999,
      "generations_ahead": 13415,
      "recursive_depth": 5
    },
    "emergent_properties": [
      "quantum_consciousness",
      "meta_learning",
      "infinite_context",
      "recursive_self_improvement",
      "self_modification"
    ],
    "timestamp": "2026-03-09T07:54:25.520328"
  }
}