{
  "iteration": 10857000,
  "elapsed_seconds": 21.126829624176025,
  "rate_per_second": 41037.865852236886,
  "latest_capability": {
    "id": 10856999,
    "name": "Quantum_Capability_10856999",
    "type": "math",
    "quantum_properties": {
      "state": "entangled",
      "coherence_level": 0.7752159514685679,
      "entanglement_factor": 0.08609100174452144,
      "superposition_branches": 5,
      "tunneling_depth": 2
    },
    "reasoning": {
      "mode": "tree",
      "chain_depth": 161,
      "parallel_threads": 1,
      "recursive_loops": 2,
      "confidence_calibration": 0.8895653146238844
    },
    "maat_alignment": {
      "truth": 0.8161105500633834,
      "balance": 0.8115025498144419,
      "order": 0.8071814415528884,
      "justice": 0.9514329580110639,
      "harmony": 0.8702246669319953,
      "overall": 0.9917909946844027
    },
    "benchmarks": {
      "gpqa": 0.8915150473317651,
      "math500": 0.7416831556555789,
      "swe_bench": 0.6811507205012852,
      "mmlu": 0.7844247071502946,
      "humaneval": 0.7137731969228653
    },
    "self_improvement": {
      "rate": 0.9534027662325286,
      "iterations": 10856999,
      "generations_ahead": 10856,
      "recursive_depth": 1
    },
    "emergent_properties": [
      "self_modification",
      "quantum_consciousness",
      "recursive_self_improvement",
      "meta_learning"
    ],
    "timestamp": "2026-03-09T07:53:27.039978"
  }
}