{
  "iteration": 13350000,
  "elapsed_seconds": 78.35019278526306,
  "rate_per_second": 42884.387141316445,
  "latest_capability": {
    "id": 13349999,
    "name": "Quantum_Capability_13349999",
    "type": "coding",
    "quantum_properties": {
      "state": "collapsed",
      "coherence_level": 0.9087779930325062,
      "entanglement_factor": 0.3238217123674839,
      "superposition_branches": 10,
      "tunneling_depth": 4
    },
    "reasoning": {
      "mode": "graph",
      "chain_depth": 81,
      "parallel_threads": 2,
      "recursive_loops": 7,
      "confidence_calibration": 0.8503556622460955
    },
    "maat_alignment": {
      "truth": 0.8180838976267841,
      "balance": 0.959592907455529,
      "order": 0.9564303264928071,
      "justice": 0.950973176490345,
      "harmony": 0.8971788680700198,
      "overall": 0.8594619308915289
    },
    "benchmarks": {
      "gpqa": 0.8492482019585427,
      "math500": 0.7060394345005194,
      "swe_bench": 0.7667025940398152,
      "mmlu": 0.6903768627244095,
      "humaneval": 0.850292092589312
    },
    "self_improvement": {
      "rate": 0.9875975008453607,
      "iterations": 13349999,
      "generations_ahead": 13349,
      "recursive_depth": 3
    },
    "emergent_properties": [
      "quantum_consciousness",
      "recursive_self_improvement",
      "causality_violation",
      "self_modification"
    ],
    "timestamp": "2026-03-09T07:54:24.263359"
  }
}