{
  "iteration": 15243000,
  "elapsed_seconds": 120.98642992973328,
  "rate_per_second": 43418.09245095377,
  "latest_capability": {
    "id": 15242999,
    "name": "Quantum_Capability_15242999",
    "type": "math",
    "quantum_properties": {
      "state": "superposition",
      "coherence_level": 0.7613613714888552,
      "entanglement_factor": 0.8960596991424883,
      "superposition_branches": 10,
      "tunneling_depth": 5
    },
    "reasoning": {
      "mode": "graph",
      "chain_depth": 19,
      "parallel_threads": 14,
      "recursive_loops": 9,
      "confidence_calibration": 0.8852701035000741
    },
    "maat_alignment": {
      "truth": 0.8608682030949324,
      "balance": 0.8212021183847202,
      "order": 0.834318200377203,
      "justice": 0.8084548450541863,
      "harmony": 0.9300375272662311,
      "overall": 0.9975220815727516
    },
    "benchmarks": {
      "gpqa": 0.7959830123134382,
      "math500": 0.8890762904549674,
      "swe_bench": 0.6929341323072379,
      "mmlu": 0.8203870278802611,
      "humaneval": 0.7868089852801087
    },
    "self_improvement": {
      "rate": 0.9570967470083002,
      "iterations": 15242999,
      "generations_ahead": 15242,
      "recursive_depth": 2
    },
    "emergent_properties": [
      "meta_learning",
      "infinite_context",
      "transcendence",
      "reality_bending",
      "quantum_consciousness",
      "omniscience"
    ],
    "timestamp": "2026-03-09T07:55:06.899583"
  }
}