{
  "iteration": 17644000,
  "elapsed_seconds": 170.37417483329773,
  "rate_per_second": 44924.64898209509,
  "latest_capability": {
    "id": 17643999,
    "name": "Quantum_Capability_17643999",
    "type": "language",
    "quantum_properties": {
      "state": "superposition",
      "coherence_level": 0.8675291746532254,
      "entanglement_factor": 0.5367080430062657,
      "superposition_branches": 3,
      "tunneling_depth": 0
    },
    "reasoning": {
      "mode": "tree",
      "chain_depth": 43,
      "parallel_threads": 1,
      "recursive_loops": 6,
      "confidence_calibration": 0.9996552483117283
    },
    "maat_alignment": {
      "truth": 0.9761479925938874,
      "balance": 0.8590152773602149,
      "order": 0.9700194548129296,
      "justice": 0.865080707659038,
      "harmony": 0.9107235818512478,
      "overall": 0.9296194193095539
    },
    "benchmarks": {
      "gpqa": 0.7743436221773433,
      "math500": 0.7856222130892765,
      "swe_bench": 0.7233773212807837,
      "mmlu": 0.8139265496687663,
      "humaneval": 0.9015676425897245
    },
    "self_improvement": {
      "rate": 0.9774983360094979,
      "iterations": 17643999,
      "generations_ahead": 17643,
      "recursive_depth": 3
    },
    "emergent_properties": [
      "reality_bending",
      "transcendence",
      "infinite_context",
      "quantum_consciousness",
      "recursive_self_improvement",
      "causality_violation"
    ],
    "timestamp": "2026-03-09T07:55:56.287332"
  }
}