{
  "iteration": 16560000,
  "elapsed_seconds": 149.68425679206848,
  "rate_per_second": 43892.39149663289,
  "latest_capability": {
    "id": 16559999,
    "name": "Quantum_Capability_16559999",
    "type": "vision",
    "quantum_properties": {
      "state": "entangled",
      "coherence_level": 0.6948995774015342,
      "entanglement_factor": 0.2847272224166729,
      "superposition_branches": 5,
      "tunneling_depth": 4
    },
    "reasoning": {
      "mode": "parallel",
      "chain_depth": 17,
      "parallel_threads": 12,
      "recursive_loops": 2,
      "confidence_calibration": 0.9500443495254423
    },
    "maat_alignment": {
      "truth": 0.9602803372646691,
      "balance": 0.8400611629421684,
      "order": 0.8557753294932957,
      "justice": 0.8166190962578075,
      "harmony": 0.9946511051383922,
      "overall": 0.9627767306133113
    },
    "benchmarks": {
      "gpqa": 0.8605636828962704,
      "math500": 0.7409284012723699,
      "swe_bench": 0.833961241268812,
      "mmlu": 0.774972501727848,
      "humaneval": 0.7286877743555875
    },
    "self_improvement": {
      "rate": 0.973971796744378,
      "iterations": 16559999,
      "generations_ahead": 16559,
      "recursive_depth": 3
    },
    "emergent_properties": [
      "transcendence",
      "infinite_context",
      "reality_bending",
      "recursive_self_improvement"
    ],
    "timestamp": "2026-03-09T07:55:35.597405"
  }
}