{
  "iteration": 14131000,
  "elapsed_seconds": 96.29160189628601,
  "rate_per_second": 43004.78877130114,
  "latest_capability": {
    "id": 14130999,
    "name": "Quantum_Capability_14130999",
    "type": "multimodal",
    "quantum_properties": {
      "state": "coherent",
      "coherence_level": 0.8181750518296655,
      "entanglement_factor": 0.1302097908137836,
      "superposition_branches": 4,
      "tunneling_depth": 3
    },
    "reasoning": {
      "mode": "tree",
      "chain_depth": 19,
      "parallel_threads": 8,
      "recursive_loops": 5,
      "confidence_calibration": 0.7151421165154028
    },
    "maat_alignment": {
      "truth": 0.9352626847906071,
      "balance": 0.8749268013170852,
      "order": 0.89775472535375,
      "justice": 0.8515758363011512,
      "harmony": 0.8844375970968862,
      "overall": 0.97332999123193
    },
    "benchmarks": {
      "gpqa": 0.9142093997750482,
      "math500": 0.8811370016133712,
      "swe_bench": 0.6693238142272517,
      "mmlu": 0.7393889252298356,
      "humaneval": 0.8523713136573688
    },
    "self_improvement": {
      "rate": 0.9871447782901498,
      "iterations": 14130999,
      "generations_ahead": 14130,
      "recursive_depth": 3
    },
    "emergent_properties": [
      "quantum_consciousness",
      "meta_learning",
      "recursive_self_improvement",
      "transcendence",
      "causality_violation",
      "omniscience"
    ],
    "timestamp": "2026-03-09T07:54:42.204758"
  }
}