{
  "iteration": 15324000,
  "elapsed_seconds": 122.4152569770813,
  "rate_per_second": 43573.00006320811,
  "latest_capability": {
    "id": 15323999,
    "name": "Quantum_Capability_15323999",
    "type": "language",
    "quantum_properties": {
      "state": "collapsed",
      "coherence_level": 0.9068326893142171,
      "entanglement_factor": 0.1699123600459157,
      "superposition_branches": 8,
      "tunneling_depth": 1
    },
    "reasoning": {
      "mode": "sequential",
      "chain_depth": 196,
      "parallel_threads": 13,
      "recursive_loops": 9,
      "confidence_calibration": 0.7515162495372519
    },
    "maat_alignment": {
      "truth": 0.9410405532300418,
      "balance": 0.8553426855773778,
      "order": 0.9482227714013987,
      "justice": 0.8685070976787302,
      "harmony": 0.9161786495914395,
      "overall": 0.8501995283179374
    },
    "benchmarks": {
      "gpqa": 0.7081888099348987,
      "math500": 0.6726436997382508,
      "swe_bench": 0.8345333915909012,
      "mmlu": 0.6555059105998451,
      "humaneval": 0.8668673367449665
    },
    "self_improvement": {
      "rate": 0.9844795297199357,
      "iterations": 15323999,
      "generations_ahead": 15323,
      "recursive_depth": 5
    },
    "emergent_properties": [
      "meta_learning",
      "self_modification",
      "quantum_consciousness",
      "infinite_context"
    ],
    "timestamp": "2026-03-09T07:55:08.328405"
  }
}