{
  "iteration": 14208000,
  "elapsed_seconds": 97.65501570701599,
  "rate_per_second": 43192.86592154999,
  "latest_capability": {
    "id": 14207999,
    "name": "Quantum_Capability_14207999",
    "type": "coding",
    "quantum_properties": {
      "state": "entangled",
      "coherence_level": 0.8996149767642668,
      "entanglement_factor": 0.12484973294553647,
      "superposition_branches": 1,
      "tunneling_depth": 1
    },
    "reasoning": {
      "mode": "tree",
      "chain_depth": 182,
      "parallel_threads": 15,
      "recursive_loops": 1,
      "confidence_calibration": 0.863854671522392
    },
    "maat_alignment": {
      "truth": 0.8687491080357035,
      "balance": 0.8715736759005447,
      "order": 0.8044288426045101,
      "justice": 0.8821473217323366,
      "harmony": 0.9941955388171573,
      "overall": 0.905345341184475
    },
    "benchmarks": {
      "gpqa": 0.7258145707439276,
      "math500": 0.6623277927393054,
      "swe_bench": 0.8380439305898328,
      "mmlu": 0.7351043314920535,
      "humaneval": 0.9350184537864988
    },
    "self_improvement": {
      "rate": 0.9863239284388099,
      "iterations": 14207999,
      "generations_ahead": 14207,
      "recursive_depth": 2
    },
    "emergent_properties": [
      "omniscience",
      "reality_bending",
      "infinite_context",
      "recursive_self_improvement"
    ],
    "timestamp": "2026-03-09T07:54:43.568171"
  }
}