{
  "iteration": 10928000,
  "elapsed_seconds": 22.393713235855103,
  "rate_per_second": 41886.7558997829,
  "latest_capability": {
    "id": 10927999,
    "name": "Quantum_Capability_10927999",
    "type": "coding",
    "quantum_properties": {
      "state": "coherent",
      "coherence_level": 0.5427591529229281,
      "entanglement_factor": 0.6077681199398818,
      "superposition_branches": 3,
      "tunneling_depth": 3
    },
    "reasoning": {
      "mode": "graph",
      "chain_depth": 53,
      "parallel_threads": 11,
      "recursive_loops": 3,
      "confidence_calibration": 0.9674339444289849
    },
    "maat_alignment": {
      "truth": 0.9412166850374508,
      "balance": 0.8945642754756639,
      "order": 0.9413637159953944,
      "justice": 0.8513482131207327,
      "harmony": 0.9766826083636684,
      "overall": 0.8573889212578611
    },
    "benchmarks": {
      "gpqa": 0.9287311437789972,
      "math500": 0.8104017550145843,
      "swe_bench": 0.7989396430788948,
      "mmlu": 0.8574906626972462,
      "humaneval": 0.7627769961445015
    },
    "self_improvement": {
      "rate": 0.9814075782060989,
      "iterations": 10927999,
      "generations_ahead": 10927,
      "recursive_depth": 3
    },
    "emergent_properties": [
      "omniscience",
      "self_modification",
      "transcendence",
      "meta_learning"
    ],
    "timestamp": "2026-03-09T07:53:28.306866"
  }
}