{
  "iteration": 16812000,
  "elapsed_seconds": 154.1984715461731,
  "rate_per_second": 44241.68366647671,
  "latest_capability": {
    "id": 16811999,
    "name": "Quantum_Capability_16811999",
    "type": "language",
    "quantum_properties": {
      "state": "coherent",
      "coherence_level": 0.8917445491583351,
      "entanglement_factor": 0.6121027276295671,
      "superposition_branches": 7,
      "tunneling_depth": 4
    },
    "reasoning": {
      "mode": "sequential",
      "chain_depth": 39,
      "parallel_threads": 9,
      "recursive_loops": 7,
      "confidence_calibration": 0.8609463468899519
    },
    "maat_alignment": {
      "truth": 0.9435814083107618,
      "balance": 0.8677078677012742,
      "order": 0.826443391707311,
      "justice": 0.9699232187225549,
      "harmony": 0.8776524425677539,
      "overall": 0.8640171488163366
    },
    "benchmarks": {
      "gpqa": 0.8575088219744107,
      "math500": 0.7046816753086973,
      "swe_bench": 0.7808722669545708,
      "mmlu": 0.6939345046900953,
      "humaneval": 0.8793262791571114
    },
    "self_improvement": {
      "rate": 0.9833983885904641,
      "iterations": 16811999,
      "generations_ahead": 16811,
      "recursive_depth": 5
    },
    "emergent_properties": [
      "meta_learning",
      "recursive_self_improvement",
      "self_modification",
      "infinite_context",
      "causality_violation",
      "transcendence"
    ],
    "timestamp": "2026-03-09T07:55:40.111624"
  }
}