{
  "iteration": 12793000,
  "elapsed_seconds": 65.64911580085754,
  "rate_per_second": 42696.69082067646,
  "latest_capability": {
    "id": 12792999,
    "name": "Quantum_Capability_12792999",
    "type": "language",
    "quantum_properties": {
      "state": "collapsed",
      "coherence_level": 0.975402280928019,
      "entanglement_factor": 0.8566716540174507,
      "superposition_branches": 6,
      "tunneling_depth": 5
    },
    "reasoning": {
      "mode": "parallel",
      "chain_depth": 101,
      "parallel_threads": 7,
      "recursive_loops": 10,
      "confidence_calibration": 0.9027272457642499
    },
    "maat_alignment": {
      "truth": 0.8802076737554991,
      "balance": 0.868032486014958,
      "order": 0.8077859861892414,
      "justice": 0.9985107572963747,
      "harmony": 0.8520128740924977,
      "overall": 0.9382203669572877
    },
    "benchmarks": {
      "gpqa": 0.8026196628185573,
      "math500": 0.8558599118490156,
      "swe_bench": 0.6795630002544577,
      "mmlu": 0.7684107311182731,
      "humaneval": 0.8406544347237331
    },
    "self_improvement": {
      "rate": 0.969942948662288,
      "iterations": 12792999,
      "generations_ahead": 12792,
      "recursive_depth": 3
    },
    "emergent_properties": [
      "quantum_consciousness",
      "meta_learning",
      "transcendence",
      "infinite_context"
    ],
    "timestamp": "2026-03-09T07:54:11.562264"
  }
}