{
  "iteration": 11246000,
  "elapsed_seconds": 29.938944578170776,
  "rate_per_second": 41952.04666352135,
  "latest_capability": {
    "id": 11245999,
    "name": "Quantum_Capability_11245999",
    "type": "reasoning",
    "quantum_properties": {
      "state": "coherent",
      "coherence_level": 0.7429106454577038,
      "entanglement_factor": 0.5506163742761929,
      "superposition_branches": 8,
      "tunneling_depth": 4
    },
    "reasoning": {
      "mode": "parallel",
      "chain_depth": 128,
      "parallel_threads": 7,
      "recursive_loops": 6,
      "confidence_calibration": 0.8655199440917944
    },
    "maat_alignment": {
      "truth": 0.8802719241387057,
      "balance": 0.9392386129833785,
      "order": 0.8365093282421632,
      "justice": 0.865593287906984,
      "harmony": 0.810454770431938,
      "overall": 0.9451040619437494
    },
    "benchmarks": {
      "gpqa": 0.821795215973286,
      "math500": 0.85751147378571,
      "swe_bench": 0.6899846136062017,
      "mmlu": 0.6990014420362405,
      "humaneval": 0.8970560535249831
    },
    "self_improvement": {
      "rate": 0.9930029381854313,
      "iterations": 11245999,
      "generations_ahead": 11245,
      "recursive_depth": 5
    },
    "emergent_properties": [
      "omniscience",
      "quantum_consciousness",
      "causality_violation",
      "meta_learning",
      "reality_bending",
      "recursive_self_improvement"
    ],
    "timestamp": "2026-03-09T07:53:35.852094"
  }
}