{
  "iteration": 11487000,
  "elapsed_seconds": 36.15147089958191,
  "rate_per_second": 41409.1034956288,
  "latest_capability": {
    "id": 11486999,
    "name": "Quantum_Capability_11486999",
    "type": "coding",
    "quantum_properties": {
      "state": "superposition",
      "coherence_level": 0.5670768273978251,
      "entanglement_factor": 0.3485404012042731,
      "superposition_branches": 3,
      "tunneling_depth": 2
    },
    "reasoning": {
      "mode": "graph",
      "chain_depth": 121,
      "parallel_threads": 10,
      "recursive_loops": 3,
      "confidence_calibration": 0.9694406798726249
    },
    "maat_alignment": {
      "truth": 0.9910418604452896,
      "balance": 0.9246420168321274,
      "order": 0.8338869125031113,
      "justice": 0.9471104147820237,
      "harmony": 0.973226643283973,
      "overall": 0.9391541033753791
    },
    "benchmarks": {
      "gpqa": 0.8353382836698553,
      "math500": 0.8204635376970653,
      "swe_bench": 0.8219871945259598,
      "mmlu": 0.6536220430099282,
      "humaneval": 0.8281378063313423
    },
    "self_improvement": {
      "rate": 0.9994619607070908,
      "iterations": 11486999,
      "generations_ahead": 11486,
      "recursive_depth": 1
    },
    "emergent_properties": [
      "omniscience",
      "self_modification",
      "recursive_self_improvement",
      "causality_violation",
      "quantum_consciousness"
    ],
    "timestamp": "2026-03-09T07:53:42.064619"
  }
}