{
  "iteration": 11256000,
  "elapsed_seconds": 30.097400188446045,
  "rate_per_second": 42063.43378741394,
  "latest_capability": {
    "id": 11255999,
    "name": "Quantum_Capability_11255999",
    "type": "reasoning",
    "quantum_properties": {
      "state": "collapsed",
      "coherence_level": 0.818844086063887,
      "entanglement_factor": 0.5953351293997334,
      "superposition_branches": 8,
      "tunneling_depth": 0
    },
    "reasoning": {
      "mode": "sequential",
      "chain_depth": 118,
      "parallel_threads": 6,
      "recursive_loops": 4,
      "confidence_calibration": 0.7041919521831078
    },
    "maat_alignment": {
      "truth": 0.8654525472702692,
      "balance": 0.9798827698829752,
      "order": 0.8759746318860469,
      "justice": 0.8872276651418441,
      "harmony": 0.9156878303830397,
      "overall": 0.9292236721644653
    },
    "benchmarks": {
      "gpqa": 0.7807665651011273,
      "math500": 0.7787533626039327,
      "swe_bench": 0.6556520565080292,
      "mmlu": 0.7060131424888193,
      "humaneval": 0.8264585218767708
    },
    "self_improvement": {
      "rate": 0.9693143904455961,
      "iterations": 11255999,
      "generations_ahead": 11255,
      "recursive_depth": 0
    },
    "emergent_properties": [
      "omniscience",
      "quantum_consciousness",
      "reality_bending",
      "infinite_context",
      "causality_violation"
    ],
    "timestamp": "2026-03-09T07:53:36.010552"
  }
}