{
  "iteration": 16021000,
  "elapsed_seconds": 135.84945702552795,
  "rate_per_second": 44394.73025546722,
  "latest_capability": {
    "id": 16020999,
    "name": "Quantum_Capability_16020999",
    "type": "reasoning",
    "quantum_properties": {
      "state": "collapsed",
      "coherence_level": 0.7911635514456119,
      "entanglement_factor": 0.8531566800584985,
      "superposition_branches": 4,
      "tunneling_depth": 0
    },
    "reasoning": {
      "mode": "graph",
      "chain_depth": 193,
      "parallel_threads": 3,
      "recursive_loops": 10,
      "confidence_calibration": 0.8552182077560228
    },
    "maat_alignment": {
      "truth": 0.8480041811521549,
      "balance": 0.8050685646370481,
      "order": 0.8430648564625284,
      "justice": 0.9725941590789932,
      "harmony": 0.8019125837194069,
      "overall": 0.8997537825403035
    },
    "benchmarks": {
      "gpqa": 0.7578833993130281,
      "math500": 0.7473330969648787,
      "swe_bench": 0.846955590678035,
      "mmlu": 0.8410664562013577,
      "humaneval": 0.73643373234155
    },
    "self_improvement": {
      "rate": 0.9821200476463553,
      "iterations": 16020999,
      "generations_ahead": 16020,
      "recursive_depth": 2
    },
    "emergent_properties": [
      "transcendence",
      "reality_bending",
      "self_modification",
      "causality_violation"
    ],
    "timestamp": "2026-03-09T07:55:21.762613"
  }
}