{
  "iteration": 16473000,
  "elapsed_seconds": 147.85118985176086,
  "rate_per_second": 43848.14221989022,
  "latest_capability": {
    "id": 16472999,
    "name": "Quantum_Capability_16472999",
    "type": "math",
    "quantum_properties": {
      "state": "coherent",
      "coherence_level": 0.7849685197217867,
      "entanglement_factor": 0.7323274797751027,
      "superposition_branches": 3,
      "tunneling_depth": 1
    },
    "reasoning": {
      "mode": "graph",
      "chain_depth": 14,
      "parallel_threads": 8,
      "recursive_loops": 9,
      "confidence_calibration": 0.9210119790704214
    },
    "maat_alignment": {
      "truth": 0.9559548829397995,
      "balance": 0.9104825052552792,
      "order": 0.961969358172371,
      "justice": 0.8795587589157274,
      "harmony": 0.8643781948730761,
      "overall": 0.9312008738279581
    },
    "benchmarks": {
      "gpqa": 0.8821530778810917,
      "math500": 0.7288278050932916,
      "swe_bench": 0.749015596652649,
      "mmlu": 0.7572165620451929,
      "humaneval": 0.7376095264323287
    },
    "self_improvement": {
      "rate": 0.982188996765762,
      "iterations": 16472999,
      "generations_ahead": 16472,
      "recursive_depth": 3
    },
    "emergent_properties": [
      "meta_learning",
      "reality_bending",
      "infinite_context",
      "omniscience"
    ],
    "timestamp": "2026-03-09T07:55:33.764346"
  }
}