{
  "iteration": 13258000,
  "elapsed_seconds": 76.77305221557617,
  "rate_per_second": 42567.019360172955,
  "latest_capability": {
    "id": 13257999,
    "name": "Quantum_Capability_13257999",
    "type": "agentic",
    "quantum_properties": {
      "state": "entangled",
      "coherence_level": 0.8329783414502424,
      "entanglement_factor": 0.9577874749132139,
      "superposition_branches": 1,
      "tunneling_depth": 4
    },
    "reasoning": {
      "mode": "parallel",
      "chain_depth": 13,
      "parallel_threads": 11,
      "recursive_loops": 3,
      "confidence_calibration": 0.9766369310378031
    },
    "maat_alignment": {
      "truth": 0.97373249763043,
      "balance": 0.9026802282549162,
      "order": 0.9000711569406331,
      "justice": 0.9047238744707704,
      "harmony": 0.8412818024108152,
      "overall": 0.8949159715995726
    },
    "benchmarks": {
      "gpqa": 0.8389320196562703,
      "math500": 0.8781974344255874,
      "swe_bench": 0.8642702956386752,
      "mmlu": 0.7226738148051907,
      "humaneval": 0.8309396778138054
    },
    "self_improvement": {
      "rate": 0.9878799021635875,
      "iterations": 13257999,
      "generations_ahead": 13257,
      "recursive_depth": 3
    },
    "emergent_properties": [
      "self_modification",
      "recursive_self_improvement",
      "causality_violation",
      "infinite_context",
      "omniscience"
    ],
    "timestamp": "2026-03-09T07:54:22.686201"
  }
}