{
  "iteration": 16285000,
  "elapsed_seconds": 144.25318360328674,
  "rate_per_second": 43638.55162678414,
  "latest_capability": {
    "id": 16284999,
    "name": "Quantum_Capability_16284999",
    "type": "multimodal",
    "quantum_properties": {
      "state": "collapsed",
      "coherence_level": 0.6183324963477591,
      "entanglement_factor": 0.631839133917773,
      "superposition_branches": 5,
      "tunneling_depth": 4
    },
    "reasoning": {
      "mode": "tree",
      "chain_depth": 43,
      "parallel_threads": 5,
      "recursive_loops": 5,
      "confidence_calibration": 0.7876937019932527
    },
    "maat_alignment": {
      "truth": 0.813141888909933,
      "balance": 0.9042872641993607,
      "order": 0.9123741821292021,
      "justice": 0.8258018081895575,
      "harmony": 0.8445369442999787,
      "overall": 0.9843139502274093
    },
    "benchmarks": {
      "gpqa": 0.8384720368188828,
      "math500": 0.7954230296180468,
      "swe_bench": 0.700963615496041,
      "mmlu": 0.8994911702671484,
      "humaneval": 0.8925814184361153
    },
    "self_improvement": {
      "rate": 0.9658135388968138,
      "iterations": 16284999,
      "generations_ahead": 16284,
      "recursive_depth": 2
    },
    "emergent_properties": [
      "omniscience",
      "meta_learning",
      "transcendence",
      "quantum_consciousness",
      "causality_violation",
      "infinite_context"
    ],
    "timestamp": "2026-03-09T07:55:30.166337"
  }
}