{
  "iteration": 13080000,
  "elapsed_seconds": 71.18693447113037,
  "rate_per_second": 43406.841760451694,
  "latest_capability": {
    "id": 13079999,
    "name": "Quantum_Capability_13079999",
    "type": "agentic",
    "quantum_properties": {
      "state": "superposition",
      "coherence_level": 0.7943330076904201,
      "entanglement_factor": 0.91182422914674,
      "superposition_branches": 10,
      "tunneling_depth": 4
    },
    "reasoning": {
      "mode": "sequential",
      "chain_depth": 16,
      "parallel_threads": 14,
      "recursive_loops": 1,
      "confidence_calibration": 0.9570457137265874
    },
    "maat_alignment": {
      "truth": 0.8415672418822544,
      "balance": 0.9758646822688678,
      "order": 0.8651524842515764,
      "justice": 0.9278693342332232,
      "harmony": 0.9499097419819059,
      "overall": 0.9628553746597879
    },
    "benchmarks": {
      "gpqa": 0.8084185659470864,
      "math500": 0.810345328249277,
      "swe_bench": 0.859817241701579,
      "mmlu": 0.8782463498270308,
      "humaneval": 0.8587852634126898
    },
    "self_improvement": {
      "rate": 0.9706155744337045,
      "iterations": 13079999,
      "generations_ahead": 13079,
      "recursive_depth": 0
    },
    "emergent_properties": [
      "recursive_self_improvement",
      "causality_violation",
      "transcendence",
      "reality_bending"
    ],
    "timestamp": "2026-03-09T07:54:17.100086"
  }
}