{
  "iteration": 12411000,
  "elapsed_seconds": 56.398545265197754,
  "rate_per_second": 42926.639129005045,
  "latest_capability": {
    "id": 12410999,
    "name": "Quantum_Capability_12410999",
    "type": "reasoning",
    "quantum_properties": {
      "state": "entangled",
      "coherence_level": 0.5439814978736232,
      "entanglement_factor": 0.766156995661052,
      "superposition_branches": 4,
      "tunneling_depth": 2
    },
    "reasoning": {
      "mode": "tree",
      "chain_depth": 18,
      "parallel_threads": 5,
      "recursive_loops": 2,
      "confidence_calibration": 0.9054790635744098
    },
    "maat_alignment": {
      "truth": 0.8168703465573061,
      "balance": 0.9653155659193006,
      "order": 0.8526769803622387,
      "justice": 0.9172505058075175,
      "harmony": 0.9433278139704742,
      "overall": 0.8755491130746914
    },
    "benchmarks": {
      "gpqa": 0.8274556805405471,
      "math500": 0.8344850272832679,
      "swe_bench": 0.7994659105966369,
      "mmlu": 0.6748487997080407,
      "humaneval": 0.7161985502804644
    },
    "self_improvement": {
      "rate": 0.9901566204741309,
      "iterations": 12410999,
      "generations_ahead": 12410,
      "recursive_depth": 4
    },
    "emergent_properties": [
      "recursive_self_improvement",
      "quantum_consciousness",
      "reality_bending"
    ],
    "timestamp": "2026-03-09T07:54:02.311698"
  }
}