{
  "iteration": 14140000,
  "elapsed_seconds": 96.41261053085327,
  "rate_per_second": 43044.16172479789,
  "latest_capability": {
    "id": 14139999,
    "name": "Quantum_Capability_14139999",
    "type": "agentic",
    "quantum_properties": {
      "state": "superposition",
      "coherence_level": 0.5758293344215528,
      "entanglement_factor": 0.2794296878385767,
      "superposition_branches": 1,
      "tunneling_depth": 5
    },
    "reasoning": {
      "mode": "parallel",
      "chain_depth": 141,
      "parallel_threads": 6,
      "recursive_loops": 4,
      "confidence_calibration": 0.7955354262867542
    },
    "maat_alignment": {
      "truth": 0.802441524483203,
      "balance": 0.806958389583692,
      "order": 0.9081096365507564,
      "justice": 0.8986217307189796,
      "harmony": 0.9313302550109728,
      "overall": 0.9283990295452961
    },
    "benchmarks": {
      "gpqa": 0.8657555481021488,
      "math500": 0.8854989034465162,
      "swe_bench": 0.8169583964821101,
      "mmlu": 0.850676175384641,
      "humaneval": 0.8453976775251087
    },
    "self_improvement": {
      "rate": 0.9527743250057609,
      "iterations": 14139999,
      "generations_ahead": 14139,
      "recursive_depth": 0
    },
    "emergent_properties": [
      "infinite_context",
      "meta_learning",
      "transcendence"
    ],
    "timestamp": "2026-03-09T07:54:42.325758"
  }
}