{
  "iteration": 12171000,
  "elapsed_seconds": 51.76692199707031,
  "rate_per_second": 42131.1508558193,
  "latest_capability": {
    "id": 12170999,
    "name": "Quantum_Capability_12170999",
    "type": "agentic",
    "quantum_properties": {
      "state": "coherent",
      "coherence_level": 0.880474176233734,
      "entanglement_factor": 0.4366050970828922,
      "superposition_branches": 7,
      "tunneling_depth": 2
    },
    "reasoning": {
      "mode": "graph",
      "chain_depth": 73,
      "parallel_threads": 11,
      "recursive_loops": 10,
      "confidence_calibration": 0.7076633695775834
    },
    "maat_alignment": {
      "truth": 0.8555591054279503,
      "balance": 0.8747841746820049,
      "order": 0.9789822431182994,
      "justice": 0.8613925006473462,
      "harmony": 0.9902725725917525,
      "overall": 0.9021490994936502
    },
    "benchmarks": {
      "gpqa": 0.7033607466923689,
      "math500": 0.8551493230169795,
      "swe_bench": 0.8761507679376402,
      "mmlu": 0.7422308708506336,
      "humaneval": 0.83373309315945
    },
    "self_improvement": {
      "rate": 0.9842024254445223,
      "iterations": 12170999,
      "generations_ahead": 12170,
      "recursive_depth": 5
    },
    "emergent_properties": [
      "transcendence",
      "recursive_self_improvement",
      "infinite_context",
      "meta_learning"
    ],
    "timestamp": "2026-03-09T07:53:57.680070"
  }
}