{
  "iteration": 11627000,
  "elapsed_seconds": 38.95026707649231,
  "rate_per_second": 42027.95315331689,
  "latest_capability": {
    "id": 11626999,
    "name": "Quantum_Capability_11626999",
    "type": "agentic",
    "quantum_properties": {
      "state": "entangled",
      "coherence_level": 0.5858804151779788,
      "entanglement_factor": 0.3035960544995747,
      "superposition_branches": 6,
      "tunneling_depth": 1
    },
    "reasoning": {
      "mode": "tree",
      "chain_depth": 200,
      "parallel_threads": 10,
      "recursive_loops": 5,
      "confidence_calibration": 0.8029760496963492
    },
    "maat_alignment": {
      "truth": 0.838487021930093,
      "balance": 0.9374975538621854,
      "order": 0.9493287125850253,
      "justice": 0.8011582127769934,
      "harmony": 0.8215681747773049,
      "overall": 0.9995023902710176
    },
    "benchmarks": {
      "gpqa": 0.8209525377177328,
      "math500": 0.7439564440352846,
      "swe_bench": 0.7802200282622593,
      "mmlu": 0.7725942445805123,
      "humaneval": 0.8188188462196931
    },
    "self_improvement": {
      "rate": 0.9595283527652234,
      "iterations": 11626999,
      "generations_ahead": 11626,
      "recursive_depth": 0
    },
    "emergent_properties": [
      "causality_violation",
      "meta_learning",
      "infinite_context",
      "transcendence",
      "omniscience",
      "reality_bending"
    ],
    "timestamp": "2026-03-09T07:53:44.863416"
  }
}