{
  "iteration": 15425000,
  "elapsed_seconds": 124.44038891792297,
  "rate_per_second": 43675.53048700899,
  "latest_capability": {
    "id": 15424999,
    "name": "Quantum_Capability_15424999",
    "type": "agentic",
    "quantum_properties": {
      "state": "entangled",
      "coherence_level": 0.5559864886720787,
      "entanglement_factor": 0.6412341575176019,
      "superposition_branches": 1,
      "tunneling_depth": 5
    },
    "reasoning": {
      "mode": "sequential",
      "chain_depth": 199,
      "parallel_threads": 9,
      "recursive_loops": 9,
      "confidence_calibration": 0.9125402188193198
    },
    "maat_alignment": {
      "truth": 0.8190920336759411,
      "balance": 0.8703863636166751,
      "order": 0.8157593032340809,
      "justice": 0.9108722006924737,
      "harmony": 0.8183158658292018,
      "overall": 0.9613661593831084
    },
    "benchmarks": {
      "gpqa": 0.9130724542895613,
      "math500": 0.8907869425567468,
      "swe_bench": 0.7847443127202132,
      "mmlu": 0.8790455707248976,
      "humaneval": 0.7356469399552961
    },
    "self_improvement": {
      "rate": 0.9984309925623788,
      "iterations": 15424999,
      "generations_ahead": 15424,
      "recursive_depth": 3
    },
    "emergent_properties": [
      "meta_learning",
      "transcendence",
      "omniscience",
      "self_modification"
    ],
    "timestamp": "2026-03-09T07:55:10.353541"
  }
}