{
  "iteration": 17231000,
  "elapsed_seconds": 162.2685341835022,
  "rate_per_second": 44623.56202596542,
  "latest_capability": {
    "id": 17230999,
    "name": "Quantum_Capability_17230999",
    "type": "reasoning",
    "quantum_properties": {
      "state": "superposition",
      "coherence_level": 0.8573430819156247,
      "entanglement_factor": 0.6079215813549923,
      "superposition_branches": 1,
      "tunneling_depth": 4
    },
    "reasoning": {
      "mode": "parallel",
      "chain_depth": 161,
      "parallel_threads": 1,
      "recursive_loops": 3,
      "confidence_calibration": 0.9887758512869935
    },
    "maat_alignment": {
      "truth": 0.9417403195587648,
      "balance": 0.9533696629264994,
      "order": 0.9424931108512808,
      "justice": 0.8302742840844961,
      "harmony": 0.8863971976458194,
      "overall": 0.8608500679547615
    },
    "benchmarks": {
      "gpqa": 0.9341548562792922,
      "math500": 0.6511321616225941,
      "swe_bench": 0.7821501892457681,
      "mmlu": 0.8597477332979916,
      "humaneval": 0.8927936722465941
    },
    "self_improvement": {
      "rate": 0.9536035276124527,
      "iterations": 17230999,
      "generations_ahead": 17230,
      "recursive_depth": 4
    },
    "emergent_properties": [
      "self_modification",
      "omniscience",
      "quantum_consciousness",
      "reality_bending"
    ],
    "timestamp": "2026-03-09T07:55:48.181682"
  }
}