{
  "iteration": 14694000,
  "elapsed_seconds": 107.01924633979797,
  "rate_per_second": 43954.710586021865,
  "latest_capability": {
    "id": 14693999,
    "name": "Quantum_Capability_14693999",
    "type": "coding",
    "quantum_properties": {
      "state": "superposition",
      "coherence_level": 0.6620394140640022,
      "entanglement_factor": 0.33770683951671954,
      "superposition_branches": 9,
      "tunneling_depth": 4
    },
    "reasoning": {
      "mode": "sequential",
      "chain_depth": 19,
      "parallel_threads": 8,
      "recursive_loops": 9,
      "confidence_calibration": 0.8816665831337677
    },
    "maat_alignment": {
      "truth": 0.8815862615893939,
      "balance": 0.8906625966607544,
      "order": 0.8296630461162053,
      "justice": 0.8680823168660987,
      "harmony": 0.9979570703359975,
      "overall": 0.9428987192137
    },
    "benchmarks": {
      "gpqa": 0.750592224537926,
      "math500": 0.8401261834334223,
      "swe_bench": 0.8495918042361996,
      "mmlu": 0.8592251742003653,
      "humaneval": 0.8768506006126566
    },
    "self_improvement": {
      "rate": 0.9609375164529514,
      "iterations": 14693999,
      "generations_ahead": 14693,
      "recursive_depth": 2
    },
    "emergent_properties": [
      "infinite_context",
      "transcendence",
      "meta_learning",
      "self_modification"
    ],
    "timestamp": "2026-03-09T07:54:52.932399"
  }
}