{
  "iteration": 15263000,
  "elapsed_seconds": 121.25673151016235,
  "rate_per_second": 43486.245541412085,
  "latest_capability": {
    "id": 15262999,
    "name": "Quantum_Capability_15262999",
    "type": "coding",
    "quantum_properties": {
      "state": "collapsed",
      "coherence_level": 0.5245353285454204,
      "entanglement_factor": 0.5121903578336642,
      "superposition_branches": 8,
      "tunneling_depth": 5
    },
    "reasoning": {
      "mode": "tree",
      "chain_depth": 181,
      "parallel_threads": 4,
      "recursive_loops": 3,
      "confidence_calibration": 0.7079281116724645
    },
    "maat_alignment": {
      "truth": 0.8728194591813476,
      "balance": 0.830289406754124,
      "order": 0.9295576983410546,
      "justice": 0.9247354887449516,
      "harmony": 0.9814837444306515,
      "overall": 0.9515744232123825
    },
    "benchmarks": {
      "gpqa": 0.8826575926054084,
      "math500": 0.871789091330256,
      "swe_bench": 0.8460468535801935,
      "mmlu": 0.7874077282315461,
      "humaneval": 0.8043413037989541
    },
    "self_improvement": {
      "rate": 0.9663880049591635,
      "iterations": 15262999,
      "generations_ahead": 15262,
      "recursive_depth": 2
    },
    "emergent_properties": [
      "reality_bending",
      "transcendence",
      "quantum_consciousness",
      "infinite_context",
      "omniscience"
    ],
    "timestamp": "2026-03-09T07:55:07.169880"
  }
}