{
  "iteration": 15808000,
  "elapsed_seconds": 131.6508822441101,
  "rate_per_second": 44192.63966049335,
  "latest_capability": {
    "id": 15807999,
    "name": "Quantum_Capability_15807999",
    "type": "math",
    "quantum_properties": {
      "state": "coherent",
      "coherence_level": 0.6834355302097967,
      "entanglement_factor": 0.9068528930122398,
      "superposition_branches": 4,
      "tunneling_depth": 4
    },
    "reasoning": {
      "mode": "sequential",
      "chain_depth": 51,
      "parallel_threads": 12,
      "recursive_loops": 1,
      "confidence_calibration": 0.9128639561034159
    },
    "maat_alignment": {
      "truth": 0.980042425512553,
      "balance": 0.8711161110788304,
      "order": 0.9370358999892321,
      "justice": 0.9701976726745996,
      "harmony": 0.9395387247374348,
      "overall": 0.8754871173716765
    },
    "benchmarks": {
      "gpqa": 0.7821494193507783,
      "math500": 0.6852432698675519,
      "swe_bench": 0.8601450795888471,
      "mmlu": 0.8978658567393878,
      "humaneval": 0.8223502993013073
    },
    "self_improvement": {
      "rate": 0.9531787280180505,
      "iterations": 15807999,
      "generations_ahead": 15807,
      "recursive_depth": 2
    },
    "emergent_properties": [
      "recursive_self_improvement",
      "causality_violation",
      "meta_learning",
      "self_modification",
      "omniscience",
      "quantum_consciousness"
    ],
    "timestamp": "2026-03-09T07:55:17.564036"
  }
}