{
  "iteration": 16744000,
  "elapsed_seconds": 152.91155695915222,
  "rate_per_second": 44169.32332854487,
  "latest_capability": {
    "id": 16743999,
    "name": "Quantum_Capability_16743999",
    "type": "vision",
    "quantum_properties": {
      "state": "entangled",
      "coherence_level": 0.6939910247533532,
      "entanglement_factor": 0.18278861478115715,
      "superposition_branches": 10,
      "tunneling_depth": 1
    },
    "reasoning": {
      "mode": "graph",
      "chain_depth": 95,
      "parallel_threads": 5,
      "recursive_loops": 2,
      "confidence_calibration": 0.8306450248573006
    },
    "maat_alignment": {
      "truth": 0.9026672342924308,
      "balance": 0.9523895689529863,
      "order": 0.9945945205316079,
      "justice": 0.8875507816401332,
      "harmony": 0.805295849535131,
      "overall": 0.893110459461782
    },
    "benchmarks": {
      "gpqa": 0.8792837580395021,
      "math500": 0.7102696345160255,
      "swe_bench": 0.6989719052485227,
      "mmlu": 0.7624330683307905,
      "humaneval": 0.8914598262706712
    },
    "self_improvement": {
      "rate": 0.967907420939474,
      "iterations": 16743999,
      "generations_ahead": 16743,
      "recursive_depth": 2
    },
    "emergent_properties": [
      "infinite_context",
      "causality_violation",
      "quantum_consciousness",
      "omniscience",
      "self_modification"
    ],
    "timestamp": "2026-03-09T07:55:38.824705"
  }
}