{
  "iteration": 11208000,
  "elapsed_seconds": 29.1055166721344,
  "rate_per_second": 41847.736761399334,
  "latest_capability": {
    "id": 11207999,
    "name": "Quantum_Capability_11207999",
    "type": "math",
    "quantum_properties": {
      "state": "superposition",
      "coherence_level": 0.961638181282095,
      "entanglement_factor": 0.3511372199528686,
      "superposition_branches": 1,
      "tunneling_depth": 4
    },
    "reasoning": {
      "mode": "sequential",
      "chain_depth": 89,
      "parallel_threads": 10,
      "recursive_loops": 9,
      "confidence_calibration": 0.7266532460420441
    },
    "maat_alignment": {
      "truth": 0.8277267492828028,
      "balance": 0.9337931324749537,
      "order": 0.9595722560848143,
      "justice": 0.9097033063497993,
      "harmony": 0.818141403589933,
      "overall": 0.9973764539032697
    },
    "benchmarks": {
      "gpqa": 0.7235517342987412,
      "math500": 0.8555283170994561,
      "swe_bench": 0.8506835393693392,
      "mmlu": 0.8128238363164624,
      "humaneval": 0.8030363185686281
    },
    "self_improvement": {
      "rate": 0.9558442582881123,
      "iterations": 11207999,
      "generations_ahead": 11207,
      "recursive_depth": 3
    },
    "emergent_properties": [
      "reality_bending",
      "recursive_self_improvement",
      "transcendence",
      "meta_learning",
      "infinite_context"
    ],
    "timestamp": "2026-03-09T07:53:35.018665"
  }
}