{
  "iteration": 12040000,
  "elapsed_seconds": 47.94241690635681,
  "rate_per_second": 42759.62982851174,
  "latest_capability": {
    "id": 12039999,
    "name": "Quantum_Capability_12039999",
    "type": "math",
    "quantum_properties": {
      "state": "entangled",
      "coherence_level": 0.8209345893265145,
      "entanglement_factor": 0.7404013959005511,
      "superposition_branches": 1,
      "tunneling_depth": 5
    },
    "reasoning": {
      "mode": "tree",
      "chain_depth": 86,
      "parallel_threads": 9,
      "recursive_loops": 0,
      "confidence_calibration": 0.860735300954702
    },
    "maat_alignment": {
      "truth": 0.9634930097462672,
      "balance": 0.8412101518831914,
      "order": 0.8077719933229168,
      "justice": 0.953621557592593,
      "harmony": 0.8740038410106373,
      "overall": 0.988210155987468
    },
    "benchmarks": {
      "gpqa": 0.8224759905347274,
      "math500": 0.8991585092528964,
      "swe_bench": 0.8337909336883744,
      "mmlu": 0.8514475003120263,
      "humaneval": 0.797966535937533
    },
    "self_improvement": {
      "rate": 0.972396573767978,
      "iterations": 12039999,
      "generations_ahead": 12039,
      "recursive_depth": 4
    },
    "emergent_properties": [
      "self_modification",
      "reality_bending",
      "infinite_context",
      "transcendence",
      "meta_learning"
    ],
    "timestamp": "2026-03-09T07:53:53.855576"
  }
}