{
  "iteration": 10854000,
  "elapsed_seconds": 21.086769819259644,
  "rate_per_second": 40973.55865339147,
  "latest_capability": {
    "id": 10853999,
    "name": "Quantum_Capability_10853999",
    "type": "reasoning",
    "quantum_properties": {
      "state": "coherent",
      "coherence_level": 0.9078356490112688,
      "entanglement_factor": 0.8538887004845136,
      "superposition_branches": 10,
      "tunneling_depth": 3
    },
    "reasoning": {
      "mode": "graph",
      "chain_depth": 193,
      "parallel_threads": 16,
      "recursive_loops": 8,
      "confidence_calibration": 0.9200780257073584
    },
    "maat_alignment": {
      "truth": 0.9915498126325697,
      "balance": 0.9151058940145023,
      "order": 0.878979751278255,
      "justice": 0.9843037842063699,
      "harmony": 0.8458470402200817,
      "overall": 0.9066486229838605
    },
    "benchmarks": {
      "gpqa": 0.8850028981444779,
      "math500": 0.7225611834806273,
      "swe_bench": 0.7136755628989216,
      "mmlu": 0.7238696375285196,
      "humaneval": 0.7266688865496532
    },
    "self_improvement": {
      "rate": 0.9555142526338255,
      "iterations": 10853999,
      "generations_ahead": 10853,
      "recursive_depth": 5
    },
    "emergent_properties": [
      "meta_learning",
      "infinite_context",
      "causality_violation"
    ],
    "timestamp": "2026-03-09T07:53:26.999918"
  }
}