{
  "iteration": 14328000,
  "elapsed_seconds": 99.98411536216736,
  "rate_per_second": 43386.891850637316,
  "latest_capability": {
    "id": 14327999,
    "name": "Quantum_Capability_14327999",
    "type": "multimodal",
    "quantum_properties": {
      "state": "superposition",
      "coherence_level": 0.5633664052981932,
      "entanglement_factor": 0.13416129810239208,
      "superposition_branches": 2,
      "tunneling_depth": 3
    },
    "reasoning": {
      "mode": "parallel",
      "chain_depth": 128,
      "parallel_threads": 9,
      "recursive_loops": 2,
      "confidence_calibration": 0.7732001623946811
    },
    "maat_alignment": {
      "truth": 0.9877189376872647,
      "balance": 0.9247484759260775,
      "order": 0.8366178049017816,
      "justice": 0.964971479505389,
      "harmony": 0.9994633244722188,
      "overall": 0.9559448761839504
    },
    "benchmarks": {
      "gpqa": 0.9325069721665598,
      "math500": 0.6556442222698762,
      "swe_bench": 0.6808392503293355,
      "mmlu": 0.8433415936844192,
      "humaneval": 0.7790125434810432
    },
    "self_improvement": {
      "rate": 0.9989166788254956,
      "iterations": 14327999,
      "generations_ahead": 14327,
      "recursive_depth": 2
    },
    "emergent_properties": [
      "meta_learning",
      "infinite_context",
      "omniscience"
    ],
    "timestamp": "2026-03-09T07:54:45.897264"
  }
}