{
  "iteration": 16155000,
  "elapsed_seconds": 138.33491563796997,
  "rate_per_second": 44565.75530167772,
  "latest_capability": {
    "id": 16154999,
    "name": "Quantum_Capability_16154999",
    "type": "coding",
    "quantum_properties": {
      "state": "entangled",
      "coherence_level": 0.827724893417806,
      "entanglement_factor": 0.8125923571563797,
      "superposition_branches": 7,
      "tunneling_depth": 1
    },
    "reasoning": {
      "mode": "tree",
      "chain_depth": 163,
      "parallel_threads": 13,
      "recursive_loops": 4,
      "confidence_calibration": 0.715837029677014
    },
    "maat_alignment": {
      "truth": 0.8789632101727398,
      "balance": 0.8408224684139098,
      "order": 0.8976330816812065,
      "justice": 0.8238700789099518,
      "harmony": 0.9962470835247341,
      "overall": 0.9580835081909551
    },
    "benchmarks": {
      "gpqa": 0.9329304376386387,
      "math500": 0.8646766807584391,
      "swe_bench": 0.8652753178256598,
      "mmlu": 0.8770400808661823,
      "humaneval": 0.7665483654347038
    },
    "self_improvement": {
      "rate": 0.9675447474369127,
      "iterations": 16154999,
      "generations_ahead": 16154,
      "recursive_depth": 5
    },
    "emergent_properties": [
      "self_modification",
      "quantum_consciousness",
      "transcendence",
      "causality_violation"
    ],
    "timestamp": "2026-03-09T07:55:24.248064"
  }
}