{
  "iteration": 13822000,
  "elapsed_seconds": 87.78651309013367,
  "rate_per_second": 43651.35218510779,
  "latest_capability": {
    "id": 13821999,
    "name": "Quantum_Capability_13821999",
    "type": "multimodal",
    "quantum_properties": {
      "state": "entangled",
      "coherence_level": 0.8518761238350894,
      "entanglement_factor": 0.5695864431107828,
      "superposition_branches": 8,
      "tunneling_depth": 4
    },
    "reasoning": {
      "mode": "tree",
      "chain_depth": 72,
      "parallel_threads": 16,
      "recursive_loops": 3,
      "confidence_calibration": 0.9750600332099724
    },
    "maat_alignment": {
      "truth": 0.9291404199550137,
      "balance": 0.9132600722098219,
      "order": 0.9471980613638508,
      "justice": 0.8687317915985444,
      "harmony": 0.8458309511086015,
      "overall": 0.9433263210572677
    },
    "benchmarks": {
      "gpqa": 0.9464360047404456,
      "math500": 0.8167315779729519,
      "swe_bench": 0.663537101530552,
      "mmlu": 0.7533646676390116,
      "humaneval": 0.7695201405986192
    },
    "self_improvement": {
      "rate": 0.9706702569482057,
      "iterations": 13821999,
      "generations_ahead": 13821,
      "recursive_depth": 5
    },
    "emergent_properties": [
      "reality_bending",
      "transcendence",
      "omniscience"
    ],
    "timestamp": "2026-03-09T07:54:33.699661"
  }
}