{
  "iteration": 11225000,
  "elapsed_seconds": 29.33676314353943,
  "rate_per_second": 42097.350479920715,
  "latest_capability": {
    "id": 11224999,
    "name": "Quantum_Capability_11224999",
    "type": "coding",
    "quantum_properties": {
      "state": "collapsed",
      "coherence_level": 0.9417552145183326,
      "entanglement_factor": 0.916822527835196,
      "superposition_branches": 9,
      "tunneling_depth": 1
    },
    "reasoning": {
      "mode": "tree",
      "chain_depth": 57,
      "parallel_threads": 7,
      "recursive_loops": 8,
      "confidence_calibration": 0.7268305730232244
    },
    "maat_alignment": {
      "truth": 0.80634942051192,
      "balance": 0.8842211213107982,
      "order": 0.9163080293500385,
      "justice": 0.8332350297949025,
      "harmony": 0.8563699713134963,
      "overall": 0.9949152967079894
    },
    "benchmarks": {
      "gpqa": 0.9016597000605897,
      "math500": 0.8085753031089256,
      "swe_bench": 0.8637015508268296,
      "mmlu": 0.8133252005607705,
      "humaneval": 0.9020388282107805
    },
    "self_improvement": {
      "rate": 0.9967191501454051,
      "iterations": 11224999,
      "generations_ahead": 11224,
      "recursive_depth": 4
    },
    "emergent_properties": [
      "self_modification",
      "quantum_consciousness",
      "transcendence"
    ],
    "timestamp": "2026-03-09T07:53:35.249915"
  }
}