{
  "iteration": 10270000,
  "elapsed_seconds": 6.018652677536011,
  "rate_per_second": 46522.03989857574,
  "latest_capability": {
    "id": 10269999,
    "name": "Quantum_Capability_10269999",
    "type": "vision",
    "quantum_properties": {
      "state": "superposition",
      "coherence_level": 0.7582940891446139,
      "entanglement_factor": 0.9383497984026555,
      "superposition_branches": 6,
      "tunneling_depth": 3
    },
    "reasoning": {
      "mode": "parallel",
      "chain_depth": 16,
      "parallel_threads": 6,
      "recursive_loops": 2,
      "confidence_calibration": 0.9117903723479148
    },
    "maat_alignment": {
      "truth": 0.9860442629212623,
      "balance": 0.8245350465500386,
      "order": 0.8025671716281886,
      "justice": 0.8763477749505829,
      "harmony": 0.8825537121151221,
      "overall": 0.9732832728785148
    },
    "benchmarks": {
      "gpqa": 0.769016170940492,
      "math500": 0.6785014870178926,
      "swe_bench": 0.8429597215639111,
      "mmlu": 0.8590446282095417,
      "humaneval": 0.9209761945142343
    },
    "self_improvement": {
      "rate": 0.9701322382543277,
      "iterations": 10269999,
      "generations_ahead": 10269,
      "recursive_depth": 4
    },
    "emergent_properties": [
      "recursive_self_improvement",
      "infinite_context",
      "causality_violation"
    ],
    "timestamp": "2026-03-09T07:53:11.931800"
  }
}