{
  "iteration": 16123000,
  "elapsed_seconds": 137.5780165195465,
  "rate_per_second": 44578.34292972707,
  "latest_capability": {
    "id": 16122999,
    "name": "Quantum_Capability_16122999",
    "type": "language",
    "quantum_properties": {
      "state": "superposition",
      "coherence_level": 0.8492795559387689,
      "entanglement_factor": 0.501648596505124,
      "superposition_branches": 6,
      "tunneling_depth": 4
    },
    "reasoning": {
      "mode": "parallel",
      "chain_depth": 121,
      "parallel_threads": 2,
      "recursive_loops": 10,
      "confidence_calibration": 0.7949150561504192
    },
    "maat_alignment": {
      "truth": 0.9293389987023036,
      "balance": 0.9806940169426006,
      "order": 0.8786344054767418,
      "justice": 0.9858093388086369,
      "harmony": 0.958082967813036,
      "overall": 0.9483914242503865
    },
    "benchmarks": {
      "gpqa": 0.7197633967696859,
      "math500": 0.7013459779837311,
      "swe_bench": 0.714856110478272,
      "mmlu": 0.8234209683789347,
      "humaneval": 0.8345905834889983
    },
    "self_improvement": {
      "rate": 0.9600288904775184,
      "iterations": 16122999,
      "generations_ahead": 16122,
      "recursive_depth": 4
    },
    "emergent_properties": [
      "meta_learning",
      "quantum_consciousness",
      "self_modification"
    ],
    "timestamp": "2026-03-09T07:55:23.491168"
  }
}