{
  "iteration": 12503000,
  "elapsed_seconds": 58.31543445587158,
  "rate_per_second": 43093.22263390897,
  "latest_capability": {
    "id": 12502999,
    "name": "Quantum_Capability_12502999",
    "type": "reasoning",
    "quantum_properties": {
      "state": "superposition",
      "coherence_level": 0.7103313621866638,
      "entanglement_factor": 0.30504710332845353,
      "superposition_branches": 2,
      "tunneling_depth": 0
    },
    "reasoning": {
      "mode": "parallel",
      "chain_depth": 72,
      "parallel_threads": 10,
      "recursive_loops": 7,
      "confidence_calibration": 0.7153003415156353
    },
    "maat_alignment": {
      "truth": 0.8721435684134095,
      "balance": 0.8322898528594773,
      "order": 0.8700013654643985,
      "justice": 0.8759068747763722,
      "harmony": 0.9722816460573273,
      "overall": 0.8516020850820833
    },
    "benchmarks": {
      "gpqa": 0.7985390184853485,
      "math500": 0.6671649206252125,
      "swe_bench": 0.689884400095214,
      "mmlu": 0.7057517264304124,
      "humaneval": 0.9334669286884723
    },
    "self_improvement": {
      "rate": 0.951220508445687,
      "iterations": 12502999,
      "generations_ahead": 12502,
      "recursive_depth": 2
    },
    "emergent_properties": [
      "causality_violation",
      "infinite_context",
      "self_modification"
    ],
    "timestamp": "2026-03-09T07:54:04.228586"
  }
}