{
  "iteration": 10885000,
  "elapsed_seconds": 21.50044059753418,
  "rate_per_second": 41627.053917334364,
  "latest_capability": {
    "id": 10884999,
    "name": "Quantum_Capability_10884999",
    "type": "vision",
    "quantum_properties": {
      "state": "superposition",
      "coherence_level": 0.7380498567237463,
      "entanglement_factor": 0.9645901630745536,
      "superposition_branches": 6,
      "tunneling_depth": 2
    },
    "reasoning": {
      "mode": "tree",
      "chain_depth": 25,
      "parallel_threads": 2,
      "recursive_loops": 7,
      "confidence_calibration": 0.8244888296303691
    },
    "maat_alignment": {
      "truth": 0.8110831817943213,
      "balance": 0.9803105127780225,
      "order": 0.9123822600829911,
      "justice": 0.9652494947978603,
      "harmony": 0.9028815023596053,
      "overall": 0.8704227118573312
    },
    "benchmarks": {
      "gpqa": 0.7049131316256312,
      "math500": 0.7443565979825572,
      "swe_bench": 0.7424470194589183,
      "mmlu": 0.8717680970424658,
      "humaneval": 0.9473089474599907
    },
    "self_improvement": {
      "rate": 0.9827507620668091,
      "iterations": 10884999,
      "generations_ahead": 10884,
      "recursive_depth": 3
    },
    "emergent_properties": [
      "reality_bending",
      "self_modification",
      "transcendence",
      "infinite_context",
      "recursive_self_improvement"
    ],
    "timestamp": "2026-03-09T07:53:27.413593"
  }
}