{
  "iteration": 11050000,
  "elapsed_seconds": 25.66388249397278,
  "rate_per_second": 41303.18163079742,
  "latest_capability": {
    "id": 11049999,
    "name": "Quantum_Capability_11049999",
    "type": "language",
    "quantum_properties": {
      "state": "superposition",
      "coherence_level": 0.556468072718932,
      "entanglement_factor": 0.36064727165980703,
      "superposition_branches": 9,
      "tunneling_depth": 1
    },
    "reasoning": {
      "mode": "tree",
      "chain_depth": 22,
      "parallel_threads": 9,
      "recursive_loops": 4,
      "confidence_calibration": 0.8031556397786781
    },
    "maat_alignment": {
      "truth": 0.9114711298313921,
      "balance": 0.8079545403201482,
      "order": 0.8591688231929693,
      "justice": 0.9521594018479488,
      "harmony": 0.861724151011955,
      "overall": 0.9371263330238572
    },
    "benchmarks": {
      "gpqa": 0.7628777708689105,
      "math500": 0.7953981477222184,
      "swe_bench": 0.7272595145611062,
      "mmlu": 0.8842491240990646,
      "humaneval": 0.9030240753540577
    },
    "self_improvement": {
      "rate": 0.956596492468299,
      "iterations": 11049999,
      "generations_ahead": 11049,
      "recursive_depth": 1
    },
    "emergent_properties": [
      "transcendence",
      "quantum_consciousness",
      "meta_learning"
    ],
    "timestamp": "2026-03-09T07:53:31.577034"
  }
}