{
  "iteration": 14174000,
  "elapsed_seconds": 97.19345831871033,
  "rate_per_second": 43048.164684912284,
  "latest_capability": {
    "id": 14173999,
    "name": "Quantum_Capability_14173999",
    "type": "math",
    "quantum_properties": {
      "state": "entangled",
      "coherence_level": 0.7439494528495105,
      "entanglement_factor": 0.7529859514264,
      "superposition_branches": 2,
      "tunneling_depth": 1
    },
    "reasoning": {
      "mode": "parallel",
      "chain_depth": 92,
      "parallel_threads": 1,
      "recursive_loops": 9,
      "confidence_calibration": 0.8234191251432178
    },
    "maat_alignment": {
      "truth": 0.8849976633655435,
      "balance": 0.902606752277349,
      "order": 0.8724287708155565,
      "justice": 0.9502776876113472,
      "harmony": 0.8624532230934325,
      "overall": 0.9314980122901062
    },
    "benchmarks": {
      "gpqa": 0.810255940655485,
      "math500": 0.6897098378476523,
      "swe_bench": 0.7984368379783003,
      "mmlu": 0.83225634077821,
      "humaneval": 0.7189630108018824
    },
    "self_improvement": {
      "rate": 0.9639617131572279,
      "iterations": 14173999,
      "generations_ahead": 14173,
      "recursive_depth": 2
    },
    "emergent_properties": [
      "meta_learning",
      "quantum_consciousness",
      "transcendence",
      "self_modification"
    ],
    "timestamp": "2026-03-09T07:54:43.106607"
  }
}