{
  "iteration": 10054000,
  "elapsed_seconds": 0.9569113254547119,
  "rate_per_second": 66881.85027968817,
  "latest_capability": {
    "id": 10053999,
    "name": "Quantum_Capability_10053999",
    "type": "language",
    "quantum_properties": {
      "state": "entangled",
      "coherence_level": 0.8183269832615603,
      "entanglement_factor": 0.8962618203741525,
      "superposition_branches": 9,
      "tunneling_depth": 1
    },
    "reasoning": {
      "mode": "graph",
      "chain_depth": 24,
      "parallel_threads": 6,
      "recursive_loops": 8,
      "confidence_calibration": 0.8261103665211009
    },
    "maat_alignment": {
      "truth": 0.8069319764943823,
      "balance": 0.9382675997580137,
      "order": 0.9468101707982178,
      "justice": 0.8905954422749771,
      "harmony": 0.806078362266853,
      "overall": 0.887829819081163
    },
    "benchmarks": {
      "gpqa": 0.7829903894567395,
      "math500": 0.8562857456430052,
      "swe_bench": 0.7938502170267346,
      "mmlu": 0.738996181061593,
      "humaneval": 0.7356889652800729
    },
    "self_improvement": {
      "rate": 0.9896518662923852,
      "iterations": 10053999,
      "generations_ahead": 10053,
      "recursive_depth": 5
    },
    "emergent_properties": [
      "causality_violation",
      "omniscience",
      "meta_learning"
    ],
    "timestamp": "2026-03-09T07:53:06.870059"
  }
}