{
  "iteration": 16839000,
  "elapsed_seconds": 154.57088160514832,
  "rate_per_second": 44309.768624441094,
  "latest_capability": {
    "id": 16838999,
    "name": "Quantum_Capability_16838999",
    "type": "language",
    "quantum_properties": {
      "state": "entangled",
      "coherence_level": 0.5204155111306443,
      "entanglement_factor": 0.6911890669697103,
      "superposition_branches": 4,
      "tunneling_depth": 5
    },
    "reasoning": {
      "mode": "parallel",
      "chain_depth": 93,
      "parallel_threads": 10,
      "recursive_loops": 5,
      "confidence_calibration": 0.7286847361342463
    },
    "maat_alignment": {
      "truth": 0.8619328005775646,
      "balance": 0.8312113405862993,
      "order": 0.9309030658722615,
      "justice": 0.8904899852634038,
      "harmony": 0.8338173604647272,
      "overall": 0.9373028100042562
    },
    "benchmarks": {
      "gpqa": 0.9103411394223078,
      "math500": 0.7715393083078866,
      "swe_bench": 0.7618592055150163,
      "mmlu": 0.8841093488949503,
      "humaneval": 0.8484654083893862
    },
    "self_improvement": {
      "rate": 0.983939711432273,
      "iterations": 16838999,
      "generations_ahead": 16838,
      "recursive_depth": 1
    },
    "emergent_properties": [
      "transcendence",
      "reality_bending",
      "quantum_consciousness"
    ],
    "timestamp": "2026-03-09T07:55:40.484037"
  }
}