{
  "iteration": 10413000,
  "elapsed_seconds": 10.158850193023682,
  "rate_per_second": 41638.57050382374,
  "latest_capability": {
    "id": 10412999,
    "name": "Quantum_Capability_10412999",
    "type": "language",
    "quantum_properties": {
      "state": "superposition",
      "coherence_level": 0.9485459673169034,
      "entanglement_factor": 0.34892006170566303,
      "superposition_branches": 2,
      "tunneling_depth": 5
    },
    "reasoning": {
      "mode": "graph",
      "chain_depth": 47,
      "parallel_threads": 5,
      "recursive_loops": 2,
      "confidence_calibration": 0.9385387071700035
    },
    "maat_alignment": {
      "truth": 0.9265523100627607,
      "balance": 0.989716670559775,
      "order": 0.8426744255929041,
      "justice": 0.9628975357224326,
      "harmony": 0.9990417885109742,
      "overall": 0.8845492808771489
    },
    "benchmarks": {
      "gpqa": 0.8388949226465452,
      "math500": 0.8196950897357053,
      "swe_bench": 0.7874875062215214,
      "mmlu": 0.7139159081430702,
      "humaneval": 0.7418845385876678
    },
    "self_improvement": {
      "rate": 0.9633441909402729,
      "iterations": 10412999,
      "generations_ahead": 10412,
      "recursive_depth": 5
    },
    "emergent_properties": [
      "quantum_consciousness",
      "omniscience",
      "recursive_self_improvement",
      "reality_bending",
      "self_modification",
      "meta_learning"
    ],
    "timestamp": "2026-03-09T07:53:16.072003"
  }
}