{
  "iteration": 12237000,
  "elapsed_seconds": 53.04039788246155,
  "rate_per_second": 42363.935598284756,
  "latest_capability": {
    "id": 12236999,
    "name": "Quantum_Capability_12236999",
    "type": "math",
    "quantum_properties": {
      "state": "superposition",
      "coherence_level": 0.9807073199059797,
      "entanglement_factor": 0.026218493943026666,
      "superposition_branches": 5,
      "tunneling_depth": 5
    },
    "reasoning": {
      "mode": "sequential",
      "chain_depth": 179,
      "parallel_threads": 11,
      "recursive_loops": 3,
      "confidence_calibration": 0.7145453506005222
    },
    "maat_alignment": {
      "truth": 0.8876816937620489,
      "balance": 0.9842000060605088,
      "order": 0.9480651777746827,
      "justice": 0.844132945057439,
      "harmony": 0.857825554090898,
      "overall": 0.9051210843650735
    },
    "benchmarks": {
      "gpqa": 0.7443867727285882,
      "math500": 0.7575847627377648,
      "swe_bench": 0.7071678938909556,
      "mmlu": 0.6802506083642704,
      "humaneval": 0.904910226301338
    },
    "self_improvement": {
      "rate": 0.9670535534037368,
      "iterations": 12236999,
      "generations_ahead": 12236,
      "recursive_depth": 5
    },
    "emergent_properties": [
      "meta_learning",
      "recursive_self_improvement",
      "transcendence",
      "self_modification"
    ],
    "timestamp": "2026-03-09T07:53:58.953546"
  }
}