{
  "iteration": 12855000,
  "elapsed_seconds": 66.79270935058594,
  "rate_per_second": 42893.903060018136,
  "latest_capability": {
    "id": 12854999,
    "name": "Quantum_Capability_12854999",
    "type": "vision",
    "quantum_properties": {
      "state": "coherent",
      "coherence_level": 0.7142660241615864,
      "entanglement_factor": 0.23649928005995968,
      "superposition_branches": 2,
      "tunneling_depth": 3
    },
    "reasoning": {
      "mode": "parallel",
      "chain_depth": 176,
      "parallel_threads": 2,
      "recursive_loops": 5,
      "confidence_calibration": 0.7068571684724093
    },
    "maat_alignment": {
      "truth": 0.9378176831373929,
      "balance": 0.8803927635322015,
      "order": 0.9716316907405147,
      "justice": 0.8355525283463048,
      "harmony": 0.9684701381487426,
      "overall": 0.9807638693094264
    },
    "benchmarks": {
      "gpqa": 0.7982281320005957,
      "math500": 0.8074543126274638,
      "swe_bench": 0.6978739646714804,
      "mmlu": 0.823063970217573,
      "humaneval": 0.9357793352948348
    },
    "self_improvement": {
      "rate": 0.9519447009208354,
      "iterations": 12854999,
      "generations_ahead": 12854,
      "recursive_depth": 0
    },
    "emergent_properties": [
      "self_modification",
      "quantum_consciousness",
      "recursive_self_improvement",
      "omniscience",
      "causality_violation",
      "reality_bending"
    ],
    "timestamp": "2026-03-09T07:54:12.705858"
  }
}