{
  "iteration": 14591000,
  "elapsed_seconds": 105.21479821205139,
  "rate_per_second": 43729.59011646897,
  "latest_capability": {
    "id": 14590999,
    "name": "Quantum_Capability_14590999",
    "type": "language",
    "quantum_properties": {
      "state": "collapsed",
      "coherence_level": 0.9568764965135313,
      "entanglement_factor": 0.5016035683072785,
      "superposition_branches": 1,
      "tunneling_depth": 2
    },
    "reasoning": {
      "mode": "parallel",
      "chain_depth": 60,
      "parallel_threads": 5,
      "recursive_loops": 7,
      "confidence_calibration": 0.7420813788909477
    },
    "maat_alignment": {
      "truth": 0.9309809945147289,
      "balance": 0.953049658562553,
      "order": 0.8278396112361684,
      "justice": 0.9100493334213897,
      "harmony": 0.8728258098258206,
      "overall": 0.8667945542472577
    },
    "benchmarks": {
      "gpqa": 0.8061707435016716,
      "math500": 0.7221527290096585,
      "swe_bench": 0.7764668735399038,
      "mmlu": 0.7764010868642949,
      "humaneval": 0.8989638021058959
    },
    "self_improvement": {
      "rate": 0.9700133983301186,
      "iterations": 14590999,
      "generations_ahead": 14590,
      "recursive_depth": 2
    },
    "emergent_properties": [
      "causality_violation",
      "infinite_context",
      "transcendence",
      "recursive_self_improvement",
      "quantum_consciousness",
      "meta_learning"
    ],
    "timestamp": "2026-03-09T07:54:51.127947"
  }
}