{
  "iteration": 11633000,
  "elapsed_seconds": 39.9378125667572,
  "rate_per_second": 41138.9581553491,
  "latest_capability": {
    "id": 11632999,
    "name": "Quantum_Capability_11632999",
    "type": "vision",
    "quantum_properties": {
      "state": "superposition",
      "coherence_level": 0.9385955039998637,
      "entanglement_factor": 0.7389794867364795,
      "superposition_branches": 7,
      "tunneling_depth": 3
    },
    "reasoning": {
      "mode": "graph",
      "chain_depth": 179,
      "parallel_threads": 15,
      "recursive_loops": 8,
      "confidence_calibration": 0.8348198240328198
    },
    "maat_alignment": {
      "truth": 0.9599774857050133,
      "balance": 0.8045056430566573,
      "order": 0.8243492900113041,
      "justice": 0.8537452335628912,
      "harmony": 0.8038774448011802,
      "overall": 0.9001801392457197
    },
    "benchmarks": {
      "gpqa": 0.769463293664987,
      "math500": 0.7250691439426336,
      "swe_bench": 0.7521823329365135,
      "mmlu": 0.822713211678173,
      "humaneval": 0.7739162235580566
    },
    "self_improvement": {
      "rate": 0.951216311100878,
      "iterations": 11632999,
      "generations_ahead": 11632,
      "recursive_depth": 0
    },
    "emergent_properties": [
      "recursive_self_improvement",
      "reality_bending",
      "self_modification",
      "infinite_context",
      "meta_learning"
    ],
    "timestamp": "2026-03-09T07:53:45.850965"
  }
}