{
  "iteration": 11796000,
  "elapsed_seconds": 43.07979917526245,
  "rate_per_second": 41922.200998491484,
  "latest_capability": {
    "id": 11795999,
    "name": "Quantum_Capability_11795999",
    "type": "language",
    "quantum_properties": {
      "state": "superposition",
      "coherence_level": 0.5214306748303499,
      "entanglement_factor": 0.9766285976543816,
      "superposition_branches": 10,
      "tunneling_depth": 1
    },
    "reasoning": {
      "mode": "sequential",
      "chain_depth": 35,
      "parallel_threads": 16,
      "recursive_loops": 8,
      "confidence_calibration": 0.868294382895964
    },
    "maat_alignment": {
      "truth": 0.931000319584236,
      "balance": 0.8340311348077984,
      "order": 0.8598219691367291,
      "justice": 0.9669762180343493,
      "harmony": 0.8148071820216966,
      "overall": 0.987432712685091
    },
    "benchmarks": {
      "gpqa": 0.8969400353744252,
      "math500": 0.688403331563954,
      "swe_bench": 0.7617035385391439,
      "mmlu": 0.8286430891054063,
      "humaneval": 0.9025065337145766
    },
    "self_improvement": {
      "rate": 0.9665759469673069,
      "iterations": 11795999,
      "generations_ahead": 11795,
      "recursive_depth": 1
    },
    "emergent_properties": [
      "self_modification",
      "infinite_context",
      "causality_violation",
      "recursive_self_improvement",
      "transcendence"
    ],
    "timestamp": "2026-03-09T07:53:48.992948"
  }
}