{
  "iteration": 11458000,
  "elapsed_seconds": 35.75678586959839,
  "rate_per_second": 41055.1441998634,
  "latest_capability": {
    "id": 11457999,
    "name": "Quantum_Capability_11457999",
    "type": "reasoning",
    "quantum_properties": {
      "state": "superposition",
      "coherence_level": 0.7749929019343079,
      "entanglement_factor": 0.7063464139326557,
      "superposition_branches": 8,
      "tunneling_depth": 0
    },
    "reasoning": {
      "mode": "parallel",
      "chain_depth": 180,
      "parallel_threads": 12,
      "recursive_loops": 5,
      "confidence_calibration": 0.9378464575780626
    },
    "maat_alignment": {
      "truth": 0.9714427438087194,
      "balance": 0.833573677895511,
      "order": 0.8046714080938713,
      "justice": 0.9562833850866659,
      "harmony": 0.8848471014209345,
      "overall": 0.8614531037945883
    },
    "benchmarks": {
      "gpqa": 0.8296689294931447,
      "math500": 0.6791017615098575,
      "swe_bench": 0.757684983686412,
      "mmlu": 0.6744161838524507,
      "humaneval": 0.9144746311851365
    },
    "self_improvement": {
      "rate": 0.9640856419675824,
      "iterations": 11457999,
      "generations_ahead": 11457,
      "recursive_depth": 5
    },
    "emergent_properties": [
      "causality_violation",
      "reality_bending",
      "infinite_context"
    ],
    "timestamp": "2026-03-09T07:53:41.669934"
  }
}