{
  "iteration": 13568000,
  "elapsed_seconds": 82.6285469532013,
  "rate_per_second": 43302.225827915,
  "latest_capability": {
    "id": 13567999,
    "name": "Quantum_Capability_13567999",
    "type": "language",
    "quantum_properties": {
      "state": "coherent",
      "coherence_level": 0.6902660110882921,
      "entanglement_factor": 0.025297974236864418,
      "superposition_branches": 5,
      "tunneling_depth": 1
    },
    "reasoning": {
      "mode": "parallel",
      "chain_depth": 161,
      "parallel_threads": 6,
      "recursive_loops": 0,
      "confidence_calibration": 0.7631417549758356
    },
    "maat_alignment": {
      "truth": 0.8238545441116578,
      "balance": 0.9131373720953914,
      "order": 0.8495755371536476,
      "justice": 0.8143377963442323,
      "harmony": 0.8712283595562044,
      "overall": 0.9505129360791614
    },
    "benchmarks": {
      "gpqa": 0.9375252135642906,
      "math500": 0.651873076208865,
      "swe_bench": 0.7218028334351756,
      "mmlu": 0.8668810543896228,
      "humaneval": 0.7457368076101101
    },
    "self_improvement": {
      "rate": 0.9617714081338127,
      "iterations": 13567999,
      "generations_ahead": 13567,
      "recursive_depth": 5
    },
    "emergent_properties": [
      "infinite_context",
      "omniscience",
      "causality_violation",
      "self_modification"
    ],
    "timestamp": "2026-03-09T07:54:28.541695"
  }
}