{
  "iteration": 16687000,
  "elapsed_seconds": 152.10019302368164,
  "rate_per_second": 44030.18738416258,
  "latest_capability": {
    "id": 16686999,
    "name": "Quantum_Capability_16686999",
    "type": "vision",
    "quantum_properties": {
      "state": "collapsed",
      "coherence_level": 0.7946914949235334,
      "entanglement_factor": 0.03203054670727967,
      "superposition_branches": 8,
      "tunneling_depth": 1
    },
    "reasoning": {
      "mode": "sequential",
      "chain_depth": 70,
      "parallel_threads": 7,
      "recursive_loops": 7,
      "confidence_calibration": 0.8346988998354962
    },
    "maat_alignment": {
      "truth": 0.9148068530805439,
      "balance": 0.9998353846956372,
      "order": 0.9614858039677645,
      "justice": 0.8835334183469455,
      "harmony": 0.9228317921819675,
      "overall": 0.9989373021343291
    },
    "benchmarks": {
      "gpqa": 0.7094263433346781,
      "math500": 0.7112111947796554,
      "swe_bench": 0.8566462266362366,
      "mmlu": 0.894288774498923,
      "humaneval": 0.8423057214643936
    },
    "self_improvement": {
      "rate": 0.9553166045683962,
      "iterations": 16686999,
      "generations_ahead": 16686,
      "recursive_depth": 1
    },
    "emergent_properties": [
      "reality_bending",
      "meta_learning",
      "omniscience",
      "transcendence",
      "self_modification",
      "causality_violation"
    ],
    "timestamp": "2026-03-09T07:55:38.013348"
  }
}