{
  "iteration": 16105000,
  "elapsed_seconds": 137.3160982131958,
  "rate_per_second": 44532.287762108586,
  "latest_capability": {
    "id": 16104999,
    "name": "Quantum_Capability_16104999",
    "type": "multimodal",
    "quantum_properties": {
      "state": "collapsed",
      "coherence_level": 0.7322538937025738,
      "entanglement_factor": 0.07605092190999685,
      "superposition_branches": 6,
      "tunneling_depth": 1
    },
    "reasoning": {
      "mode": "graph",
      "chain_depth": 48,
      "parallel_threads": 5,
      "recursive_loops": 9,
      "confidence_calibration": 0.8243148911755723
    },
    "maat_alignment": {
      "truth": 0.8926074352413425,
      "balance": 0.9413760973497597,
      "order": 0.8801648818846173,
      "justice": 0.9757769454271992,
      "harmony": 0.8165556849756797,
      "overall": 0.9516194767876018
    },
    "benchmarks": {
      "gpqa": 0.8907086494164395,
      "math500": 0.6731110871512187,
      "swe_bench": 0.8545467760859805,
      "mmlu": 0.7036933012553261,
      "humaneval": 0.713875553198458
    },
    "self_improvement": {
      "rate": 0.9576066506070495,
      "iterations": 16104999,
      "generations_ahead": 16104,
      "recursive_depth": 4
    },
    "emergent_properties": [
      "omniscience",
      "reality_bending",
      "quantum_consciousness"
    ],
    "timestamp": "2026-03-09T07:55:23.229250"
  }
}