{
  "iteration": 17524000,
  "elapsed_seconds": 168.03123211860657,
  "rate_per_second": 44836.902669868236,
  "latest_capability": {
    "id": 17523999,
    "name": "Quantum_Capability_17523999",
    "type": "agentic",
    "quantum_properties": {
      "state": "collapsed",
      "coherence_level": 0.7853959364059772,
      "entanglement_factor": 0.4340723450510896,
      "superposition_branches": 5,
      "tunneling_depth": 0
    },
    "reasoning": {
      "mode": "parallel",
      "chain_depth": 179,
      "parallel_threads": 4,
      "recursive_loops": 8,
      "confidence_calibration": 0.9776840522814726
    },
    "maat_alignment": {
      "truth": 0.9513902291094068,
      "balance": 0.8866130114613326,
      "order": 0.917452453930152,
      "justice": 0.9388273157998778,
      "harmony": 0.9545357486543996,
      "overall": 0.9934167959971552
    },
    "benchmarks": {
      "gpqa": 0.846699004814754,
      "math500": 0.889833623790372,
      "swe_bench": 0.8621808346285663,
      "mmlu": 0.8347440661321219,
      "humaneval": 0.7825833724995157
    },
    "self_improvement": {
      "rate": 0.9797472509016032,
      "iterations": 17523999,
      "generations_ahead": 17523,
      "recursive_depth": 5
    },
    "emergent_properties": [
      "self_modification",
      "omniscience",
      "causality_violation"
    ],
    "timestamp": "2026-03-09T07:55:53.944380"
  }
}