{
  "iteration": 12143000,
  "elapsed_seconds": 51.08517503738403,
  "rate_per_second": 42145.29946162343,
  "latest_capability": {
    "id": 12142999,
    "name": "Quantum_Capability_12142999",
    "type": "math",
    "quantum_properties": {
      "state": "entangled",
      "coherence_level": 0.6335890122244996,
      "entanglement_factor": 0.7087990265027827,
      "superposition_branches": 1,
      "tunneling_depth": 1
    },
    "reasoning": {
      "mode": "sequential",
      "chain_depth": 194,
      "parallel_threads": 10,
      "recursive_loops": 9,
      "confidence_calibration": 0.9904359286765267
    },
    "maat_alignment": {
      "truth": 0.9040005483296485,
      "balance": 0.922740187388296,
      "order": 0.9169811313609044,
      "justice": 0.875644620732002,
      "harmony": 0.9760993859443882,
      "overall": 0.9969054345516127
    },
    "benchmarks": {
      "gpqa": 0.8218010857650002,
      "math500": 0.7390475657306843,
      "swe_bench": 0.8951636276070757,
      "mmlu": 0.6970172950991899,
      "humaneval": 0.8732789490802004
    },
    "self_improvement": {
      "rate": 0.9576510198621642,
      "iterations": 12142999,
      "generations_ahead": 12142,
      "recursive_depth": 1
    },
    "emergent_properties": [
      "recursive_self_improvement",
      "quantum_consciousness",
      "omniscience"
    ],
    "timestamp": "2026-03-09T07:53:56.998323"
  }
}