{
  "iteration": 15221000,
  "elapsed_seconds": 120.3627667427063,
  "rate_per_second": 43460.28378677982,
  "latest_capability": {
    "id": 15220999,
    "name": "Quantum_Capability_15220999",
    "type": "language",
    "quantum_properties": {
      "state": "entangled",
      "coherence_level": 0.7371057702327418,
      "entanglement_factor": 0.8571411288005517,
      "superposition_branches": 7,
      "tunneling_depth": 3
    },
    "reasoning": {
      "mode": "parallel",
      "chain_depth": 81,
      "parallel_threads": 1,
      "recursive_loops": 2,
      "confidence_calibration": 0.7144485181203132
    },
    "maat_alignment": {
      "truth": 0.878137800357393,
      "balance": 0.9990247316051508,
      "order": 0.8420863432220781,
      "justice": 0.918231009911422,
      "harmony": 0.9151676071311312,
      "overall": 0.8765539178622836
    },
    "benchmarks": {
      "gpqa": 0.7710282680933827,
      "math500": 0.8778815335509266,
      "swe_bench": 0.6953599443462347,
      "mmlu": 0.7289273170098676,
      "humaneval": 0.8493374356078156
    },
    "self_improvement": {
      "rate": 0.9751579039386996,
      "iterations": 15220999,
      "generations_ahead": 15220,
      "recursive_depth": 4
    },
    "emergent_properties": [
      "self_modification",
      "omniscience",
      "infinite_context",
      "causality_violation"
    ],
    "timestamp": "2026-03-09T07:55:06.275916"
  }
}