{
  "iteration": 17744000,
  "elapsed_seconds": 172.1006042957306,
  "rate_per_second": 45055.042262814175,
  "latest_capability": {
    "id": 17743999,
    "name": "Quantum_Capability_17743999",
    "type": "reasoning",
    "quantum_properties": {
      "state": "collapsed",
      "coherence_level": 0.6204238177292447,
      "entanglement_factor": 0.44488370275329703,
      "superposition_branches": 6,
      "tunneling_depth": 3
    },
    "reasoning": {
      "mode": "parallel",
      "chain_depth": 143,
      "parallel_threads": 6,
      "recursive_loops": 6,
      "confidence_calibration": 0.795098768192055
    },
    "maat_alignment": {
      "truth": 0.9513585899301369,
      "balance": 0.8281447965488884,
      "order": 0.8765834724432543,
      "justice": 0.8880272547791148,
      "harmony": 0.9025204477063027,
      "overall": 0.9911399796401373
    },
    "benchmarks": {
      "gpqa": 0.868369491690405,
      "math500": 0.7788750768321908,
      "swe_bench": 0.8099837950541302,
      "mmlu": 0.7140245959798398,
      "humaneval": 0.7287096397207321
    },
    "self_improvement": {
      "rate": 0.9992114868601416,
      "iterations": 17743999,
      "generations_ahead": 17743,
      "recursive_depth": 3
    },
    "emergent_properties": [
      "recursive_self_improvement",
      "causality_violation",
      "meta_learning",
      "self_modification",
      "infinite_context"
    ],
    "timestamp": "2026-03-09T07:55:58.013756"
  }
}