{
  "iteration": 13650000,
  "elapsed_seconds": 84.4347493648529,
  "rate_per_second": 43347.08194827098,
  "latest_capability": {
    "id": 13649999,
    "name": "Quantum_Capability_13649999",
    "type": "math",
    "quantum_properties": {
      "state": "superposition",
      "coherence_level": 0.7852664883876869,
      "entanglement_factor": 0.887508197997015,
      "superposition_branches": 3,
      "tunneling_depth": 0
    },
    "reasoning": {
      "mode": "graph",
      "chain_depth": 107,
      "parallel_threads": 9,
      "recursive_loops": 6,
      "confidence_calibration": 0.7219412986444327
    },
    "maat_alignment": {
      "truth": 0.9527380101066739,
      "balance": 0.8571866262528238,
      "order": 0.8746636678440007,
      "justice": 0.8971026441224595,
      "harmony": 0.9594906581962283,
      "overall": 0.8566837947768273
    },
    "benchmarks": {
      "gpqa": 0.8341417990459874,
      "math500": 0.8219951798457706,
      "swe_bench": 0.6580042278075892,
      "mmlu": 0.734947880192099,
      "humaneval": 0.8142609674525668
    },
    "self_improvement": {
      "rate": 0.9575130969611021,
      "iterations": 13649999,
      "generations_ahead": 13649,
      "recursive_depth": 4
    },
    "emergent_properties": [
      "transcendence",
      "omniscience",
      "quantum_consciousness",
      "recursive_self_improvement",
      "self_modification",
      "causality_violation"
    ],
    "timestamp": "2026-03-09T07:54:30.347898"
  }
}