{
  "iteration": 10234000,
  "elapsed_seconds": 5.071599960327148,
  "rate_per_second": 48111.05014368297,
  "latest_capability": {
    "id": 10233999,
    "name": "Quantum_Capability_10233999",
    "type": "agentic",
    "quantum_properties": {
      "state": "entangled",
      "coherence_level": 0.7827106851902796,
      "entanglement_factor": 0.1967788131452065,
      "superposition_branches": 6,
      "tunneling_depth": 4
    },
    "reasoning": {
      "mode": "parallel",
      "chain_depth": 35,
      "parallel_threads": 9,
      "recursive_loops": 4,
      "confidence_calibration": 0.9857544263030799
    },
    "maat_alignment": {
      "truth": 0.8288874173492361,
      "balance": 0.9536189973439955,
      "order": 0.8103590888955408,
      "justice": 0.8944425776623388,
      "harmony": 0.8525528426929915,
      "overall": 0.9597331013715436
    },
    "benchmarks": {
      "gpqa": 0.9481659030208862,
      "math500": 0.8156940353385917,
      "swe_bench": 0.834958477446071,
      "mmlu": 0.8391076160043529,
      "humaneval": 0.8029688655719216
    },
    "self_improvement": {
      "rate": 0.9967100336394863,
      "iterations": 10233999,
      "generations_ahead": 10233,
      "recursive_depth": 3
    },
    "emergent_properties": [
      "recursive_self_improvement",
      "causality_violation",
      "omniscience",
      "infinite_context"
    ],
    "timestamp": "2026-03-09T07:53:10.984749"
  }
}