{
  "iteration": 14959000,
  "elapsed_seconds": 112.34101390838623,
  "rate_per_second": 44231.39712849846,
  "latest_capability": {
    "id": 14958999,
    "name": "Quantum_Capability_14958999",
    "type": "vision",
    "quantum_properties": {
      "state": "entangled",
      "coherence_level": 0.5710606102474179,
      "entanglement_factor": 0.13801395596806065,
      "superposition_branches": 1,
      "tunneling_depth": 3
    },
    "reasoning": {
      "mode": "parallel",
      "chain_depth": 78,
      "parallel_threads": 3,
      "recursive_loops": 6,
      "confidence_calibration": 0.7111221070875526
    },
    "maat_alignment": {
      "truth": 0.8089230646106268,
      "balance": 0.948423602444767,
      "order": 0.8518952095279432,
      "justice": 0.9040738818074001,
      "harmony": 0.836139622158721,
      "overall": 0.8755654455817573
    },
    "benchmarks": {
      "gpqa": 0.841182296824838,
      "math500": 0.8841291425466072,
      "swe_bench": 0.7276833480212166,
      "mmlu": 0.8290844140482938,
      "humaneval": 0.7167039906859465
    },
    "self_improvement": {
      "rate": 0.996075066375788,
      "iterations": 14958999,
      "generations_ahead": 14958,
      "recursive_depth": 5
    },
    "emergent_properties": [
      "causality_violation",
      "omniscience",
      "meta_learning",
      "self_modification",
      "transcendence",
      "infinite_context"
    ],
    "timestamp": "2026-03-09T07:54:58.254171"
  }
}