{
  "iteration": 15846000,
  "elapsed_seconds": 132.48242568969727,
  "rate_per_second": 44202.089216844724,
  "latest_capability": {
    "id": 15845999,
    "name": "Quantum_Capability_15845999",
    "type": "language",
    "quantum_properties": {
      "state": "coherent",
      "coherence_level": 0.8537333501275834,
      "entanglement_factor": 0.8424308437639002,
      "superposition_branches": 10,
      "tunneling_depth": 4
    },
    "reasoning": {
      "mode": "sequential",
      "chain_depth": 132,
      "parallel_threads": 3,
      "recursive_loops": 10,
      "confidence_calibration": 0.7424193847387083
    },
    "maat_alignment": {
      "truth": 0.8757338705236032,
      "balance": 0.8779674287870683,
      "order": 0.9281682668702337,
      "justice": 0.8561976193518089,
      "harmony": 0.8200788614147172,
      "overall": 0.8852144210949608
    },
    "benchmarks": {
      "gpqa": 0.7210448124441753,
      "math500": 0.6683829924630271,
      "swe_bench": 0.7122544463220145,
      "mmlu": 0.7498973373985631,
      "humaneval": 0.8385842979217071
    },
    "self_improvement": {
      "rate": 0.9957357846673669,
      "iterations": 15845999,
      "generations_ahead": 15845,
      "recursive_depth": 5
    },
    "emergent_properties": [
      "self_modification",
      "omniscience",
      "infinite_context"
    ],
    "timestamp": "2026-03-09T07:55:18.395574"
  }
}