{
  "iteration": 15812000,
  "elapsed_seconds": 131.70640444755554,
  "rate_per_second": 44204.38037482281,
  "latest_capability": {
    "id": 15811999,
    "name": "Quantum_Capability_15811999",
    "type": "agentic",
    "quantum_properties": {
      "state": "coherent",
      "coherence_level": 0.8058472579786056,
      "entanglement_factor": 0.22890771818197075,
      "superposition_branches": 1,
      "tunneling_depth": 5
    },
    "reasoning": {
      "mode": "sequential",
      "chain_depth": 121,
      "parallel_threads": 12,
      "recursive_loops": 2,
      "confidence_calibration": 0.829751974997023
    },
    "maat_alignment": {
      "truth": 0.8504549020438189,
      "balance": 0.9629025610543533,
      "order": 0.8779388602787971,
      "justice": 0.959761445878002,
      "harmony": 0.8339651378384114,
      "overall": 0.8732172998749334
    },
    "benchmarks": {
      "gpqa": 0.7022902235319866,
      "math500": 0.7439157191224661,
      "swe_bench": 0.7518915159264241,
      "mmlu": 0.7493618900324317,
      "humaneval": 0.8806965174174939
    },
    "self_improvement": {
      "rate": 0.9726074087671491,
      "iterations": 15811999,
      "generations_ahead": 15811,
      "recursive_depth": 3
    },
    "emergent_properties": [
      "reality_bending",
      "causality_violation",
      "omniscience"
    ],
    "timestamp": "2026-03-09T07:55:17.619556"
  }
}