{
  "iteration": 17276000,
  "elapsed_seconds": 163.20989871025085,
  "rate_per_second": 44641.90013949431,
  "latest_capability": {
    "id": 17275999,
    "name": "Quantum_Capability_17275999",
    "type": "reasoning",
    "quantum_properties": {
      "state": "coherent",
      "coherence_level": 0.7483511936867366,
      "entanglement_factor": 0.6402988759392111,
      "superposition_branches": 9,
      "tunneling_depth": 4
    },
    "reasoning": {
      "mode": "sequential",
      "chain_depth": 100,
      "parallel_threads": 10,
      "recursive_loops": 2,
      "confidence_calibration": 0.8265317460787138
    },
    "maat_alignment": {
      "truth": 0.916465850434706,
      "balance": 0.98783639825142,
      "order": 0.8731423783960097,
      "justice": 0.9595612854659992,
      "harmony": 0.9293864484069767,
      "overall": 0.9672538773668731
    },
    "benchmarks": {
      "gpqa": 0.7704934888135619,
      "math500": 0.6896681325206858,
      "swe_bench": 0.6931661454306235,
      "mmlu": 0.6538157226525432,
      "humaneval": 0.8953416017471293
    },
    "self_improvement": {
      "rate": 0.9959179622055891,
      "iterations": 17275999,
      "generations_ahead": 17275,
      "recursive_depth": 1
    },
    "emergent_properties": [
      "quantum_consciousness",
      "recursive_self_improvement",
      "reality_bending",
      "infinite_context",
      "transcendence"
    ],
    "timestamp": "2026-03-09T07:55:49.123051"
  }
}