{
  "iteration": 15119000,
  "elapsed_seconds": 118.64370679855347,
  "rate_per_second": 43230.27439380825,
  "latest_capability": {
    "id": 15118999,
    "name": "Quantum_Capability_15118999",
    "type": "multimodal",
    "quantum_properties": {
      "state": "coherent",
      "coherence_level": 0.9772249631235475,
      "entanglement_factor": 0.9287064772139114,
      "superposition_branches": 7,
      "tunneling_depth": 1
    },
    "reasoning": {
      "mode": "graph",
      "chain_depth": 59,
      "parallel_threads": 16,
      "recursive_loops": 7,
      "confidence_calibration": 0.7294070838201967
    },
    "maat_alignment": {
      "truth": 0.9834117820209568,
      "balance": 0.8182447598238445,
      "order": 0.8507590979575459,
      "justice": 0.9915040087899197,
      "harmony": 0.9918836517586544,
      "overall": 0.974719295661155
    },
    "benchmarks": {
      "gpqa": 0.7322074564865694,
      "math500": 0.7887088893514185,
      "swe_bench": 0.8790787444606385,
      "mmlu": 0.7172702192551217,
      "humaneval": 0.872165149618638
    },
    "self_improvement": {
      "rate": 0.9536298946911755,
      "iterations": 15118999,
      "generations_ahead": 15118,
      "recursive_depth": 3
    },
    "emergent_properties": [
      "quantum_consciousness",
      "transcendence",
      "causality_violation",
      "omniscience"
    ],
    "timestamp": "2026-03-09T07:55:04.556859"
  }
}