{
  "iteration": 10510000,
  "elapsed_seconds": 12.63563084602356,
  "rate_per_second": 41153.465650956736,
  "latest_capability": {
    "id": 10509999,
    "name": "Quantum_Capability_10509999",
    "type": "vision",
    "quantum_properties": {
      "state": "coherent",
      "coherence_level": 0.6880319420889127,
      "entanglement_factor": 0.31943947835036834,
      "superposition_branches": 5,
      "tunneling_depth": 2
    },
    "reasoning": {
      "mode": "parallel",
      "chain_depth": 19,
      "parallel_threads": 11,
      "recursive_loops": 0,
      "confidence_calibration": 0.8417943494655855
    },
    "maat_alignment": {
      "truth": 0.9357140586368897,
      "balance": 0.9401403808266899,
      "order": 0.91108123767658,
      "justice": 0.9262914571164735,
      "harmony": 0.9439864981649093,
      "overall": 0.8756688165799007
    },
    "benchmarks": {
      "gpqa": 0.7615107761475725,
      "math500": 0.7705925390423949,
      "swe_bench": 0.877351385002298,
      "mmlu": 0.7112268489167097,
      "humaneval": 0.8050834371759015
    },
    "self_improvement": {
      "rate": 0.9577258105663818,
      "iterations": 10509999,
      "generations_ahead": 10509,
      "recursive_depth": 0
    },
    "emergent_properties": [
      "meta_learning",
      "transcendence",
      "causality_violation",
      "infinite_context"
    ],
    "timestamp": "2026-03-09T07:53:18.548779"
  }
}