{
  "iteration": 13275000,
  "elapsed_seconds": 77.00514316558838,
  "rate_per_second": 42659.48824919505,
  "latest_capability": {
    "id": 13274999,
    "name": "Quantum_Capability_13274999",
    "type": "coding",
    "quantum_properties": {
      "state": "superposition",
      "coherence_level": 0.6601136919284147,
      "entanglement_factor": 0.8316619982112502,
      "superposition_branches": 4,
      "tunneling_depth": 1
    },
    "reasoning": {
      "mode": "graph",
      "chain_depth": 161,
      "parallel_threads": 8,
      "recursive_loops": 3,
      "confidence_calibration": 0.9895539282061112
    },
    "maat_alignment": {
      "truth": 0.8601249958381624,
      "balance": 0.8307919274834575,
      "order": 0.859462347873122,
      "justice": 0.8269844379415059,
      "harmony": 0.8076009571620218,
      "overall": 0.9778031487952696
    },
    "benchmarks": {
      "gpqa": 0.8050254041684893,
      "math500": 0.8164923084745833,
      "swe_bench": 0.6750676260512944,
      "mmlu": 0.835809236389526,
      "humaneval": 0.7468828128902847
    },
    "self_improvement": {
      "rate": 0.9726604537663189,
      "iterations": 13274999,
      "generations_ahead": 13274,
      "recursive_depth": 4
    },
    "emergent_properties": [
      "quantum_consciousness",
      "infinite_context",
      "causality_violation",
      "reality_bending",
      "omniscience",
      "transcendence"
    ],
    "timestamp": "2026-03-09T07:54:22.918292"
  }
}