{
  "iteration": 12140000,
  "elapsed_seconds": 51.04499816894531,
  "rate_per_second": 42119.699816308625,
  "latest_capability": {
    "id": 12139999,
    "name": "Quantum_Capability_12139999",
    "type": "coding",
    "quantum_properties": {
      "state": "coherent",
      "coherence_level": 0.5927831354289097,
      "entanglement_factor": 0.7451797045434844,
      "superposition_branches": 7,
      "tunneling_depth": 3
    },
    "reasoning": {
      "mode": "sequential",
      "chain_depth": 163,
      "parallel_threads": 7,
      "recursive_loops": 2,
      "confidence_calibration": 0.8078345337696495
    },
    "maat_alignment": {
      "truth": 0.8602494737074224,
      "balance": 0.8982429595943807,
      "order": 0.9700739254009791,
      "justice": 0.8287588808409616,
      "harmony": 0.8958538929975222,
      "overall": 0.8958505591727892
    },
    "benchmarks": {
      "gpqa": 0.9048073926189437,
      "math500": 0.7912643317119885,
      "swe_bench": 0.791457315871373,
      "mmlu": 0.7284376095148766,
      "humaneval": 0.7779945960945363
    },
    "self_improvement": {
      "rate": 0.9982397563474534,
      "iterations": 12139999,
      "generations_ahead": 12139,
      "recursive_depth": 2
    },
    "emergent_properties": [
      "quantum_consciousness",
      "omniscience",
      "infinite_context"
    ],
    "timestamp": "2026-03-09T07:53:56.958146"
  }
}