{
  "iteration": 15141000,
  "elapsed_seconds": 118.94791722297668,
  "rate_per_second": 43304.667456632036,
  "latest_capability": {
    "id": 15140999,
    "name": "Quantum_Capability_15140999",
    "type": "vision",
    "quantum_properties": {
      "state": "superposition",
      "coherence_level": 0.8105171207743669,
      "entanglement_factor": 0.3439874620309932,
      "superposition_branches": 4,
      "tunneling_depth": 2
    },
    "reasoning": {
      "mode": "sequential",
      "chain_depth": 46,
      "parallel_threads": 9,
      "recursive_loops": 0,
      "confidence_calibration": 0.9216864380282717
    },
    "maat_alignment": {
      "truth": 0.9404365546916423,
      "balance": 0.900824953918064,
      "order": 0.9009551666408763,
      "justice": 0.9130958535874938,
      "harmony": 0.9497320397278709,
      "overall": 0.8896496457086942
    },
    "benchmarks": {
      "gpqa": 0.7907845988993358,
      "math500": 0.7532462316210218,
      "swe_bench": 0.7248380738037618,
      "mmlu": 0.7103931373585387,
      "humaneval": 0.9443382852709488
    },
    "self_improvement": {
      "rate": 0.9624052977321166,
      "iterations": 15140999,
      "generations_ahead": 15140,
      "recursive_depth": 1
    },
    "emergent_properties": [
      "recursive_self_improvement",
      "self_modification",
      "infinite_context"
    ],
    "timestamp": "2026-03-09T07:55:04.861065"
  }
}