{
  "iteration": 13722000,
  "elapsed_seconds": 85.74418425559998,
  "rate_per_second": 43524.81783341781,
  "latest_capability": {
    "id": 13721999,
    "name": "Quantum_Capability_13721999",
    "type": "math",
    "quantum_properties": {
      "state": "superposition",
      "coherence_level": 0.749485653191277,
      "entanglement_factor": 0.9736203728536729,
      "superposition_branches": 5,
      "tunneling_depth": 4
    },
    "reasoning": {
      "mode": "sequential",
      "chain_depth": 64,
      "parallel_threads": 8,
      "recursive_loops": 1,
      "confidence_calibration": 0.9588445676863957
    },
    "maat_alignment": {
      "truth": 0.9998794680027893,
      "balance": 0.9610463978946665,
      "order": 0.8547322846321693,
      "justice": 0.8250360737959274,
      "harmony": 0.9136351057709553,
      "overall": 0.8827534337572287
    },
    "benchmarks": {
      "gpqa": 0.9177029756866314,
      "math500": 0.7229274212401908,
      "swe_bench": 0.6866687390944541,
      "mmlu": 0.8622365591261515,
      "humaneval": 0.7295927236096303
    },
    "self_improvement": {
      "rate": 0.964970072597258,
      "iterations": 13721999,
      "generations_ahead": 13721,
      "recursive_depth": 5
    },
    "emergent_properties": [
      "recursive_self_improvement",
      "reality_bending",
      "transcendence",
      "self_modification"
    ],
    "timestamp": "2026-03-09T07:54:31.657333"
  }
}