{
  "iteration": 11460000,
  "elapsed_seconds": 35.78434109687805,
  "rate_per_second": 41079.42063318438,
  "latest_capability": {
    "id": 11459999,
    "name": "Quantum_Capability_11459999",
    "type": "math",
    "quantum_properties": {
      "state": "coherent",
      "coherence_level": 0.8934727842648791,
      "entanglement_factor": 0.2265138339803121,
      "superposition_branches": 4,
      "tunneling_depth": 3
    },
    "reasoning": {
      "mode": "sequential",
      "chain_depth": 79,
      "parallel_threads": 2,
      "recursive_loops": 1,
      "confidence_calibration": 0.7159747922616798
    },
    "maat_alignment": {
      "truth": 0.8405761885202117,
      "balance": 0.8667426268635429,
      "order": 0.9912692769911469,
      "justice": 0.9950209345524628,
      "harmony": 0.854904582525853,
      "overall": 0.9789230901593005
    },
    "benchmarks": {
      "gpqa": 0.94034995566842,
      "math500": 0.7793193563797531,
      "swe_bench": 0.7767407484465555,
      "mmlu": 0.760425148016588,
      "humaneval": 0.8525977137016032
    },
    "self_improvement": {
      "rate": 0.9661940290042395,
      "iterations": 11459999,
      "generations_ahead": 11459,
      "recursive_depth": 4
    },
    "emergent_properties": [
      "self_modification",
      "quantum_consciousness",
      "infinite_context",
      "recursive_self_improvement",
      "meta_learning",
      "reality_bending"
    ],
    "timestamp": "2026-03-09T07:53:41.697526"
  }
}