{
  "iteration": 14927000,
  "elapsed_seconds": 111.58262181282043,
  "rate_per_second": 44245.24105807269,
  "latest_capability": {
    "id": 14926999,
    "name": "Quantum_Capability_14926999",
    "type": "language",
    "quantum_properties": {
      "state": "superposition",
      "coherence_level": 0.9309790936784033,
      "entanglement_factor": 0.1690085270673335,
      "superposition_branches": 7,
      "tunneling_depth": 0
    },
    "reasoning": {
      "mode": "graph",
      "chain_depth": 25,
      "parallel_threads": 6,
      "recursive_loops": 2,
      "confidence_calibration": 0.8111105618171753
    },
    "maat_alignment": {
      "truth": 0.862432474234393,
      "balance": 0.9103382599005982,
      "order": 0.994662499592183,
      "justice": 0.8996266455470477,
      "harmony": 0.8858112058585833,
      "overall": 0.8802086550870775
    },
    "benchmarks": {
      "gpqa": 0.9424486560725679,
      "math500": 0.6713821670466648,
      "swe_bench": 0.668068767313148,
      "mmlu": 0.7868257006239312,
      "humaneval": 0.7606357841505935
    },
    "self_improvement": {
      "rate": 0.9580192997560472,
      "iterations": 14926999,
      "generations_ahead": 14926,
      "recursive_depth": 0
    },
    "emergent_properties": [
      "transcendence",
      "infinite_context",
      "quantum_consciousness",
      "self_modification"
    ],
    "timestamp": "2026-03-09T07:54:57.495774"
  }
}