{
  "iteration": 15958000,
  "elapsed_seconds": 134.65903282165527,
  "rate_per_second": 44319.34401239998,
  "latest_capability": {
    "id": 15957999,
    "name": "Quantum_Capability_15957999",
    "type": "coding",
    "quantum_properties": {
      "state": "collapsed",
      "coherence_level": 0.7922061158387685,
      "entanglement_factor": 0.4143880009356725,
      "superposition_branches": 6,
      "tunneling_depth": 4
    },
    "reasoning": {
      "mode": "parallel",
      "chain_depth": 26,
      "parallel_threads": 10,
      "recursive_loops": 3,
      "confidence_calibration": 0.7228834524122759
    },
    "maat_alignment": {
      "truth": 0.9674188246659786,
      "balance": 0.8296622175644023,
      "order": 0.853920915564562,
      "justice": 0.8705983999235039,
      "harmony": 0.9928441538456829,
      "overall": 0.8711289789655062
    },
    "benchmarks": {
      "gpqa": 0.7708624453605214,
      "math500": 0.6992146205000225,
      "swe_bench": 0.88815734383487,
      "mmlu": 0.7124565729823594,
      "humaneval": 0.767657297729338
    },
    "self_improvement": {
      "rate": 0.9856334474911934,
      "iterations": 15957999,
      "generations_ahead": 15957,
      "recursive_depth": 5
    },
    "emergent_properties": [
      "reality_bending",
      "omniscience",
      "recursive_self_improvement",
      "transcendence",
      "self_modification"
    ],
    "timestamp": "2026-03-09T07:55:20.572185"
  }
}