{
  "iteration": 16471000,
  "elapsed_seconds": 147.82365679740906,
  "rate_per_second": 43842.7795686461,
  "latest_capability": {
    "id": 16470999,
    "name": "Quantum_Capability_16470999",
    "type": "math",
    "quantum_properties": {
      "state": "entangled",
      "coherence_level": 0.9890058513557883,
      "entanglement_factor": 0.5744612678923884,
      "superposition_branches": 2,
      "tunneling_depth": 1
    },
    "reasoning": {
      "mode": "graph",
      "chain_depth": 105,
      "parallel_threads": 5,
      "recursive_loops": 4,
      "confidence_calibration": 0.7405090321844155
    },
    "maat_alignment": {
      "truth": 0.8263790495382284,
      "balance": 0.9350475193281618,
      "order": 0.9207031096095867,
      "justice": 0.8765000811825112,
      "harmony": 0.8748521239889704,
      "overall": 0.9823779311342764
    },
    "benchmarks": {
      "gpqa": 0.8999803897476054,
      "math500": 0.8619959986743712,
      "swe_bench": 0.8766911797339125,
      "mmlu": 0.6786313902870721,
      "humaneval": 0.7658319756514271
    },
    "self_improvement": {
      "rate": 0.9804920971295522,
      "iterations": 16470999,
      "generations_ahead": 16470,
      "recursive_depth": 2
    },
    "emergent_properties": [
      "causality_violation",
      "reality_bending",
      "omniscience",
      "transcendence",
      "recursive_self_improvement"
    ],
    "timestamp": "2026-03-09T07:55:33.736805"
  }
}