{
  "iteration": 12442000,
  "elapsed_seconds": 57.15596294403076,
  "rate_per_second": 42900.16078289311,
  "latest_capability": {
    "id": 12441999,
    "name": "Quantum_Capability_12441999",
    "type": "reasoning",
    "quantum_properties": {
      "state": "collapsed",
      "coherence_level": 0.6492468743558653,
      "entanglement_factor": 0.23634689713177892,
      "superposition_branches": 10,
      "tunneling_depth": 2
    },
    "reasoning": {
      "mode": "sequential",
      "chain_depth": 141,
      "parallel_threads": 5,
      "recursive_loops": 1,
      "confidence_calibration": 0.8921455447659503
    },
    "maat_alignment": {
      "truth": 0.8273858848544055,
      "balance": 0.9164880377576714,
      "order": 0.9890455105799109,
      "justice": 0.9819518126332862,
      "harmony": 0.9579256122093283,
      "overall": 0.9594884645014065
    },
    "benchmarks": {
      "gpqa": 0.8493355877808242,
      "math500": 0.8138907360571079,
      "swe_bench": 0.7627389764002181,
      "mmlu": 0.7070726807403132,
      "humaneval": 0.7160913242006502
    },
    "self_improvement": {
      "rate": 0.991285518341005,
      "iterations": 12441999,
      "generations_ahead": 12441,
      "recursive_depth": 2
    },
    "emergent_properties": [
      "recursive_self_improvement",
      "transcendence",
      "causality_violation",
      "infinite_context"
    ],
    "timestamp": "2026-03-09T07:54:03.069111"
  }
}