{
  "iteration": 16987000,
  "elapsed_seconds": 157.60487413406372,
  "rate_per_second": 44395.83508088798,
  "latest_capability": {
    "id": 16986999,
    "name": "Quantum_Capability_16986999",
    "type": "coding",
    "quantum_properties": {
      "state": "coherent",
      "coherence_level": 0.9654995026098555,
      "entanglement_factor": 0.6154353111994775,
      "superposition_branches": 2,
      "tunneling_depth": 5
    },
    "reasoning": {
      "mode": "tree",
      "chain_depth": 132,
      "parallel_threads": 6,
      "recursive_loops": 8,
      "confidence_calibration": 0.8423580076481196
    },
    "maat_alignment": {
      "truth": 0.8695301835236682,
      "balance": 0.9516067832289343,
      "order": 0.9315969646085865,
      "justice": 0.871831158266181,
      "harmony": 0.8025357615120935,
      "overall": 0.9200790589833499
    },
    "benchmarks": {
      "gpqa": 0.7791893609057541,
      "math500": 0.6793314685693926,
      "swe_bench": 0.7474315391268869,
      "mmlu": 0.8597000586004576,
      "humaneval": 0.8867900409945138
    },
    "self_improvement": {
      "rate": 0.9811794233739544,
      "iterations": 16986999,
      "generations_ahead": 16986,
      "recursive_depth": 1
    },
    "emergent_properties": [
      "causality_violation",
      "recursive_self_improvement",
      "infinite_context",
      "quantum_consciousness"
    ],
    "timestamp": "2026-03-09T07:55:43.518027"
  }
}