{
  "iteration": 12598000,
  "elapsed_seconds": 61.72004532814026,
  "rate_per_second": 42255.31569418541,
  "latest_capability": {
    "id": 12597999,
    "name": "Quantum_Capability_12597999",
    "type": "coding",
    "quantum_properties": {
      "state": "collapsed",
      "coherence_level": 0.7577459561724481,
      "entanglement_factor": 0.5760501932860742,
      "superposition_branches": 4,
      "tunneling_depth": 5
    },
    "reasoning": {
      "mode": "parallel",
      "chain_depth": 24,
      "parallel_threads": 15,
      "recursive_loops": 3,
      "confidence_calibration": 0.8723026607219725
    },
    "maat_alignment": {
      "truth": 0.9440792864130829,
      "balance": 0.8440231127742263,
      "order": 0.9707673499462115,
      "justice": 0.8883742610220721,
      "harmony": 0.8256777933289554,
      "overall": 0.9438783003310215
    },
    "benchmarks": {
      "gpqa": 0.7039869934976412,
      "math500": 0.8986175785204501,
      "swe_bench": 0.8306695441758652,
      "mmlu": 0.8011684565720081,
      "humaneval": 0.8304906701823533
    },
    "self_improvement": {
      "rate": 0.9903023740857207,
      "iterations": 12597999,
      "generations_ahead": 12597,
      "recursive_depth": 4
    },
    "emergent_properties": [
      "self_modification",
      "meta_learning",
      "recursive_self_improvement",
      "omniscience"
    ],
    "timestamp": "2026-03-09T07:54:07.633193"
  }
}