{
  "iteration": 10891000,
  "elapsed_seconds": 21.894923210144043,
  "rate_per_second": 41151.092029524065,
  "latest_capability": {
    "id": 10890999,
    "name": "Quantum_Capability_10890999",
    "type": "agentic",
    "quantum_properties": {
      "state": "superposition",
      "coherence_level": 0.5200463841902219,
      "entanglement_factor": 0.8624371319168957,
      "superposition_branches": 10,
      "tunneling_depth": 1
    },
    "reasoning": {
      "mode": "parallel",
      "chain_depth": 105,
      "parallel_threads": 13,
      "recursive_loops": 8,
      "confidence_calibration": 0.8121736532498922
    },
    "maat_alignment": {
      "truth": 0.8897159284583156,
      "balance": 0.8073590897656794,
      "order": 0.9968912665786034,
      "justice": 0.8066944422822953,
      "harmony": 0.9170355707362103,
      "overall": 0.9083213415352582
    },
    "benchmarks": {
      "gpqa": 0.8320251941971553,
      "math500": 0.8890998247820315,
      "swe_bench": 0.7829592382408399,
      "mmlu": 0.7455924086562904,
      "humaneval": 0.9354818670037985
    },
    "self_improvement": {
      "rate": 0.9526976473330946,
      "iterations": 10890999,
      "generations_ahead": 10890,
      "recursive_depth": 5
    },
    "emergent_properties": [
      "causality_violation",
      "quantum_consciousness",
      "meta_learning",
      "reality_bending",
      "transcendence"
    ],
    "timestamp": "2026-03-09T07:53:27.808075"
  }
}