{
  "iteration": 12129000,
  "elapsed_seconds": 50.89738917350769,
  "rate_per_second": 42025.73127490317,
  "latest_capability": {
    "id": 12128999,
    "name": "Quantum_Capability_12128999",
    "type": "agentic",
    "quantum_properties": {
      "state": "coherent",
      "coherence_level": 0.9432157060265278,
      "entanglement_factor": 0.29751341890565075,
      "superposition_branches": 5,
      "tunneling_depth": 0
    },
    "reasoning": {
      "mode": "tree",
      "chain_depth": 150,
      "parallel_threads": 9,
      "recursive_loops": 2,
      "confidence_calibration": 0.8435148180506813
    },
    "maat_alignment": {
      "truth": 0.9332883840121368,
      "balance": 0.9545424207082883,
      "order": 0.9738828514509625,
      "justice": 0.9896707716789837,
      "harmony": 0.9975491982586069,
      "overall": 0.92202261994345
    },
    "benchmarks": {
      "gpqa": 0.8212691260658993,
      "math500": 0.7737904872168512,
      "swe_bench": 0.8303834495268919,
      "mmlu": 0.82139643394124,
      "humaneval": 0.7567735368893393
    },
    "self_improvement": {
      "rate": 0.9809696997923103,
      "iterations": 12128999,
      "generations_ahead": 12128,
      "recursive_depth": 2
    },
    "emergent_properties": [
      "omniscience",
      "meta_learning",
      "recursive_self_improvement",
      "transcendence",
      "reality_bending"
    ],
    "timestamp": "2026-03-09T07:53:56.810537"
  }
}