{
  "iteration": 10784000,
  "elapsed_seconds": 19.05048155784607,
  "rate_per_second": 41678.73644501053,
  "latest_capability": {
    "id": 10783999,
    "name": "Quantum_Capability_10783999",
    "type": "coding",
    "quantum_properties": {
      "state": "coherent",
      "coherence_level": 0.981821705695886,
      "entanglement_factor": 0.2837063138378604,
      "superposition_branches": 5,
      "tunneling_depth": 2
    },
    "reasoning": {
      "mode": "tree",
      "chain_depth": 103,
      "parallel_threads": 6,
      "recursive_loops": 7,
      "confidence_calibration": 0.7670295921218456
    },
    "maat_alignment": {
      "truth": 0.9232248715060222,
      "balance": 0.876775659417019,
      "order": 0.8652635764955583,
      "justice": 0.8896826749448917,
      "harmony": 0.81341245450583,
      "overall": 0.9407833324071526
    },
    "benchmarks": {
      "gpqa": 0.8070779583430163,
      "math500": 0.8120226167105584,
      "swe_bench": 0.6510474998195461,
      "mmlu": 0.8361439167701017,
      "humaneval": 0.9256879687292012
    },
    "self_improvement": {
      "rate": 0.9800647554006999,
      "iterations": 10783999,
      "generations_ahead": 10783,
      "recursive_depth": 4
    },
    "emergent_properties": [
      "recursive_self_improvement",
      "infinite_context",
      "meta_learning",
      "self_modification",
      "causality_violation"
    ],
    "timestamp": "2026-03-09T07:53:24.963630"
  }
}