{
  "iteration": 15975000,
  "elapsed_seconds": 134.89379477500916,
  "rate_per_second": 44368.23806448953,
  "latest_capability": {
    "id": 15974999,
    "name": "Quantum_Capability_15974999",
    "type": "multimodal",
    "quantum_properties": {
      "state": "coherent",
      "coherence_level": 0.5714781073918735,
      "entanglement_factor": 0.7422194909115983,
      "superposition_branches": 8,
      "tunneling_depth": 0
    },
    "reasoning": {
      "mode": "tree",
      "chain_depth": 93,
      "parallel_threads": 1,
      "recursive_loops": 4,
      "confidence_calibration": 0.8310323956981129
    },
    "maat_alignment": {
      "truth": 0.9568626288141556,
      "balance": 0.9497123374277774,
      "order": 0.8115020978740104,
      "justice": 0.9817832594315901,
      "harmony": 0.9330682301735245,
      "overall": 0.8745251227937633
    },
    "benchmarks": {
      "gpqa": 0.9314218905827454,
      "math500": 0.7681846951768694,
      "swe_bench": 0.8186008766696953,
      "mmlu": 0.7121002766868346,
      "humaneval": 0.7740810112709124
    },
    "self_improvement": {
      "rate": 0.9755339312060459,
      "iterations": 15974999,
      "generations_ahead": 15974,
      "recursive_depth": 2
    },
    "emergent_properties": [
      "reality_bending",
      "transcendence",
      "causality_violation"
    ],
    "timestamp": "2026-03-09T07:55:20.806950"
  }
}