{
  "iteration": 14016000,
  "elapsed_seconds": 94.09655284881592,
  "rate_per_second": 42785.83941824668,
  "latest_capability": {
    "id": 14015999,
    "name": "Quantum_Capability_14015999",
    "type": "reasoning",
    "quantum_properties": {
      "state": "collapsed",
      "coherence_level": 0.7874685282518865,
      "entanglement_factor": 0.5077694484941566,
      "superposition_branches": 4,
      "tunneling_depth": 5
    },
    "reasoning": {
      "mode": "tree",
      "chain_depth": 118,
      "parallel_threads": 10,
      "recursive_loops": 9,
      "confidence_calibration": 0.7884251968155265
    },
    "maat_alignment": {
      "truth": 0.8915451607971332,
      "balance": 0.9199532991749719,
      "order": 0.8432327787897834,
      "justice": 0.9839739221422912,
      "harmony": 0.8820799245943073,
      "overall": 0.9887567277664828
    },
    "benchmarks": {
      "gpqa": 0.8699669386923594,
      "math500": 0.7885488513563659,
      "swe_bench": 0.7064520311798452,
      "mmlu": 0.6843197179402377,
      "humaneval": 0.8208117842366075
    },
    "self_improvement": {
      "rate": 0.9506542374137739,
      "iterations": 14015999,
      "generations_ahead": 14015,
      "recursive_depth": 2
    },
    "emergent_properties": [
      "self_modification",
      "causality_violation",
      "meta_learning",
      "infinite_context"
    ],
    "timestamp": "2026-03-09T07:54:40.009701"
  }
}