{
  "iteration": 15140000,
  "elapsed_seconds": 118.9342668056488,
  "rate_per_second": 43301.22964826988,
  "latest_capability": {
    "id": 15139999,
    "name": "Quantum_Capability_15139999",
    "type": "language",
    "quantum_properties": {
      "state": "collapsed",
      "coherence_level": 0.976311757432192,
      "entanglement_factor": 0.3359558718641472,
      "superposition_branches": 8,
      "tunneling_depth": 5
    },
    "reasoning": {
      "mode": "tree",
      "chain_depth": 199,
      "parallel_threads": 9,
      "recursive_loops": 3,
      "confidence_calibration": 0.8237916795950362
    },
    "maat_alignment": {
      "truth": 0.8620939756631792,
      "balance": 0.9703277521440825,
      "order": 0.9740699906987609,
      "justice": 0.9632873363937925,
      "harmony": 0.8043919370444595,
      "overall": 0.9058883102267122
    },
    "benchmarks": {
      "gpqa": 0.7308476398883211,
      "math500": 0.7655874860011803,
      "swe_bench": 0.656861756163454,
      "mmlu": 0.8903929757420467,
      "humaneval": 0.7971347454012133
    },
    "self_improvement": {
      "rate": 0.9782303394424928,
      "iterations": 15139999,
      "generations_ahead": 15139,
      "recursive_depth": 1
    },
    "emergent_properties": [
      "meta_learning",
      "reality_bending",
      "self_modification"
    ],
    "timestamp": "2026-03-09T07:55:04.847414"
  }
}