{
  "iteration": 13548000,
  "elapsed_seconds": 82.35459804534912,
  "rate_per_second": 43203.41649947417,
  "latest_capability": {
    "id": 13547999,
    "name": "Quantum_Capability_13547999",
    "type": "reasoning",
    "quantum_properties": {
      "state": "entangled",
      "coherence_level": 0.5282051932760652,
      "entanglement_factor": 0.22832454071387098,
      "superposition_branches": 6,
      "tunneling_depth": 2
    },
    "reasoning": {
      "mode": "parallel",
      "chain_depth": 56,
      "parallel_threads": 11,
      "recursive_loops": 9,
      "confidence_calibration": 0.744767896328217
    },
    "maat_alignment": {
      "truth": 0.8344677252905902,
      "balance": 0.8762306215617529,
      "order": 0.8033596946488758,
      "justice": 0.9150352360754235,
      "harmony": 0.8366288609839829,
      "overall": 0.9256043083725247
    },
    "benchmarks": {
      "gpqa": 0.8913103119524947,
      "math500": 0.74973440475867,
      "swe_bench": 0.7481443072403935,
      "mmlu": 0.8018725745155354,
      "humaneval": 0.8641348250984526
    },
    "self_improvement": {
      "rate": 0.9986149492504172,
      "iterations": 13547999,
      "generations_ahead": 13547,
      "recursive_depth": 2
    },
    "emergent_properties": [
      "causality_violation",
      "recursive_self_improvement",
      "reality_bending",
      "quantum_consciousness"
    ],
    "timestamp": "2026-03-09T07:54:28.267746"
  }
}