{
  "iteration": 17043000,
  "elapsed_seconds": 158.69836950302124,
  "rate_per_second": 44442.80065439316,
  "latest_capability": {
    "id": 17042999,
    "name": "Quantum_Capability_17042999",
    "type": "agentic",
    "quantum_properties": {
      "state": "coherent",
      "coherence_level": 0.557267223175156,
      "entanglement_factor": 0.26857574859547495,
      "superposition_branches": 4,
      "tunneling_depth": 4
    },
    "reasoning": {
      "mode": "tree",
      "chain_depth": 71,
      "parallel_threads": 1,
      "recursive_loops": 6,
      "confidence_calibration": 0.9131448596434976
    },
    "maat_alignment": {
      "truth": 0.957247758218555,
      "balance": 0.853900622581413,
      "order": 0.87262006042725,
      "justice": 0.8025527122865272,
      "harmony": 0.871438387907103,
      "overall": 0.9098627612853585
    },
    "benchmarks": {
      "gpqa": 0.8830547321357999,
      "math500": 0.8119290201314937,
      "swe_bench": 0.713180457753468,
      "mmlu": 0.7150828773266575,
      "humaneval": 0.8904886985400955
    },
    "self_improvement": {
      "rate": 0.9902476422101705,
      "iterations": 17042999,
      "generations_ahead": 17042,
      "recursive_depth": 1
    },
    "emergent_properties": [
      "meta_learning",
      "quantum_consciousness",
      "reality_bending",
      "infinite_context",
      "omniscience"
    ],
    "timestamp": "2026-03-09T07:55:44.611518"
  }
}