{
  "iteration": 12150000,
  "elapsed_seconds": 51.17890024185181,
  "rate_per_second": 42204.892832645295,
  "latest_capability": {
    "id": 12149999,
    "name": "Quantum_Capability_12149999",
    "type": "agentic",
    "quantum_properties": {
      "state": "entangled",
      "coherence_level": 0.6442635457446626,
      "entanglement_factor": 0.21317673110386426,
      "superposition_branches": 1,
      "tunneling_depth": 0
    },
    "reasoning": {
      "mode": "graph",
      "chain_depth": 175,
      "parallel_threads": 11,
      "recursive_loops": 5,
      "confidence_calibration": 0.8244606763693664
    },
    "maat_alignment": {
      "truth": 0.876840647500167,
      "balance": 0.8262101572679166,
      "order": 0.949328374236057,
      "justice": 0.9222055584229701,
      "harmony": 0.8214817992092782,
      "overall": 0.985550794068122
    },
    "benchmarks": {
      "gpqa": 0.8209097988155957,
      "math500": 0.7048589152979059,
      "swe_bench": 0.7896876697722404,
      "mmlu": 0.7165644528894589,
      "humaneval": 0.8672796545704933
    },
    "self_improvement": {
      "rate": 0.9523327438129202,
      "iterations": 12149999,
      "generations_ahead": 12149,
      "recursive_depth": 5
    },
    "emergent_properties": [
      "quantum_consciousness",
      "reality_bending",
      "causality_violation",
      "self_modification",
      "meta_learning",
      "infinite_context"
    ],
    "timestamp": "2026-03-09T07:53:57.092053"
  }
}