{
  "iteration": 14689000,
  "elapsed_seconds": 106.9435043334961,
  "rate_per_second": 43939.087551745884,
  "latest_capability": {
    "id": 14688999,
    "name": "Quantum_Capability_14688999",
    "type": "math",
    "quantum_properties": {
      "state": "collapsed",
      "coherence_level": 0.9684086595555259,
      "entanglement_factor": 0.4004107838723985,
      "superposition_branches": 3,
      "tunneling_depth": 4
    },
    "reasoning": {
      "mode": "sequential",
      "chain_depth": 94,
      "parallel_threads": 7,
      "recursive_loops": 2,
      "confidence_calibration": 0.8030730720017356
    },
    "maat_alignment": {
      "truth": 0.8124065698662346,
      "balance": 0.989406324437522,
      "order": 0.9826482743512424,
      "justice": 0.8991331858355898,
      "harmony": 0.8539996889864184,
      "overall": 0.8802272242583656
    },
    "benchmarks": {
      "gpqa": 0.7455380913391288,
      "math500": 0.6839462625227019,
      "swe_bench": 0.6723651418197635,
      "mmlu": 0.6651926744459873,
      "humaneval": 0.7385902599509402
    },
    "self_improvement": {
      "rate": 0.9767300657125387,
      "iterations": 14688999,
      "generations_ahead": 14688,
      "recursive_depth": 4
    },
    "emergent_properties": [
      "self_modification",
      "recursive_self_improvement",
      "omniscience"
    ],
    "timestamp": "2026-03-09T07:54:52.856652"
  }
}