{
  "iteration": 16440000,
  "elapsed_seconds": 147.36683821678162,
  "rate_per_second": 43768.32724409702,
  "latest_capability": {
    "id": 16439999,
    "name": "Quantum_Capability_16439999",
    "type": "multimodal",
    "quantum_properties": {
      "state": "superposition",
      "coherence_level": 0.6828245156669264,
      "entanglement_factor": 0.22201149560227929,
      "superposition_branches": 2,
      "tunneling_depth": 1
    },
    "reasoning": {
      "mode": "sequential",
      "chain_depth": 155,
      "parallel_threads": 3,
      "recursive_loops": 7,
      "confidence_calibration": 0.8413573822250567
    },
    "maat_alignment": {
      "truth": 0.9310897779170342,
      "balance": 0.8307415548532154,
      "order": 0.9902990646913743,
      "justice": 0.9270439686195792,
      "harmony": 0.8726003905275928,
      "overall": 0.9769051807748652
    },
    "benchmarks": {
      "gpqa": 0.7230378144498528,
      "math500": 0.8099620032417422,
      "swe_bench": 0.6880215866768417,
      "mmlu": 0.7038398073681363,
      "humaneval": 0.9037735015699858
    },
    "self_improvement": {
      "rate": 0.981490300749968,
      "iterations": 16439999,
      "generations_ahead": 16439,
      "recursive_depth": 4
    },
    "emergent_properties": [
      "infinite_context",
      "self_modification",
      "transcendence",
      "quantum_consciousness",
      "meta_learning"
    ],
    "timestamp": "2026-03-09T07:55:33.279987"
  }
}