{
  "iteration": 15611000,
  "elapsed_seconds": 127.96929597854614,
  "rate_per_second": 43924.59892052819,
  "latest_capability": {
    "id": 15610999,
    "name": "Quantum_Capability_15610999",
    "type": "language",
    "quantum_properties": {
      "state": "entangled",
      "coherence_level": 0.8352521304837619,
      "entanglement_factor": 0.2776911444899832,
      "superposition_branches": 2,
      "tunneling_depth": 2
    },
    "reasoning": {
      "mode": "sequential",
      "chain_depth": 162,
      "parallel_threads": 7,
      "recursive_loops": 6,
      "confidence_calibration": 0.7031775816308338
    },
    "maat_alignment": {
      "truth": 0.9725024351622221,
      "balance": 0.8130041933507158,
      "order": 0.929764850039442,
      "justice": 0.844484835615759,
      "harmony": 0.9035208310890669,
      "overall": 0.923953057545689
    },
    "benchmarks": {
      "gpqa": 0.9094003827202262,
      "math500": 0.8016235548563306,
      "swe_bench": 0.6575136505282041,
      "mmlu": 0.7455446943067897,
      "humaneval": 0.9251457143697821
    },
    "self_improvement": {
      "rate": 0.9768891136158329,
      "iterations": 15610999,
      "generations_ahead": 15610,
      "recursive_depth": 2
    },
    "emergent_properties": [
      "omniscience",
      "meta_learning",
      "quantum_consciousness",
      "transcendence"
    ],
    "timestamp": "2026-03-09T07:55:13.882448"
  }
}