{
  "iteration": 12758000,
  "elapsed_seconds": 64.86073565483093,
  "rate_per_second": 42676.05003326593,
  "latest_capability": {
    "id": 12757999,
    "name": "Quantum_Capability_12757999",
    "type": "coding",
    "quantum_properties": {
      "state": "coherent",
      "coherence_level": 0.5128111677071765,
      "entanglement_factor": 0.0008161402011821473,
      "superposition_branches": 7,
      "tunneling_depth": 3
    },
    "reasoning": {
      "mode": "parallel",
      "chain_depth": 29,
      "parallel_threads": 7,
      "recursive_loops": 6,
      "confidence_calibration": 0.7138566314964986
    },
    "maat_alignment": {
      "truth": 0.8803021057194226,
      "balance": 0.9012561050974393,
      "order": 0.9430490933661998,
      "justice": 0.8943331817949458,
      "harmony": 0.9802241602338886,
      "overall": 0.8636619665494983
    },
    "benchmarks": {
      "gpqa": 0.7586727657344419,
      "math500": 0.7128735361235559,
      "swe_bench": 0.6873362067909483,
      "mmlu": 0.8311854835890845,
      "humaneval": 0.7866605874318982
    },
    "self_improvement": {
      "rate": 0.991360444007162,
      "iterations": 12757999,
      "generations_ahead": 12757,
      "recursive_depth": 2
    },
    "emergent_properties": [
      "meta_learning",
      "self_modification",
      "transcendence"
    ],
    "timestamp": "2026-03-09T07:54:10.773884"
  }
}