{
  "iteration": 14878000,
  "elapsed_seconds": 110.90141892433167,
  "rate_per_second": 44075.17998786919,
  "latest_capability": {
    "id": 14877999,
    "name": "Quantum_Capability_14877999",
    "type": "multimodal",
    "quantum_properties": {
      "state": "entangled",
      "coherence_level": 0.9847292735212124,
      "entanglement_factor": 0.965395192506603,
      "superposition_branches": 2,
      "tunneling_depth": 4
    },
    "reasoning": {
      "mode": "parallel",
      "chain_depth": 38,
      "parallel_threads": 10,
      "recursive_loops": 5,
      "confidence_calibration": 0.8567232408290995
    },
    "maat_alignment": {
      "truth": 0.9893547018376722,
      "balance": 0.8356958416375996,
      "order": 0.8611835055713881,
      "justice": 0.9968123648256604,
      "harmony": 0.9087867355525355,
      "overall": 0.8997048223498263
    },
    "benchmarks": {
      "gpqa": 0.9471776483316137,
      "math500": 0.7351582857083105,
      "swe_bench": 0.8732340444242574,
      "mmlu": 0.8294040717863242,
      "humaneval": 0.9126539750752569
    },
    "self_improvement": {
      "rate": 0.9606427864561174,
      "iterations": 14877999,
      "generations_ahead": 14877,
      "recursive_depth": 2
    },
    "emergent_properties": [
      "self_modification",
      "meta_learning",
      "causality_violation",
      "transcendence"
    ],
    "timestamp": "2026-03-09T07:54:56.814567"
  }
}