{
  "iteration": 12803000,
  "elapsed_seconds": 65.78561425209045,
  "rate_per_second": 42760.108451987464,
  "latest_capability": {
    "id": 12802999,
    "name": "Quantum_Capability_12802999",
    "type": "multimodal",
    "quantum_properties": {
      "state": "collapsed",
      "coherence_level": 0.6513300875903164,
      "entanglement_factor": 0.9074364384958565,
      "superposition_branches": 6,
      "tunneling_depth": 1
    },
    "reasoning": {
      "mode": "parallel",
      "chain_depth": 56,
      "parallel_threads": 6,
      "recursive_loops": 7,
      "confidence_calibration": 0.7625563137664023
    },
    "maat_alignment": {
      "truth": 0.9304786872487744,
      "balance": 0.9228783803292318,
      "order": 0.9310099794755964,
      "justice": 0.9660329902140167,
      "harmony": 0.9716994192511488,
      "overall": 0.9751803401925085
    },
    "benchmarks": {
      "gpqa": 0.7391026631777141,
      "math500": 0.851274219683164,
      "swe_bench": 0.7420636735443653,
      "mmlu": 0.6861363682861829,
      "humaneval": 0.7806462747369036
    },
    "self_improvement": {
      "rate": 0.9524102541787576,
      "iterations": 12802999,
      "generations_ahead": 12802,
      "recursive_depth": 4
    },
    "emergent_properties": [
      "meta_learning",
      "causality_violation",
      "reality_bending"
    ],
    "timestamp": "2026-03-09T07:54:11.698769"
  }
}