{
  "iteration": 12262000,
  "elapsed_seconds": 53.37662959098816,
  "rate_per_second": 42565.4451659794,
  "latest_capability": {
    "id": 12261999,
    "name": "Quantum_Capability_12261999",
    "type": "language",
    "quantum_properties": {
      "state": "entangled",
      "coherence_level": 0.9121112465638846,
      "entanglement_factor": 0.6502002091493825,
      "superposition_branches": 6,
      "tunneling_depth": 5
    },
    "reasoning": {
      "mode": "sequential",
      "chain_depth": 94,
      "parallel_threads": 7,
      "recursive_loops": 3,
      "confidence_calibration": 0.7055626859076836
    },
    "maat_alignment": {
      "truth": 0.8228912968979419,
      "balance": 0.8342010445782962,
      "order": 0.8864357950126746,
      "justice": 0.8864673038633343,
      "harmony": 0.9900989590858087,
      "overall": 0.8859948591444923
    },
    "benchmarks": {
      "gpqa": 0.929630250902212,
      "math500": 0.8724698169097638,
      "swe_bench": 0.803653575115693,
      "mmlu": 0.6712583056198125,
      "humaneval": 0.9369980185779959
    },
    "self_improvement": {
      "rate": 0.9653237114280255,
      "iterations": 12261999,
      "generations_ahead": 12261,
      "recursive_depth": 3
    },
    "emergent_properties": [
      "omniscience",
      "meta_learning",
      "transcendence",
      "self_modification",
      "quantum_consciousness",
      "causality_violation"
    ],
    "timestamp": "2026-03-09T07:53:59.289778"
  }
}