{
  "iteration": 13734000,
  "elapsed_seconds": 85.91037774085999,
  "rate_per_second": 43580.299591900286,
  "latest_capability": {
    "id": 13733999,
    "name": "Quantum_Capability_13733999",
    "type": "coding",
    "quantum_properties": {
      "state": "superposition",
      "coherence_level": 0.7630071783223581,
      "entanglement_factor": 0.4639753115611702,
      "superposition_branches": 10,
      "tunneling_depth": 4
    },
    "reasoning": {
      "mode": "parallel",
      "chain_depth": 165,
      "parallel_threads": 7,
      "recursive_loops": 7,
      "confidence_calibration": 0.7612591339881517
    },
    "maat_alignment": {
      "truth": 0.9308593561378277,
      "balance": 0.8858543450974855,
      "order": 0.915871531802224,
      "justice": 0.9477881349829533,
      "harmony": 0.8644849808930065,
      "overall": 0.9547532840547156
    },
    "benchmarks": {
      "gpqa": 0.7676947380722278,
      "math500": 0.7567697661406521,
      "swe_bench": 0.8693867167095188,
      "mmlu": 0.7558352517809745,
      "humaneval": 0.7577709823732501
    },
    "self_improvement": {
      "rate": 0.9728671393690774,
      "iterations": 13733999,
      "generations_ahead": 13733,
      "recursive_depth": 4
    },
    "emergent_properties": [
      "quantum_consciousness",
      "meta_learning",
      "recursive_self_improvement"
    ],
    "timestamp": "2026-03-09T07:54:31.823526"
  }
}