{
  "iteration": 12015000,
  "elapsed_seconds": 47.60136532783508,
  "rate_per_second": 42540.796593829495,
  "latest_capability": {
    "id": 12014999,
    "name": "Quantum_Capability_12014999",
    "type": "vision",
    "quantum_properties": {
      "state": "entangled",
      "coherence_level": 0.8017778955493775,
      "entanglement_factor": 0.5301766026877367,
      "superposition_branches": 8,
      "tunneling_depth": 0
    },
    "reasoning": {
      "mode": "tree",
      "chain_depth": 125,
      "parallel_threads": 1,
      "recursive_loops": 9,
      "confidence_calibration": 0.9231447828428657
    },
    "maat_alignment": {
      "truth": 0.9694801814667509,
      "balance": 0.9924818947737792,
      "order": 0.9562276975453787,
      "justice": 0.9610878356776534,
      "harmony": 0.9246155623658621,
      "overall": 0.9703647405572424
    },
    "benchmarks": {
      "gpqa": 0.7793260829976886,
      "math500": 0.8195697404483904,
      "swe_bench": 0.8726541014770736,
      "mmlu": 0.8159484578067899,
      "humaneval": 0.780683126439329
    },
    "self_improvement": {
      "rate": 0.9956315289574263,
      "iterations": 12014999,
      "generations_ahead": 12014,
      "recursive_depth": 3
    },
    "emergent_properties": [
      "reality_bending",
      "meta_learning",
      "recursive_self_improvement",
      "infinite_context",
      "quantum_consciousness",
      "transcendence"
    ],
    "timestamp": "2026-03-09T07:53:53.514524"
  }
}