{
  "iteration": 13325000,
  "elapsed_seconds": 78.00486707687378,
  "rate_per_second": 42753.742490367404,
  "latest_capability": {
    "id": 13324999,
    "name": "Quantum_Capability_13324999",
    "type": "vision",
    "quantum_properties": {
      "state": "coherent",
      "coherence_level": 0.7228180377277842,
      "entanglement_factor": 0.34562838667999896,
      "superposition_branches": 4,
      "tunneling_depth": 0
    },
    "reasoning": {
      "mode": "sequential",
      "chain_depth": 12,
      "parallel_threads": 11,
      "recursive_loops": 5,
      "confidence_calibration": 0.8711638655459638
    },
    "maat_alignment": {
      "truth": 0.8202944871333042,
      "balance": 0.9015222045726641,
      "order": 0.8999803795366217,
      "justice": 0.8382516094108933,
      "harmony": 0.9945509503683108,
      "overall": 0.9293984625846716
    },
    "benchmarks": {
      "gpqa": 0.9294178543893936,
      "math500": 0.8812548732963414,
      "swe_bench": 0.6565786479097222,
      "mmlu": 0.6981182452800455,
      "humaneval": 0.9128548281690728
    },
    "self_improvement": {
      "rate": 0.9928179156835356,
      "iterations": 13324999,
      "generations_ahead": 13324,
      "recursive_depth": 1
    },
    "emergent_properties": [
      "self_modification",
      "causality_violation",
      "omniscience",
      "infinite_context"
    ],
    "timestamp": "2026-03-09T07:54:23.918018"
  }
}