{
  "iteration": 15327000,
  "elapsed_seconds": 122.45853471755981,
  "rate_per_second": 43582.099135101824,
  "latest_capability": {
    "id": 15326999,
    "name": "Quantum_Capability_15326999",
    "type": "multimodal",
    "quantum_properties": {
      "state": "coherent",
      "coherence_level": 0.9901710844010623,
      "entanglement_factor": 0.45172566600362574,
      "superposition_branches": 2,
      "tunneling_depth": 0
    },
    "reasoning": {
      "mode": "parallel",
      "chain_depth": 132,
      "parallel_threads": 16,
      "recursive_loops": 5,
      "confidence_calibration": 0.9500896521776796
    },
    "maat_alignment": {
      "truth": 0.9313366293136999,
      "balance": 0.9476199701290582,
      "order": 0.9524676493746927,
      "justice": 0.8619459169575985,
      "harmony": 0.8584305010063334,
      "overall": 0.9485454695915072
    },
    "benchmarks": {
      "gpqa": 0.7363869712905844,
      "math500": 0.8177469198158976,
      "swe_bench": 0.7921093985662309,
      "mmlu": 0.8574612889575608,
      "humaneval": 0.8124040526362339
    },
    "self_improvement": {
      "rate": 0.9697257646848046,
      "iterations": 15326999,
      "generations_ahead": 15326,
      "recursive_depth": 4
    },
    "emergent_properties": [
      "meta_learning",
      "quantum_consciousness",
      "self_modification",
      "reality_bending"
    ],
    "timestamp": "2026-03-09T07:55:08.371683"
  }
}