{
  "iteration": 14178000,
  "elapsed_seconds": 97.24901795387268,
  "rate_per_second": 43064.70222646833,
  "latest_capability": {
    "id": 14177999,
    "name": "Quantum_Capability_14177999",
    "type": "vision",
    "quantum_properties": {
      "state": "superposition",
      "coherence_level": 0.8086452092165014,
      "entanglement_factor": 0.30610728847749946,
      "superposition_branches": 2,
      "tunneling_depth": 5
    },
    "reasoning": {
      "mode": "tree",
      "chain_depth": 117,
      "parallel_threads": 15,
      "recursive_loops": 10,
      "confidence_calibration": 0.8907503369978353
    },
    "maat_alignment": {
      "truth": 0.9170786305208712,
      "balance": 0.9062172773804585,
      "order": 0.8269326779042445,
      "justice": 0.860944310856774,
      "harmony": 0.9758530712718451,
      "overall": 0.8837799841665415
    },
    "benchmarks": {
      "gpqa": 0.8775357598967162,
      "math500": 0.7455012649466883,
      "swe_bench": 0.7387969143941786,
      "mmlu": 0.6728785530822554,
      "humaneval": 0.7177523795514881
    },
    "self_improvement": {
      "rate": 0.9639159117587497,
      "iterations": 14177999,
      "generations_ahead": 14177,
      "recursive_depth": 5
    },
    "emergent_properties": [
      "transcendence",
      "infinite_context",
      "quantum_consciousness",
      "causality_violation",
      "omniscience",
      "recursive_self_improvement"
    ],
    "timestamp": "2026-03-09T07:54:43.162167"
  }
}