{
  "iteration": 16503000,
  "elapsed_seconds": 148.5781672000885,
  "rate_per_second": 43835.51178975723,
  "latest_capability": {
    "id": 16502999,
    "name": "Quantum_Capability_16502999",
    "type": "reasoning",
    "quantum_properties": {
      "state": "collapsed",
      "coherence_level": 0.604802442124306,
      "entanglement_factor": 0.5820776234040569,
      "superposition_branches": 7,
      "tunneling_depth": 1
    },
    "reasoning": {
      "mode": "parallel",
      "chain_depth": 172,
      "parallel_threads": 10,
      "recursive_loops": 9,
      "confidence_calibration": 0.7054745281177951
    },
    "maat_alignment": {
      "truth": 0.96865902425576,
      "balance": 0.9371456092506724,
      "order": 0.9531104959464587,
      "justice": 0.9215957555113345,
      "harmony": 0.8193174101403652,
      "overall": 0.9740505096985439
    },
    "benchmarks": {
      "gpqa": 0.8431715111912427,
      "math500": 0.8669815284572997,
      "swe_bench": 0.8908990478552776,
      "mmlu": 0.7306613944842407,
      "humaneval": 0.7012147614033025
    },
    "self_improvement": {
      "rate": 0.9889682648112579,
      "iterations": 16502999,
      "generations_ahead": 16502,
      "recursive_depth": 4
    },
    "emergent_properties": [
      "reality_bending",
      "self_modification",
      "recursive_self_improvement"
    ],
    "timestamp": "2026-03-09T07:55:34.491315"
  }
}