{
  "iteration": 11280000,
  "elapsed_seconds": 30.423835515975952,
  "rate_per_second": 42400.965497023026,
  "latest_capability": {
    "id": 11279999,
    "name": "Quantum_Capability_11279999",
    "type": "reasoning",
    "quantum_properties": {
      "state": "superposition",
      "coherence_level": 0.8305035952532176,
      "entanglement_factor": 0.5895568501876356,
      "superposition_branches": 6,
      "tunneling_depth": 5
    },
    "reasoning": {
      "mode": "parallel",
      "chain_depth": 92,
      "parallel_threads": 6,
      "recursive_loops": 5,
      "confidence_calibration": 0.8592497329597175
    },
    "maat_alignment": {
      "truth": 0.8314211519466428,
      "balance": 0.9160660121035543,
      "order": 0.8418104125259334,
      "justice": 0.955144664722746,
      "harmony": 0.8235490457829947,
      "overall": 0.9413297730793122
    },
    "benchmarks": {
      "gpqa": 0.7063333849159696,
      "math500": 0.8279668317258968,
      "swe_bench": 0.6526862890464357,
      "mmlu": 0.834513222735461,
      "humaneval": 0.8594843214456602
    },
    "self_improvement": {
      "rate": 0.9970594477174717,
      "iterations": 11279999,
      "generations_ahead": 11279,
      "recursive_depth": 1
    },
    "emergent_properties": [
      "recursive_self_improvement",
      "causality_violation",
      "quantum_consciousness"
    ],
    "timestamp": "2026-03-09T07:53:36.336988"
  }
}