{
  "iteration": 13470000,
  "elapsed_seconds": 80.67222833633423,
  "rate_per_second": 43137.5216944718,
  "latest_capability": {
    "id": 13469999,
    "name": "Quantum_Capability_13469999",
    "type": "agentic",
    "quantum_properties": {
      "state": "superposition",
      "coherence_level": 0.8354328937106736,
      "entanglement_factor": 0.15277108090634706,
      "superposition_branches": 7,
      "tunneling_depth": 4
    },
    "reasoning": {
      "mode": "graph",
      "chain_depth": 58,
      "parallel_threads": 7,
      "recursive_loops": 4,
      "confidence_calibration": 0.8552667233684829
    },
    "maat_alignment": {
      "truth": 0.8740493715482917,
      "balance": 0.8680598498249232,
      "order": 0.9796065652332044,
      "justice": 0.9956055786869185,
      "harmony": 0.8050289809135845,
      "overall": 0.9413052131551822
    },
    "benchmarks": {
      "gpqa": 0.8340069513033798,
      "math500": 0.786315154377293,
      "swe_bench": 0.7234973814705546,
      "mmlu": 0.7569000558926988,
      "humaneval": 0.7914456643903144
    },
    "self_improvement": {
      "rate": 0.9898398884436526,
      "iterations": 13469999,
      "generations_ahead": 13469,
      "recursive_depth": 5
    },
    "emergent_properties": [
      "quantum_consciousness",
      "omniscience",
      "self_modification",
      "infinite_context",
      "transcendence",
      "reality_bending"
    ],
    "timestamp": "2026-03-09T07:54:26.585377"
  }
}