{
  "iteration": 14588000,
  "elapsed_seconds": 105.17414450645447,
  "rate_per_second": 43717.96910330774,
  "latest_capability": {
    "id": 14587999,
    "name": "Quantum_Capability_14587999",
    "type": "vision",
    "quantum_properties": {
      "state": "superposition",
      "coherence_level": 0.6738385300337031,
      "entanglement_factor": 0.27061390428470344,
      "superposition_branches": 9,
      "tunneling_depth": 5
    },
    "reasoning": {
      "mode": "graph",
      "chain_depth": 98,
      "parallel_threads": 12,
      "recursive_loops": 5,
      "confidence_calibration": 0.8919762794912511
    },
    "maat_alignment": {
      "truth": 0.957945471415225,
      "balance": 0.8011404889879643,
      "order": 0.9085856267377599,
      "justice": 0.9139622586995261,
      "harmony": 0.8225707198114842,
      "overall": 0.8679391827135112
    },
    "benchmarks": {
      "gpqa": 0.9282921919058007,
      "math500": 0.7243383223879036,
      "swe_bench": 0.8021441344397727,
      "mmlu": 0.7017453270119545,
      "humaneval": 0.8091783672698585
    },
    "self_improvement": {
      "rate": 0.9938949253314558,
      "iterations": 14587999,
      "generations_ahead": 14587,
      "recursive_depth": 1
    },
    "emergent_properties": [
      "causality_violation",
      "transcendence",
      "quantum_consciousness",
      "recursive_self_improvement"
    ],
    "timestamp": "2026-03-09T07:54:51.087292"
  }
}