{
  "iteration": 13826000,
  "elapsed_seconds": 87.84072852134705,
  "rate_per_second": 43669.947467111175,
  "latest_capability": {
    "id": 13825999,
    "name": "Quantum_Capability_13825999",
    "type": "multimodal",
    "quantum_properties": {
      "state": "collapsed",
      "coherence_level": 0.5870379711365177,
      "entanglement_factor": 0.8267124263420451,
      "superposition_branches": 4,
      "tunneling_depth": 0
    },
    "reasoning": {
      "mode": "parallel",
      "chain_depth": 171,
      "parallel_threads": 13,
      "recursive_loops": 9,
      "confidence_calibration": 0.7711618652034555
    },
    "maat_alignment": {
      "truth": 0.8806656917049814,
      "balance": 0.9814676410245221,
      "order": 0.8666701018960526,
      "justice": 0.867280406227314,
      "harmony": 0.8074706591002984,
      "overall": 0.9769402226393207
    },
    "benchmarks": {
      "gpqa": 0.8854602850505895,
      "math500": 0.8346309013075944,
      "swe_bench": 0.6661982144587864,
      "mmlu": 0.7878172383196109,
      "humaneval": 0.7900230490953708
    },
    "self_improvement": {
      "rate": 0.9778925064312094,
      "iterations": 13825999,
      "generations_ahead": 13825,
      "recursive_depth": 4
    },
    "emergent_properties": [
      "transcendence",
      "meta_learning",
      "recursive_self_improvement",
      "self_modification"
    ],
    "timestamp": "2026-03-09T07:54:33.753881"
  }
}