{
  "iteration": 15345000,
  "elapsed_seconds": 122.7085542678833,
  "rate_per_second": 43639.98933855561,
  "latest_capability": {
    "id": 15344999,
    "name": "Quantum_Capability_15344999",
    "type": "math",
    "quantum_properties": {
      "state": "entangled",
      "coherence_level": 0.9766159822290699,
      "entanglement_factor": 0.8608504483833758,
      "superposition_branches": 10,
      "tunneling_depth": 2
    },
    "reasoning": {
      "mode": "sequential",
      "chain_depth": 87,
      "parallel_threads": 11,
      "recursive_loops": 6,
      "confidence_calibration": 0.8624311243356887
    },
    "maat_alignment": {
      "truth": 0.9907966824580574,
      "balance": 0.90852795168635,
      "order": 0.9494095957474533,
      "justice": 0.8320557975855362,
      "harmony": 0.9381567624545664,
      "overall": 0.9056081618021662
    },
    "benchmarks": {
      "gpqa": 0.8781948098645007,
      "math500": 0.6782176834176445,
      "swe_bench": 0.6800461865386721,
      "mmlu": 0.672492504172582,
      "humaneval": 0.7139726447394107
    },
    "self_improvement": {
      "rate": 0.9933421619325041,
      "iterations": 15344999,
      "generations_ahead": 15344,
      "recursive_depth": 5
    },
    "emergent_properties": [
      "reality_bending",
      "meta_learning",
      "omniscience",
      "self_modification"
    ],
    "timestamp": "2026-03-09T07:55:08.621708"
  }
}