{
  "iteration": 16431000,
  "elapsed_seconds": 146.92729115486145,
  "rate_per_second": 43838.00959898718,
  "latest_capability": {
    "id": 16430999,
    "name": "Quantum_Capability_16430999",
    "type": "vision",
    "quantum_properties": {
      "state": "superposition",
      "coherence_level": 0.5162294293940609,
      "entanglement_factor": 0.20804146022276426,
      "superposition_branches": 3,
      "tunneling_depth": 1
    },
    "reasoning": {
      "mode": "sequential",
      "chain_depth": 123,
      "parallel_threads": 5,
      "recursive_loops": 8,
      "confidence_calibration": 0.7424858492957113
    },
    "maat_alignment": {
      "truth": 0.9521535526255567,
      "balance": 0.8397166984227998,
      "order": 0.9325202151996405,
      "justice": 0.847000637192307,
      "harmony": 0.9176346366571201,
      "overall": 0.8593660316835533
    },
    "benchmarks": {
      "gpqa": 0.8387574674492275,
      "math500": 0.668030806610326,
      "swe_bench": 0.7661085737990236,
      "mmlu": 0.8078074546736543,
      "humaneval": 0.7014298331646298
    },
    "self_improvement": {
      "rate": 0.9891064034429093,
      "iterations": 16430999,
      "generations_ahead": 16430,
      "recursive_depth": 3
    },
    "emergent_properties": [
      "recursive_self_improvement",
      "quantum_consciousness",
      "self_modification",
      "omniscience"
    ],
    "timestamp": "2026-03-09T07:55:32.840439"
  }
}