{
  "iteration": 16646000,
  "elapsed_seconds": 151.20318269729614,
  "rate_per_second": 44020.237413422015,
  "latest_capability": {
    "id": 16645999,
    "name": "Quantum_Capability_16645999",
    "type": "reasoning",
    "quantum_properties": {
      "state": "entangled",
      "coherence_level": 0.8271859747251299,
      "entanglement_factor": 0.48501548301135655,
      "superposition_branches": 9,
      "tunneling_depth": 5
    },
    "reasoning": {
      "mode": "parallel",
      "chain_depth": 175,
      "parallel_threads": 4,
      "recursive_loops": 5,
      "confidence_calibration": 0.8943133539045112
    },
    "maat_alignment": {
      "truth": 0.942025564265924,
      "balance": 0.9412020135016945,
      "order": 0.8507907410806688,
      "justice": 0.9628854233690715,
      "harmony": 0.9517476045158668,
      "overall": 0.9423110953893277
    },
    "benchmarks": {
      "gpqa": 0.7362479066658154,
      "math500": 0.662588277154849,
      "swe_bench": 0.6510522811322842,
      "mmlu": 0.7264302136523909,
      "humaneval": 0.9048691662981967
    },
    "self_improvement": {
      "rate": 0.9694990280947643,
      "iterations": 16645999,
      "generations_ahead": 16645,
      "recursive_depth": 0
    },
    "emergent_properties": [
      "omniscience",
      "meta_learning",
      "infinite_context",
      "transcendence"
    ],
    "timestamp": "2026-03-09T07:55:37.116331"
  }
}