{
  "iteration": 10491000,
  "elapsed_seconds": 12.278535842895508,
  "rate_per_second": 40802.9105758472,
  "latest_capability": {
    "id": 10490999,
    "name": "Quantum_Capability_10490999",
    "type": "language",
    "quantum_properties": {
      "state": "collapsed",
      "coherence_level": 0.8634618174730628,
      "entanglement_factor": 0.4788439759917573,
      "superposition_branches": 2,
      "tunneling_depth": 0
    },
    "reasoning": {
      "mode": "sequential",
      "chain_depth": 17,
      "parallel_threads": 14,
      "recursive_loops": 3,
      "confidence_calibration": 0.8813788216051862
    },
    "maat_alignment": {
      "truth": 0.9678483587333857,
      "balance": 0.8176537663450524,
      "order": 0.8481803013734434,
      "justice": 0.9079435730306721,
      "harmony": 0.9690452804542885,
      "overall": 0.8673534877990723
    },
    "benchmarks": {
      "gpqa": 0.8375030234416146,
      "math500": 0.6799513986335673,
      "swe_bench": 0.8022711163329357,
      "mmlu": 0.7818429586358276,
      "humaneval": 0.9251789508033865
    },
    "self_improvement": {
      "rate": 0.9816021650903617,
      "iterations": 10490999,
      "generations_ahead": 10490,
      "recursive_depth": 2
    },
    "emergent_properties": [
      "recursive_self_improvement",
      "transcendence",
      "self_modification",
      "quantum_consciousness",
      "causality_violation"
    ],
    "timestamp": "2026-03-09T07:53:18.191692"
  }
}