{
  "iteration": 14859000,
  "elapsed_seconds": 110.3074586391449,
  "rate_per_second": 44140.26086783704,
  "latest_capability": {
    "id": 14858999,
    "name": "Quantum_Capability_14858999",
    "type": "coding",
    "quantum_properties": {
      "state": "coherent",
      "coherence_level": 0.5948893794186021,
      "entanglement_factor": 0.14338720825753726,
      "superposition_branches": 10,
      "tunneling_depth": 5
    },
    "reasoning": {
      "mode": "graph",
      "chain_depth": 26,
      "parallel_threads": 15,
      "recursive_loops": 5,
      "confidence_calibration": 0.8351450053252589
    },
    "maat_alignment": {
      "truth": 0.8542400556946589,
      "balance": 0.8015633075781773,
      "order": 0.8912950396651182,
      "justice": 0.9879794244538148,
      "harmony": 0.9798737100547826,
      "overall": 0.9064492947181688
    },
    "benchmarks": {
      "gpqa": 0.9402692221182403,
      "math500": 0.735167361339105,
      "swe_bench": 0.7465193973791772,
      "mmlu": 0.7011584342299519,
      "humaneval": 0.7931406490310888
    },
    "self_improvement": {
      "rate": 0.9972254932814942,
      "iterations": 14858999,
      "generations_ahead": 14858,
      "recursive_depth": 0
    },
    "emergent_properties": [
      "reality_bending",
      "meta_learning",
      "causality_violation",
      "transcendence",
      "self_modification"
    ],
    "timestamp": "2026-03-09T07:54:56.220607"
  }
}