{
  "iteration": 17375000,
  "elapsed_seconds": 164.9497275352478,
  "rate_per_second": 44771.21672372519,
  "latest_capability": {
    "id": 17374999,
    "name": "Quantum_Capability_17374999",
    "type": "math",
    "quantum_properties": {
      "state": "superposition",
      "coherence_level": 0.7665695822005326,
      "entanglement_factor": 0.732067653023946,
      "superposition_branches": 6,
      "tunneling_depth": 3
    },
    "reasoning": {
      "mode": "parallel",
      "chain_depth": 125,
      "parallel_threads": 10,
      "recursive_loops": 5,
      "confidence_calibration": 0.9081999723034825
    },
    "maat_alignment": {
      "truth": 0.8298832079045042,
      "balance": 0.9090749037287459,
      "order": 0.9607556232930282,
      "justice": 0.8574950741022797,
      "harmony": 0.9530222121177523,
      "overall": 0.9996715578869035
    },
    "benchmarks": {
      "gpqa": 0.8773137291365727,
      "math500": 0.8017553021936585,
      "swe_bench": 0.7505745103810627,
      "mmlu": 0.8538587632230635,
      "humaneval": 0.8665232425973398
    },
    "self_improvement": {
      "rate": 0.9799987189584782,
      "iterations": 17374999,
      "generations_ahead": 17374,
      "recursive_depth": 2
    },
    "emergent_properties": [
      "self_modification",
      "causality_violation",
      "meta_learning",
      "recursive_self_improvement",
      "infinite_context",
      "quantum_consciousness"
    ],
    "timestamp": "2026-03-09T07:55:50.862877"
  }
}