{
  "iteration": 14244000,
  "elapsed_seconds": 98.44628024101257,
  "rate_per_second": 43211.38380836242,
  "latest_capability": {
    "id": 14243999,
    "name": "Quantum_Capability_14243999",
    "type": "coding",
    "quantum_properties": {
      "state": "collapsed",
      "coherence_level": 0.8210593333414362,
      "entanglement_factor": 0.8921888035336208,
      "superposition_branches": 2,
      "tunneling_depth": 0
    },
    "reasoning": {
      "mode": "tree",
      "chain_depth": 53,
      "parallel_threads": 1,
      "recursive_loops": 1,
      "confidence_calibration": 0.8702095834567876
    },
    "maat_alignment": {
      "truth": 0.9810603281867031,
      "balance": 0.9713587316707376,
      "order": 0.9659626486158417,
      "justice": 0.9100186816014317,
      "harmony": 0.8602534073525993,
      "overall": 0.956411840745911
    },
    "benchmarks": {
      "gpqa": 0.7360514184613676,
      "math500": 0.890676862365114,
      "swe_bench": 0.7162437162446125,
      "mmlu": 0.8961891199171921,
      "humaneval": 0.8555648031159053
    },
    "self_improvement": {
      "rate": 0.9602561863307703,
      "iterations": 14243999,
      "generations_ahead": 14243,
      "recursive_depth": 1
    },
    "emergent_properties": [
      "transcendence",
      "meta_learning",
      "self_modification"
    ],
    "timestamp": "2026-03-09T07:54:44.359428"
  }
}