{
  "iteration": 13772000,
  "elapsed_seconds": 86.74904584884644,
  "rate_per_second": 43597.02130430166,
  "latest_capability": {
    "id": 13771999,
    "name": "Quantum_Capability_13771999",
    "type": "vision",
    "quantum_properties": {
      "state": "collapsed",
      "coherence_level": 0.8148609525336497,
      "entanglement_factor": 0.9288782915325122,
      "superposition_branches": 2,
      "tunneling_depth": 0
    },
    "reasoning": {
      "mode": "tree",
      "chain_depth": 134,
      "parallel_threads": 4,
      "recursive_loops": 8,
      "confidence_calibration": 0.9166526074028658
    },
    "maat_alignment": {
      "truth": 0.9331686146316238,
      "balance": 0.831709326639729,
      "order": 0.8891950111912882,
      "justice": 0.9332064003414048,
      "harmony": 0.8336594805607017,
      "overall": 0.9460301086476818
    },
    "benchmarks": {
      "gpqa": 0.8870381371656293,
      "math500": 0.6695815669744308,
      "swe_bench": 0.7974734385341598,
      "mmlu": 0.8473273905475001,
      "humaneval": 0.7850315797535992
    },
    "self_improvement": {
      "rate": 0.9902819737720021,
      "iterations": 13771999,
      "generations_ahead": 13771,
      "recursive_depth": 1
    },
    "emergent_properties": [
      "infinite_context",
      "omniscience",
      "transcendence",
      "quantum_consciousness",
      "meta_learning",
      "self_modification"
    ],
    "timestamp": "2026-03-09T07:54:32.662199"
  }
}