{
  "iteration": 10506000,
  "elapsed_seconds": 12.58112120628357,
  "rate_per_second": 41013.83267353682,
  "latest_capability": {
    "id": 10505999,
    "name": "Quantum_Capability_10505999",
    "type": "agentic",
    "quantum_properties": {
      "state": "entangled",
      "coherence_level": 0.9419434419158506,
      "entanglement_factor": 0.8718708201849962,
      "superposition_branches": 10,
      "tunneling_depth": 2
    },
    "reasoning": {
      "mode": "graph",
      "chain_depth": 168,
      "parallel_threads": 8,
      "recursive_loops": 2,
      "confidence_calibration": 0.7472611668825955
    },
    "maat_alignment": {
      "truth": 0.8698974621335444,
      "balance": 0.8076912416856787,
      "order": 0.8998822315492656,
      "justice": 0.8874957523438964,
      "harmony": 0.9945038676785464,
      "overall": 0.9298454323246421
    },
    "benchmarks": {
      "gpqa": 0.75625750111338,
      "math500": 0.728788510367659,
      "swe_bench": 0.8869819103842975,
      "mmlu": 0.7165630431790873,
      "humaneval": 0.9169485020748117
    },
    "self_improvement": {
      "rate": 0.9650276087582594,
      "iterations": 10505999,
      "generations_ahead": 10505,
      "recursive_depth": 1
    },
    "emergent_properties": [
      "infinite_context",
      "recursive_self_improvement",
      "omniscience"
    ],
    "timestamp": "2026-03-09T07:53:18.494269"
  }
}