{
  "iteration": 10786000,
  "elapsed_seconds": 19.077131986618042,
  "rate_per_second": 41725.34952100593,
  "latest_capability": {
    "id": 10785999,
    "name": "Quantum_Capability_10785999",
    "type": "language",
    "quantum_properties": {
      "state": "coherent",
      "coherence_level": 0.9358814031054575,
      "entanglement_factor": 0.3011791849545613,
      "superposition_branches": 4,
      "tunneling_depth": 3
    },
    "reasoning": {
      "mode": "sequential",
      "chain_depth": 112,
      "parallel_threads": 10,
      "recursive_loops": 9,
      "confidence_calibration": 0.8447681688001722
    },
    "maat_alignment": {
      "truth": 0.8956365977434109,
      "balance": 0.8204382303046817,
      "order": 0.8816665732541293,
      "justice": 0.851624615389094,
      "harmony": 0.9271890637275246,
      "overall": 0.893471925295926
    },
    "benchmarks": {
      "gpqa": 0.9429398582054553,
      "math500": 0.7719895786213713,
      "swe_bench": 0.8710172237818161,
      "mmlu": 0.6535615018587652,
      "humaneval": 0.7928801339204553
    },
    "self_improvement": {
      "rate": 0.980848454223362,
      "iterations": 10785999,
      "generations_ahead": 10785,
      "recursive_depth": 2
    },
    "emergent_properties": [
      "self_modification",
      "causality_violation",
      "quantum_consciousness",
      "omniscience",
      "meta_learning",
      "transcendence"
    ],
    "timestamp": "2026-03-09T07:53:24.990285"
  }
}