{
  "iteration": 17124000,
  "elapsed_seconds": 160.13902306556702,
  "rate_per_second": 44548.791814966105,
  "latest_capability": {
    "id": 17123999,
    "name": "Quantum_Capability_17123999",
    "type": "vision",
    "quantum_properties": {
      "state": "collapsed",
      "coherence_level": 0.6760699573100157,
      "entanglement_factor": 0.049160107282026355,
      "superposition_branches": 3,
      "tunneling_depth": 5
    },
    "reasoning": {
      "mode": "tree",
      "chain_depth": 146,
      "parallel_threads": 2,
      "recursive_loops": 1,
      "confidence_calibration": 0.7986199622577191
    },
    "maat_alignment": {
      "truth": 0.8548295441733721,
      "balance": 0.903185494587026,
      "order": 0.8712770606831286,
      "justice": 0.958636758749924,
      "harmony": 0.8215782000303467,
      "overall": 0.9121165366913944
    },
    "benchmarks": {
      "gpqa": 0.7881823870784606,
      "math500": 0.7002012534601049,
      "swe_bench": 0.8696352996827181,
      "mmlu": 0.7122595363554234,
      "humaneval": 0.7523258350549133
    },
    "self_improvement": {
      "rate": 0.9530866789588853,
      "iterations": 17123999,
      "generations_ahead": 17123,
      "recursive_depth": 4
    },
    "emergent_properties": [
      "meta_learning",
      "self_modification",
      "causality_violation",
      "transcendence"
    ],
    "timestamp": "2026-03-09T07:55:46.052171"
  }
}