{
  "iteration": 11479000,
  "elapsed_seconds": 36.04357624053955,
  "rate_per_second": 41311.10603628911,
  "latest_capability": {
    "id": 11478999,
    "name": "Quantum_Capability_11478999",
    "type": "agentic",
    "quantum_properties": {
      "state": "coherent",
      "coherence_level": 0.5670548696328672,
      "entanglement_factor": 0.9407159799803975,
      "superposition_branches": 3,
      "tunneling_depth": 1
    },
    "reasoning": {
      "mode": "parallel",
      "chain_depth": 150,
      "parallel_threads": 5,
      "recursive_loops": 7,
      "confidence_calibration": 0.884549268698218
    },
    "maat_alignment": {
      "truth": 0.8876882412606583,
      "balance": 0.8369331549429467,
      "order": 0.8690796150233585,
      "justice": 0.957705685824171,
      "harmony": 0.8790776577125945,
      "overall": 0.9759666309043001
    },
    "benchmarks": {
      "gpqa": 0.9096808956500295,
      "math500": 0.8886951248531676,
      "swe_bench": 0.836945237550956,
      "mmlu": 0.8902270500800056,
      "humaneval": 0.8571148482156439
    },
    "self_improvement": {
      "rate": 0.9970722898237603,
      "iterations": 11478999,
      "generations_ahead": 11478,
      "recursive_depth": 2
    },
    "emergent_properties": [
      "self_modification",
      "quantum_consciousness",
      "omniscience",
      "meta_learning",
      "infinite_context"
    ],
    "timestamp": "2026-03-09T07:53:41.956725"
  }
}