{
  "iteration": 11785000,
  "elapsed_seconds": 42.92493653297424,
  "rate_per_second": 41817.18471781805,
  "latest_capability": {
    "id": 11784999,
    "name": "Quantum_Capability_11784999",
    "type": "reasoning",
    "quantum_properties": {
      "state": "superposition",
      "coherence_level": 0.8016023198169238,
      "entanglement_factor": 0.58142633927184,
      "superposition_branches": 6,
      "tunneling_depth": 0
    },
    "reasoning": {
      "mode": "graph",
      "chain_depth": 93,
      "parallel_threads": 12,
      "recursive_loops": 4,
      "confidence_calibration": 0.8306668569826834
    },
    "maat_alignment": {
      "truth": 0.8965266813488684,
      "balance": 0.8668565894217343,
      "order": 0.9203832258829419,
      "justice": 0.8802467471047011,
      "harmony": 0.8983586944205987,
      "overall": 0.969144113893678
    },
    "benchmarks": {
      "gpqa": 0.9210604207980455,
      "math500": 0.8551925520651436,
      "swe_bench": 0.8094471424194807,
      "mmlu": 0.6726780546126436,
      "humaneval": 0.7716184426804719
    },
    "self_improvement": {
      "rate": 0.9545169274650235,
      "iterations": 11784999,
      "generations_ahead": 11784,
      "recursive_depth": 3
    },
    "emergent_properties": [
      "causality_violation",
      "self_modification",
      "reality_bending",
      "quantum_consciousness",
      "transcendence",
      "meta_learning"
    ],
    "timestamp": "2026-03-09T07:53:48.838089"
  }
}