{
  "iteration": 13030000,
  "elapsed_seconds": 70.18358635902405,
  "rate_per_second": 43314.97088861894,
  "latest_capability": {
    "id": 13029999,
    "name": "Quantum_Capability_13029999",
    "type": "vision",
    "quantum_properties": {
      "state": "entangled",
      "coherence_level": 0.8779938666091089,
      "entanglement_factor": 0.624810303112066,
      "superposition_branches": 5,
      "tunneling_depth": 1
    },
    "reasoning": {
      "mode": "tree",
      "chain_depth": 57,
      "parallel_threads": 6,
      "recursive_loops": 7,
      "confidence_calibration": 0.8851433266450311
    },
    "maat_alignment": {
      "truth": 0.8394815128349816,
      "balance": 0.8696829114854385,
      "order": 0.9598868856217743,
      "justice": 0.9568202083978049,
      "harmony": 0.9089637203912435,
      "overall": 0.9817363504707621
    },
    "benchmarks": {
      "gpqa": 0.7143242075725422,
      "math500": 0.6511792699501647,
      "swe_bench": 0.6771481805987121,
      "mmlu": 0.7857316701784692,
      "humaneval": 0.9233221697520123
    },
    "self_improvement": {
      "rate": 0.9584032168007345,
      "iterations": 13029999,
      "generations_ahead": 13029,
      "recursive_depth": 1
    },
    "emergent_properties": [
      "recursive_self_improvement",
      "infinite_context",
      "causality_violation",
      "self_modification"
    ],
    "timestamp": "2026-03-09T07:54:16.096742"
  }
}