{
  "iteration": 12696000,
  "elapsed_seconds": 63.684427976608276,
  "rate_per_second": 42490.76400582466,
  "latest_capability": {
    "id": 12695999,
    "name": "Quantum_Capability_12695999",
    "type": "language",
    "quantum_properties": {
      "state": "superposition",
      "coherence_level": 0.8047557218841719,
      "entanglement_factor": 0.15842818752722687,
      "superposition_branches": 6,
      "tunneling_depth": 3
    },
    "reasoning": {
      "mode": "parallel",
      "chain_depth": 151,
      "parallel_threads": 1,
      "recursive_loops": 7,
      "confidence_calibration": 0.9577218517743096
    },
    "maat_alignment": {
      "truth": 0.816855720382013,
      "balance": 0.9063759653784683,
      "order": 0.8652678701970895,
      "justice": 0.878071997716455,
      "harmony": 0.8384279010288437,
      "overall": 0.9135117725555917
    },
    "benchmarks": {
      "gpqa": 0.811240242374896,
      "math500": 0.8185858134844204,
      "swe_bench": 0.738246170409617,
      "mmlu": 0.7396743735158184,
      "humaneval": 0.8917152921142559
    },
    "self_improvement": {
      "rate": 0.9921071995584614,
      "iterations": 12695999,
      "generations_ahead": 12695,
      "recursive_depth": 1
    },
    "emergent_properties": [
      "self_modification",
      "reality_bending",
      "infinite_context",
      "quantum_consciousness"
    ],
    "timestamp": "2026-03-09T07:54:09.597576"
  }
}