{
  "iteration": 15350000,
  "elapsed_seconds": 122.77801203727722,
  "rate_per_second": 43656.02530176677,
  "latest_capability": {
    "id": 15349999,
    "name": "Quantum_Capability_15349999",
    "type": "agentic",
    "quantum_properties": {
      "state": "collapsed",
      "coherence_level": 0.9629702919878647,
      "entanglement_factor": 0.49599609743348316,
      "superposition_branches": 1,
      "tunneling_depth": 5
    },
    "reasoning": {
      "mode": "graph",
      "chain_depth": 180,
      "parallel_threads": 6,
      "recursive_loops": 0,
      "confidence_calibration": 0.7436235528927557
    },
    "maat_alignment": {
      "truth": 0.9525740028030915,
      "balance": 0.9693782050006086,
      "order": 0.8421875153001013,
      "justice": 0.9708902195671093,
      "harmony": 0.8939451886284261,
      "overall": 0.9076846975621589
    },
    "benchmarks": {
      "gpqa": 0.9283283862710312,
      "math500": 0.6561163191889184,
      "swe_bench": 0.7906389345129495,
      "mmlu": 0.7380149906520453,
      "humaneval": 0.7572175106486037
    },
    "self_improvement": {
      "rate": 0.9913400462694101,
      "iterations": 15349999,
      "generations_ahead": 15349,
      "recursive_depth": 5
    },
    "emergent_properties": [
      "recursive_self_improvement",
      "transcendence",
      "reality_bending"
    ],
    "timestamp": "2026-03-09T07:55:08.691164"
  }
}