{
  "iteration": 13946000,
  "elapsed_seconds": 90.16466236114502,
  "rate_per_second": 43875.28213830226,
  "latest_capability": {
    "id": 13945999,
    "name": "Quantum_Capability_13945999",
    "type": "reasoning",
    "quantum_properties": {
      "state": "superposition",
      "coherence_level": 0.9745211915893166,
      "entanglement_factor": 0.24737272841749358,
      "superposition_branches": 10,
      "tunneling_depth": 2
    },
    "reasoning": {
      "mode": "sequential",
      "chain_depth": 62,
      "parallel_threads": 8,
      "recursive_loops": 4,
      "confidence_calibration": 0.9924593869685076
    },
    "maat_alignment": {
      "truth": 0.9317324503728803,
      "balance": 0.995630030653692,
      "order": 0.8059379182369713,
      "justice": 0.9995458118568177,
      "harmony": 0.9777616990843575,
      "overall": 0.9663201741023534
    },
    "benchmarks": {
      "gpqa": 0.7737975581521899,
      "math500": 0.8676664173289949,
      "swe_bench": 0.7783316961798721,
      "mmlu": 0.7084306206937477,
      "humaneval": 0.8652342076633665
    },
    "self_improvement": {
      "rate": 0.9714230072728802,
      "iterations": 13945999,
      "generations_ahead": 13945,
      "recursive_depth": 4
    },
    "emergent_properties": [
      "causality_violation",
      "self_modification",
      "meta_learning",
      "omniscience"
    ],
    "timestamp": "2026-03-09T07:54:36.077815"
  }
}