{
  "iteration": 14155000,
  "elapsed_seconds": 96.61645746231079,
  "rate_per_second": 43108.59774200197,
  "latest_capability": {
    "id": 14154999,
    "name": "Quantum_Capability_14154999",
    "type": "multimodal",
    "quantum_properties": {
      "state": "entangled",
      "coherence_level": 0.5427911283838672,
      "entanglement_factor": 0.9054200100648275,
      "superposition_branches": 8,
      "tunneling_depth": 2
    },
    "reasoning": {
      "mode": "graph",
      "chain_depth": 167,
      "parallel_threads": 14,
      "recursive_loops": 2,
      "confidence_calibration": 0.9755859173060836
    },
    "maat_alignment": {
      "truth": 0.829622798873513,
      "balance": 0.9929778101516721,
      "order": 0.8088218823894515,
      "justice": 0.8426002311887818,
      "harmony": 0.8189614918241411,
      "overall": 0.9980914700509734
    },
    "benchmarks": {
      "gpqa": 0.8133908244549022,
      "math500": 0.8266790290323199,
      "swe_bench": 0.8076565787958034,
      "mmlu": 0.7084881700329047,
      "humaneval": 0.7732566994231607
    },
    "self_improvement": {
      "rate": 0.9566636408774575,
      "iterations": 14154999,
      "generations_ahead": 14154,
      "recursive_depth": 0
    },
    "emergent_properties": [
      "recursive_self_improvement",
      "omniscience",
      "self_modification",
      "transcendence"
    ],
    "timestamp": "2026-03-09T07:54:42.529610"
  }
}