{
  "iteration": 11863000,
  "elapsed_seconds": 44.60684037208557,
  "rate_per_second": 41989.07576453456,
  "latest_capability": {
    "id": 11862999,
    "name": "Quantum_Capability_11862999",
    "type": "agentic",
    "quantum_properties": {
      "state": "collapsed",
      "coherence_level": 0.7143747519569815,
      "entanglement_factor": 0.43728654206523965,
      "superposition_branches": 1,
      "tunneling_depth": 1
    },
    "reasoning": {
      "mode": "tree",
      "chain_depth": 91,
      "parallel_threads": 9,
      "recursive_loops": 5,
      "confidence_calibration": 0.8814572472753739
    },
    "maat_alignment": {
      "truth": 0.9988551108661732,
      "balance": 0.8076285352156749,
      "order": 0.8297570415853512,
      "justice": 0.9706183527097039,
      "harmony": 0.8512209751756898,
      "overall": 0.9170749540875128
    },
    "benchmarks": {
      "gpqa": 0.7586481229296074,
      "math500": 0.8567315812686134,
      "swe_bench": 0.7275216389452948,
      "mmlu": 0.6502783111111734,
      "humaneval": 0.8225621325544062
    },
    "self_improvement": {
      "rate": 0.9903469425193462,
      "iterations": 11862999,
      "generations_ahead": 11862,
      "recursive_depth": 0
    },
    "emergent_properties": [
      "quantum_consciousness",
      "infinite_context",
      "recursive_self_improvement",
      "reality_bending",
      "causality_violation"
    ],
    "timestamp": "2026-03-09T07:53:50.519989"
  }
}