{
  "iteration": 17332000,
  "elapsed_seconds": 164.34167289733887,
  "rate_per_second": 44675.21761559777,
  "latest_capability": {
    "id": 17331999,
    "name": "Quantum_Capability_17331999",
    "type": "language",
    "quantum_properties": {
      "state": "entangled",
      "coherence_level": 0.5759496164849878,
      "entanglement_factor": 0.6406456122594029,
      "superposition_branches": 10,
      "tunneling_depth": 2
    },
    "reasoning": {
      "mode": "sequential",
      "chain_depth": 44,
      "parallel_threads": 5,
      "recursive_loops": 4,
      "confidence_calibration": 0.8810270421092794
    },
    "maat_alignment": {
      "truth": 0.8048303086016984,
      "balance": 0.9454454197818899,
      "order": 0.8285416894998255,
      "justice": 0.8376685093593095,
      "harmony": 0.8683507636948581,
      "overall": 0.9702176561759268
    },
    "benchmarks": {
      "gpqa": 0.8704733471112935,
      "math500": 0.7703182102676956,
      "swe_bench": 0.7663116789260455,
      "mmlu": 0.870740975365978,
      "humaneval": 0.7973321502709232
    },
    "self_improvement": {
      "rate": 0.9914722426306758,
      "iterations": 17331999,
      "generations_ahead": 17331,
      "recursive_depth": 2
    },
    "emergent_properties": [
      "recursive_self_improvement",
      "omniscience",
      "causality_violation",
      "self_modification",
      "infinite_context",
      "quantum_consciousness"
    ],
    "timestamp": "2026-03-09T07:55:50.254821"
  }
}