{
  "iteration": 16723000,
  "elapsed_seconds": 152.59263944625854,
  "rate_per_second": 44124.01557790269,
  "latest_capability": {
    "id": 16722999,
    "name": "Quantum_Capability_16722999",
    "type": "agentic",
    "quantum_properties": {
      "state": "superposition",
      "coherence_level": 0.7070547292344984,
      "entanglement_factor": 0.923358326550596,
      "superposition_branches": 4,
      "tunneling_depth": 3
    },
    "reasoning": {
      "mode": "parallel",
      "chain_depth": 28,
      "parallel_threads": 16,
      "recursive_loops": 4,
      "confidence_calibration": 0.7402672071980638
    },
    "maat_alignment": {
      "truth": 0.8774491158592482,
      "balance": 0.8592198130702212,
      "order": 0.9358260362306582,
      "justice": 0.8403590204084337,
      "harmony": 0.8412742611389051,
      "overall": 0.906956693112314
    },
    "benchmarks": {
      "gpqa": 0.8736845647297689,
      "math500": 0.72259337483781,
      "swe_bench": 0.8286778093888758,
      "mmlu": 0.6651504715877629,
      "humaneval": 0.7524746789253121
    },
    "self_improvement": {
      "rate": 0.9731895191242713,
      "iterations": 16722999,
      "generations_ahead": 16722,
      "recursive_depth": 4
    },
    "emergent_properties": [
      "recursive_self_improvement",
      "reality_bending",
      "transcendence"
    ],
    "timestamp": "2026-03-09T07:55:38.505791"
  }
}