{
  "iteration": 16026000,
  "elapsed_seconds": 135.9179129600525,
  "rate_per_second": 44409.157472672756,
  "latest_capability": {
    "id": 16025999,
    "name": "Quantum_Capability_16025999",
    "type": "reasoning",
    "quantum_properties": {
      "state": "coherent",
      "coherence_level": 0.6137849819075144,
      "entanglement_factor": 0.2646747787539915,
      "superposition_branches": 6,
      "tunneling_depth": 4
    },
    "reasoning": {
      "mode": "parallel",
      "chain_depth": 191,
      "parallel_threads": 12,
      "recursive_loops": 6,
      "confidence_calibration": 0.9425624529644085
    },
    "maat_alignment": {
      "truth": 0.8963794351452312,
      "balance": 0.9158265546088885,
      "order": 0.9018626121049145,
      "justice": 0.8403824943613325,
      "harmony": 0.8296393866283911,
      "overall": 0.8915139996878122
    },
    "benchmarks": {
      "gpqa": 0.8234720478731669,
      "math500": 0.7768292399573463,
      "swe_bench": 0.7623793114094201,
      "mmlu": 0.7076708708175579,
      "humaneval": 0.8064865598334189
    },
    "self_improvement": {
      "rate": 0.9507277796688531,
      "iterations": 16025999,
      "generations_ahead": 16025,
      "recursive_depth": 1
    },
    "emergent_properties": [
      "infinite_context",
      "quantum_consciousness",
      "causality_violation",
      "recursive_self_improvement"
    ],
    "timestamp": "2026-03-09T07:55:21.831065"
  }
}