{
  "iteration": 17137000,
  "elapsed_seconds": 160.31748795509338,
  "rate_per_second": 44580.28934436616,
  "latest_capability": {
    "id": 17136999,
    "name": "Quantum_Capability_17136999",
    "type": "agentic",
    "quantum_properties": {
      "state": "superposition",
      "coherence_level": 0.7661653369718708,
      "entanglement_factor": 0.41883500147600583,
      "superposition_branches": 9,
      "tunneling_depth": 3
    },
    "reasoning": {
      "mode": "sequential",
      "chain_depth": 106,
      "parallel_threads": 4,
      "recursive_loops": 0,
      "confidence_calibration": 0.7605947477828006
    },
    "maat_alignment": {
      "truth": 0.8127131964465399,
      "balance": 0.8446578696155718,
      "order": 0.9116505994820464,
      "justice": 0.9743228646793711,
      "harmony": 0.9275174040369578,
      "overall": 0.905393881780115
    },
    "benchmarks": {
      "gpqa": 0.9429367041967126,
      "math500": 0.7260903847131649,
      "swe_bench": 0.6709837813002738,
      "mmlu": 0.6737639644465307,
      "humaneval": 0.8982553500641353
    },
    "self_improvement": {
      "rate": 0.9791502259389322,
      "iterations": 17136999,
      "generations_ahead": 17136,
      "recursive_depth": 1
    },
    "emergent_properties": [
      "self_modification",
      "infinite_context",
      "meta_learning"
    ],
    "timestamp": "2026-03-09T07:55:46.230640"
  }
}