{
  "iteration": 12079000,
  "elapsed_seconds": 49.91142749786377,
  "rate_per_second": 41854.14252255979,
  "latest_capability": {
    "id": 12078999,
    "name": "Quantum_Capability_12078999",
    "type": "multimodal",
    "quantum_properties": {
      "state": "collapsed",
      "coherence_level": 0.8618218462509926,
      "entanglement_factor": 0.39253903754366315,
      "superposition_branches": 1,
      "tunneling_depth": 0
    },
    "reasoning": {
      "mode": "sequential",
      "chain_depth": 91,
      "parallel_threads": 3,
      "recursive_loops": 9,
      "confidence_calibration": 0.8892406603855181
    },
    "maat_alignment": {
      "truth": 0.8838028837112164,
      "balance": 0.9104689865810424,
      "order": 0.8281801257765875,
      "justice": 0.9106776233813676,
      "harmony": 0.9609468206070394,
      "overall": 0.9245370773222854
    },
    "benchmarks": {
      "gpqa": 0.712458682124986,
      "math500": 0.8555304578041659,
      "swe_bench": 0.703712904713963,
      "mmlu": 0.8575429351761412,
      "humaneval": 0.9314450422335234
    },
    "self_improvement": {
      "rate": 0.9526032340610748,
      "iterations": 12078999,
      "generations_ahead": 12078,
      "recursive_depth": 0
    },
    "emergent_properties": [
      "causality_violation",
      "meta_learning",
      "self_modification",
      "recursive_self_improvement",
      "reality_bending"
    ],
    "timestamp": "2026-03-09T07:53:55.824583"
  }
}