{
  "iteration": 14176000,
  "elapsed_seconds": 97.22068190574646,
  "rate_per_second": 43056.6821580026,
  "latest_capability": {
    "id": 14175999,
    "name": "Quantum_Capability_14175999",
    "type": "coding",
    "quantum_properties": {
      "state": "coherent",
      "coherence_level": 0.6816672884936396,
      "entanglement_factor": 0.8585207647607339,
      "superposition_branches": 8,
      "tunneling_depth": 1
    },
    "reasoning": {
      "mode": "graph",
      "chain_depth": 72,
      "parallel_threads": 9,
      "recursive_loops": 6,
      "confidence_calibration": 0.9770764515096544
    },
    "maat_alignment": {
      "truth": 0.9084459137439419,
      "balance": 0.9650311811163865,
      "order": 0.831039185291348,
      "justice": 0.8176829348500715,
      "harmony": 0.8667030750426918,
      "overall": 0.8826549486620768
    },
    "benchmarks": {
      "gpqa": 0.8510745850869347,
      "math500": 0.7446424923959409,
      "swe_bench": 0.8173715973813884,
      "mmlu": 0.7365930905055778,
      "humaneval": 0.8872774473757186
    },
    "self_improvement": {
      "rate": 0.9852324567171041,
      "iterations": 14175999,
      "generations_ahead": 14175,
      "recursive_depth": 2
    },
    "emergent_properties": [
      "recursive_self_improvement",
      "omniscience",
      "meta_learning",
      "quantum_consciousness"
    ],
    "timestamp": "2026-03-09T07:54:43.133830"
  }
}