{
  "iteration": 15280000,
  "elapsed_seconds": 121.48780131340027,
  "rate_per_second": 43543.46644527269,
  "latest_capability": {
    "id": 15279999,
    "name": "Quantum_Capability_15279999",
    "type": "coding",
    "quantum_properties": {
      "state": "entangled",
      "coherence_level": 0.6506761521162194,
      "entanglement_factor": 0.044519627432672126,
      "superposition_branches": 1,
      "tunneling_depth": 5
    },
    "reasoning": {
      "mode": "sequential",
      "chain_depth": 115,
      "parallel_threads": 1,
      "recursive_loops": 7,
      "confidence_calibration": 0.8738040120835173
    },
    "maat_alignment": {
      "truth": 0.9985233727883704,
      "balance": 0.8794467592950519,
      "order": 0.804717177748546,
      "justice": 0.8932709693548766,
      "harmony": 0.8067229167659814,
      "overall": 0.9397004885069632
    },
    "benchmarks": {
      "gpqa": 0.9053432801970733,
      "math500": 0.8244956066649275,
      "swe_bench": 0.6609814930342264,
      "mmlu": 0.7938681213244466,
      "humaneval": 0.7176547653346367
    },
    "self_improvement": {
      "rate": 0.9651393482912625,
      "iterations": 15279999,
      "generations_ahead": 15279,
      "recursive_depth": 2
    },
    "emergent_properties": [
      "recursive_self_improvement",
      "meta_learning",
      "self_modification",
      "omniscience"
    ],
    "timestamp": "2026-03-09T07:55:07.400950"
  }
}