{
  "iteration": 16074000,
  "elapsed_seconds": 136.57135820388794,
  "rate_per_second": 44548.14010795127,
  "latest_capability": {
    "id": 16073999,
    "name": "Quantum_Capability_16073999",
    "type": "agentic",
    "quantum_properties": {
      "state": "entangled",
      "coherence_level": 0.8859818762318621,
      "entanglement_factor": 0.6302685240814929,
      "superposition_branches": 10,
      "tunneling_depth": 0
    },
    "reasoning": {
      "mode": "parallel",
      "chain_depth": 177,
      "parallel_threads": 16,
      "recursive_loops": 2,
      "confidence_calibration": 0.7706245932360171
    },
    "maat_alignment": {
      "truth": 0.8203233056724207,
      "balance": 0.8565698216520337,
      "order": 0.8185113928300587,
      "justice": 0.9073094535071856,
      "harmony": 0.9641426876526132,
      "overall": 0.9047600661075773
    },
    "benchmarks": {
      "gpqa": 0.8935052358943383,
      "math500": 0.6733831227396744,
      "swe_bench": 0.8941175521185706,
      "mmlu": 0.8337439624630757,
      "humaneval": 0.892315131735802
    },
    "self_improvement": {
      "rate": 0.9983646838866708,
      "iterations": 16073999,
      "generations_ahead": 16073,
      "recursive_depth": 1
    },
    "emergent_properties": [
      "infinite_context",
      "recursive_self_improvement",
      "quantum_consciousness",
      "causality_violation"
    ],
    "timestamp": "2026-03-09T07:55:22.484506"
  }
}