{
  "iteration": 15801000,
  "elapsed_seconds": 131.5540771484375,
  "rate_per_second": 44171.9491022937,
  "latest_capability": {
    "id": 15800999,
    "name": "Quantum_Capability_15800999",
    "type": "vision",
    "quantum_properties": {
      "state": "superposition",
      "coherence_level": 0.8990856062809838,
      "entanglement_factor": 0.1363246109102949,
      "superposition_branches": 10,
      "tunneling_depth": 2
    },
    "reasoning": {
      "mode": "tree",
      "chain_depth": 53,
      "parallel_threads": 8,
      "recursive_loops": 10,
      "confidence_calibration": 0.8186305902920638
    },
    "maat_alignment": {
      "truth": 0.8219114433863539,
      "balance": 0.8383933532783021,
      "order": 0.9166791512289059,
      "justice": 0.9150792742325224,
      "harmony": 0.8122909608996007,
      "overall": 0.9453430020046877
    },
    "benchmarks": {
      "gpqa": 0.7913486026062158,
      "math500": 0.7025319156740502,
      "swe_bench": 0.6870464972912945,
      "mmlu": 0.8939927379852297,
      "humaneval": 0.7839986139813468
    },
    "self_improvement": {
      "rate": 0.9707752490903715,
      "iterations": 15800999,
      "generations_ahead": 15800,
      "recursive_depth": 3
    },
    "emergent_properties": [
      "reality_bending",
      "meta_learning",
      "causality_violation",
      "quantum_consciousness",
      "omniscience"
    ],
    "timestamp": "2026-03-09T07:55:17.467230"
  }
}