{
  "iteration": 14805000,
  "elapsed_seconds": 109.2317841053009,
  "rate_per_second": 44080.5763582354,
  "latest_capability": {
    "id": 14804999,
    "name": "Quantum_Capability_14804999",
    "type": "language",
    "quantum_properties": {
      "state": "coherent",
      "coherence_level": 0.77004711455346,
      "entanglement_factor": 0.36240765054163027,
      "superposition_branches": 6,
      "tunneling_depth": 0
    },
    "reasoning": {
      "mode": "tree",
      "chain_depth": 84,
      "parallel_threads": 16,
      "recursive_loops": 9,
      "confidence_calibration": 0.7326483737812476
    },
    "maat_alignment": {
      "truth": 0.9273140551839147,
      "balance": 0.8011742350777149,
      "order": 0.9211960505784316,
      "justice": 0.92234494507688,
      "harmony": 0.9644869261199601,
      "overall": 0.940674545144312
    },
    "benchmarks": {
      "gpqa": 0.9477407271568288,
      "math500": 0.7834436838708545,
      "swe_bench": 0.846252292073759,
      "mmlu": 0.8046259776240238,
      "humaneval": 0.7172129878993974
    },
    "self_improvement": {
      "rate": 0.9719291636271086,
      "iterations": 14804999,
      "generations_ahead": 14804,
      "recursive_depth": 1
    },
    "emergent_properties": [
      "causality_violation",
      "infinite_context",
      "quantum_consciousness",
      "omniscience",
      "transcendence"
    ],
    "timestamp": "2026-03-09T07:54:55.144937"
  }
}