{
  "iteration": 16463000,
  "elapsed_seconds": 147.71202397346497,
  "rate_per_second": 43821.75415295109,
  "latest_capability": {
    "id": 16462999,
    "name": "Quantum_Capability_16462999",
    "type": "coding",
    "quantum_properties": {
      "state": "coherent",
      "coherence_level": 0.612258057469167,
      "entanglement_factor": 0.8141333685449256,
      "superposition_branches": 9,
      "tunneling_depth": 5
    },
    "reasoning": {
      "mode": "parallel",
      "chain_depth": 24,
      "parallel_threads": 5,
      "recursive_loops": 2,
      "confidence_calibration": 0.9063897305218089
    },
    "maat_alignment": {
      "truth": 0.9053328308649033,
      "balance": 0.8368820982776176,
      "order": 0.9718822460136548,
      "justice": 0.8144780493095437,
      "harmony": 0.8285654117140381,
      "overall": 0.9722801732552049
    },
    "benchmarks": {
      "gpqa": 0.898954792300678,
      "math500": 0.7744953633094988,
      "swe_bench": 0.7351569399333968,
      "mmlu": 0.7723930083663093,
      "humaneval": 0.8031531931500455
    },
    "self_improvement": {
      "rate": 0.9951296271570276,
      "iterations": 16462999,
      "generations_ahead": 16462,
      "recursive_depth": 0
    },
    "emergent_properties": [
      "causality_violation",
      "omniscience",
      "recursive_self_improvement",
      "quantum_consciousness"
    ],
    "timestamp": "2026-03-09T07:55:33.625172"
  }
}