{
  "iteration": 16832000,
  "elapsed_seconds": 154.47380328178406,
  "rate_per_second": 44292.2997598443,
  "latest_capability": {
    "id": 16831999,
    "name": "Quantum_Capability_16831999",
    "type": "math",
    "quantum_properties": {
      "state": "superposition",
      "coherence_level": 0.5228600762687561,
      "entanglement_factor": 0.4416095504924511,
      "superposition_branches": 10,
      "tunneling_depth": 1
    },
    "reasoning": {
      "mode": "parallel",
      "chain_depth": 98,
      "parallel_threads": 11,
      "recursive_loops": 4,
      "confidence_calibration": 0.7460376003925389
    },
    "maat_alignment": {
      "truth": 0.8401141512739037,
      "balance": 0.982004708172473,
      "order": 0.8623206778108454,
      "justice": 0.9779619113533753,
      "harmony": 0.8317076848907837,
      "overall": 0.9751121473427081
    },
    "benchmarks": {
      "gpqa": 0.8709014401701217,
      "math500": 0.7998535866809082,
      "swe_bench": 0.6949284706095421,
      "mmlu": 0.8969713655591556,
      "humaneval": 0.8276999576333072
    },
    "self_improvement": {
      "rate": 0.9884398949101525,
      "iterations": 16831999,
      "generations_ahead": 16831,
      "recursive_depth": 3
    },
    "emergent_properties": [
      "transcendence",
      "quantum_consciousness",
      "causality_violation",
      "meta_learning",
      "omniscience"
    ],
    "timestamp": "2026-03-09T07:55:40.386951"
  }
}