{
  "iteration": 15465000,
  "elapsed_seconds": 124.99091458320618,
  "rate_per_second": 43803.18376145096,
  "latest_capability": {
    "id": 15464999,
    "name": "Quantum_Capability_15464999",
    "type": "agentic",
    "quantum_properties": {
      "state": "collapsed",
      "coherence_level": 0.9321690017727968,
      "entanglement_factor": 0.41344929765518357,
      "superposition_branches": 2,
      "tunneling_depth": 3
    },
    "reasoning": {
      "mode": "graph",
      "chain_depth": 141,
      "parallel_threads": 16,
      "recursive_loops": 10,
      "confidence_calibration": 0.8199044687222546
    },
    "maat_alignment": {
      "truth": 0.8697526486707285,
      "balance": 0.994466797318831,
      "order": 0.9752942334524926,
      "justice": 0.8852695286995932,
      "harmony": 0.8013748650568427,
      "overall": 0.8991805876320477
    },
    "benchmarks": {
      "gpqa": 0.9483319557833576,
      "math500": 0.8255582905376073,
      "swe_bench": 0.7867372219658066,
      "mmlu": 0.8391591375457617,
      "humaneval": 0.8072886221808567
    },
    "self_improvement": {
      "rate": 0.951107137781328,
      "iterations": 15464999,
      "generations_ahead": 15464,
      "recursive_depth": 1
    },
    "emergent_properties": [
      "omniscience",
      "self_modification",
      "causality_violation"
    ],
    "timestamp": "2026-03-09T07:55:10.904062"
  }
}