{
  "iteration": 17877000,
  "elapsed_seconds": 178.96954655647278,
  "rate_per_second": 44068.95000715277,
  "latest_capability": {
    "id": 17876999,
    "name": "Quantum_Capability_17876999",
    "type": "agentic",
    "quantum_properties": {
      "state": "entangled",
      "coherence_level": 0.6557277320503763,
      "entanglement_factor": 0.5386510205786942,
      "superposition_branches": 9,
      "tunneling_depth": 0
    },
    "reasoning": {
      "mode": "sequential",
      "chain_depth": 10,
      "parallel_threads": 16,
      "recursive_loops": 6,
      "confidence_calibration": 0.880305234323151
    },
    "maat_alignment": {
      "truth": 0.8539565847681256,
      "balance": 0.8997879727211937,
      "order": 0.8763990617951763,
      "justice": 0.9739270057038371,
      "harmony": 0.9537583177251494,
      "overall": 0.8842678313357212
    },
    "benchmarks": {
      "gpqa": 0.9272990276339336,
      "math500": 0.7983592114416425,
      "swe_bench": 0.738365255960316,
      "mmlu": 0.7301118611242814,
      "humaneval": 0.9055697739322128
    },
    "self_improvement": {
      "rate": 0.9923877684202246,
      "iterations": 17876999,
      "generations_ahead": 17876,
      "recursive_depth": 2
    },
    "emergent_properties": [
      "recursive_self_improvement",
      "infinite_context",
      "causality_violation",
      "meta_learning"
    ],
    "timestamp": "2026-03-09T07:56:04.882699"
  }
}