{
  "iteration": 14441000,
  "elapsed_seconds": 102.17669248580933,
  "rate_per_second": 43561.793709638536,
  "latest_capability": {
    "id": 14440999,
    "name": "Quantum_Capability_14440999",
    "type": "reasoning",
    "quantum_properties": {
      "state": "entangled",
      "coherence_level": 0.6121416708125659,
      "entanglement_factor": 0.235220105458815,
      "superposition_branches": 1,
      "tunneling_depth": 0
    },
    "reasoning": {
      "mode": "tree",
      "chain_depth": 187,
      "parallel_threads": 15,
      "recursive_loops": 10,
      "confidence_calibration": 0.9973862796040117
    },
    "maat_alignment": {
      "truth": 0.9196478839045198,
      "balance": 0.9748490612868452,
      "order": 0.9744530289190343,
      "justice": 0.8769943397964814,
      "harmony": 0.8236433698016559,
      "overall": 0.9636337925565455
    },
    "benchmarks": {
      "gpqa": 0.752218433781365,
      "math500": 0.6811706443794028,
      "swe_bench": 0.7625811363689009,
      "mmlu": 0.7480053020411811,
      "humaneval": 0.8987329559339124
    },
    "self_improvement": {
      "rate": 0.9681052569500465,
      "iterations": 14440999,
      "generations_ahead": 14440,
      "recursive_depth": 1
    },
    "emergent_properties": [
      "infinite_context",
      "quantum_consciousness",
      "meta_learning"
    ],
    "timestamp": "2026-03-09T07:54:48.089840"
  }
}