{
  "iteration": 16148000,
  "elapsed_seconds": 138.24105715751648,
  "rate_per_second": 44545.37694241855,
  "latest_capability": {
    "id": 16147999,
    "name": "Quantum_Capability_16147999",
    "type": "multimodal",
    "quantum_properties": {
      "state": "entangled",
      "coherence_level": 0.6695431167465684,
      "entanglement_factor": 0.828945801611691,
      "superposition_branches": 6,
      "tunneling_depth": 3
    },
    "reasoning": {
      "mode": "tree",
      "chain_depth": 108,
      "parallel_threads": 4,
      "recursive_loops": 2,
      "confidence_calibration": 0.7046224896055305
    },
    "maat_alignment": {
      "truth": 0.9450559337002191,
      "balance": 0.9719780277409278,
      "order": 0.8093765540246365,
      "justice": 0.9254815444648433,
      "harmony": 0.8239227165710293,
      "overall": 0.9940868677912137
    },
    "benchmarks": {
      "gpqa": 0.9258319775546062,
      "math500": 0.6973214959940459,
      "swe_bench": 0.6552358656481755,
      "mmlu": 0.895478304798836,
      "humaneval": 0.8521988302602472
    },
    "self_improvement": {
      "rate": 0.9950425975586256,
      "iterations": 16147999,
      "generations_ahead": 16147,
      "recursive_depth": 3
    },
    "emergent_properties": [
      "infinite_context",
      "recursive_self_improvement",
      "transcendence",
      "self_modification",
      "quantum_consciousness",
      "meta_learning"
    ],
    "timestamp": "2026-03-09T07:55:24.154206"
  }
}