{
  "iteration": 16517000,
  "elapsed_seconds": 148.77058911323547,
  "rate_per_second": 43872.91896136829,
  "latest_capability": {
    "id": 16516999,
    "name": "Quantum_Capability_16516999",
    "type": "multimodal",
    "quantum_properties": {
      "state": "entangled",
      "coherence_level": 0.5657059109929536,
      "entanglement_factor": 0.7393372543035658,
      "superposition_branches": 2,
      "tunneling_depth": 3
    },
    "reasoning": {
      "mode": "graph",
      "chain_depth": 83,
      "parallel_threads": 4,
      "recursive_loops": 2,
      "confidence_calibration": 0.9675731193767365
    },
    "maat_alignment": {
      "truth": 0.95839340299247,
      "balance": 0.992836720989633,
      "order": 0.9557037656111779,
      "justice": 0.9997932772083095,
      "harmony": 0.9259535715299911,
      "overall": 0.8612467123928896
    },
    "benchmarks": {
      "gpqa": 0.919267627191013,
      "math500": 0.7255227775604562,
      "swe_bench": 0.8383662935519319,
      "mmlu": 0.6536545938926832,
      "humaneval": 0.7009549550760281
    },
    "self_improvement": {
      "rate": 0.9982621268037322,
      "iterations": 16516999,
      "generations_ahead": 16516,
      "recursive_depth": 3
    },
    "emergent_properties": [
      "transcendence",
      "meta_learning",
      "causality_violation",
      "quantum_consciousness",
      "reality_bending",
      "omniscience"
    ],
    "timestamp": "2026-03-09T07:55:34.683743"
  }
}