{
  "iteration": 16258000,
  "elapsed_seconds": 143.87953233718872,
  "rate_per_second": 43564.222778474395,
  "latest_capability": {
    "id": 16257999,
    "name": "Quantum_Capability_16257999",
    "type": "agentic",
    "quantum_properties": {
      "state": "coherent",
      "coherence_level": 0.8610502854580022,
      "entanglement_factor": 0.929464296773227,
      "superposition_branches": 6,
      "tunneling_depth": 3
    },
    "reasoning": {
      "mode": "sequential",
      "chain_depth": 119,
      "parallel_threads": 15,
      "recursive_loops": 0,
      "confidence_calibration": 0.8946419693077037
    },
    "maat_alignment": {
      "truth": 0.8736859591689865,
      "balance": 0.9657728051480244,
      "order": 0.888137654395652,
      "justice": 0.9655954754744045,
      "harmony": 0.963307685507006,
      "overall": 0.9620603600493469
    },
    "benchmarks": {
      "gpqa": 0.7392076245395115,
      "math500": 0.8752402537488622,
      "swe_bench": 0.8173466853867422,
      "mmlu": 0.8420330295710123,
      "humaneval": 0.9288834838538947
    },
    "self_improvement": {
      "rate": 0.9552993212361479,
      "iterations": 16257999,
      "generations_ahead": 16257,
      "recursive_depth": 5
    },
    "emergent_properties": [
      "meta_learning",
      "reality_bending",
      "infinite_context"
    ],
    "timestamp": "2026-03-09T07:55:29.792680"
  }
}