{
  "iteration": 17313000,
  "elapsed_seconds": 163.72038197517395,
  "rate_per_second": 44728.70092075913,
  "latest_capability": {
    "id": 17312999,
    "name": "Quantum_Capability_17312999",
    "type": "coding",
    "quantum_properties": {
      "state": "entangled",
      "coherence_level": 0.7319928707213346,
      "entanglement_factor": 0.15506637721036853,
      "superposition_branches": 8,
      "tunneling_depth": 0
    },
    "reasoning": {
      "mode": "tree",
      "chain_depth": 165,
      "parallel_threads": 3,
      "recursive_loops": 7,
      "confidence_calibration": 0.7328339201941592
    },
    "maat_alignment": {
      "truth": 0.8108081798799621,
      "balance": 0.8751883020851718,
      "order": 0.8267230355881804,
      "justice": 0.9473629770916872,
      "harmony": 0.8072860651757974,
      "overall": 0.8857336064559747
    },
    "benchmarks": {
      "gpqa": 0.9473157639559725,
      "math500": 0.896113244739475,
      "swe_bench": 0.7648534089753977,
      "mmlu": 0.8269066197435171,
      "humaneval": 0.7235657432393815
    },
    "self_improvement": {
      "rate": 0.952365786073297,
      "iterations": 17312999,
      "generations_ahead": 17312,
      "recursive_depth": 1
    },
    "emergent_properties": [
      "reality_bending",
      "omniscience",
      "meta_learning",
      "causality_violation",
      "quantum_consciousness",
      "recursive_self_improvement"
    ],
    "timestamp": "2026-03-09T07:55:49.633530"
  }
}