{
  "iteration": 16256000,
  "elapsed_seconds": 143.85170221328735,
  "rate_per_second": 43558.747679672706,
  "latest_capability": {
    "id": 16255999,
    "name": "Quantum_Capability_16255999",
    "type": "multimodal",
    "quantum_properties": {
      "state": "superposition",
      "coherence_level": 0.7075713162809157,
      "entanglement_factor": 0.47280567603494317,
      "superposition_branches": 5,
      "tunneling_depth": 2
    },
    "reasoning": {
      "mode": "tree",
      "chain_depth": 17,
      "parallel_threads": 6,
      "recursive_loops": 2,
      "confidence_calibration": 0.7543929923605555
    },
    "maat_alignment": {
      "truth": 0.8435330563907635,
      "balance": 0.8299413677859017,
      "order": 0.8009630520372134,
      "justice": 0.9828817426257899,
      "harmony": 0.9640050326104479,
      "overall": 0.9124272052450211
    },
    "benchmarks": {
      "gpqa": 0.7438812871674632,
      "math500": 0.7398507096173521,
      "swe_bench": 0.7318552410981887,
      "mmlu": 0.8399183032914685,
      "humaneval": 0.7652805170986272
    },
    "self_improvement": {
      "rate": 0.9840701078544404,
      "iterations": 16255999,
      "generations_ahead": 16255,
      "recursive_depth": 5
    },
    "emergent_properties": [
      "causality_violation",
      "transcendence",
      "recursive_self_improvement",
      "quantum_consciousness",
      "omniscience",
      "meta_learning"
    ],
    "timestamp": "2026-03-09T07:55:29.764851"
  }
}