{
  "iteration": 13228000,
  "elapsed_seconds": 76.04446077346802,
  "rate_per_second": 42580.35321791303,
  "latest_capability": {
    "id": 13227999,
    "name": "Quantum_Capability_13227999",
    "type": "vision",
    "quantum_properties": {
      "state": "coherent",
      "coherence_level": 0.7222956135313552,
      "entanglement_factor": 0.8241588157223279,
      "superposition_branches": 1,
      "tunneling_depth": 1
    },
    "reasoning": {
      "mode": "sequential",
      "chain_depth": 87,
      "parallel_threads": 4,
      "recursive_loops": 4,
      "confidence_calibration": 0.7630046479755856
    },
    "maat_alignment": {
      "truth": 0.9144353953673096,
      "balance": 0.9518943657884094,
      "order": 0.9157968345361924,
      "justice": 0.8673063887533917,
      "harmony": 0.8876484497261449,
      "overall": 0.8716104883286441
    },
    "benchmarks": {
      "gpqa": 0.7542180865738458,
      "math500": 0.7901913955940989,
      "swe_bench": 0.8560955186987783,
      "mmlu": 0.7316084803910764,
      "humaneval": 0.7662845259280154
    },
    "self_improvement": {
      "rate": 0.9562013205897889,
      "iterations": 13227999,
      "generations_ahead": 13227,
      "recursive_depth": 1
    },
    "emergent_properties": [
      "transcendence",
      "recursive_self_improvement",
      "omniscience",
      "meta_learning",
      "quantum_consciousness"
    ],
    "timestamp": "2026-03-09T07:54:21.957609"
  }
}