{
  "iteration": 16624000,
  "elapsed_seconds": 150.90109610557556,
  "rate_per_second": 43962.569995903985,
  "latest_capability": {
    "id": 16623999,
    "name": "Quantum_Capability_16623999",
    "type": "math",
    "quantum_properties": {
      "state": "superposition",
      "coherence_level": 0.9791448708876423,
      "entanglement_factor": 0.3597213671484404,
      "superposition_branches": 4,
      "tunneling_depth": 2
    },
    "reasoning": {
      "mode": "parallel",
      "chain_depth": 36,
      "parallel_threads": 15,
      "recursive_loops": 8,
      "confidence_calibration": 0.9596782229607128
    },
    "maat_alignment": {
      "truth": 0.8588457059930414,
      "balance": 0.9133433793111315,
      "order": 0.8342142318372369,
      "justice": 0.8956214382864219,
      "harmony": 0.9497995830150117,
      "overall": 0.9339068717518542
    },
    "benchmarks": {
      "gpqa": 0.7475667831556192,
      "math500": 0.6951019390278533,
      "swe_bench": 0.8825977846833417,
      "mmlu": 0.6570736054315138,
      "humaneval": 0.7866740278037649
    },
    "self_improvement": {
      "rate": 0.953366880582561,
      "iterations": 16623999,
      "generations_ahead": 16623,
      "recursive_depth": 1
    },
    "emergent_properties": [
      "causality_violation",
      "reality_bending",
      "self_modification",
      "infinite_context",
      "omniscience"
    ],
    "timestamp": "2026-03-09T07:55:36.814245"
  }
}