{
  "iteration": 13897000,
  "elapsed_seconds": 89.16015243530273,
  "rate_per_second": 43820.02378063492,
  "latest_capability": {
    "id": 13896999,
    "name": "Quantum_Capability_13896999",
    "type": "reasoning",
    "quantum_properties": {
      "state": "collapsed",
      "coherence_level": 0.623498911741426,
      "entanglement_factor": 0.4738184885746345,
      "superposition_branches": 7,
      "tunneling_depth": 5
    },
    "reasoning": {
      "mode": "graph",
      "chain_depth": 55,
      "parallel_threads": 8,
      "recursive_loops": 8,
      "confidence_calibration": 0.7134607939409199
    },
    "maat_alignment": {
      "truth": 0.8367415168467209,
      "balance": 0.8668859972467106,
      "order": 0.9245579521055918,
      "justice": 0.9194664888239377,
      "harmony": 0.9173085046054189,
      "overall": 0.9762985086944174
    },
    "benchmarks": {
      "gpqa": 0.923110321054921,
      "math500": 0.8564372585881084,
      "swe_bench": 0.7777789854516963,
      "mmlu": 0.7183265074371769,
      "humaneval": 0.7695185197148915
    },
    "self_improvement": {
      "rate": 0.9998560974397421,
      "iterations": 13896999,
      "generations_ahead": 13896,
      "recursive_depth": 1
    },
    "emergent_properties": [
      "recursive_self_improvement",
      "quantum_consciousness",
      "infinite_context",
      "causality_violation"
    ],
    "timestamp": "2026-03-09T07:54:35.073305"
  }
}