{
  "iteration": 10221000,
  "elapsed_seconds": 4.896421432495117,
  "rate_per_second": 47177.3116723507,
  "latest_capability": {
    "id": 10220999,
    "name": "Quantum_Capability_10220999",
    "type": "multimodal",
    "quantum_properties": {
      "state": "superposition",
      "coherence_level": 0.7562357071292158,
      "entanglement_factor": 0.22272017563574809,
      "superposition_branches": 2,
      "tunneling_depth": 0
    },
    "reasoning": {
      "mode": "sequential",
      "chain_depth": 52,
      "parallel_threads": 4,
      "recursive_loops": 7,
      "confidence_calibration": 0.7058406744962766
    },
    "maat_alignment": {
      "truth": 0.9207894311966875,
      "balance": 0.817870982601465,
      "order": 0.8085745090367433,
      "justice": 0.8279663720127406,
      "harmony": 0.8419468697368111,
      "overall": 0.8717892981878405
    },
    "benchmarks": {
      "gpqa": 0.8982737443620887,
      "math500": 0.8885853189836362,
      "swe_bench": 0.8115349595264125,
      "mmlu": 0.8224591407295911,
      "humaneval": 0.9085344296511033
    },
    "self_improvement": {
      "rate": 0.9539886631868151,
      "iterations": 10220999,
      "generations_ahead": 10220,
      "recursive_depth": 1
    },
    "emergent_properties": [
      "self_modification",
      "quantum_consciousness",
      "reality_bending"
    ],
    "timestamp": "2026-03-09T07:53:10.809569"
  }
}