{
  "iteration": 15675000,
  "elapsed_seconds": 129.16530203819275,
  "rate_per_second": 44013.36822112651,
  "latest_capability": {
    "id": 15674999,
    "name": "Quantum_Capability_15674999",
    "type": "math",
    "quantum_properties": {
      "state": "collapsed",
      "coherence_level": 0.8562953586048031,
      "entanglement_factor": 0.1876922126714986,
      "superposition_branches": 8,
      "tunneling_depth": 3
    },
    "reasoning": {
      "mode": "tree",
      "chain_depth": 113,
      "parallel_threads": 6,
      "recursive_loops": 0,
      "confidence_calibration": 0.7148872130252053
    },
    "maat_alignment": {
      "truth": 0.9056011139446248,
      "balance": 0.8206721644734066,
      "order": 0.9892002221708464,
      "justice": 0.8281507856623415,
      "harmony": 0.952421668624506,
      "overall": 0.961716518773542
    },
    "benchmarks": {
      "gpqa": 0.8435350375511473,
      "math500": 0.8666652474360237,
      "swe_bench": 0.7560573973419573,
      "mmlu": 0.78530900344869,
      "humaneval": 0.7258923109249532
    },
    "self_improvement": {
      "rate": 0.9794876434865771,
      "iterations": 15674999,
      "generations_ahead": 15674,
      "recursive_depth": 1
    },
    "emergent_properties": [
      "self_modification",
      "quantum_consciousness",
      "causality_violation",
      "recursive_self_improvement"
    ],
    "timestamp": "2026-03-09T07:55:15.078451"
  }
}