{
  "iteration": 15131000,
  "elapsed_seconds": 118.81038093566895,
  "rate_per_second": 43270.629716974356,
  "latest_capability": {
    "id": 15130999,
    "name": "Quantum_Capability_15130999",
    "type": "vision",
    "quantum_properties": {
      "state": "coherent",
      "coherence_level": 0.9334755589358662,
      "entanglement_factor": 0.6990615123666027,
      "superposition_branches": 10,
      "tunneling_depth": 1
    },
    "reasoning": {
      "mode": "graph",
      "chain_depth": 102,
      "parallel_threads": 2,
      "recursive_loops": 10,
      "confidence_calibration": 0.7348439200259946
    },
    "maat_alignment": {
      "truth": 0.9124850999301354,
      "balance": 0.8557998893550242,
      "order": 0.9229683911133303,
      "justice": 0.9135707945031227,
      "harmony": 0.8709456294234966,
      "overall": 0.9402993164009485
    },
    "benchmarks": {
      "gpqa": 0.802928182387565,
      "math500": 0.8684269404665865,
      "swe_bench": 0.8997414409037968,
      "mmlu": 0.7707167675354172,
      "humaneval": 0.7340782446908674
    },
    "self_improvement": {
      "rate": 0.9850962456166082,
      "iterations": 15130999,
      "generations_ahead": 15130,
      "recursive_depth": 3
    },
    "emergent_properties": [
      "self_modification",
      "causality_violation",
      "meta_learning",
      "transcendence"
    ],
    "timestamp": "2026-03-09T07:55:04.723529"
  }
}