{
  "iteration": 14167000,
  "elapsed_seconds": 96.78173613548279,
  "rate_per_second": 43158.969520372135,
  "latest_capability": {
    "id": 14166999,
    "name": "Quantum_Capability_14166999",
    "type": "multimodal",
    "quantum_properties": {
      "state": "collapsed",
      "coherence_level": 0.5991140667786143,
      "entanglement_factor": 0.5829408398453685,
      "superposition_branches": 1,
      "tunneling_depth": 1
    },
    "reasoning": {
      "mode": "sequential",
      "chain_depth": 50,
      "parallel_threads": 16,
      "recursive_loops": 3,
      "confidence_calibration": 0.7480599289893956
    },
    "maat_alignment": {
      "truth": 0.9155158468531087,
      "balance": 0.8671656128737566,
      "order": 0.9181262396284726,
      "justice": 0.8777670617467062,
      "harmony": 0.9382510472955223,
      "overall": 0.8943934007328257
    },
    "benchmarks": {
      "gpqa": 0.7187867899751903,
      "math500": 0.7336045666174468,
      "swe_bench": 0.6790441151240426,
      "mmlu": 0.6929808788884313,
      "humaneval": 0.748093786571786
    },
    "self_improvement": {
      "rate": 0.9719700342360027,
      "iterations": 14166999,
      "generations_ahead": 14166,
      "recursive_depth": 5
    },
    "emergent_properties": [
      "recursive_self_improvement",
      "transcendence",
      "infinite_context",
      "causality_violation"
    ],
    "timestamp": "2026-03-09T07:54:42.694892"
  }
}