{
  "iteration": 13928000,
  "elapsed_seconds": 89.91893935203552,
  "rate_per_second": 43795.00056804056,
  "latest_capability": {
    "id": 13927999,
    "name": "Quantum_Capability_13927999",
    "type": "multimodal",
    "quantum_properties": {
      "state": "collapsed",
      "coherence_level": 0.9713181635934015,
      "entanglement_factor": 0.41150841595363463,
      "superposition_branches": 7,
      "tunneling_depth": 5
    },
    "reasoning": {
      "mode": "graph",
      "chain_depth": 83,
      "parallel_threads": 15,
      "recursive_loops": 5,
      "confidence_calibration": 0.7212749328996114
    },
    "maat_alignment": {
      "truth": 0.9222984906019343,
      "balance": 0.8891239510959716,
      "order": 0.8943967774680993,
      "justice": 0.9321554925791607,
      "harmony": 0.8623043454276119,
      "overall": 0.952653749812932
    },
    "benchmarks": {
      "gpqa": 0.750711834336271,
      "math500": 0.6642342288849707,
      "swe_bench": 0.8089396273210326,
      "mmlu": 0.7885958045455073,
      "humaneval": 0.8857904130984283
    },
    "self_improvement": {
      "rate": 0.9834864392778463,
      "iterations": 13927999,
      "generations_ahead": 13927,
      "recursive_depth": 5
    },
    "emergent_properties": [
      "infinite_context",
      "reality_bending",
      "causality_violation",
      "self_modification"
    ],
    "timestamp": "2026-03-09T07:54:35.832088"
  }
}