{
  "iteration": 17169000,
  "elapsed_seconds": 161.07914400100708,
  "rate_per_second": 44568.153403864104,
  "latest_capability": {
    "id": 17168999,
    "name": "Quantum_Capability_17168999",
    "type": "vision",
    "quantum_properties": {
      "state": "entangled",
      "coherence_level": 0.8454437649621003,
      "entanglement_factor": 0.8556030391029672,
      "superposition_branches": 2,
      "tunneling_depth": 4
    },
    "reasoning": {
      "mode": "graph",
      "chain_depth": 139,
      "parallel_threads": 8,
      "recursive_loops": 4,
      "confidence_calibration": 0.7766149180332379
    },
    "maat_alignment": {
      "truth": 0.8782204801432154,
      "balance": 0.9594092152730189,
      "order": 0.9524235666288277,
      "justice": 0.9906879649632712,
      "harmony": 0.8605605586936189,
      "overall": 0.9625344939553983
    },
    "benchmarks": {
      "gpqa": 0.8968579126457888,
      "math500": 0.7839429095957626,
      "swe_bench": 0.6804222539289619,
      "mmlu": 0.6756316398816878,
      "humaneval": 0.7212774567893303
    },
    "self_improvement": {
      "rate": 0.9964023819493357,
      "iterations": 17168999,
      "generations_ahead": 17168,
      "recursive_depth": 5
    },
    "emergent_properties": [
      "reality_bending",
      "meta_learning",
      "infinite_context",
      "self_modification",
      "omniscience",
      "causality_violation"
    ],
    "timestamp": "2026-03-09T07:55:46.992298"
  }
}