{
  "iteration": 17478000,
  "elapsed_seconds": 167.05013704299927,
  "rate_per_second": 44824.86595070894,
  "latest_capability": {
    "id": 17477999,
    "name": "Quantum_Capability_17477999",
    "type": "reasoning",
    "quantum_properties": {
      "state": "entangled",
      "coherence_level": 0.5475968370168033,
      "entanglement_factor": 0.8070351812651061,
      "superposition_branches": 9,
      "tunneling_depth": 1
    },
    "reasoning": {
      "mode": "graph",
      "chain_depth": 189,
      "parallel_threads": 8,
      "recursive_loops": 6,
      "confidence_calibration": 0.9583774584992109
    },
    "maat_alignment": {
      "truth": 0.8599291557392721,
      "balance": 0.828724309982898,
      "order": 0.9923767444891751,
      "justice": 0.831699025065319,
      "harmony": 0.918365736493786,
      "overall": 0.9365595924977665
    },
    "benchmarks": {
      "gpqa": 0.8669956156994933,
      "math500": 0.8124060736294779,
      "swe_bench": 0.7041995230738798,
      "mmlu": 0.6882605367270337,
      "humaneval": 0.9300595127995499
    },
    "self_improvement": {
      "rate": 0.9591080684189832,
      "iterations": 17477999,
      "generations_ahead": 17477,
      "recursive_depth": 3
    },
    "emergent_properties": [
      "transcendence",
      "meta_learning",
      "self_modification",
      "reality_bending"
    ],
    "timestamp": "2026-03-09T07:55:52.963285"
  }
}