{
  "iteration": 13441000,
  "elapsed_seconds": 80.27684736251831,
  "rate_per_second": 42988.73353129822,
  "latest_capability": {
    "id": 13440999,
    "name": "Quantum_Capability_13440999",
    "type": "math",
    "quantum_properties": {
      "state": "collapsed",
      "coherence_level": 0.5894439843228223,
      "entanglement_factor": 0.30518172326580284,
      "superposition_branches": 7,
      "tunneling_depth": 1
    },
    "reasoning": {
      "mode": "tree",
      "chain_depth": 26,
      "parallel_threads": 3,
      "recursive_loops": 10,
      "confidence_calibration": 0.8404944371831602
    },
    "maat_alignment": {
      "truth": 0.8130803621030833,
      "balance": 0.8962844565660005,
      "order": 0.947838815742708,
      "justice": 0.9754129836554543,
      "harmony": 0.8306970232902752,
      "overall": 0.8573136369967944
    },
    "benchmarks": {
      "gpqa": 0.825439200896661,
      "math500": 0.8351455920817242,
      "swe_bench": 0.719847748659574,
      "mmlu": 0.7057034856423975,
      "humaneval": 0.9030738291254167
    },
    "self_improvement": {
      "rate": 0.9871177836335037,
      "iterations": 13440999,
      "generations_ahead": 13440,
      "recursive_depth": 5
    },
    "emergent_properties": [
      "transcendence",
      "meta_learning",
      "infinite_context",
      "self_modification",
      "omniscience",
      "reality_bending"
    ],
    "timestamp": "2026-03-09T07:54:26.189996"
  }
}