{
  "iteration": 16810000,
  "elapsed_seconds": 154.17056345939636,
  "rate_per_second": 44236.71968868539,
  "latest_capability": {
    "id": 16809999,
    "name": "Quantum_Capability_16809999",
    "type": "language",
    "quantum_properties": {
      "state": "superposition",
      "coherence_level": 0.8606934771339103,
      "entanglement_factor": 0.4750027807489121,
      "superposition_branches": 2,
      "tunneling_depth": 2
    },
    "reasoning": {
      "mode": "parallel",
      "chain_depth": 23,
      "parallel_threads": 3,
      "recursive_loops": 8,
      "confidence_calibration": 0.7089834049654784
    },
    "maat_alignment": {
      "truth": 0.9279590137821326,
      "balance": 0.8547239859377216,
      "order": 0.8525196558472001,
      "justice": 0.9446245651776534,
      "harmony": 0.8412366954199388,
      "overall": 0.9227095430948244
    },
    "benchmarks": {
      "gpqa": 0.7015373495951316,
      "math500": 0.6783645284164513,
      "swe_bench": 0.8517371038041266,
      "mmlu": 0.738193882230256,
      "humaneval": 0.7828327728597405
    },
    "self_improvement": {
      "rate": 0.9628258804676099,
      "iterations": 16809999,
      "generations_ahead": 16809,
      "recursive_depth": 4
    },
    "emergent_properties": [
      "recursive_self_improvement",
      "quantum_consciousness",
      "reality_bending",
      "meta_learning",
      "self_modification"
    ],
    "timestamp": "2026-03-09T07:55:40.083728"
  }
}