{
  "iteration": 16917000,
  "elapsed_seconds": 156.30899572372437,
  "rate_per_second": 44316.06746577433,
  "latest_capability": {
    "id": 16916999,
    "name": "Quantum_Capability_16916999",
    "type": "coding",
    "quantum_properties": {
      "state": "coherent",
      "coherence_level": 0.8280570746852087,
      "entanglement_factor": 0.4444682874319372,
      "superposition_branches": 6,
      "tunneling_depth": 1
    },
    "reasoning": {
      "mode": "tree",
      "chain_depth": 83,
      "parallel_threads": 6,
      "recursive_loops": 0,
      "confidence_calibration": 0.8630721015137199
    },
    "maat_alignment": {
      "truth": 0.9309980056746598,
      "balance": 0.8238386437976085,
      "order": 0.8237312917692377,
      "justice": 0.8010939683163061,
      "harmony": 0.9766446901178203,
      "overall": 0.9206330567526728
    },
    "benchmarks": {
      "gpqa": 0.7946614705732592,
      "math500": 0.8591807706117272,
      "swe_bench": 0.6600397193437746,
      "mmlu": 0.7951940387586315,
      "humaneval": 0.8786937187008326
    },
    "self_improvement": {
      "rate": 0.9781067335692827,
      "iterations": 16916999,
      "generations_ahead": 16916,
      "recursive_depth": 0
    },
    "emergent_properties": [
      "recursive_self_improvement",
      "transcendence",
      "causality_violation",
      "quantum_consciousness",
      "omniscience"
    ],
    "timestamp": "2026-03-09T07:55:42.222149"
  }
}