{
  "iteration": 12813000,
  "elapsed_seconds": 65.92178440093994,
  "rate_per_second": 42823.476725544286,
  "latest_capability": {
    "id": 12812999,
    "name": "Quantum_Capability_12812999",
    "type": "language",
    "quantum_properties": {
      "state": "coherent",
      "coherence_level": 0.7870274285639403,
      "entanglement_factor": 0.5616472173315903,
      "superposition_branches": 8,
      "tunneling_depth": 0
    },
    "reasoning": {
      "mode": "tree",
      "chain_depth": 141,
      "parallel_threads": 6,
      "recursive_loops": 3,
      "confidence_calibration": 0.8795342048032848
    },
    "maat_alignment": {
      "truth": 0.8948059982261394,
      "balance": 0.911962842621832,
      "order": 0.9318203884778098,
      "justice": 0.874402536214224,
      "harmony": 0.871926348209635,
      "overall": 0.9960028767917564
    },
    "benchmarks": {
      "gpqa": 0.7114064754809043,
      "math500": 0.7376922137327446,
      "swe_bench": 0.6632430963727088,
      "mmlu": 0.7113887417656646,
      "humaneval": 0.7356030601441014
    },
    "self_improvement": {
      "rate": 0.9594519963459103,
      "iterations": 12812999,
      "generations_ahead": 12812,
      "recursive_depth": 3
    },
    "emergent_properties": [
      "quantum_consciousness",
      "omniscience",
      "infinite_context"
    ],
    "timestamp": "2026-03-09T07:54:11.834952"
  }
}