{
  "iteration": 17463000,
  "elapsed_seconds": 166.8414921760559,
  "rate_per_second": 44791.01632652792,
  "latest_capability": {
    "id": 17462999,
    "name": "Quantum_Capability_17462999",
    "type": "vision",
    "quantum_properties": {
      "state": "coherent",
      "coherence_level": 0.6324555677048145,
      "entanglement_factor": 0.7617653878380378,
      "superposition_branches": 2,
      "tunneling_depth": 5
    },
    "reasoning": {
      "mode": "graph",
      "chain_depth": 15,
      "parallel_threads": 10,
      "recursive_loops": 0,
      "confidence_calibration": 0.8623723132490501
    },
    "maat_alignment": {
      "truth": 0.8800860782131303,
      "balance": 0.8046832194132089,
      "order": 0.8303391487481159,
      "justice": 0.8985016974127991,
      "harmony": 0.9634448119958845,
      "overall": 0.9617615648896969
    },
    "benchmarks": {
      "gpqa": 0.7859353044867368,
      "math500": 0.6534336713770633,
      "swe_bench": 0.7118916282526448,
      "mmlu": 0.6696690760469675,
      "humaneval": 0.7505904404899558
    },
    "self_improvement": {
      "rate": 0.9986896307363448,
      "iterations": 17462999,
      "generations_ahead": 17462,
      "recursive_depth": 1
    },
    "emergent_properties": [
      "causality_violation",
      "meta_learning",
      "reality_bending",
      "transcendence",
      "recursive_self_improvement"
    ],
    "timestamp": "2026-03-09T07:55:52.754641"
  }
}