{
  "iteration": 14935000,
  "elapsed_seconds": 112.01437830924988,
  "rate_per_second": 44146.11833445005,
  "latest_capability": {
    "id": 14934999,
    "name": "Quantum_Capability_14934999",
    "type": "math",
    "quantum_properties": {
      "state": "entangled",
      "coherence_level": 0.5242389473756859,
      "entanglement_factor": 0.6754997520822824,
      "superposition_branches": 5,
      "tunneling_depth": 1
    },
    "reasoning": {
      "mode": "sequential",
      "chain_depth": 15,
      "parallel_threads": 5,
      "recursive_loops": 7,
      "confidence_calibration": 0.9647177069720647
    },
    "maat_alignment": {
      "truth": 0.8608791204094163,
      "balance": 0.8842338057181637,
      "order": 0.902136945274046,
      "justice": 0.9928861961823345,
      "harmony": 0.9142184100524374,
      "overall": 0.9797856437432627
    },
    "benchmarks": {
      "gpqa": 0.7103825974551228,
      "math500": 0.7335730175474384,
      "swe_bench": 0.7180846161663743,
      "mmlu": 0.8133393521393524,
      "humaneval": 0.8298378033594156
    },
    "self_improvement": {
      "rate": 0.9983761954913613,
      "iterations": 14934999,
      "generations_ahead": 14934,
      "recursive_depth": 1
    },
    "emergent_properties": [
      "transcendence",
      "omniscience",
      "recursive_self_improvement",
      "causality_violation",
      "reality_bending",
      "self_modification"
    ],
    "timestamp": "2026-03-09T07:54:57.927533"
  }
}