{
  "iteration": 15258000,
  "elapsed_seconds": 121.18857336044312,
  "rate_per_second": 43469.444799318975,
  "latest_capability": {
    "id": 15257999,
    "name": "Quantum_Capability_15257999",
    "type": "vision",
    "quantum_properties": {
      "state": "coherent",
      "coherence_level": 0.9187695227496053,
      "entanglement_factor": 0.9498582944719329,
      "superposition_branches": 7,
      "tunneling_depth": 2
    },
    "reasoning": {
      "mode": "graph",
      "chain_depth": 25,
      "parallel_threads": 2,
      "recursive_loops": 3,
      "confidence_calibration": 0.9270728762124099
    },
    "maat_alignment": {
      "truth": 0.8293145604828633,
      "balance": 0.904498945840448,
      "order": 0.9625149857710767,
      "justice": 0.8690047999801085,
      "harmony": 0.8399141599030249,
      "overall": 0.9986265383869327
    },
    "benchmarks": {
      "gpqa": 0.9173948137853551,
      "math500": 0.8717596672153924,
      "swe_bench": 0.7770194301480746,
      "mmlu": 0.6993240613206038,
      "humaneval": 0.8118727203923577
    },
    "self_improvement": {
      "rate": 0.9960630895100899,
      "iterations": 15257999,
      "generations_ahead": 15257,
      "recursive_depth": 3
    },
    "emergent_properties": [
      "meta_learning",
      "reality_bending",
      "causality_violation",
      "omniscience",
      "self_modification"
    ],
    "timestamp": "2026-03-09T07:55:07.101722"
  }
}