{
  "iteration": 14315000,
  "elapsed_seconds": 99.7895839214325,
  "rate_per_second": 43341.19684680928,
  "latest_capability": {
    "id": 14314999,
    "name": "Quantum_Capability_14314999",
    "type": "multimodal",
    "quantum_properties": {
      "state": "superposition",
      "coherence_level": 0.8730727145087377,
      "entanglement_factor": 0.8642755912721962,
      "superposition_branches": 5,
      "tunneling_depth": 2
    },
    "reasoning": {
      "mode": "sequential",
      "chain_depth": 193,
      "parallel_threads": 11,
      "recursive_loops": 9,
      "confidence_calibration": 0.9032471268148337
    },
    "maat_alignment": {
      "truth": 0.8240151195214105,
      "balance": 0.9212467717681214,
      "order": 0.987994344262106,
      "justice": 0.9326172527576149,
      "harmony": 0.9003520409958999,
      "overall": 0.9096019905679659
    },
    "benchmarks": {
      "gpqa": 0.7853072201534547,
      "math500": 0.7530448534116965,
      "swe_bench": 0.6994961429509995,
      "mmlu": 0.823239431039132,
      "humaneval": 0.7137077485644732
    },
    "self_improvement": {
      "rate": 0.970853839617412,
      "iterations": 14314999,
      "generations_ahead": 14314,
      "recursive_depth": 4
    },
    "emergent_properties": [
      "causality_violation",
      "reality_bending",
      "meta_learning",
      "infinite_context",
      "transcendence",
      "omniscience"
    ],
    "timestamp": "2026-03-09T07:54:45.702733"
  }
}