{
  "iteration": 14511000,
  "elapsed_seconds": 103.7836742401123,
  "rate_per_second": 43561.76472939553,
  "latest_capability": {
    "id": 14510999,
    "name": "Quantum_Capability_14510999",
    "type": "multimodal",
    "quantum_properties": {
      "state": "superposition",
      "coherence_level": 0.6359654111503734,
      "entanglement_factor": 0.5522421633820883,
      "superposition_branches": 7,
      "tunneling_depth": 0
    },
    "reasoning": {
      "mode": "parallel",
      "chain_depth": 172,
      "parallel_threads": 13,
      "recursive_loops": 3,
      "confidence_calibration": 0.9535998590988923
    },
    "maat_alignment": {
      "truth": 0.8712764975001623,
      "balance": 0.82169661946722,
      "order": 0.8186716729420085,
      "justice": 0.8302426698292387,
      "harmony": 0.8895955348546585,
      "overall": 0.9069970410917774
    },
    "benchmarks": {
      "gpqa": 0.8956418625974815,
      "math500": 0.8989369464229933,
      "swe_bench": 0.7702911474275145,
      "mmlu": 0.7233319781210004,
      "humaneval": 0.7034079967865965
    },
    "self_improvement": {
      "rate": 0.976951420798937,
      "iterations": 14510999,
      "generations_ahead": 14510,
      "recursive_depth": 5
    },
    "emergent_properties": [
      "infinite_context",
      "transcendence",
      "reality_bending",
      "self_modification",
      "causality_violation",
      "meta_learning"
    ],
    "timestamp": "2026-03-09T07:54:49.696838"
  }
}