{
  "iteration": 16128000,
  "elapsed_seconds": 137.64787650108337,
  "rate_per_second": 44592.042798071714,
  "latest_capability": {
    "id": 16127999,
    "name": "Quantum_Capability_16127999",
    "type": "reasoning",
    "quantum_properties": {
      "state": "entangled",
      "coherence_level": 0.6216998057039638,
      "entanglement_factor": 0.30099531522997325,
      "superposition_branches": 3,
      "tunneling_depth": 0
    },
    "reasoning": {
      "mode": "parallel",
      "chain_depth": 59,
      "parallel_threads": 7,
      "recursive_loops": 3,
      "confidence_calibration": 0.7064346067878268
    },
    "maat_alignment": {
      "truth": 0.9801895394331936,
      "balance": 0.9656961450178312,
      "order": 0.9935732157417166,
      "justice": 0.9068503196939267,
      "harmony": 0.8565565941240527,
      "overall": 0.9948522015542887
    },
    "benchmarks": {
      "gpqa": 0.9124009289058106,
      "math500": 0.7718426474940013,
      "swe_bench": 0.8456438167715721,
      "mmlu": 0.8483628063380023,
      "humaneval": 0.7757441161277818
    },
    "self_improvement": {
      "rate": 0.9550771892696213,
      "iterations": 16127999,
      "generations_ahead": 16127,
      "recursive_depth": 1
    },
    "emergent_properties": [
      "meta_learning",
      "self_modification",
      "infinite_context",
      "causality_violation"
    ],
    "timestamp": "2026-03-09T07:55:23.561030"
  }
}