{
  "iteration": 10171000,
  "elapsed_seconds": 3.7900490760803223,
  "rate_per_second": 47756.637543910285,
  "latest_capability": {
    "id": 10170999,
    "name": "Quantum_Capability_10170999",
    "type": "multimodal",
    "quantum_properties": {
      "state": "entangled",
      "coherence_level": 0.8528991658186611,
      "entanglement_factor": 0.04863920009915812,
      "superposition_branches": 5,
      "tunneling_depth": 0
    },
    "reasoning": {
      "mode": "sequential",
      "chain_depth": 109,
      "parallel_threads": 7,
      "recursive_loops": 2,
      "confidence_calibration": 0.9092678102325019
    },
    "maat_alignment": {
      "truth": 0.9212133617014537,
      "balance": 0.9724435811725922,
      "order": 0.9398873191388535,
      "justice": 0.968052612773593,
      "harmony": 0.9247439151014497,
      "overall": 0.9763813776034109
    },
    "benchmarks": {
      "gpqa": 0.753538170424332,
      "math500": 0.7044225558671222,
      "swe_bench": 0.7725203154496846,
      "mmlu": 0.6577032609652287,
      "humaneval": 0.8164660818734286
    },
    "self_improvement": {
      "rate": 0.9599739915681464,
      "iterations": 10170999,
      "generations_ahead": 10170,
      "recursive_depth": 1
    },
    "emergent_properties": [
      "meta_learning",
      "causality_violation",
      "infinite_context",
      "recursive_self_improvement",
      "reality_bending",
      "self_modification"
    ],
    "timestamp": "2026-03-09T07:53:09.703199"
  }
}