{
  "iteration": 15598000,
  "elapsed_seconds": 127.45841598510742,
  "rate_per_second": 43998.66385170873,
  "latest_capability": {
    "id": 15597999,
    "name": "Quantum_Capability_15597999",
    "type": "math",
    "quantum_properties": {
      "state": "superposition",
      "coherence_level": 0.6056910819388364,
      "entanglement_factor": 0.9511075045873618,
      "superposition_branches": 9,
      "tunneling_depth": 0
    },
    "reasoning": {
      "mode": "tree",
      "chain_depth": 155,
      "parallel_threads": 5,
      "recursive_loops": 3,
      "confidence_calibration": 0.788191048291908
    },
    "maat_alignment": {
      "truth": 0.8415639214907409,
      "balance": 0.865212041427857,
      "order": 0.8386317401331207,
      "justice": 0.9684210076627393,
      "harmony": 0.9509536689038987,
      "overall": 0.8685097069581819
    },
    "benchmarks": {
      "gpqa": 0.8933466825777425,
      "math500": 0.8175794717960752,
      "swe_bench": 0.7749201317232287,
      "mmlu": 0.8724293625779425,
      "humaneval": 0.7819494148031952
    },
    "self_improvement": {
      "rate": 0.9845474217207884,
      "iterations": 15597999,
      "generations_ahead": 15597,
      "recursive_depth": 1
    },
    "emergent_properties": [
      "infinite_context",
      "meta_learning",
      "self_modification",
      "quantum_consciousness"
    ],
    "timestamp": "2026-03-09T07:55:13.371564"
  }
}