{
  "iteration": 10742000,
  "elapsed_seconds": 18.168335676193237,
  "rate_per_second": 41390.692763640334,
  "latest_capability": {
    "id": 10741999,
    "name": "Quantum_Capability_10741999",
    "type": "multimodal",
    "quantum_properties": {
      "state": "superposition",
      "coherence_level": 0.9027508698058628,
      "entanglement_factor": 0.38250319033692937,
      "superposition_branches": 8,
      "tunneling_depth": 5
    },
    "reasoning": {
      "mode": "graph",
      "chain_depth": 179,
      "parallel_threads": 2,
      "recursive_loops": 9,
      "confidence_calibration": 0.9900912633098766
    },
    "maat_alignment": {
      "truth": 0.8302900105881665,
      "balance": 0.9987612313764701,
      "order": 0.9681313828690536,
      "justice": 0.915871199647588,
      "harmony": 0.9346347002335854,
      "overall": 0.9337965967850346
    },
    "benchmarks": {
      "gpqa": 0.7356044990560316,
      "math500": 0.6631182192576881,
      "swe_bench": 0.7760550612840971,
      "mmlu": 0.7511706115922556,
      "humaneval": 0.9145902062312945
    },
    "self_improvement": {
      "rate": 0.9681758512186174,
      "iterations": 10741999,
      "generations_ahead": 10741,
      "recursive_depth": 5
    },
    "emergent_properties": [
      "meta_learning",
      "self_modification",
      "quantum_consciousness",
      "omniscience",
      "recursive_self_improvement"
    ],
    "timestamp": "2026-03-09T07:53:24.081484"
  }
}