{
  "iteration": 15656000,
  "elapsed_seconds": 128.58353567123413,
  "rate_per_second": 44064.73947400997,
  "latest_capability": {
    "id": 15655999,
    "name": "Quantum_Capability_15655999",
    "type": "multimodal",
    "quantum_properties": {
      "state": "superposition",
      "coherence_level": 0.8720848005274833,
      "entanglement_factor": 0.028200625882095376,
      "superposition_branches": 8,
      "tunneling_depth": 5
    },
    "reasoning": {
      "mode": "graph",
      "chain_depth": 18,
      "parallel_threads": 16,
      "recursive_loops": 4,
      "confidence_calibration": 0.9495305402375089
    },
    "maat_alignment": {
      "truth": 0.9995185904627497,
      "balance": 0.9568026036513535,
      "order": 0.9355063504854193,
      "justice": 0.8237675397266944,
      "harmony": 0.8815030558302888,
      "overall": 0.9673381017393887
    },
    "benchmarks": {
      "gpqa": 0.8720471975232765,
      "math500": 0.8570950786694606,
      "swe_bench": 0.6971817822177264,
      "mmlu": 0.8021785937674162,
      "humaneval": 0.708688002547603
    },
    "self_improvement": {
      "rate": 0.9804783710015769,
      "iterations": 15655999,
      "generations_ahead": 15655,
      "recursive_depth": 4
    },
    "emergent_properties": [
      "self_modification",
      "recursive_self_improvement",
      "causality_violation",
      "transcendence",
      "quantum_consciousness"
    ],
    "timestamp": "2026-03-09T07:55:14.496685"
  }
}