{
  "iteration": 16080000,
  "elapsed_seconds": 136.97648978233337,
  "rate_per_second": 44460.18444243606,
  "latest_capability": {
    "id": 16079999,
    "name": "Quantum_Capability_16079999",
    "type": "multimodal",
    "quantum_properties": {
      "state": "coherent",
      "coherence_level": 0.8573822240548139,
      "entanglement_factor": 0.8447940880998304,
      "superposition_branches": 3,
      "tunneling_depth": 1
    },
    "reasoning": {
      "mode": "tree",
      "chain_depth": 31,
      "parallel_threads": 7,
      "recursive_loops": 9,
      "confidence_calibration": 0.7451576076970475
    },
    "maat_alignment": {
      "truth": 0.9576633765664984,
      "balance": 0.9709431109644167,
      "order": 0.8969722213218546,
      "justice": 0.8640800108875794,
      "harmony": 0.9921938303631357,
      "overall": 0.9804103428880833
    },
    "benchmarks": {
      "gpqa": 0.8268866840113497,
      "math500": 0.7537315578375641,
      "swe_bench": 0.7249207156362042,
      "mmlu": 0.695425412151444,
      "humaneval": 0.8998891608879434
    },
    "self_improvement": {
      "rate": 0.9502301000654824,
      "iterations": 16079999,
      "generations_ahead": 16079,
      "recursive_depth": 0
    },
    "emergent_properties": [
      "omniscience",
      "recursive_self_improvement",
      "self_modification",
      "quantum_consciousness"
    ],
    "timestamp": "2026-03-09T07:55:22.889638"
  }
}