{
  "iteration": 11955000,
  "elapsed_seconds": 46.16391444206238,
  "rate_per_second": 42565.71444924057,
  "latest_capability": {
    "id": 11954999,
    "name": "Quantum_Capability_11954999",
    "type": "multimodal",
    "quantum_properties": {
      "state": "coherent",
      "coherence_level": 0.8917123367239044,
      "entanglement_factor": 0.96562640840029,
      "superposition_branches": 9,
      "tunneling_depth": 3
    },
    "reasoning": {
      "mode": "graph",
      "chain_depth": 46,
      "parallel_threads": 9,
      "recursive_loops": 5,
      "confidence_calibration": 0.9892642462709784
    },
    "maat_alignment": {
      "truth": 0.9277325320162766,
      "balance": 0.8884366489320555,
      "order": 0.8864044731841886,
      "justice": 0.9880812509886827,
      "harmony": 0.9160069231458464,
      "overall": 0.9870899522169225
    },
    "benchmarks": {
      "gpqa": 0.8499866403044293,
      "math500": 0.6655760011528428,
      "swe_bench": 0.8274482920035096,
      "mmlu": 0.878456679675153,
      "humaneval": 0.8357250468598231
    },
    "self_improvement": {
      "rate": 0.9646647397787939,
      "iterations": 11954999,
      "generations_ahead": 11954,
      "recursive_depth": 1
    },
    "emergent_properties": [
      "self_modification",
      "reality_bending",
      "causality_violation",
      "quantum_consciousness"
    ],
    "timestamp": "2026-03-09T07:53:52.077063"
  }
}