{
  "iteration": 10078000,
  "elapsed_seconds": 1.671238660812378,
  "rate_per_second": 52655.55546520435,
  "latest_capability": {
    "id": 10077999,
    "name": "Quantum_Capability_10077999",
    "type": "multimodal",
    "quantum_properties": {
      "state": "coherent",
      "coherence_level": 0.7329964627171202,
      "entanglement_factor": 0.5054518366487043,
      "superposition_branches": 7,
      "tunneling_depth": 3
    },
    "reasoning": {
      "mode": "sequential",
      "chain_depth": 163,
      "parallel_threads": 3,
      "recursive_loops": 5,
      "confidence_calibration": 0.8059412412305413
    },
    "maat_alignment": {
      "truth": 0.9846646169028777,
      "balance": 0.9637611790072166,
      "order": 0.9159365174502409,
      "justice": 0.8084815022859781,
      "harmony": 0.9930589831633589,
      "overall": 0.9326456045272687
    },
    "benchmarks": {
      "gpqa": 0.7686281423101297,
      "math500": 0.7631200793446186,
      "swe_bench": 0.8048931729701019,
      "mmlu": 0.7780669762395552,
      "humaneval": 0.9184958032525917
    },
    "self_improvement": {
      "rate": 0.9786376426192077,
      "iterations": 10077999,
      "generations_ahead": 10077,
      "recursive_depth": 0
    },
    "emergent_properties": [
      "infinite_context",
      "reality_bending",
      "quantum_consciousness",
      "omniscience",
      "causality_violation"
    ],
    "timestamp": "2026-03-09T07:53:07.584387"
  }
}