{
  "iteration": 17835000,
  "elapsed_seconds": 178.039785861969,
  "rate_per_second": 44063.1848775761,
  "latest_capability": {
    "id": 17834999,
    "name": "Quantum_Capability_17834999",
    "type": "vision",
    "quantum_properties": {
      "state": "coherent",
      "coherence_level": 0.5665076521231671,
      "entanglement_factor": 0.6149374117629807,
      "superposition_branches": 8,
      "tunneling_depth": 5
    },
    "reasoning": {
      "mode": "graph",
      "chain_depth": 127,
      "parallel_threads": 1,
      "recursive_loops": 5,
      "confidence_calibration": 0.9704063008760043
    },
    "maat_alignment": {
      "truth": 0.9256438571828352,
      "balance": 0.9652932058976739,
      "order": 0.9163339221498751,
      "justice": 0.8720910410530502,
      "harmony": 0.951972212419951,
      "overall": 0.9616800884665619
    },
    "benchmarks": {
      "gpqa": 0.7395708246942898,
      "math500": 0.6911195408640622,
      "swe_bench": 0.8309497669494261,
      "mmlu": 0.7941044637421347,
      "humaneval": 0.9076048603241225
    },
    "self_improvement": {
      "rate": 0.958447404093863,
      "iterations": 17834999,
      "generations_ahead": 17834,
      "recursive_depth": 0
    },
    "emergent_properties": [
      "meta_learning",
      "reality_bending",
      "omniscience"
    ],
    "timestamp": "2026-03-09T07:56:03.952934"
  }
}