{
  "iteration": 11242000,
  "elapsed_seconds": 29.884714126586914,
  "rate_per_second": 41894.327471118726,
  "latest_capability": {
    "id": 11241999,
    "name": "Quantum_Capability_11241999",
    "type": "math",
    "quantum_properties": {
      "state": "collapsed",
      "coherence_level": 0.8107646805656841,
      "entanglement_factor": 0.8755643148176299,
      "superposition_branches": 7,
      "tunneling_depth": 0
    },
    "reasoning": {
      "mode": "tree",
      "chain_depth": 126,
      "parallel_threads": 6,
      "recursive_loops": 2,
      "confidence_calibration": 0.7466111927634403
    },
    "maat_alignment": {
      "truth": 0.9379145524682867,
      "balance": 0.8197975880635493,
      "order": 0.9582535269522425,
      "justice": 0.9697176426770863,
      "harmony": 0.9509543233817774,
      "overall": 0.9872322402796535
    },
    "benchmarks": {
      "gpqa": 0.8190845580458022,
      "math500": 0.7877485105933069,
      "swe_bench": 0.6588014406449403,
      "mmlu": 0.8270449195509892,
      "humaneval": 0.8619274144719504
    },
    "self_improvement": {
      "rate": 0.9921960848924772,
      "iterations": 11241999,
      "generations_ahead": 11241,
      "recursive_depth": 3
    },
    "emergent_properties": [
      "causality_violation",
      "meta_learning",
      "omniscience",
      "reality_bending",
      "self_modification",
      "quantum_consciousness"
    ],
    "timestamp": "2026-03-09T07:53:35.797877"
  }
}