{
  "iteration": 11694000,
  "elapsed_seconds": 41.36138939857483,
  "rate_per_second": 41197.84235436525,
  "latest_capability": {
    "id": 11693999,
    "name": "Quantum_Capability_11693999",
    "type": "language",
    "quantum_properties": {
      "state": "collapsed",
      "coherence_level": 0.782501341880806,
      "entanglement_factor": 0.5748056320831493,
      "superposition_branches": 6,
      "tunneling_depth": 4
    },
    "reasoning": {
      "mode": "tree",
      "chain_depth": 52,
      "parallel_threads": 16,
      "recursive_loops": 5,
      "confidence_calibration": 0.7626947423842119
    },
    "maat_alignment": {
      "truth": 0.9314910478452237,
      "balance": 0.8195560012222634,
      "order": 0.9691712080847347,
      "justice": 0.9994591012535353,
      "harmony": 0.8439013856352793,
      "overall": 0.9826240283683932
    },
    "benchmarks": {
      "gpqa": 0.7604692249202933,
      "math500": 0.7156483411408636,
      "swe_bench": 0.74591430384497,
      "mmlu": 0.841385620698948,
      "humaneval": 0.7102293235197065
    },
    "self_improvement": {
      "rate": 0.9951872716209068,
      "iterations": 11693999,
      "generations_ahead": 11693,
      "recursive_depth": 4
    },
    "emergent_properties": [
      "quantum_consciousness",
      "reality_bending",
      "omniscience"
    ],
    "timestamp": "2026-03-09T07:53:47.274537"
  }
}