{
  "iteration": 11535000,
  "elapsed_seconds": 37.10561680793762,
  "rate_per_second": 41637.901021752965,
  "latest_capability": {
    "id": 11534999,
    "name": "Quantum_Capability_11534999",
    "type": "vision",
    "quantum_properties": {
      "state": "collapsed",
      "coherence_level": 0.8909018657600714,
      "entanglement_factor": 0.2622954091905414,
      "superposition_branches": 6,
      "tunneling_depth": 2
    },
    "reasoning": {
      "mode": "graph",
      "chain_depth": 165,
      "parallel_threads": 5,
      "recursive_loops": 5,
      "confidence_calibration": 0.743198420500069
    },
    "maat_alignment": {
      "truth": 0.8298015432033189,
      "balance": 0.8227089300568973,
      "order": 0.8382831420859057,
      "justice": 0.844979402094627,
      "harmony": 0.8755885254742325,
      "overall": 0.8902821513342027
    },
    "benchmarks": {
      "gpqa": 0.8510058903738329,
      "math500": 0.8212100092868011,
      "swe_bench": 0.8612816727031347,
      "mmlu": 0.8012442347231722,
      "humaneval": 0.9294317233903397
    },
    "self_improvement": {
      "rate": 0.9858743075806156,
      "iterations": 11534999,
      "generations_ahead": 11534,
      "recursive_depth": 1
    },
    "emergent_properties": [
      "self_modification",
      "infinite_context",
      "quantum_consciousness",
      "recursive_self_improvement",
      "causality_violation",
      "transcendence"
    ],
    "timestamp": "2026-03-09T07:53:43.018766"
  }
}