{
  "iteration": 10431000,
  "elapsed_seconds": 10.703150033950806,
  "rate_per_second": 41202.82333716065,
  "latest_capability": {
    "id": 10430999,
    "name": "Quantum_Capability_10430999",
    "type": "multimodal",
    "quantum_properties": {
      "state": "collapsed",
      "coherence_level": 0.8084295301787172,
      "entanglement_factor": 0.021122498341016094,
      "superposition_branches": 4,
      "tunneling_depth": 4
    },
    "reasoning": {
      "mode": "parallel",
      "chain_depth": 132,
      "parallel_threads": 14,
      "recursive_loops": 10,
      "confidence_calibration": 0.8810099851570274
    },
    "maat_alignment": {
      "truth": 0.9146775812697602,
      "balance": 0.8043687339151421,
      "order": 0.9689008638019637,
      "justice": 0.8825470726685886,
      "harmony": 0.8592531449070229,
      "overall": 0.9617681654356937
    },
    "benchmarks": {
      "gpqa": 0.7605293997752245,
      "math500": 0.8218842146593912,
      "swe_bench": 0.6857518153203748,
      "mmlu": 0.7816135857610653,
      "humaneval": 0.893059601174057
    },
    "self_improvement": {
      "rate": 0.9981603858676272,
      "iterations": 10430999,
      "generations_ahead": 10430,
      "recursive_depth": 3
    },
    "emergent_properties": [
      "meta_learning",
      "reality_bending",
      "infinite_context"
    ],
    "timestamp": "2026-03-09T07:53:16.616307"
  }
}