{
  "iteration": 11594000,
  "elapsed_seconds": 38.195385694503784,
  "rate_per_second": 41994.60146388341,
  "latest_capability": {
    "id": 11593999,
    "name": "Quantum_Capability_11593999",
    "type": "coding",
    "quantum_properties": {
      "state": "coherent",
      "coherence_level": 0.553804717057278,
      "entanglement_factor": 0.9449518441576044,
      "superposition_branches": 9,
      "tunneling_depth": 5
    },
    "reasoning": {
      "mode": "parallel",
      "chain_depth": 151,
      "parallel_threads": 13,
      "recursive_loops": 6,
      "confidence_calibration": 0.7793803512728485
    },
    "maat_alignment": {
      "truth": 0.9417021712346128,
      "balance": 0.9834089400428018,
      "order": 0.870855136927277,
      "justice": 0.921765089294717,
      "harmony": 0.9555865414647114,
      "overall": 0.9680270250974278
    },
    "benchmarks": {
      "gpqa": 0.8576265739866551,
      "math500": 0.8050899972751568,
      "swe_bench": 0.8977135389932854,
      "mmlu": 0.6985419110443392,
      "humaneval": 0.8707544945818528
    },
    "self_improvement": {
      "rate": 0.9740888718406558,
      "iterations": 11593999,
      "generations_ahead": 11593,
      "recursive_depth": 2
    },
    "emergent_properties": [
      "causality_violation",
      "infinite_context",
      "reality_bending",
      "omniscience"
    ],
    "timestamp": "2026-03-09T07:53:44.108538"
  }
}