{
  "iteration": 17494000,
  "elapsed_seconds": 167.2755377292633,
  "rate_per_second": 44860.115841595914,
  "latest_capability": {
    "id": 17493999,
    "name": "Quantum_Capability_17493999",
    "type": "math",
    "quantum_properties": {
      "state": "superposition",
      "coherence_level": 0.6560309039767094,
      "entanglement_factor": 0.15308437813335796,
      "superposition_branches": 3,
      "tunneling_depth": 1
    },
    "reasoning": {
      "mode": "sequential",
      "chain_depth": 154,
      "parallel_threads": 10,
      "recursive_loops": 5,
      "confidence_calibration": 0.7492312546465807
    },
    "maat_alignment": {
      "truth": 0.8468749674208624,
      "balance": 0.905623865534545,
      "order": 0.8209703388103833,
      "justice": 0.9854577005897712,
      "harmony": 0.9673961652888716,
      "overall": 0.8901371206578997
    },
    "benchmarks": {
      "gpqa": 0.8683298416182184,
      "math500": 0.699771675023026,
      "swe_bench": 0.825159008090334,
      "mmlu": 0.867821018534997,
      "humaneval": 0.7327264940788638
    },
    "self_improvement": {
      "rate": 0.9536326732641001,
      "iterations": 17493999,
      "generations_ahead": 17493,
      "recursive_depth": 4
    },
    "emergent_properties": [
      "reality_bending",
      "causality_violation",
      "meta_learning",
      "omniscience",
      "self_modification",
      "recursive_self_improvement"
    ],
    "timestamp": "2026-03-09T07:55:53.188687"
  }
}