{
  "iteration": 14818000,
  "elapsed_seconds": 109.40923428535461,
  "rate_per_second": 44127.902288465884,
  "latest_capability": {
    "id": 14817999,
    "name": "Quantum_Capability_14817999",
    "type": "language",
    "quantum_properties": {
      "state": "coherent",
      "coherence_level": 0.862059161689479,
      "entanglement_factor": 0.9058361956518145,
      "superposition_branches": 5,
      "tunneling_depth": 0
    },
    "reasoning": {
      "mode": "sequential",
      "chain_depth": 111,
      "parallel_threads": 11,
      "recursive_loops": 8,
      "confidence_calibration": 0.8170517976693387
    },
    "maat_alignment": {
      "truth": 0.9701443427002252,
      "balance": 0.8775821595385067,
      "order": 0.9557936140671291,
      "justice": 0.9718605358630902,
      "harmony": 0.9055611123085598,
      "overall": 0.9939257916719783
    },
    "benchmarks": {
      "gpqa": 0.8746650831236643,
      "math500": 0.8744933484370064,
      "swe_bench": 0.8370540148672825,
      "mmlu": 0.7650235306367186,
      "humaneval": 0.8063173591006874
    },
    "self_improvement": {
      "rate": 0.9546749465602226,
      "iterations": 14817999,
      "generations_ahead": 14817,
      "recursive_depth": 2
    },
    "emergent_properties": [
      "omniscience",
      "causality_violation",
      "self_modification",
      "recursive_self_improvement",
      "meta_learning"
    ],
    "timestamp": "2026-03-09T07:54:55.322383"
  }
}