{
  "iteration": 14869000,
  "elapsed_seconds": 110.45314121246338,
  "rate_per_second": 44172.578040265464,
  "latest_capability": {
    "id": 14868999,
    "name": "Quantum_Capability_14868999",
    "type": "multimodal",
    "quantum_properties": {
      "state": "collapsed",
      "coherence_level": 0.7831125817251716,
      "entanglement_factor": 0.6868289930874966,
      "superposition_branches": 9,
      "tunneling_depth": 5
    },
    "reasoning": {
      "mode": "tree",
      "chain_depth": 180,
      "parallel_threads": 8,
      "recursive_loops": 3,
      "confidence_calibration": 0.791745778850633
    },
    "maat_alignment": {
      "truth": 0.9368482283959964,
      "balance": 0.8408919482407142,
      "order": 0.8732237353045559,
      "justice": 0.8064289634304973,
      "harmony": 0.8822666566262294,
      "overall": 0.9996804838997366
    },
    "benchmarks": {
      "gpqa": 0.7295480602819456,
      "math500": 0.7473872602322817,
      "swe_bench": 0.7935398765068926,
      "mmlu": 0.7431414891539684,
      "humaneval": 0.8555128061013972
    },
    "self_improvement": {
      "rate": 0.9594852301494216,
      "iterations": 14868999,
      "generations_ahead": 14868,
      "recursive_depth": 3
    },
    "emergent_properties": [
      "reality_bending",
      "causality_violation",
      "omniscience",
      "recursive_self_improvement"
    ],
    "timestamp": "2026-03-09T07:54:56.366289"
  }
}