{
  "iteration": 13551000,
  "elapsed_seconds": 82.39485812187195,
  "rate_per_second": 43218.7163273326,
  "latest_capability": {
    "id": 13550999,
    "name": "Quantum_Capability_13550999",
    "type": "agentic",
    "quantum_properties": {
      "state": "collapsed",
      "coherence_level": 0.7133605874707722,
      "entanglement_factor": 0.37605397017507325,
      "superposition_branches": 4,
      "tunneling_depth": 5
    },
    "reasoning": {
      "mode": "sequential",
      "chain_depth": 39,
      "parallel_threads": 12,
      "recursive_loops": 2,
      "confidence_calibration": 0.9474820323001574
    },
    "maat_alignment": {
      "truth": 0.8582199643619312,
      "balance": 0.9837199180476122,
      "order": 0.9470742860240635,
      "justice": 0.8547955042397527,
      "harmony": 0.9836067268441713,
      "overall": 0.922731963987077
    },
    "benchmarks": {
      "gpqa": 0.8756073257717497,
      "math500": 0.7720881988977616,
      "swe_bench": 0.6827689664111993,
      "mmlu": 0.6864297415267648,
      "humaneval": 0.7395936160244662
    },
    "self_improvement": {
      "rate": 0.9506583484445906,
      "iterations": 13550999,
      "generations_ahead": 13550,
      "recursive_depth": 5
    },
    "emergent_properties": [
      "quantum_consciousness",
      "infinite_context",
      "omniscience"
    ],
    "timestamp": "2026-03-09T07:54:28.308006"
  }
}