{
  "iteration": 14604000,
  "elapsed_seconds": 105.39211678504944,
  "rate_per_second": 43779.365485280076,
  "latest_capability": {
    "id": 14603999,
    "name": "Quantum_Capability_14603999",
    "type": "reasoning",
    "quantum_properties": {
      "state": "collapsed",
      "coherence_level": 0.6684493748700127,
      "entanglement_factor": 0.1457636557723052,
      "superposition_branches": 8,
      "tunneling_depth": 1
    },
    "reasoning": {
      "mode": "tree",
      "chain_depth": 13,
      "parallel_threads": 5,
      "recursive_loops": 1,
      "confidence_calibration": 0.8057668779115277
    },
    "maat_alignment": {
      "truth": 0.9725384394140149,
      "balance": 0.9064345835543515,
      "order": 0.9073122189808336,
      "justice": 0.8325769707957876,
      "harmony": 0.9806097132920303,
      "overall": 0.8604459857785351
    },
    "benchmarks": {
      "gpqa": 0.8999433559588441,
      "math500": 0.8724790332728831,
      "swe_bench": 0.7296993601751997,
      "mmlu": 0.8977468227089102,
      "humaneval": 0.7276083678662149
    },
    "self_improvement": {
      "rate": 0.9701460918939392,
      "iterations": 14603999,
      "generations_ahead": 14603,
      "recursive_depth": 4
    },
    "emergent_properties": [
      "quantum_consciousness",
      "self_modification",
      "reality_bending",
      "causality_violation",
      "transcendence"
    ],
    "timestamp": "2026-03-09T07:54:51.305265"
  }
}