{
  "iteration": 11906000,
  "elapsed_seconds": 45.49750852584839,
  "rate_per_second": 42112.19607578001,
  "latest_capability": {
    "id": 11905999,
    "name": "Quantum_Capability_11905999",
    "type": "language",
    "quantum_properties": {
      "state": "coherent",
      "coherence_level": 0.7916029039728323,
      "entanglement_factor": 0.9769522470631754,
      "superposition_branches": 3,
      "tunneling_depth": 4
    },
    "reasoning": {
      "mode": "parallel",
      "chain_depth": 52,
      "parallel_threads": 9,
      "recursive_loops": 4,
      "confidence_calibration": 0.8955605899530941
    },
    "maat_alignment": {
      "truth": 0.8115674278459832,
      "balance": 0.9670775947533318,
      "order": 0.818106318112891,
      "justice": 0.9205454074512999,
      "harmony": 0.9775025965877571,
      "overall": 0.950758118293368
    },
    "benchmarks": {
      "gpqa": 0.8495889349816829,
      "math500": 0.6603784718270281,
      "swe_bench": 0.7484296833756836,
      "mmlu": 0.7789213396765227,
      "humaneval": 0.7689630780483148
    },
    "self_improvement": {
      "rate": 0.9516725278086199,
      "iterations": 11905999,
      "generations_ahead": 11905,
      "recursive_depth": 0
    },
    "emergent_properties": [
      "causality_violation",
      "quantum_consciousness",
      "reality_bending",
      "infinite_context",
      "transcendence",
      "omniscience"
    ],
    "timestamp": "2026-03-09T07:53:51.410658"
  }
}