{
  "iteration": 17268000,
  "elapsed_seconds": 163.09980869293213,
  "rate_per_second": 44622.9830575846,
  "latest_capability": {
    "id": 17267999,
    "name": "Quantum_Capability_17267999",
    "type": "math",
    "quantum_properties": {
      "state": "coherent",
      "coherence_level": 0.5256140872145253,
      "entanglement_factor": 0.733915095465039,
      "superposition_branches": 4,
      "tunneling_depth": 1
    },
    "reasoning": {
      "mode": "parallel",
      "chain_depth": 12,
      "parallel_threads": 14,
      "recursive_loops": 0,
      "confidence_calibration": 0.8086409823459537
    },
    "maat_alignment": {
      "truth": 0.8980009880310872,
      "balance": 0.8404427563243316,
      "order": 0.8316442269211418,
      "justice": 0.998658243828428,
      "harmony": 0.919995658000456,
      "overall": 0.9005401762807455
    },
    "benchmarks": {
      "gpqa": 0.8134521865315518,
      "math500": 0.7109779398155791,
      "swe_bench": 0.719049779294281,
      "mmlu": 0.8669349987829666,
      "humaneval": 0.9050448884582147
    },
    "self_improvement": {
      "rate": 0.9505993781322165,
      "iterations": 17267999,
      "generations_ahead": 17267,
      "recursive_depth": 0
    },
    "emergent_properties": [
      "meta_learning",
      "infinite_context",
      "quantum_consciousness",
      "causality_violation",
      "transcendence"
    ],
    "timestamp": "2026-03-09T07:55:49.012957"
  }
}