{
  "iteration": 10949000,
  "elapsed_seconds": 23.03469181060791,
  "rate_per_second": 41632.8556893634,
  "latest_capability": {
    "id": 10948999,
    "name": "Quantum_Capability_10948999",
    "type": "vision",
    "quantum_properties": {
      "state": "collapsed",
      "coherence_level": 0.6999171727630688,
      "entanglement_factor": 0.26042411134874177,
      "superposition_branches": 8,
      "tunneling_depth": 2
    },
    "reasoning": {
      "mode": "sequential",
      "chain_depth": 89,
      "parallel_threads": 7,
      "recursive_loops": 3,
      "confidence_calibration": 0.8517224377151091
    },
    "maat_alignment": {
      "truth": 0.9194656712120912,
      "balance": 0.923394529688725,
      "order": 0.8752819072510473,
      "justice": 0.8581206127938005,
      "harmony": 0.8305277486150626,
      "overall": 0.9568632807695809
    },
    "benchmarks": {
      "gpqa": 0.9014185976917105,
      "math500": 0.797549996006865,
      "swe_bench": 0.6829513870729236,
      "mmlu": 0.7855399347171381,
      "humaneval": 0.7163429972814821
    },
    "self_improvement": {
      "rate": 0.9954320726253287,
      "iterations": 10948999,
      "generations_ahead": 10948,
      "recursive_depth": 0
    },
    "emergent_properties": [
      "self_modification",
      "infinite_context",
      "meta_learning",
      "recursive_self_improvement"
    ],
    "timestamp": "2026-03-09T07:53:28.947840"
  }
}