{
  "iteration": 11497000,
  "elapsed_seconds": 36.28673982620239,
  "rate_per_second": 41530.32229453157,
  "latest_capability": {
    "id": 11496999,
    "name": "Quantum_Capability_11496999",
    "type": "coding",
    "quantum_properties": {
      "state": "entangled",
      "coherence_level": 0.556489786717816,
      "entanglement_factor": 0.5350267369748997,
      "superposition_branches": 3,
      "tunneling_depth": 4
    },
    "reasoning": {
      "mode": "sequential",
      "chain_depth": 95,
      "parallel_threads": 15,
      "recursive_loops": 0,
      "confidence_calibration": 0.9556334596717557
    },
    "maat_alignment": {
      "truth": 0.9008800639169012,
      "balance": 0.811020764467125,
      "order": 0.8408424329641584,
      "justice": 0.9002836489617007,
      "harmony": 0.8560308299681371,
      "overall": 0.922014737025366
    },
    "benchmarks": {
      "gpqa": 0.7217957973105917,
      "math500": 0.669700935863719,
      "swe_bench": 0.7065679399335734,
      "mmlu": 0.8860079459786634,
      "humaneval": 0.7064700026899433
    },
    "self_improvement": {
      "rate": 0.9660699570285612,
      "iterations": 11496999,
      "generations_ahead": 11496,
      "recursive_depth": 5
    },
    "emergent_properties": [
      "self_modification",
      "infinite_context",
      "omniscience"
    ],
    "timestamp": "2026-03-09T07:53:42.199892"
  }
}