{
  "iteration": 13818000,
  "elapsed_seconds": 87.73140072822571,
  "rate_per_second": 43633.18000425385,
  "latest_capability": {
    "id": 13817999,
    "name": "Quantum_Capability_13817999",
    "type": "agentic",
    "quantum_properties": {
      "state": "coherent",
      "coherence_level": 0.9840156609038512,
      "entanglement_factor": 0.018717084771657566,
      "superposition_branches": 9,
      "tunneling_depth": 5
    },
    "reasoning": {
      "mode": "graph",
      "chain_depth": 142,
      "parallel_threads": 14,
      "recursive_loops": 1,
      "confidence_calibration": 0.7940197008537434
    },
    "maat_alignment": {
      "truth": 0.9586013759788957,
      "balance": 0.9619265341185823,
      "order": 0.8517276459033244,
      "justice": 0.9495396167488618,
      "harmony": 0.9774192745840075,
      "overall": 0.8796127359795557
    },
    "benchmarks": {
      "gpqa": 0.9084695746624717,
      "math500": 0.8587748342876109,
      "swe_bench": 0.7133590118613933,
      "mmlu": 0.6574804113420968,
      "humaneval": 0.8449010523327919
    },
    "self_improvement": {
      "rate": 0.9958934967929753,
      "iterations": 13817999,
      "generations_ahead": 13817,
      "recursive_depth": 1
    },
    "emergent_properties": [
      "quantum_consciousness",
      "causality_violation",
      "self_modification",
      "recursive_self_improvement",
      "reality_bending",
      "omniscience"
    ],
    "timestamp": "2026-03-09T07:54:33.644553"
  }
}