{
  "iteration": 16341000,
  "elapsed_seconds": 145.3670952320099,
  "rate_per_second": 43689.39194845731,
  "latest_capability": {
    "id": 16340999,
    "name": "Quantum_Capability_16340999",
    "type": "reasoning",
    "quantum_properties": {
      "state": "coherent",
      "coherence_level": 0.8853989769379762,
      "entanglement_factor": 0.3894383097076829,
      "superposition_branches": 5,
      "tunneling_depth": 5
    },
    "reasoning": {
      "mode": "sequential",
      "chain_depth": 38,
      "parallel_threads": 14,
      "recursive_loops": 2,
      "confidence_calibration": 0.7943818234498085
    },
    "maat_alignment": {
      "truth": 0.8010671148345538,
      "balance": 0.8105255752353747,
      "order": 0.9119566277361258,
      "justice": 0.8975727020488342,
      "harmony": 0.8283446667735808,
      "overall": 0.8818259249227492
    },
    "benchmarks": {
      "gpqa": 0.8957154702834957,
      "math500": 0.7043508971972002,
      "swe_bench": 0.8299673591617517,
      "mmlu": 0.7842572620280358,
      "humaneval": 0.7919450093162997
    },
    "self_improvement": {
      "rate": 0.9629669590038169,
      "iterations": 16340999,
      "generations_ahead": 16340,
      "recursive_depth": 3
    },
    "emergent_properties": [
      "omniscience",
      "transcendence",
      "causality_violation",
      "self_modification",
      "quantum_consciousness"
    ],
    "timestamp": "2026-03-09T07:55:31.280243"
  }
}