{
  "iteration": 10311000,
  "elapsed_seconds": 7.17905855178833,
  "rate_per_second": 44713.3837514165,
  "latest_capability": {
    "id": 10310999,
    "name": "Quantum_Capability_10310999",
    "type": "reasoning",
    "quantum_properties": {
      "state": "entangled",
      "coherence_level": 0.6031439521522257,
      "entanglement_factor": 0.656145003427303,
      "superposition_branches": 8,
      "tunneling_depth": 3
    },
    "reasoning": {
      "mode": "tree",
      "chain_depth": 58,
      "parallel_threads": 5,
      "recursive_loops": 9,
      "confidence_calibration": 0.8834730225898024
    },
    "maat_alignment": {
      "truth": 0.9688874673749228,
      "balance": 0.8522648485250215,
      "order": 0.8985478876401262,
      "justice": 0.8463345793105157,
      "harmony": 0.9832586660259174,
      "overall": 0.9523912109828357
    },
    "benchmarks": {
      "gpqa": 0.8019279000831706,
      "math500": 0.8674701416395438,
      "swe_bench": 0.7831518288502326,
      "mmlu": 0.8998468001552994,
      "humaneval": 0.7333828008466242
    },
    "self_improvement": {
      "rate": 0.9508551096739404,
      "iterations": 10310999,
      "generations_ahead": 10310,
      "recursive_depth": 0
    },
    "emergent_properties": [
      "meta_learning",
      "recursive_self_improvement",
      "quantum_consciousness",
      "reality_bending",
      "omniscience",
      "causality_violation"
    ],
    "timestamp": "2026-03-09T07:53:13.092208"
  }
}