{
  "iteration": 17470000,
  "elapsed_seconds": 166.93924593925476,
  "rate_per_second": 44806.719701620044,
  "latest_capability": {
    "id": 17469999,
    "name": "Quantum_Capability_17469999",
    "type": "math",
    "quantum_properties": {
      "state": "coherent",
      "coherence_level": 0.7886928651454572,
      "entanglement_factor": 0.3207456760759827,
      "superposition_branches": 2,
      "tunneling_depth": 2
    },
    "reasoning": {
      "mode": "tree",
      "chain_depth": 73,
      "parallel_threads": 9,
      "recursive_loops": 7,
      "confidence_calibration": 0.7823782060983745
    },
    "maat_alignment": {
      "truth": 0.9206377424697874,
      "balance": 0.9011128360342441,
      "order": 0.9903528142903896,
      "justice": 0.9406446270914046,
      "harmony": 0.9407748363982624,
      "overall": 0.8815494909629349
    },
    "benchmarks": {
      "gpqa": 0.7372684905387652,
      "math500": 0.7562706291709318,
      "swe_bench": 0.8716954696279129,
      "mmlu": 0.7642232451741644,
      "humaneval": 0.906224937033965
    },
    "self_improvement": {
      "rate": 0.9831174433174039,
      "iterations": 17469999,
      "generations_ahead": 17469,
      "recursive_depth": 5
    },
    "emergent_properties": [
      "quantum_consciousness",
      "self_modification",
      "meta_learning",
      "transcendence",
      "omniscience"
    ],
    "timestamp": "2026-03-09T07:55:52.852394"
  }
}