{
  "iteration": 13847000,
  "elapsed_seconds": 88.14059495925903,
  "rate_per_second": 43759.632003650644,
  "latest_capability": {
    "id": 13846999,
    "name": "Quantum_Capability_13846999",
    "type": "agentic",
    "quantum_properties": {
      "state": "entangled",
      "coherence_level": 0.9081136014704025,
      "entanglement_factor": 0.8430623954488801,
      "superposition_branches": 4,
      "tunneling_depth": 4
    },
    "reasoning": {
      "mode": "parallel",
      "chain_depth": 86,
      "parallel_threads": 6,
      "recursive_loops": 1,
      "confidence_calibration": 0.9689079165667127
    },
    "maat_alignment": {
      "truth": 0.8400806654411587,
      "balance": 0.9148485061772869,
      "order": 0.846266677137567,
      "justice": 0.9991762039158623,
      "harmony": 0.861174327615189,
      "overall": 0.9382937516379307
    },
    "benchmarks": {
      "gpqa": 0.7762419581794556,
      "math500": 0.7747027826295365,
      "swe_bench": 0.6697362206804319,
      "mmlu": 0.740927565056716,
      "humaneval": 0.9397205544718448
    },
    "self_improvement": {
      "rate": 0.9583613627024995,
      "iterations": 13846999,
      "generations_ahead": 13846,
      "recursive_depth": 1
    },
    "emergent_properties": [
      "omniscience",
      "causality_violation",
      "infinite_context",
      "quantum_consciousness",
      "meta_learning",
      "reality_bending"
    ],
    "timestamp": "2026-03-09T07:54:34.053748"
  }
}