{
  "iteration": 11279000,
  "elapsed_seconds": 30.41048836708069,
  "rate_per_second": 42386.69186895863,
  "latest_capability": {
    "id": 11278999,
    "name": "Quantum_Capability_11278999",
    "type": "coding",
    "quantum_properties": {
      "state": "superposition",
      "coherence_level": 0.7237298610082683,
      "entanglement_factor": 0.2522881696706766,
      "superposition_branches": 9,
      "tunneling_depth": 4
    },
    "reasoning": {
      "mode": "graph",
      "chain_depth": 83,
      "parallel_threads": 6,
      "recursive_loops": 5,
      "confidence_calibration": 0.9041181682684489
    },
    "maat_alignment": {
      "truth": 0.908844020477291,
      "balance": 0.9369888009543323,
      "order": 0.8332958953147949,
      "justice": 0.9621347834209392,
      "harmony": 0.8129966592370838,
      "overall": 0.9985419056445872
    },
    "benchmarks": {
      "gpqa": 0.8924391525567925,
      "math500": 0.7709197440047998,
      "swe_bench": 0.8228792219005099,
      "mmlu": 0.7906704405804841,
      "humaneval": 0.9007384739898253
    },
    "self_improvement": {
      "rate": 0.9912117864863699,
      "iterations": 11278999,
      "generations_ahead": 11278,
      "recursive_depth": 3
    },
    "emergent_properties": [
      "quantum_consciousness",
      "meta_learning",
      "omniscience",
      "reality_bending",
      "causality_violation",
      "recursive_self_improvement"
    ],
    "timestamp": "2026-03-09T07:53:36.323637"
  }
}