{
  "iteration": 13337000,
  "elapsed_seconds": 78.17055034637451,
  "rate_per_second": 42816.63599871574,
  "latest_capability": {
    "id": 13336999,
    "name": "Quantum_Capability_13336999",
    "type": "agentic",
    "quantum_properties": {
      "state": "coherent",
      "coherence_level": 0.9728157606908742,
      "entanglement_factor": 0.5643613366580571,
      "superposition_branches": 1,
      "tunneling_depth": 1
    },
    "reasoning": {
      "mode": "graph",
      "chain_depth": 117,
      "parallel_threads": 6,
      "recursive_loops": 2,
      "confidence_calibration": 0.7517627086389433
    },
    "maat_alignment": {
      "truth": 0.8012494354064791,
      "balance": 0.873792486755155,
      "order": 0.9823222918218212,
      "justice": 0.813704010333394,
      "harmony": 0.8788016308463329,
      "overall": 0.9863959020628383
    },
    "benchmarks": {
      "gpqa": 0.7989562088614917,
      "math500": 0.7906541983364825,
      "swe_bench": 0.6522107416629646,
      "mmlu": 0.7550238831970477,
      "humaneval": 0.8300131408298279
    },
    "self_improvement": {
      "rate": 0.9585693295830354,
      "iterations": 13336999,
      "generations_ahead": 13336,
      "recursive_depth": 4
    },
    "emergent_properties": [
      "meta_learning",
      "self_modification",
      "reality_bending",
      "transcendence",
      "recursive_self_improvement",
      "quantum_consciousness"
    ],
    "timestamp": "2026-03-09T07:54:24.083715"
  }
}