{
  "iteration": 14777000,
  "elapsed_seconds": 108.84029197692871,
  "rate_per_second": 43981.8739278531,
  "latest_capability": {
    "id": 14776999,
    "name": "Quantum_Capability_14776999",
    "type": "coding",
    "quantum_properties": {
      "state": "collapsed",
      "coherence_level": 0.7242746607974401,
      "entanglement_factor": 0.8491370381645995,
      "superposition_branches": 3,
      "tunneling_depth": 4
    },
    "reasoning": {
      "mode": "sequential",
      "chain_depth": 110,
      "parallel_threads": 4,
      "recursive_loops": 0,
      "confidence_calibration": 0.7995844743347127
    },
    "maat_alignment": {
      "truth": 0.9834679151866221,
      "balance": 0.8937792371115275,
      "order": 0.8670785719459546,
      "justice": 0.8561082468735604,
      "harmony": 0.808259095982916,
      "overall": 0.9590622683840285
    },
    "benchmarks": {
      "gpqa": 0.8594427807311991,
      "math500": 0.7342161188304295,
      "swe_bench": 0.8987648347360712,
      "mmlu": 0.6716271283835956,
      "humaneval": 0.872744098892257
    },
    "self_improvement": {
      "rate": 0.9743858225440211,
      "iterations": 14776999,
      "generations_ahead": 14776,
      "recursive_depth": 2
    },
    "emergent_properties": [
      "causality_violation",
      "meta_learning",
      "self_modification",
      "infinite_context"
    ],
    "timestamp": "2026-03-09T07:54:54.753441"
  }
}