{
  "iteration": 16565000,
  "elapsed_seconds": 149.7600076198578,
  "rate_per_second": 43903.576825994845,
  "latest_capability": {
    "id": 16564999,
    "name": "Quantum_Capability_16564999",
    "type": "multimodal",
    "quantum_properties": {
      "state": "entangled",
      "coherence_level": 0.8132653810814314,
      "entanglement_factor": 0.339235747896356,
      "superposition_branches": 7,
      "tunneling_depth": 5
    },
    "reasoning": {
      "mode": "tree",
      "chain_depth": 174,
      "parallel_threads": 16,
      "recursive_loops": 0,
      "confidence_calibration": 0.9894040687986208
    },
    "maat_alignment": {
      "truth": 0.9525471986693388,
      "balance": 0.8694927591900691,
      "order": 0.9434880375880974,
      "justice": 0.9040486430023705,
      "harmony": 0.9368633435114868,
      "overall": 0.8893093811183445
    },
    "benchmarks": {
      "gpqa": 0.7487876684739769,
      "math500": 0.7421561018838496,
      "swe_bench": 0.80309758007088,
      "mmlu": 0.8765736552876418,
      "humaneval": 0.7499711318050111
    },
    "self_improvement": {
      "rate": 0.9605487156615767,
      "iterations": 16564999,
      "generations_ahead": 16564,
      "recursive_depth": 1
    },
    "emergent_properties": [
      "omniscience",
      "self_modification",
      "recursive_self_improvement"
    ],
    "timestamp": "2026-03-09T07:55:35.673156"
  }
}