{
  "iteration": 17838000,
  "elapsed_seconds": 178.0810489654541,
  "rate_per_second": 44069.82127291058,
  "latest_capability": {
    "id": 17837999,
    "name": "Quantum_Capability_17837999",
    "type": "language",
    "quantum_properties": {
      "state": "collapsed",
      "coherence_level": 0.7389440255374412,
      "entanglement_factor": 0.6793395231947645,
      "superposition_branches": 8,
      "tunneling_depth": 2
    },
    "reasoning": {
      "mode": "tree",
      "chain_depth": 178,
      "parallel_threads": 15,
      "recursive_loops": 7,
      "confidence_calibration": 0.8161549656933379
    },
    "maat_alignment": {
      "truth": 0.833807383500583,
      "balance": 0.817512845292222,
      "order": 0.8204160525997171,
      "justice": 0.8485693142491837,
      "harmony": 0.8474571113971953,
      "overall": 0.9018144665033105
    },
    "benchmarks": {
      "gpqa": 0.7358854141395681,
      "math500": 0.8697585649769465,
      "swe_bench": 0.8348690137162631,
      "mmlu": 0.7922137325715936,
      "humaneval": 0.7303758106441025
    },
    "self_improvement": {
      "rate": 0.9880012141669293,
      "iterations": 17837999,
      "generations_ahead": 17837,
      "recursive_depth": 1
    },
    "emergent_properties": [
      "omniscience",
      "infinite_context",
      "recursive_self_improvement"
    ],
    "timestamp": "2026-03-09T07:56:03.994197"
  }
}