{
  "iteration": 10922000,
  "elapsed_seconds": 22.312055110931396,
  "rate_per_second": 41771.1409982751,
  "latest_capability": {
    "id": 10921999,
    "name": "Quantum_Capability_10921999",
    "type": "language",
    "quantum_properties": {
      "state": "entangled",
      "coherence_level": 0.5312164038609153,
      "entanglement_factor": 0.5093701492697202,
      "superposition_branches": 6,
      "tunneling_depth": 1
    },
    "reasoning": {
      "mode": "tree",
      "chain_depth": 146,
      "parallel_threads": 4,
      "recursive_loops": 4,
      "confidence_calibration": 0.7081110538953767
    },
    "maat_alignment": {
      "truth": 0.8807282245256122,
      "balance": 0.845473072068567,
      "order": 0.9787743799086055,
      "justice": 0.9461396097570602,
      "harmony": 0.9917594644617399,
      "overall": 0.8565907307716006
    },
    "benchmarks": {
      "gpqa": 0.7128299903788199,
      "math500": 0.6966765276724325,
      "swe_bench": 0.6924410086232602,
      "mmlu": 0.6795138057129839,
      "humaneval": 0.7932907544871863
    },
    "self_improvement": {
      "rate": 0.9603847713816216,
      "iterations": 10921999,
      "generations_ahead": 10921,
      "recursive_depth": 0
    },
    "emergent_properties": [
      "reality_bending",
      "infinite_context",
      "meta_learning",
      "quantum_consciousness"
    ],
    "timestamp": "2026-03-09T07:53:28.225204"
  }
}