{
  "iteration": 15739000,
  "elapsed_seconds": 130.38051462173462,
  "rate_per_second": 44094.01218179909,
  "latest_capability": {
    "id": 15738999,
    "name": "Quantum_Capability_15738999",
    "type": "vision",
    "quantum_properties": {
      "state": "superposition",
      "coherence_level": 0.9901681941247499,
      "entanglement_factor": 0.00486882751417228,
      "superposition_branches": 3,
      "tunneling_depth": 4
    },
    "reasoning": {
      "mode": "parallel",
      "chain_depth": 108,
      "parallel_threads": 3,
      "recursive_loops": 3,
      "confidence_calibration": 0.7362487996024075
    },
    "maat_alignment": {
      "truth": 0.9702018676023616,
      "balance": 0.9212731123978226,
      "order": 0.993458757263,
      "justice": 0.8780364042228788,
      "harmony": 0.8340200300689635,
      "overall": 0.8589171525877622
    },
    "benchmarks": {
      "gpqa": 0.8508031508108707,
      "math500": 0.838149190861926,
      "swe_bench": 0.764102831288709,
      "mmlu": 0.7301732031301408,
      "humaneval": 0.7154751203098604
    },
    "self_improvement": {
      "rate": 0.9555038636923012,
      "iterations": 15738999,
      "generations_ahead": 15738,
      "recursive_depth": 1
    },
    "emergent_properties": [
      "quantum_consciousness",
      "recursive_self_improvement",
      "causality_violation",
      "meta_learning",
      "reality_bending"
    ],
    "timestamp": "2026-03-09T07:55:16.293663"
  }
}