{
  "iteration": 15256000,
  "elapsed_seconds": 121.16196513175964,
  "rate_per_second": 43462.48423978101,
  "latest_capability": {
    "id": 15255999,
    "name": "Quantum_Capability_15255999",
    "type": "reasoning",
    "quantum_properties": {
      "state": "coherent",
      "coherence_level": 0.7470351751983463,
      "entanglement_factor": 0.8346919615223352,
      "superposition_branches": 10,
      "tunneling_depth": 1
    },
    "reasoning": {
      "mode": "parallel",
      "chain_depth": 199,
      "parallel_threads": 15,
      "recursive_loops": 10,
      "confidence_calibration": 0.9591556968438286
    },
    "maat_alignment": {
      "truth": 0.9673371383323258,
      "balance": 0.8324599138159474,
      "order": 0.8419488485248036,
      "justice": 0.8777016833288913,
      "harmony": 0.9166690611770888,
      "overall": 0.8964671887852694
    },
    "benchmarks": {
      "gpqa": 0.8585571893780303,
      "math500": 0.789663787208696,
      "swe_bench": 0.8889597408237598,
      "mmlu": 0.837600612121201,
      "humaneval": 0.7088059157532246
    },
    "self_improvement": {
      "rate": 0.9698406059909342,
      "iterations": 15255999,
      "generations_ahead": 15255,
      "recursive_depth": 1
    },
    "emergent_properties": [
      "causality_violation",
      "infinite_context",
      "transcendence",
      "quantum_consciousness",
      "self_modification"
    ],
    "timestamp": "2026-03-09T07:55:07.075117"
  }
}