{
  "iteration": 14919000,
  "elapsed_seconds": 111.47437071800232,
  "rate_per_second": 44216.44157533693,
  "latest_capability": {
    "id": 14918999,
    "name": "Quantum_Capability_14918999",
    "type": "vision",
    "quantum_properties": {
      "state": "collapsed",
      "coherence_level": 0.6568690544510727,
      "entanglement_factor": 0.044020183267831414,
      "superposition_branches": 2,
      "tunneling_depth": 0
    },
    "reasoning": {
      "mode": "tree",
      "chain_depth": 104,
      "parallel_threads": 10,
      "recursive_loops": 6,
      "confidence_calibration": 0.9754078953743932
    },
    "maat_alignment": {
      "truth": 0.8545321800859301,
      "balance": 0.9594628656822987,
      "order": 0.838761968496435,
      "justice": 0.9810582731480995,
      "harmony": 0.8131567302699849,
      "overall": 0.9138331102160214
    },
    "benchmarks": {
      "gpqa": 0.8767395994027212,
      "math500": 0.7645714527508118,
      "swe_bench": 0.8926175989111118,
      "mmlu": 0.7034943064389226,
      "humaneval": 0.7763045631204412
    },
    "self_improvement": {
      "rate": 0.9551098961865165,
      "iterations": 14918999,
      "generations_ahead": 14918,
      "recursive_depth": 4
    },
    "emergent_properties": [
      "omniscience",
      "causality_violation",
      "self_modification",
      "meta_learning",
      "recursive_self_improvement",
      "transcendence"
    ],
    "timestamp": "2026-03-09T07:54:57.387523"
  }
}