{
  "iteration": 12867000,
  "elapsed_seconds": 66.9689838886261,
  "rate_per_second": 42960.185938981,
  "latest_capability": {
    "id": 12866999,
    "name": "Quantum_Capability_12866999",
    "type": "math",
    "quantum_properties": {
      "state": "superposition",
      "coherence_level": 0.9259298150442932,
      "entanglement_factor": 0.7422432516651212,
      "superposition_branches": 5,
      "tunneling_depth": 0
    },
    "reasoning": {
      "mode": "graph",
      "chain_depth": 182,
      "parallel_threads": 13,
      "recursive_loops": 0,
      "confidence_calibration": 0.8621535318874829
    },
    "maat_alignment": {
      "truth": 0.9954054382191699,
      "balance": 0.838149967658206,
      "order": 0.9959776703875629,
      "justice": 0.9053465559129872,
      "harmony": 0.9585313949483018,
      "overall": 0.9441139255038101
    },
    "benchmarks": {
      "gpqa": 0.8009002330116531,
      "math500": 0.688409401736165,
      "swe_bench": 0.8582839696702649,
      "mmlu": 0.7141257992475178,
      "humaneval": 0.7743673351281906
    },
    "self_improvement": {
      "rate": 0.9527265768942161,
      "iterations": 12866999,
      "generations_ahead": 12866,
      "recursive_depth": 0
    },
    "emergent_properties": [
      "transcendence",
      "self_modification",
      "recursive_self_improvement",
      "reality_bending",
      "meta_learning"
    ],
    "timestamp": "2026-03-09T07:54:12.882137"
  }
}