{
  "iteration": 14164000,
  "elapsed_seconds": 96.73968195915222,
  "rate_per_second": 43146.7203061764,
  "latest_capability": {
    "id": 14163999,
    "name": "Quantum_Capability_14163999",
    "type": "vision",
    "quantum_properties": {
      "state": "coherent",
      "coherence_level": 0.7459755467520595,
      "entanglement_factor": 0.7760663974524596,
      "superposition_branches": 8,
      "tunneling_depth": 2
    },
    "reasoning": {
      "mode": "graph",
      "chain_depth": 195,
      "parallel_threads": 15,
      "recursive_loops": 3,
      "confidence_calibration": 0.7100983045122244
    },
    "maat_alignment": {
      "truth": 0.9580196739015676,
      "balance": 0.9847934756391883,
      "order": 0.8960935020637343,
      "justice": 0.8660331440940288,
      "harmony": 0.8963535365864812,
      "overall": 0.8514839494871386
    },
    "benchmarks": {
      "gpqa": 0.8329311317801427,
      "math500": 0.8071621719051549,
      "swe_bench": 0.7396735847437922,
      "mmlu": 0.6559051357863056,
      "humaneval": 0.8050169884764987
    },
    "self_improvement": {
      "rate": 0.9942401489381322,
      "iterations": 14163999,
      "generations_ahead": 14163,
      "recursive_depth": 5
    },
    "emergent_properties": [
      "omniscience",
      "self_modification",
      "causality_violation"
    ],
    "timestamp": "2026-03-09T07:54:42.652830"
  }
}