{
  "iteration": 16878000,
  "elapsed_seconds": 155.43845057487488,
  "rate_per_second": 44313.35988312649,
  "latest_capability": {
    "id": 16877999,
    "name": "Quantum_Capability_16877999",
    "type": "reasoning",
    "quantum_properties": {
      "state": "coherent",
      "coherence_level": 0.760322929305254,
      "entanglement_factor": 0.9609441266336634,
      "superposition_branches": 1,
      "tunneling_depth": 0
    },
    "reasoning": {
      "mode": "sequential",
      "chain_depth": 57,
      "parallel_threads": 16,
      "recursive_loops": 0,
      "confidence_calibration": 0.7124080964366646
    },
    "maat_alignment": {
      "truth": 0.8938700013640043,
      "balance": 0.8247934080677652,
      "order": 0.9139963755654162,
      "justice": 0.9012575486530369,
      "harmony": 0.8995603802975458,
      "overall": 0.9481997124152086
    },
    "benchmarks": {
      "gpqa": 0.7020490449738609,
      "math500": 0.6985183533829992,
      "swe_bench": 0.7938237112412438,
      "mmlu": 0.6904964949577074,
      "humaneval": 0.9166366117841761
    },
    "self_improvement": {
      "rate": 0.9648834210012288,
      "iterations": 16877999,
      "generations_ahead": 16877,
      "recursive_depth": 0
    },
    "emergent_properties": [
      "quantum_consciousness",
      "meta_learning",
      "omniscience"
    ],
    "timestamp": "2026-03-09T07:55:41.351599"
  }
}