{
  "iteration": 15959000,
  "elapsed_seconds": 134.67282485961914,
  "rate_per_second": 44322.23060756313,
  "latest_capability": {
    "id": 15958999,
    "name": "Quantum_Capability_15958999",
    "type": "reasoning",
    "quantum_properties": {
      "state": "superposition",
      "coherence_level": 0.9847424860225973,
      "entanglement_factor": 0.6204941167404837,
      "superposition_branches": 5,
      "tunneling_depth": 4
    },
    "reasoning": {
      "mode": "sequential",
      "chain_depth": 193,
      "parallel_threads": 2,
      "recursive_loops": 9,
      "confidence_calibration": 0.7524494117737627
    },
    "maat_alignment": {
      "truth": 0.8825179335500427,
      "balance": 0.8915238375788951,
      "order": 0.9113872046061458,
      "justice": 0.8817078895764595,
      "harmony": 0.866690679754905,
      "overall": 0.9337486901108901
    },
    "benchmarks": {
      "gpqa": 0.9185758287470891,
      "math500": 0.7871836282273044,
      "swe_bench": 0.8075247923262406,
      "mmlu": 0.8391756732078793,
      "humaneval": 0.8655542112593192
    },
    "self_improvement": {
      "rate": 0.9902042014152311,
      "iterations": 15958999,
      "generations_ahead": 15958,
      "recursive_depth": 1
    },
    "emergent_properties": [
      "recursive_self_improvement",
      "omniscience",
      "transcendence"
    ],
    "timestamp": "2026-03-09T07:55:20.585982"
  }
}