{
  "iteration": 14945000,
  "elapsed_seconds": 112.15024328231812,
  "rate_per_second": 44181.80340034285,
  "latest_capability": {
    "id": 14944999,
    "name": "Quantum_Capability_14944999",
    "type": "language",
    "quantum_properties": {
      "state": "entangled",
      "coherence_level": 0.7128983204550854,
      "entanglement_factor": 0.6525057224283365,
      "superposition_branches": 8,
      "tunneling_depth": 4
    },
    "reasoning": {
      "mode": "parallel",
      "chain_depth": 128,
      "parallel_threads": 6,
      "recursive_loops": 10,
      "confidence_calibration": 0.9082611932106924
    },
    "maat_alignment": {
      "truth": 0.8136715022379692,
      "balance": 0.969385481494078,
      "order": 0.9981715541218745,
      "justice": 0.8993740736538499,
      "harmony": 0.9204703745322885,
      "overall": 0.85907599004614
    },
    "benchmarks": {
      "gpqa": 0.7432439973376745,
      "math500": 0.7703164763659635,
      "swe_bench": 0.7666315853764601,
      "mmlu": 0.8889199135396268,
      "humaneval": 0.8442174072468287
    },
    "self_improvement": {
      "rate": 0.9570333406729928,
      "iterations": 14944999,
      "generations_ahead": 14944,
      "recursive_depth": 4
    },
    "emergent_properties": [
      "causality_violation",
      "self_modification",
      "meta_learning"
    ],
    "timestamp": "2026-03-09T07:54:58.063395"
  }
}