{
  "iteration": 15667000,
  "elapsed_seconds": 129.05763244628906,
  "rate_per_second": 43988.099676031496,
  "latest_capability": {
    "id": 15666999,
    "name": "Quantum_Capability_15666999",
    "type": "multimodal",
    "quantum_properties": {
      "state": "superposition",
      "coherence_level": 0.7378989033445111,
      "entanglement_factor": 0.4105467725576015,
      "superposition_branches": 10,
      "tunneling_depth": 1
    },
    "reasoning": {
      "mode": "tree",
      "chain_depth": 98,
      "parallel_threads": 4,
      "recursive_loops": 4,
      "confidence_calibration": 0.997145426164946
    },
    "maat_alignment": {
      "truth": 0.9655993989310927,
      "balance": 0.9878500073421731,
      "order": 0.8720066194687139,
      "justice": 0.8091246360736427,
      "harmony": 0.9470530297246209,
      "overall": 0.892152972503071
    },
    "benchmarks": {
      "gpqa": 0.8431210136415939,
      "math500": 0.8646022835453608,
      "swe_bench": 0.699083243314385,
      "mmlu": 0.6844881076399997,
      "humaneval": 0.8469717607223668
    },
    "self_improvement": {
      "rate": 0.9944002681082199,
      "iterations": 15666999,
      "generations_ahead": 15666,
      "recursive_depth": 0
    },
    "emergent_properties": [
      "self_modification",
      "reality_bending",
      "recursive_self_improvement",
      "quantum_consciousness"
    ],
    "timestamp": "2026-03-09T07:55:14.970785"
  }
}