{
  "iteration": 11670000,
  "elapsed_seconds": 40.73247218132019,
  "rate_per_second": 41244.73448411127,
  "latest_capability": {
    "id": 11669999,
    "name": "Quantum_Capability_11669999",
    "type": "coding",
    "quantum_properties": {
      "state": "superposition",
      "coherence_level": 0.765871863559524,
      "entanglement_factor": 0.5139056179385012,
      "superposition_branches": 2,
      "tunneling_depth": 3
    },
    "reasoning": {
      "mode": "graph",
      "chain_depth": 19,
      "parallel_threads": 9,
      "recursive_loops": 8,
      "confidence_calibration": 0.7461120832897156
    },
    "maat_alignment": {
      "truth": 0.9418315351416199,
      "balance": 0.8940501700387444,
      "order": 0.9743420891943935,
      "justice": 0.886030364378132,
      "harmony": 0.8423140825316411,
      "overall": 0.96368245755052
    },
    "benchmarks": {
      "gpqa": 0.7639254610616912,
      "math500": 0.848519774225874,
      "swe_bench": 0.7116790096263045,
      "mmlu": 0.8187469502606756,
      "humaneval": 0.7935619663379039
    },
    "self_improvement": {
      "rate": 0.9853077144932393,
      "iterations": 11669999,
      "generations_ahead": 11669,
      "recursive_depth": 4
    },
    "emergent_properties": [
      "causality_violation",
      "transcendence",
      "infinite_context"
    ],
    "timestamp": "2026-03-09T07:53:46.645621"
  }
}