{
  "iteration": 16470000,
  "elapsed_seconds": 147.80904364585876,
  "rate_per_second": 43840.34860225248,
  "latest_capability": {
    "id": 16469999,
    "name": "Quantum_Capability_16469999",
    "type": "coding",
    "quantum_properties": {
      "state": "entangled",
      "coherence_level": 0.5190756049263495,
      "entanglement_factor": 0.8451496376146851,
      "superposition_branches": 7,
      "tunneling_depth": 5
    },
    "reasoning": {
      "mode": "graph",
      "chain_depth": 157,
      "parallel_threads": 8,
      "recursive_loops": 6,
      "confidence_calibration": 0.7157797084459347
    },
    "maat_alignment": {
      "truth": 0.9465595741127072,
      "balance": 0.847076662954043,
      "order": 0.8012464747324963,
      "justice": 0.8851560027397927,
      "harmony": 0.9785129209108847,
      "overall": 0.8711591874851489
    },
    "benchmarks": {
      "gpqa": 0.8844577156277469,
      "math500": 0.6891931378649779,
      "swe_bench": 0.7166552887968279,
      "mmlu": 0.7316179837193353,
      "humaneval": 0.9001528308912512
    },
    "self_improvement": {
      "rate": 0.9510931321286562,
      "iterations": 16469999,
      "generations_ahead": 16469,
      "recursive_depth": 0
    },
    "emergent_properties": [
      "reality_bending",
      "quantum_consciousness",
      "meta_learning",
      "infinite_context",
      "causality_violation"
    ],
    "timestamp": "2026-03-09T07:55:33.722192"
  }
}