{
  "iteration": 17617000,
  "elapsed_seconds": 169.67838740348816,
  "rate_per_second": 44949.74355138884,
  "latest_capability": {
    "id": 17616999,
    "name": "Quantum_Capability_17616999",
    "type": "math",
    "quantum_properties": {
      "state": "coherent",
      "coherence_level": 0.8077451043657546,
      "entanglement_factor": 0.43697281793199805,
      "superposition_branches": 6,
      "tunneling_depth": 2
    },
    "reasoning": {
      "mode": "graph",
      "chain_depth": 137,
      "parallel_threads": 6,
      "recursive_loops": 9,
      "confidence_calibration": 0.9752834706775557
    },
    "maat_alignment": {
      "truth": 0.8047005283362775,
      "balance": 0.9488758019712223,
      "order": 0.8782369764261648,
      "justice": 0.8528306377649184,
      "harmony": 0.9909945905738003,
      "overall": 0.9134016895022148
    },
    "benchmarks": {
      "gpqa": 0.9318952142256972,
      "math500": 0.670433630868468,
      "swe_bench": 0.881030956155954,
      "mmlu": 0.8232858852347887,
      "humaneval": 0.7357833041123893
    },
    "self_improvement": {
      "rate": 0.9913705379154338,
      "iterations": 17616999,
      "generations_ahead": 17616,
      "recursive_depth": 0
    },
    "emergent_properties": [
      "self_modification",
      "omniscience",
      "transcendence",
      "causality_violation",
      "recursive_self_improvement",
      "infinite_context"
    ],
    "timestamp": "2026-03-09T07:55:55.591544"
  }
}