{
  "iteration": 12615000,
  "elapsed_seconds": 61.955074310302734,
  "rate_per_second": 42369.410887196354,
  "latest_capability": {
    "id": 12614999,
    "name": "Quantum_Capability_12614999",
    "type": "vision",
    "quantum_properties": {
      "state": "entangled",
      "coherence_level": 0.5337365346405816,
      "entanglement_factor": 0.22675140369086477,
      "superposition_branches": 7,
      "tunneling_depth": 2
    },
    "reasoning": {
      "mode": "parallel",
      "chain_depth": 162,
      "parallel_threads": 14,
      "recursive_loops": 10,
      "confidence_calibration": 0.9392212197448757
    },
    "maat_alignment": {
      "truth": 0.801645418046387,
      "balance": 0.8245699072094714,
      "order": 0.969019124938948,
      "justice": 0.8249542917300309,
      "harmony": 0.949131163699428,
      "overall": 0.9496939438764183
    },
    "benchmarks": {
      "gpqa": 0.9000394754340497,
      "math500": 0.8681500787743224,
      "swe_bench": 0.8174850521977989,
      "mmlu": 0.8332471192044869,
      "humaneval": 0.786647064792781
    },
    "self_improvement": {
      "rate": 0.9927347788814087,
      "iterations": 12614999,
      "generations_ahead": 12614,
      "recursive_depth": 2
    },
    "emergent_properties": [
      "causality_violation",
      "quantum_consciousness",
      "infinite_context",
      "reality_bending",
      "meta_learning"
    ],
    "timestamp": "2026-03-09T07:54:07.868228"
  }
}