{
  "iteration": 11884000,
  "elapsed_seconds": 44.89981961250305,
  "rate_per_second": 42182.79753339112,
  "latest_capability": {
    "id": 11883999,
    "name": "Quantum_Capability_11883999",
    "type": "multimodal",
    "quantum_properties": {
      "state": "superposition",
      "coherence_level": 0.8231713697375607,
      "entanglement_factor": 0.9743430451214228,
      "superposition_branches": 4,
      "tunneling_depth": 5
    },
    "reasoning": {
      "mode": "tree",
      "chain_depth": 139,
      "parallel_threads": 1,
      "recursive_loops": 5,
      "confidence_calibration": 0.9548250899974309
    },
    "maat_alignment": {
      "truth": 0.8464558197510599,
      "balance": 0.9779830933371834,
      "order": 0.9228619615983031,
      "justice": 0.8243689552296878,
      "harmony": 0.9490046645811532,
      "overall": 0.956756187793469
    },
    "benchmarks": {
      "gpqa": 0.7655659089930913,
      "math500": 0.6743658275340635,
      "swe_bench": 0.8675427833859283,
      "mmlu": 0.8701889234848295,
      "humaneval": 0.9254662539202205
    },
    "self_improvement": {
      "rate": 0.9533504724695501,
      "iterations": 11883999,
      "generations_ahead": 11883,
      "recursive_depth": 0
    },
    "emergent_properties": [
      "omniscience",
      "quantum_consciousness",
      "transcendence"
    ],
    "timestamp": "2026-03-09T07:53:50.812967"
  }
}