{
  "iteration": 12807000,
  "elapsed_seconds": 65.8402419090271,
  "rate_per_second": 42785.383502878234,
  "latest_capability": {
    "id": 12806999,
    "name": "Quantum_Capability_12806999",
    "type": "vision",
    "quantum_properties": {
      "state": "entangled",
      "coherence_level": 0.8680715793862728,
      "entanglement_factor": 0.8958760684450329,
      "superposition_branches": 6,
      "tunneling_depth": 1
    },
    "reasoning": {
      "mode": "tree",
      "chain_depth": 114,
      "parallel_threads": 10,
      "recursive_loops": 6,
      "confidence_calibration": 0.7736185608632644
    },
    "maat_alignment": {
      "truth": 0.913092872971409,
      "balance": 0.8287974643214827,
      "order": 0.9710505162211611,
      "justice": 0.856923750852131,
      "harmony": 0.8268013444458929,
      "overall": 0.9797582538256709
    },
    "benchmarks": {
      "gpqa": 0.7795071450994955,
      "math500": 0.7772466838376759,
      "swe_bench": 0.6967315802728751,
      "mmlu": 0.8664815756757294,
      "humaneval": 0.9074052341983889
    },
    "self_improvement": {
      "rate": 0.9848890210436452,
      "iterations": 12806999,
      "generations_ahead": 12806,
      "recursive_depth": 2
    },
    "emergent_properties": [
      "causality_violation",
      "meta_learning",
      "omniscience"
    ],
    "timestamp": "2026-03-09T07:54:11.753390"
  }
}