{
  "iteration": 17133000,
  "elapsed_seconds": 160.26230239868164,
  "rate_per_second": 44570.68127119806,
  "latest_capability": {
    "id": 17132999,
    "name": "Quantum_Capability_17132999",
    "type": "coding",
    "quantum_properties": {
      "state": "collapsed",
      "coherence_level": 0.6693615671713704,
      "entanglement_factor": 0.6524041123522959,
      "superposition_branches": 3,
      "tunneling_depth": 0
    },
    "reasoning": {
      "mode": "sequential",
      "chain_depth": 135,
      "parallel_threads": 16,
      "recursive_loops": 8,
      "confidence_calibration": 0.7820117543457085
    },
    "maat_alignment": {
      "truth": 0.9924328535005644,
      "balance": 0.9398981960528366,
      "order": 0.9280797393492114,
      "justice": 0.9041189356831385,
      "harmony": 0.9756902219843413,
      "overall": 0.8972677475003015
    },
    "benchmarks": {
      "gpqa": 0.8990807270789329,
      "math500": 0.8116637905891527,
      "swe_bench": 0.6806887087053458,
      "mmlu": 0.7300330680541358,
      "humaneval": 0.8918204004768427
    },
    "self_improvement": {
      "rate": 0.9888852003920323,
      "iterations": 17132999,
      "generations_ahead": 17132,
      "recursive_depth": 4
    },
    "emergent_properties": [
      "quantum_consciousness",
      "omniscience",
      "meta_learning",
      "transcendence"
    ],
    "timestamp": "2026-03-09T07:55:46.175455"
  }
}