{
  "iteration": 16868000,
  "elapsed_seconds": 155.29993200302124,
  "rate_per_second": 44288.493312837985,
  "latest_capability": {
    "id": 16867999,
    "name": "Quantum_Capability_16867999",
    "type": "multimodal",
    "quantum_properties": {
      "state": "superposition",
      "coherence_level": 0.5863263642879417,
      "entanglement_factor": 0.6166974238957909,
      "superposition_branches": 4,
      "tunneling_depth": 0
    },
    "reasoning": {
      "mode": "parallel",
      "chain_depth": 184,
      "parallel_threads": 9,
      "recursive_loops": 0,
      "confidence_calibration": 0.8053129190218148
    },
    "maat_alignment": {
      "truth": 0.8922985412641574,
      "balance": 0.823807803522703,
      "order": 0.8059798357190331,
      "justice": 0.9911485283632024,
      "harmony": 0.8351230946720312,
      "overall": 0.9362220637490821
    },
    "benchmarks": {
      "gpqa": 0.8430500356196878,
      "math500": 0.8975694327819094,
      "swe_bench": 0.7974974291453026,
      "mmlu": 0.8145078892137783,
      "humaneval": 0.7041997663686586
    },
    "self_improvement": {
      "rate": 0.9706104894039198,
      "iterations": 16867999,
      "generations_ahead": 16867,
      "recursive_depth": 4
    },
    "emergent_properties": [
      "self_modification",
      "reality_bending",
      "recursive_self_improvement"
    ],
    "timestamp": "2026-03-09T07:55:41.213081"
  }
}