{
  "iteration": 17673000,
  "elapsed_seconds": 170.78244972229004,
  "rate_per_second": 44987.0581695798,
  "latest_capability": {
    "id": 17672999,
    "name": "Quantum_Capability_17672999",
    "type": "agentic",
    "quantum_properties": {
      "state": "coherent",
      "coherence_level": 0.5282894590032301,
      "entanglement_factor": 0.7765659335852353,
      "superposition_branches": 6,
      "tunneling_depth": 2
    },
    "reasoning": {
      "mode": "graph",
      "chain_depth": 158,
      "parallel_threads": 11,
      "recursive_loops": 7,
      "confidence_calibration": 0.8741753112072324
    },
    "maat_alignment": {
      "truth": 0.8969114847423081,
      "balance": 0.9295833283090592,
      "order": 0.8773362980052506,
      "justice": 0.9076455762486002,
      "harmony": 0.9767412312065261,
      "overall": 0.8533407996830179
    },
    "benchmarks": {
      "gpqa": 0.819553137244158,
      "math500": 0.7838607932340105,
      "swe_bench": 0.7005402644434804,
      "mmlu": 0.714499361280517,
      "humaneval": 0.92964868953231
    },
    "self_improvement": {
      "rate": 0.9771033856470807,
      "iterations": 17672999,
      "generations_ahead": 17672,
      "recursive_depth": 2
    },
    "emergent_properties": [
      "recursive_self_improvement",
      "causality_violation",
      "reality_bending"
    ],
    "timestamp": "2026-03-09T07:55:56.695602"
  }
}