{
  "iteration": 16924000,
  "elapsed_seconds": 156.40548062324524,
  "rate_per_second": 44333.484813763345,
  "latest_capability": {
    "id": 16923999,
    "name": "Quantum_Capability_16923999",
    "type": "multimodal",
    "quantum_properties": {
      "state": "collapsed",
      "coherence_level": 0.6367074650111764,
      "entanglement_factor": 0.38498557196806615,
      "superposition_branches": 4,
      "tunneling_depth": 4
    },
    "reasoning": {
      "mode": "parallel",
      "chain_depth": 101,
      "parallel_threads": 10,
      "recursive_loops": 1,
      "confidence_calibration": 0.9225976592074172
    },
    "maat_alignment": {
      "truth": 0.9006389811242758,
      "balance": 0.9666540333322182,
      "order": 0.9228459172681065,
      "justice": 0.9184912231508061,
      "harmony": 0.8701055456171851,
      "overall": 0.9614873697482706
    },
    "benchmarks": {
      "gpqa": 0.8756014177445701,
      "math500": 0.8490312214177499,
      "swe_bench": 0.8576769802808645,
      "mmlu": 0.8109374634565318,
      "humaneval": 0.7079326825435994
    },
    "self_improvement": {
      "rate": 0.9866688991691137,
      "iterations": 16923999,
      "generations_ahead": 16923,
      "recursive_depth": 5
    },
    "emergent_properties": [
      "causality_violation",
      "meta_learning",
      "reality_bending",
      "self_modification"
    ],
    "timestamp": "2026-03-09T07:55:42.318629"
  }
}