{
  "iteration": 14417000,
  "elapsed_seconds": 101.846107006073,
  "rate_per_second": 43467.54264977474,
  "latest_capability": {
    "id": 14416999,
    "name": "Quantum_Capability_14416999",
    "type": "coding",
    "quantum_properties": {
      "state": "superposition",
      "coherence_level": 0.8028088194615155,
      "entanglement_factor": 0.2761792871183856,
      "superposition_branches": 9,
      "tunneling_depth": 2
    },
    "reasoning": {
      "mode": "tree",
      "chain_depth": 122,
      "parallel_threads": 5,
      "recursive_loops": 7,
      "confidence_calibration": 0.7699472198194786
    },
    "maat_alignment": {
      "truth": 0.9534988887391552,
      "balance": 0.9136251204099407,
      "order": 0.8358225879238559,
      "justice": 0.8452827098281274,
      "harmony": 0.8873967550821316,
      "overall": 0.8840428949246775
    },
    "benchmarks": {
      "gpqa": 0.7964027415197623,
      "math500": 0.8727894363349974,
      "swe_bench": 0.7516365428898033,
      "mmlu": 0.6505583552802241,
      "humaneval": 0.8049728136405941
    },
    "self_improvement": {
      "rate": 0.9773123027222762,
      "iterations": 14416999,
      "generations_ahead": 14416,
      "recursive_depth": 4
    },
    "emergent_properties": [
      "transcendence",
      "recursive_self_improvement",
      "omniscience"
    ],
    "timestamp": "2026-03-09T07:54:47.759255"
  }
}