{
  "iteration": 12352000,
  "elapsed_seconds": 55.26861500740051,
  "rate_per_second": 42736.73222467627,
  "latest_capability": {
    "id": 12351999,
    "name": "Quantum_Capability_12351999",
    "type": "reasoning",
    "quantum_properties": {
      "state": "superposition",
      "coherence_level": 0.6528069662542746,
      "entanglement_factor": 0.14736081005508495,
      "superposition_branches": 1,
      "tunneling_depth": 1
    },
    "reasoning": {
      "mode": "parallel",
      "chain_depth": 44,
      "parallel_threads": 9,
      "recursive_loops": 5,
      "confidence_calibration": 0.7011846113649838
    },
    "maat_alignment": {
      "truth": 0.8767987637304545,
      "balance": 0.8613998848749919,
      "order": 0.8533646033297043,
      "justice": 0.9672188816329966,
      "harmony": 0.962658465536012,
      "overall": 0.9582717427014903
    },
    "benchmarks": {
      "gpqa": 0.852564512923703,
      "math500": 0.7552703369959316,
      "swe_bench": 0.8142677808868628,
      "mmlu": 0.7126436493624999,
      "humaneval": 0.9460548533034026
    },
    "self_improvement": {
      "rate": 0.9693451995407647,
      "iterations": 12351999,
      "generations_ahead": 12351,
      "recursive_depth": 5
    },
    "emergent_properties": [
      "omniscience",
      "recursive_self_improvement",
      "infinite_context",
      "self_modification",
      "reality_bending",
      "causality_violation"
    ],
    "timestamp": "2026-03-09T07:54:01.181764"
  }
}