{
  "iteration": 12557000,
  "elapsed_seconds": 60.844770431518555,
  "rate_per_second": 42189.32838096885,
  "latest_capability": {
    "id": 12556999,
    "name": "Quantum_Capability_12556999",
    "type": "language",
    "quantum_properties": {
      "state": "entangled",
      "coherence_level": 0.703471401777862,
      "entanglement_factor": 0.032800173168802016,
      "superposition_branches": 3,
      "tunneling_depth": 4
    },
    "reasoning": {
      "mode": "graph",
      "chain_depth": 105,
      "parallel_threads": 7,
      "recursive_loops": 4,
      "confidence_calibration": 0.7995376392752799
    },
    "maat_alignment": {
      "truth": 0.8829824293837274,
      "balance": 0.9053836988949765,
      "order": 0.8731588912569507,
      "justice": 0.9406621757944331,
      "harmony": 0.8290868418946804,
      "overall": 0.9292689211078596
    },
    "benchmarks": {
      "gpqa": 0.909286896364677,
      "math500": 0.7183337117681714,
      "swe_bench": 0.7124849848555171,
      "mmlu": 0.7066860575104386,
      "humaneval": 0.7365632614470813
    },
    "self_improvement": {
      "rate": 0.9557740410381186,
      "iterations": 12556999,
      "generations_ahead": 12556,
      "recursive_depth": 1
    },
    "emergent_properties": [
      "infinite_context",
      "quantum_consciousness",
      "self_modification",
      "transcendence",
      "causality_violation",
      "recursive_self_improvement"
    ],
    "timestamp": "2026-03-09T07:54:06.757919"
  }
}