{
  "iteration": 12886000,
  "elapsed_seconds": 67.22707605361938,
  "rate_per_second": 43077.88126453976,
  "latest_capability": {
    "id": 12885999,
    "name": "Quantum_Capability_12885999",
    "type": "coding",
    "quantum_properties": {
      "state": "collapsed",
      "coherence_level": 0.6323775727204044,
      "entanglement_factor": 0.23854651250882675,
      "superposition_branches": 9,
      "tunneling_depth": 5
    },
    "reasoning": {
      "mode": "sequential",
      "chain_depth": 196,
      "parallel_threads": 8,
      "recursive_loops": 8,
      "confidence_calibration": 0.903212604455199
    },
    "maat_alignment": {
      "truth": 0.9507112409910062,
      "balance": 0.9038866236342414,
      "order": 0.974878595915918,
      "justice": 0.8413968253669192,
      "harmony": 0.9569811034010021,
      "overall": 0.9251101828754978
    },
    "benchmarks": {
      "gpqa": 0.8186048593386898,
      "math500": 0.6586302511946904,
      "swe_bench": 0.7288236064956002,
      "mmlu": 0.8890172552166655,
      "humaneval": 0.9047089865702567
    },
    "self_improvement": {
      "rate": 0.9548881263388389,
      "iterations": 12885999,
      "generations_ahead": 12885,
      "recursive_depth": 3
    },
    "emergent_properties": [
      "recursive_self_improvement",
      "reality_bending",
      "meta_learning",
      "omniscience"
    ],
    "timestamp": "2026-03-09T07:54:13.140224"
  }
}