{
  "iteration": 15170000,
  "elapsed_seconds": 119.66077995300293,
  "rate_per_second": 43289.03757801393,
  "latest_capability": {
    "id": 15169999,
    "name": "Quantum_Capability_15169999",
    "type": "multimodal",
    "quantum_properties": {
      "state": "collapsed",
      "coherence_level": 0.8989690073390363,
      "entanglement_factor": 0.6861652192694453,
      "superposition_branches": 3,
      "tunneling_depth": 0
    },
    "reasoning": {
      "mode": "parallel",
      "chain_depth": 53,
      "parallel_threads": 6,
      "recursive_loops": 10,
      "confidence_calibration": 0.9769632262559638
    },
    "maat_alignment": {
      "truth": 0.9665734511860625,
      "balance": 0.9741990506812732,
      "order": 0.8254437248276358,
      "justice": 0.8985443231503201,
      "harmony": 0.9068066874431394,
      "overall": 0.9149431658452808
    },
    "benchmarks": {
      "gpqa": 0.9086930510460458,
      "math500": 0.8995216401631518,
      "swe_bench": 0.8319099210463062,
      "mmlu": 0.8262945653743845,
      "humaneval": 0.8802387843092494
    },
    "self_improvement": {
      "rate": 0.9609171945040967,
      "iterations": 15169999,
      "generations_ahead": 15169,
      "recursive_depth": 0
    },
    "emergent_properties": [
      "infinite_context",
      "self_modification",
      "transcendence",
      "meta_learning"
    ],
    "timestamp": "2026-03-09T07:55:05.573929"
  }
}