{
  "iteration": 13397000,
  "elapsed_seconds": 79.32047510147095,
  "rate_per_second": 42952.33980433911,
  "latest_capability": {
    "id": 13396999,
    "name": "Quantum_Capability_13396999",
    "type": "reasoning",
    "quantum_properties": {
      "state": "collapsed",
      "coherence_level": 0.9825604362877493,
      "entanglement_factor": 0.8613258547048919,
      "superposition_branches": 1,
      "tunneling_depth": 2
    },
    "reasoning": {
      "mode": "tree",
      "chain_depth": 96,
      "parallel_threads": 6,
      "recursive_loops": 9,
      "confidence_calibration": 0.8425074559297872
    },
    "maat_alignment": {
      "truth": 0.9019314651640404,
      "balance": 0.8956531520611448,
      "order": 0.9877337498976049,
      "justice": 0.955830780673576,
      "harmony": 0.9241099170190481,
      "overall": 0.9940485323296846
    },
    "benchmarks": {
      "gpqa": 0.7428947970753146,
      "math500": 0.8409499744779335,
      "swe_bench": 0.7070503238105159,
      "mmlu": 0.7646489019959586,
      "humaneval": 0.8281395785107457
    },
    "self_improvement": {
      "rate": 0.967543800873557,
      "iterations": 13396999,
      "generations_ahead": 13396,
      "recursive_depth": 4
    },
    "emergent_properties": [
      "causality_violation",
      "transcendence",
      "self_modification",
      "infinite_context",
      "recursive_self_improvement",
      "meta_learning"
    ],
    "timestamp": "2026-03-09T07:54:25.233625"
  }
}