{
  "iteration": 12127000,
  "elapsed_seconds": 50.87016582489014,
  "rate_per_second": 42008.90571806221,
  "latest_capability": {
    "id": 12126999,
    "name": "Quantum_Capability_12126999",
    "type": "coding",
    "quantum_properties": {
      "state": "coherent",
      "coherence_level": 0.6081164347987158,
      "entanglement_factor": 0.7785927558571842,
      "superposition_branches": 1,
      "tunneling_depth": 5
    },
    "reasoning": {
      "mode": "sequential",
      "chain_depth": 111,
      "parallel_threads": 11,
      "recursive_loops": 6,
      "confidence_calibration": 0.8254782081552436
    },
    "maat_alignment": {
      "truth": 0.8027966017739794,
      "balance": 0.8800686294407002,
      "order": 0.8730199840443327,
      "justice": 0.924825539745492,
      "harmony": 0.8323449163197121,
      "overall": 0.8967028523432441
    },
    "benchmarks": {
      "gpqa": 0.8618908991789868,
      "math500": 0.7126053669970207,
      "swe_bench": 0.7306123209868098,
      "mmlu": 0.6663256161938549,
      "humaneval": 0.8276441403629677
    },
    "self_improvement": {
      "rate": 0.9992256373308946,
      "iterations": 12126999,
      "generations_ahead": 12126,
      "recursive_depth": 4
    },
    "emergent_properties": [
      "causality_violation",
      "reality_bending",
      "transcendence",
      "omniscience",
      "self_modification",
      "infinite_context"
    ],
    "timestamp": "2026-03-09T07:53:56.783315"
  }
}