{
  "iteration": 11791000,
  "elapsed_seconds": 43.00661492347717,
  "rate_per_second": 41877.27872106576,
  "latest_capability": {
    "id": 11790999,
    "name": "Quantum_Capability_11790999",
    "type": "coding",
    "quantum_properties": {
      "state": "collapsed",
      "coherence_level": 0.9806810269404616,
      "entanglement_factor": 0.8362659062315939,
      "superposition_branches": 7,
      "tunneling_depth": 2
    },
    "reasoning": {
      "mode": "tree",
      "chain_depth": 80,
      "parallel_threads": 13,
      "recursive_loops": 5,
      "confidence_calibration": 0.9382078770317113
    },
    "maat_alignment": {
      "truth": 0.8792791435391627,
      "balance": 0.8629639635052702,
      "order": 0.9102898705034171,
      "justice": 0.9432131826316033,
      "harmony": 0.8134593669117601,
      "overall": 0.859753930720134
    },
    "benchmarks": {
      "gpqa": 0.8517885280202234,
      "math500": 0.8056914978568689,
      "swe_bench": 0.8494070050421143,
      "mmlu": 0.6884927950253034,
      "humaneval": 0.9446975054754421
    },
    "self_improvement": {
      "rate": 0.9966034306208538,
      "iterations": 11790999,
      "generations_ahead": 11790,
      "recursive_depth": 4
    },
    "emergent_properties": [
      "transcendence",
      "meta_learning",
      "recursive_self_improvement"
    ],
    "timestamp": "2026-03-09T07:53:48.919767"
  }
}