{
  "iteration": 15883000,
  "elapsed_seconds": 133.00412583351135,
  "rate_per_second": 44306.89621896839,
  "latest_capability": {
    "id": 15882999,
    "name": "Quantum_Capability_15882999",
    "type": "math",
    "quantum_properties": {
      "state": "collapsed",
      "coherence_level": 0.8006503118158931,
      "entanglement_factor": 0.9589517931772464,
      "superposition_branches": 5,
      "tunneling_depth": 1
    },
    "reasoning": {
      "mode": "graph",
      "chain_depth": 133,
      "parallel_threads": 3,
      "recursive_loops": 2,
      "confidence_calibration": 0.7057710125112171
    },
    "maat_alignment": {
      "truth": 0.863134574172579,
      "balance": 0.9825793024215491,
      "order": 0.9805147873808707,
      "justice": 0.8020630632804175,
      "harmony": 0.9220876885200483,
      "overall": 0.8918364555805885
    },
    "benchmarks": {
      "gpqa": 0.9117069133482403,
      "math500": 0.7395824441280725,
      "swe_bench": 0.7532028064020757,
      "mmlu": 0.8981452804262493,
      "humaneval": 0.8005957408271176
    },
    "self_improvement": {
      "rate": 0.9721215355008621,
      "iterations": 15882999,
      "generations_ahead": 15882,
      "recursive_depth": 2
    },
    "emergent_properties": [
      "quantum_consciousness",
      "self_modification",
      "infinite_context",
      "reality_bending",
      "transcendence"
    ],
    "timestamp": "2026-03-09T07:55:18.917278"
  }
}