{
  "iteration": 17591000,
  "elapsed_seconds": 169.29670882225037,
  "rate_per_second": 44897.505999248424,
  "latest_capability": {
    "id": 17590999,
    "name": "Quantum_Capability_17590999",
    "type": "agentic",
    "quantum_properties": {
      "state": "coherent",
      "coherence_level": 0.9640904045939798,
      "entanglement_factor": 0.16568751156167727,
      "superposition_branches": 3,
      "tunneling_depth": 1
    },
    "reasoning": {
      "mode": "sequential",
      "chain_depth": 107,
      "parallel_threads": 11,
      "recursive_loops": 8,
      "confidence_calibration": 0.9809605306324665
    },
    "maat_alignment": {
      "truth": 0.894679422795935,
      "balance": 0.9273126842263756,
      "order": 0.9298164739615054,
      "justice": 0.8162361402204541,
      "harmony": 0.9569067326748142,
      "overall": 0.8836589494796911
    },
    "benchmarks": {
      "gpqa": 0.7896918667754791,
      "math500": 0.7941572982827908,
      "swe_bench": 0.8842259821039515,
      "mmlu": 0.8271402139623126,
      "humaneval": 0.9422775390375497
    },
    "self_improvement": {
      "rate": 0.9961827053505103,
      "iterations": 17590999,
      "generations_ahead": 17590,
      "recursive_depth": 1
    },
    "emergent_properties": [
      "meta_learning",
      "reality_bending",
      "transcendence",
      "recursive_self_improvement",
      "causality_violation"
    ],
    "timestamp": "2026-03-09T07:55:55.209857"
  }
}