{
  "iteration": 12218000,
  "elapsed_seconds": 52.72167778015137,
  "rate_per_second": 42259.65663101102,
  "latest_capability": {
    "id": 12217999,
    "name": "Quantum_Capability_12217999",
    "type": "multimodal",
    "quantum_properties": {
      "state": "entangled",
      "coherence_level": 0.6215181220237784,
      "entanglement_factor": 0.2972764039300333,
      "superposition_branches": 2,
      "tunneling_depth": 4
    },
    "reasoning": {
      "mode": "tree",
      "chain_depth": 27,
      "parallel_threads": 2,
      "recursive_loops": 6,
      "confidence_calibration": 0.88272612358342
    },
    "maat_alignment": {
      "truth": 0.915402656541223,
      "balance": 0.8602821103680685,
      "order": 0.8291393268553177,
      "justice": 0.8657085953794461,
      "harmony": 0.9301362116338312,
      "overall": 0.8581926341196127
    },
    "benchmarks": {
      "gpqa": 0.7834616945224518,
      "math500": 0.8600957410082171,
      "swe_bench": 0.7430757494626655,
      "mmlu": 0.7146990659495316,
      "humaneval": 0.931143544498948
    },
    "self_improvement": {
      "rate": 0.9745884499138345,
      "iterations": 12217999,
      "generations_ahead": 12217,
      "recursive_depth": 5
    },
    "emergent_properties": [
      "meta_learning",
      "omniscience",
      "infinite_context",
      "causality_violation",
      "recursive_self_improvement",
      "quantum_consciousness"
    ],
    "timestamp": "2026-03-09T07:53:58.634830"
  }
}