{
  "iteration": 11855000,
  "elapsed_seconds": 44.49752998352051,
  "rate_per_second": 41912.43875088562,
  "latest_capability": {
    "id": 11854999,
    "name": "Quantum_Capability_11854999",
    "type": "vision",
    "quantum_properties": {
      "state": "coherent",
      "coherence_level": 0.6185034131152282,
      "entanglement_factor": 0.11041294980545657,
      "superposition_branches": 3,
      "tunneling_depth": 5
    },
    "reasoning": {
      "mode": "graph",
      "chain_depth": 119,
      "parallel_threads": 8,
      "recursive_loops": 0,
      "confidence_calibration": 0.8528833755839351
    },
    "maat_alignment": {
      "truth": 0.9163350984425285,
      "balance": 0.8899752869645705,
      "order": 0.8494542964265782,
      "justice": 0.9236987329455131,
      "harmony": 0.865483817959118,
      "overall": 0.9182869038300869
    },
    "benchmarks": {
      "gpqa": 0.7837888308116301,
      "math500": 0.8470641630519705,
      "swe_bench": 0.6556480103451727,
      "mmlu": 0.7721116257164021,
      "humaneval": 0.745988782109826
    },
    "self_improvement": {
      "rate": 0.9967844958081489,
      "iterations": 11854999,
      "generations_ahead": 11854,
      "recursive_depth": 4
    },
    "emergent_properties": [
      "causality_violation",
      "transcendence",
      "meta_learning",
      "reality_bending",
      "self_modification"
    ],
    "timestamp": "2026-03-09T07:53:50.410682"
  }
}