{
  "iteration": 14544000,
  "elapsed_seconds": 104.23410511016846,
  "rate_per_second": 43690.114624064045,
  "latest_capability": {
    "id": 14543999,
    "name": "Quantum_Capability_14543999",
    "type": "math",
    "quantum_properties": {
      "state": "superposition",
      "coherence_level": 0.8603555226256157,
      "entanglement_factor": 0.6167076414342596,
      "superposition_branches": 2,
      "tunneling_depth": 2
    },
    "reasoning": {
      "mode": "tree",
      "chain_depth": 122,
      "parallel_threads": 16,
      "recursive_loops": 1,
      "confidence_calibration": 0.9098788599852755
    },
    "maat_alignment": {
      "truth": 0.9645075935551869,
      "balance": 0.8505205087590862,
      "order": 0.8702526203408014,
      "justice": 0.9778291999700726,
      "harmony": 0.9625856910941619,
      "overall": 0.9306434043250731
    },
    "benchmarks": {
      "gpqa": 0.8705480988893752,
      "math500": 0.8518002931711637,
      "swe_bench": 0.6614655137187544,
      "mmlu": 0.8643826927918581,
      "humaneval": 0.9167839693984808
    },
    "self_improvement": {
      "rate": 0.9702920485344912,
      "iterations": 14543999,
      "generations_ahead": 14543,
      "recursive_depth": 1
    },
    "emergent_properties": [
      "reality_bending",
      "recursive_self_improvement",
      "transcendence",
      "meta_learning",
      "quantum_consciousness",
      "omniscience"
    ],
    "timestamp": "2026-03-09T07:54:50.147254"
  }
}