{
  "iteration": 11592000,
  "elapsed_seconds": 38.168928384780884,
  "rate_per_second": 41971.311949087,
  "latest_capability": {
    "id": 11591999,
    "name": "Quantum_Capability_11591999",
    "type": "reasoning",
    "quantum_properties": {
      "state": "coherent",
      "coherence_level": 0.7333266043776085,
      "entanglement_factor": 0.6292815159063978,
      "superposition_branches": 5,
      "tunneling_depth": 1
    },
    "reasoning": {
      "mode": "sequential",
      "chain_depth": 190,
      "parallel_threads": 5,
      "recursive_loops": 1,
      "confidence_calibration": 0.79500416160562
    },
    "maat_alignment": {
      "truth": 0.9419597904277374,
      "balance": 0.8249838874433284,
      "order": 0.8298897247317726,
      "justice": 0.9365760214316411,
      "harmony": 0.9510142226935291,
      "overall": 0.862610953903591
    },
    "benchmarks": {
      "gpqa": 0.7259529007730275,
      "math500": 0.8430938606505843,
      "swe_bench": 0.783830209603944,
      "mmlu": 0.7835532743865683,
      "humaneval": 0.8224643156906968
    },
    "self_improvement": {
      "rate": 0.9740665316987442,
      "iterations": 11591999,
      "generations_ahead": 11591,
      "recursive_depth": 1
    },
    "emergent_properties": [
      "causality_violation",
      "reality_bending",
      "quantum_consciousness",
      "omniscience",
      "transcendence"
    ],
    "timestamp": "2026-03-09T07:53:44.082083"
  }
}