{
  "iteration": 16403000,
  "elapsed_seconds": 146.53967595100403,
  "rate_per_second": 43762.89191566252,
  "latest_capability": {
    "id": 16402999,
    "name": "Quantum_Capability_16402999",
    "type": "agentic",
    "quantum_properties": {
      "state": "coherent",
      "coherence_level": 0.607624241785556,
      "entanglement_factor": 0.8508273678194324,
      "superposition_branches": 8,
      "tunneling_depth": 2
    },
    "reasoning": {
      "mode": "graph",
      "chain_depth": 46,
      "parallel_threads": 4,
      "recursive_loops": 9,
      "confidence_calibration": 0.7003423126568981
    },
    "maat_alignment": {
      "truth": 0.8818522788484743,
      "balance": 0.8642848200629033,
      "order": 0.954222734540789,
      "justice": 0.9094108579488329,
      "harmony": 0.9729919230360515,
      "overall": 0.870720351006819
    },
    "benchmarks": {
      "gpqa": 0.7137813827344851,
      "math500": 0.873252697849308,
      "swe_bench": 0.8293678929543895,
      "mmlu": 0.8631739902289961,
      "humaneval": 0.7351096646311912
    },
    "self_improvement": {
      "rate": 0.9743989131106944,
      "iterations": 16402999,
      "generations_ahead": 16402,
      "recursive_depth": 2
    },
    "emergent_properties": [
      "transcendence",
      "meta_learning",
      "quantum_consciousness",
      "recursive_self_improvement"
    ],
    "timestamp": "2026-03-09T07:55:32.452828"
  }
}