{
  "iteration": 12617000,
  "elapsed_seconds": 62.27615690231323,
  "rate_per_second": 42183.07825450322,
  "latest_capability": {
    "id": 12616999,
    "name": "Quantum_Capability_12616999",
    "type": "vision",
    "quantum_properties": {
      "state": "collapsed",
      "coherence_level": 0.5910999043915832,
      "entanglement_factor": 0.30829377689399984,
      "superposition_branches": 2,
      "tunneling_depth": 1
    },
    "reasoning": {
      "mode": "graph",
      "chain_depth": 173,
      "parallel_threads": 8,
      "recursive_loops": 6,
      "confidence_calibration": 0.877970500868261
    },
    "maat_alignment": {
      "truth": 0.8504531899434149,
      "balance": 0.8894287669990826,
      "order": 0.9847632655250099,
      "justice": 0.947150375393135,
      "harmony": 0.9527315986867083,
      "overall": 0.9881846131206424
    },
    "benchmarks": {
      "gpqa": 0.8433550825270594,
      "math500": 0.7667754019360975,
      "swe_bench": 0.8519614345972544,
      "mmlu": 0.7628079656154524,
      "humaneval": 0.8017277577464232
    },
    "self_improvement": {
      "rate": 0.9663850092435348,
      "iterations": 12616999,
      "generations_ahead": 12616,
      "recursive_depth": 0
    },
    "emergent_properties": [
      "self_modification",
      "meta_learning",
      "omniscience",
      "infinite_context"
    ],
    "timestamp": "2026-03-09T07:54:08.189309"
  }
}