{
  "iteration": 10981000,
  "elapsed_seconds": 23.475595474243164,
  "rate_per_second": 42214.051655784424,
  "latest_capability": {
    "id": 10980999,
    "name": "Quantum_Capability_10980999",
    "type": "multimodal",
    "quantum_properties": {
      "state": "entangled",
      "coherence_level": 0.6500340370070331,
      "entanglement_factor": 0.40815594733862814,
      "superposition_branches": 1,
      "tunneling_depth": 3
    },
    "reasoning": {
      "mode": "tree",
      "chain_depth": 40,
      "parallel_threads": 11,
      "recursive_loops": 3,
      "confidence_calibration": 0.7570323594151313
    },
    "maat_alignment": {
      "truth": 0.9462856698281121,
      "balance": 0.8054969300304773,
      "order": 0.909729659358687,
      "justice": 0.8963386379140091,
      "harmony": 0.8119737389321261,
      "overall": 0.8652905621823133
    },
    "benchmarks": {
      "gpqa": 0.8464168574494604,
      "math500": 0.770532807570459,
      "swe_bench": 0.8731302749528191,
      "mmlu": 0.7470994744569847,
      "humaneval": 0.7152069341972165
    },
    "self_improvement": {
      "rate": 0.9848967281811654,
      "iterations": 10980999,
      "generations_ahead": 10980,
      "recursive_depth": 2
    },
    "emergent_properties": [
      "quantum_consciousness",
      "omniscience",
      "meta_learning"
    ],
    "timestamp": "2026-03-09T07:53:29.388743"
  }
}