{
  "iteration": 12590000,
  "elapsed_seconds": 61.60975432395935,
  "rate_per_second": 42201.109686764146,
  "latest_capability": {
    "id": 12589999,
    "name": "Quantum_Capability_12589999",
    "type": "agentic",
    "quantum_properties": {
      "state": "coherent",
      "coherence_level": 0.9006779964521829,
      "entanglement_factor": 0.8835068008592004,
      "superposition_branches": 6,
      "tunneling_depth": 0
    },
    "reasoning": {
      "mode": "tree",
      "chain_depth": 59,
      "parallel_threads": 15,
      "recursive_loops": 6,
      "confidence_calibration": 0.9383315257569054
    },
    "maat_alignment": {
      "truth": 0.8340369373098143,
      "balance": 0.9378363932088982,
      "order": 0.8465806443532594,
      "justice": 0.8241141478810291,
      "harmony": 0.9522964959235565,
      "overall": 0.9484616163409014
    },
    "benchmarks": {
      "gpqa": 0.7460597727059456,
      "math500": 0.654505188692007,
      "swe_bench": 0.6657398313539953,
      "mmlu": 0.8678579849744565,
      "humaneval": 0.8394498127649863
    },
    "self_improvement": {
      "rate": 0.9744616982924211,
      "iterations": 12589999,
      "generations_ahead": 12589,
      "recursive_depth": 5
    },
    "emergent_properties": [
      "self_modification",
      "infinite_context",
      "recursive_self_improvement"
    ],
    "timestamp": "2026-03-09T07:54:07.522902"
  }
}