{
  "iteration": 10878000,
  "elapsed_seconds": 21.406911849975586,
  "rate_per_second": 41481.92911818865,
  "latest_capability": {
    "id": 10877999,
    "name": "Quantum_Capability_10877999",
    "type": "language",
    "quantum_properties": {
      "state": "entangled",
      "coherence_level": 0.572362869448694,
      "entanglement_factor": 0.12468736059254437,
      "superposition_branches": 9,
      "tunneling_depth": 0
    },
    "reasoning": {
      "mode": "sequential",
      "chain_depth": 137,
      "parallel_threads": 14,
      "recursive_loops": 9,
      "confidence_calibration": 0.76224993584937
    },
    "maat_alignment": {
      "truth": 0.8177844874586794,
      "balance": 0.9978998118366639,
      "order": 0.8835978461193041,
      "justice": 0.9319094267448187,
      "harmony": 0.875376455138632,
      "overall": 0.9557998478184903
    },
    "benchmarks": {
      "gpqa": 0.7670302165047964,
      "math500": 0.8342515849507189,
      "swe_bench": 0.8725522237087211,
      "mmlu": 0.7025190171426865,
      "humaneval": 0.9116918265911812
    },
    "self_improvement": {
      "rate": 0.9611618022007637,
      "iterations": 10877999,
      "generations_ahead": 10877,
      "recursive_depth": 1
    },
    "emergent_properties": [
      "quantum_consciousness",
      "self_modification",
      "meta_learning",
      "causality_violation",
      "infinite_context"
    ],
    "timestamp": "2026-03-09T07:53:27.320060"
  }
}