{
  "iteration": 10312000,
  "elapsed_seconds": 7.192587614059448,
  "rate_per_second": 44768.311111091956,
  "latest_capability": {
    "id": 10311999,
    "name": "Quantum_Capability_10311999",
    "type": "multimodal",
    "quantum_properties": {
      "state": "coherent",
      "coherence_level": 0.7606975389407501,
      "entanglement_factor": 0.44465399683692297,
      "superposition_branches": 4,
      "tunneling_depth": 4
    },
    "reasoning": {
      "mode": "tree",
      "chain_depth": 172,
      "parallel_threads": 5,
      "recursive_loops": 0,
      "confidence_calibration": 0.8916157990981008
    },
    "maat_alignment": {
      "truth": 0.8061957219402254,
      "balance": 0.8749863208513922,
      "order": 0.8193499525783539,
      "justice": 0.9574071144864916,
      "harmony": 0.9818713329181391,
      "overall": 0.9605460133521874
    },
    "benchmarks": {
      "gpqa": 0.9351326193242757,
      "math500": 0.885370478393638,
      "swe_bench": 0.7463494761703846,
      "mmlu": 0.7754916923362851,
      "humaneval": 0.9178857587255965
    },
    "self_improvement": {
      "rate": 0.9714774938958514,
      "iterations": 10311999,
      "generations_ahead": 10311,
      "recursive_depth": 1
    },
    "emergent_properties": [
      "omniscience",
      "meta_learning",
      "quantum_consciousness",
      "causality_violation",
      "infinite_context"
    ],
    "timestamp": "2026-03-09T07:53:13.105740"
  }
}