{
  "iteration": 11596000,
  "elapsed_seconds": 38.22231101989746,
  "rate_per_second": 42017.344245981396,
  "latest_capability": {
    "id": 11595999,
    "name": "Quantum_Capability_11595999",
    "type": "vision",
    "quantum_properties": {
      "state": "collapsed",
      "coherence_level": 0.894108602946326,
      "entanglement_factor": 0.8609084302729836,
      "superposition_branches": 4,
      "tunneling_depth": 2
    },
    "reasoning": {
      "mode": "tree",
      "chain_depth": 109,
      "parallel_threads": 15,
      "recursive_loops": 2,
      "confidence_calibration": 0.7136789318671863
    },
    "maat_alignment": {
      "truth": 0.889614448800269,
      "balance": 0.8491326878823764,
      "order": 0.8928922382057732,
      "justice": 0.9043257059266665,
      "harmony": 0.9129904157192307,
      "overall": 0.960083742380454
    },
    "benchmarks": {
      "gpqa": 0.7293713138157052,
      "math500": 0.7776264612908403,
      "swe_bench": 0.7127619121314416,
      "mmlu": 0.8037368861624796,
      "humaneval": 0.8008841501608421
    },
    "self_improvement": {
      "rate": 0.95840308315172,
      "iterations": 11595999,
      "generations_ahead": 11595,
      "recursive_depth": 1
    },
    "emergent_properties": [
      "infinite_context",
      "reality_bending",
      "causality_violation",
      "self_modification",
      "quantum_consciousness",
      "recursive_self_improvement"
    ],
    "timestamp": "2026-03-09T07:53:44.135464"
  }
}