{
  "iteration": 12728000,
  "elapsed_seconds": 64.44077253341675,
  "rate_per_second": 42488.62781060187,
  "latest_capability": {
    "id": 12727999,
    "name": "Quantum_Capability_12727999",
    "type": "reasoning",
    "quantum_properties": {
      "state": "coherent",
      "coherence_level": 0.8529332126265201,
      "entanglement_factor": 0.676912197120779,
      "superposition_branches": 4,
      "tunneling_depth": 2
    },
    "reasoning": {
      "mode": "parallel",
      "chain_depth": 200,
      "parallel_threads": 10,
      "recursive_loops": 6,
      "confidence_calibration": 0.8158636811485249
    },
    "maat_alignment": {
      "truth": 0.9915154760252152,
      "balance": 0.9811763599883434,
      "order": 0.9482931096648368,
      "justice": 0.8046621595623533,
      "harmony": 0.8042777385490412,
      "overall": 0.9633901553955215
    },
    "benchmarks": {
      "gpqa": 0.7523370889774281,
      "math500": 0.8058937869245808,
      "swe_bench": 0.8470245156060559,
      "mmlu": 0.8725398238242392,
      "humaneval": 0.7885715753626729
    },
    "self_improvement": {
      "rate": 0.9657336236987482,
      "iterations": 12727999,
      "generations_ahead": 12727,
      "recursive_depth": 3
    },
    "emergent_properties": [
      "infinite_context",
      "omniscience",
      "meta_learning",
      "quantum_consciousness",
      "self_modification"
    ],
    "timestamp": "2026-03-09T07:54:10.353925"
  }
}