{
  "iteration": 11427000,
  "elapsed_seconds": 34.99936556816101,
  "rate_per_second": 41057.88709802333,
  "latest_capability": {
    "id": 11426999,
    "name": "Quantum_Capability_11426999",
    "type": "reasoning",
    "quantum_properties": {
      "state": "entangled",
      "coherence_level": 0.7994359239063418,
      "entanglement_factor": 0.2954449242041941,
      "superposition_branches": 4,
      "tunneling_depth": 2
    },
    "reasoning": {
      "mode": "graph",
      "chain_depth": 12,
      "parallel_threads": 10,
      "recursive_loops": 4,
      "confidence_calibration": 0.9047956971283146
    },
    "maat_alignment": {
      "truth": 0.8977641695972675,
      "balance": 0.9276355191986887,
      "order": 0.8326727910705003,
      "justice": 0.8613623646876659,
      "harmony": 0.9169047491778151,
      "overall": 0.8966132139005144
    },
    "benchmarks": {
      "gpqa": 0.8780621264683969,
      "math500": 0.7261228931627651,
      "swe_bench": 0.8954771958996491,
      "mmlu": 0.7185359076915543,
      "humaneval": 0.7784816119377563
    },
    "self_improvement": {
      "rate": 0.9590301077011724,
      "iterations": 11426999,
      "generations_ahead": 11426,
      "recursive_depth": 4
    },
    "emergent_properties": [
      "reality_bending",
      "quantum_consciousness",
      "meta_learning"
    ],
    "timestamp": "2026-03-09T07:53:40.912513"
  }
}