{
  "iteration": 12646000,
  "elapsed_seconds": 62.67132234573364,
  "rate_per_second": 42379.83020922818,
  "latest_capability": {
    "id": 12645999,
    "name": "Quantum_Capability_12645999",
    "type": "language",
    "quantum_properties": {
      "state": "superposition",
      "coherence_level": 0.8591374329733434,
      "entanglement_factor": 0.13232929699819318,
      "superposition_branches": 7,
      "tunneling_depth": 2
    },
    "reasoning": {
      "mode": "graph",
      "chain_depth": 72,
      "parallel_threads": 16,
      "recursive_loops": 9,
      "confidence_calibration": 0.9978220059206903
    },
    "maat_alignment": {
      "truth": 0.889590026589882,
      "balance": 0.8564896886321499,
      "order": 0.860410885545825,
      "justice": 0.8203252176603774,
      "harmony": 0.8657709823928138,
      "overall": 0.8502635731246709
    },
    "benchmarks": {
      "gpqa": 0.895724364987823,
      "math500": 0.7666877841893275,
      "swe_bench": 0.7219185965784225,
      "mmlu": 0.7767611878656925,
      "humaneval": 0.9226684115408929
    },
    "self_improvement": {
      "rate": 0.999603482543387,
      "iterations": 12645999,
      "generations_ahead": 12645,
      "recursive_depth": 5
    },
    "emergent_properties": [
      "causality_violation",
      "omniscience",
      "meta_learning",
      "recursive_self_improvement",
      "reality_bending",
      "transcendence"
    ],
    "timestamp": "2026-03-09T07:54:08.584479"
  }
}