{
  "iteration": 13986000,
  "elapsed_seconds": 91.04469966888428,
  "rate_per_second": 43890.528658261755,
  "latest_capability": {
    "id": 13985999,
    "name": "Quantum_Capability_13985999",
    "type": "reasoning",
    "quantum_properties": {
      "state": "entangled",
      "coherence_level": 0.76092988962736,
      "entanglement_factor": 0.892908826235411,
      "superposition_branches": 7,
      "tunneling_depth": 2
    },
    "reasoning": {
      "mode": "tree",
      "chain_depth": 176,
      "parallel_threads": 16,
      "recursive_loops": 6,
      "confidence_calibration": 0.9878473001570625
    },
    "maat_alignment": {
      "truth": 0.8222384979114339,
      "balance": 0.9138372172173367,
      "order": 0.9055709291229429,
      "justice": 0.8463828849723691,
      "harmony": 0.8228419860928778,
      "overall": 0.8532490521888805
    },
    "benchmarks": {
      "gpqa": 0.9157641948274728,
      "math500": 0.6604916324531971,
      "swe_bench": 0.8976567568445327,
      "mmlu": 0.7949848204694383,
      "humaneval": 0.7296782861416662
    },
    "self_improvement": {
      "rate": 0.960428245640459,
      "iterations": 13985999,
      "generations_ahead": 13985,
      "recursive_depth": 2
    },
    "emergent_properties": [
      "causality_violation",
      "meta_learning",
      "infinite_context",
      "transcendence",
      "quantum_consciousness",
      "self_modification"
    ],
    "timestamp": "2026-03-09T07:54:36.957853"
  }
}