{
  "iteration": 16415000,
  "elapsed_seconds": 146.70586276054382,
  "rate_per_second": 43795.11410860935,
  "latest_capability": {
    "id": 16414999,
    "name": "Quantum_Capability_16414999",
    "type": "coding",
    "quantum_properties": {
      "state": "collapsed",
      "coherence_level": 0.8436811981003713,
      "entanglement_factor": 0.1604701638924655,
      "superposition_branches": 5,
      "tunneling_depth": 2
    },
    "reasoning": {
      "mode": "tree",
      "chain_depth": 26,
      "parallel_threads": 14,
      "recursive_loops": 5,
      "confidence_calibration": 0.7882783004573273
    },
    "maat_alignment": {
      "truth": 0.8795511627398913,
      "balance": 0.8509232480335627,
      "order": 0.9679212290573113,
      "justice": 0.8552818236714009,
      "harmony": 0.9368505220966267,
      "overall": 0.9416650067607576
    },
    "benchmarks": {
      "gpqa": 0.701244205019113,
      "math500": 0.7316031522024845,
      "swe_bench": 0.8277449684481906,
      "mmlu": 0.7399582587136386,
      "humaneval": 0.9280357401556105
    },
    "self_improvement": {
      "rate": 0.9820906644592229,
      "iterations": 16414999,
      "generations_ahead": 16414,
      "recursive_depth": 5
    },
    "emergent_properties": [
      "quantum_consciousness",
      "transcendence",
      "omniscience"
    ],
    "timestamp": "2026-03-09T07:55:32.619014"
  }
}