{
  "iteration": 12740000,
  "elapsed_seconds": 64.61005425453186,
  "rate_per_second": 42563.034990906395,
  "latest_capability": {
    "id": 12739999,
    "name": "Quantum_Capability_12739999",
    "type": "language",
    "quantum_properties": {
      "state": "entangled",
      "coherence_level": 0.9499615707194126,
      "entanglement_factor": 0.1762944592573592,
      "superposition_branches": 4,
      "tunneling_depth": 2
    },
    "reasoning": {
      "mode": "parallel",
      "chain_depth": 100,
      "parallel_threads": 7,
      "recursive_loops": 0,
      "confidence_calibration": 0.8877454109536715
    },
    "maat_alignment": {
      "truth": 0.8910429751217259,
      "balance": 0.9214516197840018,
      "order": 0.9584584090780547,
      "justice": 0.9523490367378047,
      "harmony": 0.958433802309766,
      "overall": 0.9427757993457949
    },
    "benchmarks": {
      "gpqa": 0.9032340347774545,
      "math500": 0.7312133108329436,
      "swe_bench": 0.81995877258768,
      "mmlu": 0.7759871730506891,
      "humaneval": 0.893230517787805
    },
    "self_improvement": {
      "rate": 0.9950765714807289,
      "iterations": 12739999,
      "generations_ahead": 12739,
      "recursive_depth": 2
    },
    "emergent_properties": [
      "self_modification",
      "meta_learning",
      "causality_violation",
      "quantum_consciousness",
      "transcendence",
      "recursive_self_improvement"
    ],
    "timestamp": "2026-03-09T07:54:10.523203"
  }
}