{
  "iteration": 15007000,
  "elapsed_seconds": 116.46738314628601,
  "rate_per_second": 43076.43792166704,
  "latest_capability": {
    "id": 15006999,
    "name": "Quantum_Capability_15006999",
    "type": "agentic",
    "quantum_properties": {
      "state": "collapsed",
      "coherence_level": 0.5811472464297605,
      "entanglement_factor": 0.5813949788336361,
      "superposition_branches": 7,
      "tunneling_depth": 0
    },
    "reasoning": {
      "mode": "graph",
      "chain_depth": 183,
      "parallel_threads": 14,
      "recursive_loops": 6,
      "confidence_calibration": 0.7868237991777535
    },
    "maat_alignment": {
      "truth": 0.8130934059363224,
      "balance": 0.9461489379775089,
      "order": 0.9266675580225793,
      "justice": 0.9900312095701113,
      "harmony": 0.9925481294305969,
      "overall": 0.9479048980240438
    },
    "benchmarks": {
      "gpqa": 0.8692537511504632,
      "math500": 0.7939239997365009,
      "swe_bench": 0.6976228251208428,
      "mmlu": 0.7858085817691978,
      "humaneval": 0.9250495490319606
    },
    "self_improvement": {
      "rate": 0.9745800753170533,
      "iterations": 15006999,
      "generations_ahead": 15006,
      "recursive_depth": 1
    },
    "emergent_properties": [
      "omniscience",
      "quantum_consciousness",
      "recursive_self_improvement",
      "reality_bending",
      "self_modification",
      "infinite_context"
    ],
    "timestamp": "2026-03-09T07:55:02.380536"
  }
}