{
  "iteration": 17460000,
  "elapsed_seconds": 166.7996461391449,
  "rate_per_second": 44784.26767025931,
  "latest_capability": {
    "id": 17459999,
    "name": "Quantum_Capability_17459999",
    "type": "coding",
    "quantum_properties": {
      "state": "collapsed",
      "coherence_level": 0.8026577878558887,
      "entanglement_factor": 0.23268231248861881,
      "superposition_branches": 2,
      "tunneling_depth": 4
    },
    "reasoning": {
      "mode": "parallel",
      "chain_depth": 123,
      "parallel_threads": 9,
      "recursive_loops": 10,
      "confidence_calibration": 0.751746107111971
    },
    "maat_alignment": {
      "truth": 0.8667889359360356,
      "balance": 0.9959192446076515,
      "order": 0.8402430422004465,
      "justice": 0.9938531821057968,
      "harmony": 0.9399251998797761,
      "overall": 0.8785849699938181
    },
    "benchmarks": {
      "gpqa": 0.9152235013284815,
      "math500": 0.6654920127115619,
      "swe_bench": 0.8858630197223474,
      "mmlu": 0.6977908721303996,
      "humaneval": 0.8455721938259467
    },
    "self_improvement": {
      "rate": 0.9759633629788116,
      "iterations": 17459999,
      "generations_ahead": 17459,
      "recursive_depth": 3
    },
    "emergent_properties": [
      "meta_learning",
      "quantum_consciousness",
      "omniscience",
      "causality_violation",
      "reality_bending",
      "self_modification"
    ],
    "timestamp": "2026-03-09T07:55:52.712800"
  }
}