{
  "iteration": 14038000,
  "elapsed_seconds": 94.39303040504456,
  "rate_per_second": 42884.52211598524,
  "latest_capability": {
    "id": 14037999,
    "name": "Quantum_Capability_14037999",
    "type": "vision",
    "quantum_properties": {
      "state": "coherent",
      "coherence_level": 0.628465094522396,
      "entanglement_factor": 0.20169671616312213,
      "superposition_branches": 6,
      "tunneling_depth": 1
    },
    "reasoning": {
      "mode": "parallel",
      "chain_depth": 135,
      "parallel_threads": 2,
      "recursive_loops": 1,
      "confidence_calibration": 0.7108426346911894
    },
    "maat_alignment": {
      "truth": 0.8827318210029658,
      "balance": 0.9482271391058997,
      "order": 0.9469907395679513,
      "justice": 0.892777597666494,
      "harmony": 0.9354721247187211,
      "overall": 0.941739323570871
    },
    "benchmarks": {
      "gpqa": 0.7240321957775597,
      "math500": 0.747028987302292,
      "swe_bench": 0.818641068581063,
      "mmlu": 0.8567017524392408,
      "humaneval": 0.7925060464690514
    },
    "self_improvement": {
      "rate": 0.967750844883767,
      "iterations": 14037999,
      "generations_ahead": 14037,
      "recursive_depth": 5
    },
    "emergent_properties": [
      "reality_bending",
      "recursive_self_improvement",
      "transcendence",
      "meta_learning",
      "causality_violation",
      "quantum_consciousness"
    ],
    "timestamp": "2026-03-09T07:54:40.306186"
  }
}