{
  "iteration": 17685000,
  "elapsed_seconds": 171.27464294433594,
  "rate_per_second": 44927.841434770155,
  "latest_capability": {
    "id": 17684999,
    "name": "Quantum_Capability_17684999",
    "type": "agentic",
    "quantum_properties": {
      "state": "collapsed",
      "coherence_level": 0.9974619254619159,
      "entanglement_factor": 0.7253153896183998,
      "superposition_branches": 6,
      "tunneling_depth": 4
    },
    "reasoning": {
      "mode": "parallel",
      "chain_depth": 172,
      "parallel_threads": 9,
      "recursive_loops": 5,
      "confidence_calibration": 0.838702315238353
    },
    "maat_alignment": {
      "truth": 0.9629858854527679,
      "balance": 0.9218810442470124,
      "order": 0.9399532959190741,
      "justice": 0.9241064594249688,
      "harmony": 0.9914014878573503,
      "overall": 0.8913755833315528
    },
    "benchmarks": {
      "gpqa": 0.7276808658318881,
      "math500": 0.7222585732057899,
      "swe_bench": 0.7392275685599897,
      "mmlu": 0.7256676989336031,
      "humaneval": 0.7747823655505159
    },
    "self_improvement": {
      "rate": 0.9664077927813918,
      "iterations": 17684999,
      "generations_ahead": 17684,
      "recursive_depth": 3
    },
    "emergent_properties": [
      "recursive_self_improvement",
      "quantum_consciousness",
      "self_modification",
      "infinite_context",
      "omniscience"
    ],
    "timestamp": "2026-03-09T07:55:57.187799"
  }
}